Кадастровый номер,"Площадь, м²",Категория земли,Статус,Адрес,Собственность,ВРИ,Тип ВРИ,Записей о правах,Обременения,Кадастровый квартал,"Кадастровая стоимость, руб.","Удельный показатель, руб./м²","Рыночная стоимость, руб.","Медианная цена, руб./м²",Сделок в выборке,Период сделок,Свободен,ИЖС,СНТ,ДНП,ЛПХ,Под застройку,Общего пользования,Земли НП,Широта,Долгота
16:33:080302:882,885.0,Земли населенных пунктов,Учтенный,"Местоположение установлено относительно ориентира, расположенного в границах участка. Почтовый адрес ориентира: Российская Федерация, Республика Татарстан, Пестречинский муниципальный район, Кощаковское сельское поселение, д Званка, ул. Советская, з/у 8.",Частная,Для ведения личного подсобного хозяйства,ЛПХ,0,нет,16:33:080302,1691657.41,1911.4773,,,,,нет,нет,нет,нет,да,да,нет,да,55.8020358406918,49.37268935630006
16:33:080301:637,939.0,Земли населенных пунктов,Учтенный,"Местоположение установлено относительно ориентира, расположенного в границах участка. Почтовый адрес ориентира: Российская Федерация, Республика Татарстан (Татарстан), м.р-н Пестречинский, с.п. Кощаковское, д Званка, ул Приозерная, з/у 33.",Частная,для ведения личного подсобного хозяйства,ЛПХ,0,нет,16:33:080301,1453288.33,1547.7,,,,,нет,нет,нет,нет,да,да,нет,да,55.80884804959672,49.37080656952535
16:33:080301:152,2526.0,Земли населенных пунктов,Ранее учтенный,"Российская Федерация, Республика Татарстан (Татарстан), м.р-н Пестречинский, с.п. Кощаковское, д Званка, ул Приозерная, з/у 15А",,Для ведения личного подсобного хозяйства,ЛПХ,0,нет,16:33:080301,4177544.52,1653.82,,,,,да,нет,нет,нет,да,да,нет,да,55.80934932242319,49.37665973727599
16:33:080301:23,1893.0,Земли населенных пунктов,Ранее учтенный,"Местоположение установлено относительно ориентира, расположенного в границах участка. Почтовый адрес ориентира: Российская Федерация, Республика Татарстан (Татарстан), м.р-н Пестречинский, с.п. Кощаковское, д Званка, ул Лесная, з/у 5А.",,Для ведения личного подсобного хозяйства,ЛПХ,0,нет,16:33:080301,2986586.67,1577.7,,,,,да,нет,нет,нет,да,да,нет,да,55.81220798738437,49.38253849452035
16:33:080301:35,1635.0,Земли населенных пунктов,Ранее учтенный,"Российская Федерация, Республика Татарстан (Татарстан), м.р-н Пестречинский, с.п. Кощаковское, д Званка, ул Лесная, з/у 40",,Для индивидуального жилищного строительства,ИЖС,0,нет,16:33:080301,2661568.92,1627.87,,,,,да,да,нет,нет,нет,да,нет,да,55.81219276587568,49.376555108095225
16:33:080301:534,939.0,Земли населенных пунктов,Учтенный,"Местоположение установлено относительно ориентира, расположенного в границах участка. Почтовый адрес ориентира: Российская Федерация, Республика Татарстан (Татарстан), м.р-н Пестречинский, с.п. Кощаковское, д Званка, ул Лесная, з/у 48.",Частная,Для ведения личного подсобного хозяйства,ЛПХ,0,нет,16:33:080301,1496888.26,1594.13,,,,,нет,нет,нет,нет,да,да,нет,да,55.81245521979745,49.37285218328047
16:33:080301:76,300.0,Земли населенных пунктов,Ранее учтенный,"Местоположение установлено относительно ориентира, расположенного в границах участка. Почтовый адрес ориентира: Российская Федерация, Республика Татарстан (Татарстан), м.р-н Пестречинский, с.п. Кощаковское, д Званка, ул Каменная, з/у 13/3.",,Для ведения личного подсобного хозяйства,ЛПХ,0,нет,16:33:080301,492595.17,1641.98,,,,,да,нет,нет,нет,да,да,нет,да,55.811313991127655,49.379786671427816
16:33:080301:235,1036.0,Земли населенных пунктов,Ранее учтенный,"Местоположение установлено относительно ориентира, расположенного в границах участка. Почтовый адрес ориентира: Российская Федерация, Республика Татарстан (Татарстан), м.р-н Пестречинский, с.п. Кощаковское, д Званка, ул Каменная, з/у 36.",,Ведение личного подсобного хозяйства,ЛПХ,0,нет,16:33:080301,1670490.53,1612.44,,,,,да,нет,нет,нет,да,да,нет,да,55.811734414097174,49.372532356378365
16:33:080301:627,838.0,Земли населенных пунктов,Учтенный,"Местоположение установлено относительно ориентира, расположенного в границах участка. Почтовый адрес ориентира: Российская Федерация, Республика Татарстан (Татарстан), м.р-н Пестречинский, с.п. Кощаковское, д Званка, ул Овражная, з/у 21А.",Частная,Для ведения личного подсобного хозяйства,ЛПХ,0,нет,16:33:080301,1189560.44,1419.52,,,,,нет,нет,нет,нет,да,да,нет,да,55.81057176260006,49.38867068783029
16:33:080301:718,1265.0,Земли населенных пунктов,Учтенный,"Местоположение установлено относительно ориентира, расположенного в границах участка. Почтовый адрес ориентира: Республика Татарстан, Пестречинский муниципальный район, Кощаковское сельское поселение, д Званка, ул. Каменная, д. 4а.",Частная,Для ведения личного подсобного хозяйства,ЛПХ,0,нет,16:33:080301,2042294.94,1614.4624,,,,,нет,нет,нет,нет,да,да,нет,да,55.81094336658189,49.38281072799437
16:33:080301:99,1426.0,Земли населенных пунктов,Ранее учтенный,"Местоположение установлено относительно ориентира, расположенного в границах участка. Почтовый адрес ориентира: Республика Татарстан, р-н Пестречинский муниципальный, с/п Званковское, д Званка.",,Для индивидуального жилищного строительства,ИЖС,0,нет,16:33:080301,2254801.75,1581.21,,,,,да,да,нет,нет,нет,да,нет,да,55.81052653789088,49.38494813017651
16:33:080702:301,826.0,Земли населенных пунктов,Учтенный,"Местоположение установлено относительно ориентира, расположенного в границах участка. Почтовый адрес ориентира: Российская Федерация, Республика Татарстан (Татарстан), м.р-н Пестречинский, с.п. Кощаковское, д Званка, ул Сосновая, з/у 5.",Частная,для жилищного строительства,ДРУГОЕ,0,нет,16:33:080702,1327749.16,1607.4445,,,,,нет,нет,нет,нет,нет,нет,нет,да,55.80809912055461,49.39089544786372
16:33:080301:268,1298.0,Земли населенных пунктов,Учтенный,"Местоположение установлено относительно ориентира, расположенного в границах участка. Почтовый адрес ориентира: Российская Федерация, Республика Татарстан (Татарстан), м.р-н Пестречинский, с.п. Кощаковское, д Званка, ул Овражная, з/у 19Б.",,Под жилую застройку индивидуальную,ДРУГОЕ,0,нет,16:33:080301,2080947.11,1603.2,,,,,да,нет,нет,нет,нет,нет,нет,да,55.80880819881536,49.385376480699854
16:33:080301:313,179.0,Земли населенных пунктов,Учтенный,"Местоположение установлено относительно ориентира, расположенного в границах участка. Почтовый адрес ориентира: Республика Татарстан, Пестречинский муниципальный район, Званковское сельское поселение, д Званка, ул. Каменная.",,Для ведения личного подсобного хозяйства,ЛПХ,0,нет,16:33:080301,290009.96,1620.17,,,,,да,нет,нет,нет,да,да,нет,да,55.81227663003379,49.375505869174575
16:33:080301:666,522.0,Земли населенных пунктов,Учтенный,"Местоположение установлено относительно ориентира, расположенного в границах участка. Почтовый адрес ориентира: Российская Федерация, Республика Татарстан (Татарстан), м.р-н Пестречинский, с.п. Кощаковское, д Званка, ул Лесная, з/у 16.",Частная,для ведения личного подсобного хозяйства,ЛПХ,0,нет,16:33:080301,840484.73,1610.12,,,,,нет,нет,нет,нет,да,да,нет,да,55.81174497679128,49.38193988980256
16:33:080301:68,49.0,Земли населенных пунктов,Ранее учтенный,"Местоположение установлено относительно ориентира, расположенного в границах участка. Почтовый адрес ориентира: Российская Федерация, Республика Татарстан (Татарстан), м.р-н Пестречинский, с.п. Кощаковское, д Званка, ул Каменная, з/у 17/1.",,Для ведения личного подсобного хозяйства,ЛПХ,0,нет,16:33:080301,81287.63,1658.93,,,,,да,нет,нет,нет,да,да,нет,да,55.81155852792818,49.3779752619976
16:33:080702:800,563.0,Земли населенных пунктов,Учтенный,"Российская Федерация, Республика Татарстан (Татарстан), м.р-н Пестречинский, с.п. Кощаковское, д Званка, ул Сафари, з/у 8",Частная,для жилищного строительства,ДРУГОЕ,0,нет,16:33:080702,978656.2,1738.2881,,,,,нет,нет,нет,нет,нет,нет,нет,да,55.806042711562384,49.39310100531544
16:33:000000:2989,1682.0,Земли населенных пунктов,Учтенный,"Местоположение установлено относительно ориентира, расположенного в границах участка. Почтовый адрес ориентира: Российская Федерация, Республика Татарстан (Татарстан), м.р-н Пестречинский, с.п. Кощаковское, д Званка, ул Овражная, з/у 17.",Частная,для ведения личного подсобного хозяйства,ЛПХ,0,нет,16:33:000000,2733666.63,1625.25,,,,,нет,нет,нет,нет,да,да,нет,да,55.80853789686419,49.384889949539755
16:33:080301:294,2180.0,Земли населенных пунктов,Учтенный,"Местоположение установлено относительно ориентира, расположенного в границах участка. Почтовый адрес ориентира: Российская Федерация, Республика Татарстан (Татарстан), м.р-н Пестречинский, с.п. Кощаковское, д Званка, ул Лесная, з/у 41.",,Для ведения личного подсобного хозяйства,ЛПХ,0,нет,16:33:080301,3433410.84,1574.96,,,,,да,нет,нет,нет,да,да,нет,да,55.812995021272556,49.37468778091511
16:33:080301:49,2279.0,Земли населенных пунктов,Ранее учтенный,"Местоположение установлено относительно ориентира, расположенного в границах участка. Почтовый адрес ориентира: Российская Федерация, Республика Татарстан (Татарстан), м.р-н Пестречинский, с.п. Кощаковское, д Званка, ул Лесная, з/у 12.",,Для ведения личного подсобного хозяйства,ЛПХ,0,нет,16:33:080301,3631612.94,1593.51,,,,,да,нет,нет,нет,да,да,нет,да,55.81133303938974,49.38366644198557
16:33:080301:663,783.0,Земли населенных пунктов,Учтенный,"Местоположение установлено относительно ориентира, расположенного в границах участка. Почтовый адрес ориентира: Российская Федерация, Республика Татарстан (Татарстан), м.р-н Пестречинский, с.п. Кощаковское, д Званка, ул Приозерная, з/у 6А.",Частная,Для индивидуального жилищного строителльства,ИЖС,0,нет,16:33:080301,1313269.68,1677.23,,,,,нет,да,нет,нет,нет,да,нет,да,55.81042768256577,49.37863803880744
16:33:080301:692,599.0,Земли населенных пунктов,Учтенный,"Местоположение установлено относительно ориентира, расположенного в границах участка. Почтовый адрес ориентира: Российская Федерация, Республика Татарстан (Татарстан), м.р-н Пестречинский, с.п. Кощаковское, д Званка, ул Каменная, з/у 46а.",Частная,Для ведения личного подсобного хозяйства,ЛПХ,0,нет,16:33:080301,956039.28,1596.06,,,,,нет,нет,нет,нет,да,да,нет,да,55.812189270592924,49.37176688654979
16:33:080702:291,824.0,Земли населенных пунктов,Учтенный,"Местоположение установлено относительно ориентира, расположенного в границах участка. Почтовый адрес ориентира: Российская Федерация, Республика Татарстан (Татарстан), м.р-н Пестречинский, с.п. Кощаковское, д Званка, ул Сосновая, з/у 10.",Частная,для жилищного строительства,ДРУГОЕ,0,нет,16:33:080702,1317837.95,1599.3179,,,,,нет,нет,нет,нет,нет,нет,нет,да,55.808229291046835,49.38987100795201
16:33:080301:21,2174.0,Земли населенных пунктов,Ранее учтенный,"Местоположение установлено относительно ориентира, расположенного в границах участка. Почтовый адрес ориентира: Российская Федерация, Республика Татарстан (Татарстан), м.р-н Пестречинский, с.п. Кощаковское, д Званка, ул Лесная, з/у 9.",Частная,Для ведения личного подсобного хозяйства,ЛПХ,0,нет,16:33:080301,3433760.39,1579.47,,,,,нет,нет,нет,нет,да,да,нет,да,55.812385548438925,49.381825115958804
16:33:080301:729,1109.0,Земли населенных пунктов,Учтенный,"Местоположение установлено относительно ориентира, расположенного в границах участка. Почтовый адрес ориентира: Российская Федерация, Республика Татарстан (Татарстан), м.р-н Пестречинский, с.п. Кощаковское, д Званка, ул Лесная, з/у 31.",Частная,для ведения личного подсобного хозяйства,ЛПХ,0,нет,16:33:080301,1759708.41,1586.75,,,,,нет,нет,нет,нет,да,да,нет,да,55.81296776867445,49.37705187278127
16:33:080301:525,986.0,Земли населенных пунктов,Учтенный,"Местоположение установлено относительно ориентира, расположенного в границах участка. Почтовый адрес ориентира: Российская Федерация, Республика Татарстан (Татарстан), м.р-н Пестречинский, с.п. Кощаковское, д Званка, ул Лесная, з/у 14Б.",Частная,Для ведения личного подсобного хозяйства,ЛПХ,0,нет,16:33:080301,1587271.38,1609.8087,,,,,нет,нет,нет,нет,да,да,нет,да,55.81126800311821,49.38255031527982
16:33:080301:744,1266.0,Земли населенных пунктов,Учтенный,"Российская Федерация, Республика Татарстан (Татарстан), м.р-н Пестречинский, с.п. Кощаковское, д Званка, ул Лесная, з/у 3А",Частная,для ведения личного подсобного хозяйства,ЛПХ,0,нет,16:33:080301,1912543.41,1510.7,,,,,нет,нет,нет,нет,да,да,нет,да,55.81138599370661,49.385991528217055
16:33:080301:87,410.0,Земли населенных пунктов,Ранее учтенный,"Местоположение установлено относительно ориентира, расположенного в границах участка. Почтовый адрес ориентира: Республика Татарстан, Пестречинский муниципальный район, Званковское сельское поселение, д Званка.",,Для ведения личного подсобного хозяйства,ЛПХ,0,нет,16:33:080301,665766.9,1623.82,,,,,да,нет,нет,нет,да,да,нет,да,55.811035174225005,49.38138901787678
16:33:080702:286,822.0,Земли населенных пунктов,Учтенный,"Местоположение установлено относительно ориентира, расположенного в границах участка. Почтовый адрес ориентира: Российская Федерация, Республика Татарстан (Татарстан), м.р-н Пестречинский, с.п. Кощаковское, д Званка, ул Сосновая, з/у 20.",Частная,для жилищного строительства,ДРУГОЕ,0,нет,16:33:080702,1353897.29,1647.077,,,,,нет,нет,нет,нет,нет,нет,нет,да,55.80772962655256,49.388190539834746
16:33:080702:305,824.0,Земли населенных пунктов,Учтенный,"Местоположение установлено относительно ориентира, расположенного в границах участка. Почтовый адрес ориентира: Российская Федерация, Республика Татарстан (Татарстан), м.р-н Пестречинский, с.п. Кощаковское, д Званка, ул Яшьлек, з/у 14.",Частная,для жилищного строительства,ДРУГОЕ,0,нет,16:33:080702,1354169.1,1643.4091,,,,,нет,нет,нет,нет,нет,нет,нет,да,55.807432234108646,49.38980353939587
16:33:080301:57,615.0,Земли населенных пунктов,Ранее учтенный,"Местоположение установлено относительно ориентира, расположенного в границах участка. Почтовый адрес ориентира: Российская Федерация, Республика Татарстан (Татарстан), м.р-н Пестречинский, с.п. Кощаковское, д Званка, ул Каменная, з/у 21/1.",,Для индивидуального жилищного строительства,ИЖС,0,нет,16:33:080301,1008443.18,1639.745,,,,,да,да,нет,нет,нет,да,нет,да,55.81151737756808,49.376620849344015
16:33:080301:183,1770.0,Земли населенных пунктов,Ранее учтенный,"Местоположение установлено относительно ориентира, расположенного в границах участка. Почтовый адрес ориентира: Российская Федерация, Республика Татарстан (Татарстан), м.р-н Пестречинский, с.п. Кощаковское, д Званка, ул Лесная, з/у 37А.",Частная,Для ведения личного подсобного хозяйства,ЛПХ,0,нет,16:33:080301,2781888.47,1571.69,,,,,нет,нет,нет,нет,да,да,нет,да,55.813358347895424,49.37607604559313
16:33:080301:22,2198.0,Земли населенных пунктов,Ранее учтенный,"Местоположение установлено относительно ориентира, расположенного в границах участка. Почтовый адрес ориентира: Российская Федерация, Республика Татарстан (Татарстан), м.р-н Пестречинский, с.п. Кощаковское, д Званка, ул Лесная, з/у 7.",Частная,Для индивидуального жилищного строительства,ИЖС,0,нет,16:33:080301,3485117.37,1585.59,,,,,нет,да,нет,нет,нет,да,нет,да,55.81225010030545,49.382145881247276
16:33:080301:255,927.0,Земли населенных пунктов,Учтенный,"Местоположение установлено относительно ориентира, расположенного в границах участка. Почтовый адрес ориентира: Российская Федерация, Республика Татарстан (Татарстан), м.р-н Пестречинский, с.п. Кощаковское, д Званка, ул Приозерная, з/у 70.",Частная,ведение личного подсобного хозяйства,ЛПХ,0,нет,16:33:080301,1498607.3,1616.62,,,,,нет,нет,нет,нет,да,да,нет,да,55.81104641341526,49.37183128141078
16:33:000000:3250,1212.0,Земли населенных пунктов,Учтенный,"Местоположение установлено относительно ориентира, расположенного в границах участка. Почтовый адрес ориентира: Российская Федерация, Республика Татарстан (Татарстан), м.р-н Пестречинский, с.п. Кощаковское, д Званка, ул Овражная, з/у 11.",Частная,для индивидуального жилищного строительства,ИЖС,0,нет,16:33:000000,2042598.63,1685.3124,,,,,нет,да,нет,нет,нет,да,нет,да,55.807585890221475,49.38293188943826
16:33:080702:287,825.0,Земли населенных пунктов,Учтенный,"Местоположение установлено относительно ориентира, расположенного в границах участка. Почтовый адрес ориентира: Российская Федерация, Республика Татарстан (Татарстан), м.р-н Пестречинский, с.п. Кощаковское, д Званка, ул Сосновая, з/у 18.",Частная,для жилищного строительства,ДРУГОЕ,0,нет,16:33:080702,1346072.72,1631.6033,,,,,нет,нет,нет,нет,нет,нет,нет,да,55.80783342096746,49.38853246403014
16:33:080702:804,287.0,Земли населенных пунктов,Учтенный,"Российская Федерация, Республика Татарстан (Татарстан), м.р-н Пестречинский, с.п. Кощаковское, д Званка, ул Яшьлек, з/у 6Б",Частная,Блокированные односемейные дома с участками,ДРУГОЕ,0,нет,16:33:080702,466940.85,1626.9716,,,,,нет,нет,нет,нет,нет,нет,нет,да,55.80780530493755,49.39107683513234
16:33:080301:54,2006.0,Земли населенных пунктов,Ранее учтенный,"Местоположение установлено относительно ориентира, расположенного в границах участка. Почтовый адрес ориентира: Российская Федерация, Республика Татарстан (Татарстан), м.р-н Пестречинский, с.п. Кощаковское, д Званка, ул Лесная, з/у 4А.",Частная,под жилую застройку индивидуальную,ДРУГОЕ,0,нет,16:33:080301,2941526.38,1466.36,,,,,нет,нет,нет,нет,нет,нет,нет,да,55.810992237748025,49.38699024800081
16:33:080301:69,901.0,Земли населенных пунктов,Ранее учтенный,"Местоположение установлено относительно ориентира, расположенного в границах участка. Почтовый адрес ориентира: Российская Федерация, Республика Татарстан (Татарстан), м.р-н Пестречинский, с.п. Кощаковское, д Званка, ул Каменная, з/у 15/2.",,индивидуальное жилищное строительство,ДРУГОЕ,0,нет,16:33:080301,1491607.93,1655.5,,,,,да,нет,нет,нет,нет,нет,нет,да,55.811339902398636,49.37886558890144
16:33:080301:71,734.0,Земли населенных пунктов,Ранее учтенный,"Местоположение установлено относительно ориентира, расположенного в границах участка. Почтовый адрес ориентира: Российская Федерация, Республика Татарстан (Татарстан), м.р-н Пестречинский, с.п. Кощаковское, д Званка, ул Каменная, з/у 15/1.",,для личного подсобного хозяйства,ЛПХ,0,нет,16:33:080301,1215592.96,1656.12,,,,,да,нет,нет,нет,да,да,нет,да,55.81128222965799,49.37915923623346
16:33:080702:174,714.0,Земли населенных пунктов,Учтенный,"Местоположение установлено относительно ориентира, расположенного в границах участка. Почтовый адрес ориентира: Российская Федерация, Республика Татарстан (Татарстан), м.р-н Пестречинский, с.п. Кощаковское, д Званка, ул Овражная, з/у 30.",,Для жилищного строительства,ДРУГОЕ,0,нет,16:33:080702,1149758.56,1610.3061,,,,,да,нет,нет,нет,нет,нет,нет,да,55.80814385608403,49.38626744586452
16:33:080702:314,825.0,Земли населенных пунктов,Учтенный,"Местоположение установлено относительно ориентира, расположенного в границах участка. Почтовый адрес ориентира: Российская Федерация, Республика Татарстан (Татарстан), м.р-н Пестречинский, с.п. Кощаковское, д Званка, ул Яшьлек, з/у 11.",Частная,для жилищного строительства,ДРУГОЕ,0,нет,16:33:080702,1356917.35,1644.7483,,,,,нет,нет,нет,нет,нет,нет,нет,да,55.80720195243167,49.390475795886275
16:33:080301:26,1274.0,Земли населенных пунктов,Ранее учтенный,"Местоположение установлено относительно ориентира, расположенного в границах участка. Почтовый адрес ориентира: Российская Федерация, Республика Татарстан (Татарстан), м.р-н Пестречинский, с.п. Кощаковское, д Званка, ул Лесная, з/у 50.",,для строительства индивидуального жилого дома,ЖИЛОЙ,0,нет,16:33:080301,2033379.04,1596.06,,,,,да,нет,нет,нет,нет,да,нет,да,55.812358177759826,49.37241965239567
16:33:080301:652,1440.0,Земли населенных пунктов,Учтенный,"Местоположение установлено относительно ориентира, расположенного в границах участка. Почтовый адрес ориентира: Республика Татарстан, Пестречинский муниципальный район, Кощаковское сельское поселение, д Званка.",,для индивидуального жилищного строительства,ИЖС,0,нет,16:33:080301,2197528.7,1526.06,,,,,да,да,нет,нет,нет,да,нет,да,55.811744919406664,49.38523068639386
16:33:080301:719,624.0,Земли населенных пунктов,Учтенный,"Местоположение установлено относительно ориентира, расположенного в границах участка. Почтовый адрес ориентира: Республика Татарстан, Пестречинский муниципальный район, Кощаковское сельское поселение, д Званка, ул. Лесная, д. 30.",Частная,Для индивидуального жилищного строительства,ИЖС,0,нет,16:33:080301,1027137.82,1646.05,,,,,нет,да,нет,нет,нет,да,нет,да,55.81214409123674,49.37911881676483
16:33:080301:105,877.0,Земли населенных пунктов,Ранее учтенный,"Местоположение установлено относительно ориентира, расположенного в границах участка. Почтовый адрес ориентира: Российская Федерация, Республика Татарстан (Татарстан), м.р-н Пестречинский, с.п. Кощаковское, д Званка, ул Каменная, з/у 28Б.",Частная,Для индивидуального жилищного строительства,ИЖС,0,нет,16:33:080301,1440347.44,1642.36,,,,,нет,да,нет,нет,нет,да,нет,да,55.81129475827194,49.37515508128814
16:33:080301:160,1650.0,Земли населенных пунктов,Ранее учтенный,"Местоположение установлено относительно ориентира, расположенного в границах участка. Почтовый адрес ориентира: Российская Федерация, Республика Татарстан (Татарстан), м.р-н Пестречинский, с.п. Кощаковское, д Званка, ул Овражная, з/у 25.",,Для ведения личного подсобного хозяйства,ЛПХ,0,нет,16:33:080301,2461202.37,1491.6378,,,,,да,нет,нет,нет,да,да,нет,да,55.80985937185331,49.38692836393062
16:33:080301:250,270.0,Земли населенных пунктов,Ранее учтенный,"Местоположение установлено относительно ориентира, расположенного в границах участка. Почтовый адрес ориентира: Республика Татарстан,  Пестречинский муниципальный район, Званковское сельское поселение, д Званка.",Частная,Для ведения личного садоводства,СНТ,0,нет,16:33:080301,227558.94,842.81,,,,,нет,нет,да,нет,нет,да,нет,да,55.811946134810825,49.37163900784359
16:33:080301:258,802.0,Земли населенных пунктов,Учтенный,"Российская Федерация, Республика Татарстан (Татарстан), м.р-н Пестречинский, с.п. Кощаковское, д Званка, ул Каменная, з/у 1",Частная,Индивидуальное жилищное строительство,ДРУГОЕ,0,нет,16:33:080301,1282262.94,1598.83,,,,,нет,нет,нет,нет,нет,нет,нет,да,55.810489170831964,49.38432920114296
16:33:080301:92,1871.0,Земли населенных пунктов,Ранее учтенный,"Местоположение установлено относительно ориентира, расположенного в границах участка. Почтовый адрес ориентира: Российская Федерация, Республика Татарстан (Татарстан), м.р-н Пестречинский, с.п. Кощаковское, д Званка, ул Каменная, з/у 6.",,Для ведения личного подсобного хозяйства,ЛПХ,0,нет,16:33:080301,3050136.76,1630.22,,,,,да,нет,нет,нет,да,да,нет,да,55.81047720755032,49.382463306784956
16:33:080702:406,844.0,Земли населенных пунктов,Учтенный,"Местоположение установлено относительно ориентира, расположенного в границах участка. Почтовый адрес ориентира: Российская Федерация, Республика Татарстан (Татарстан), м.р-н Пестречинский, с.п. Кощаковское, д Званка, ул Сафари, з/у 6.",Частная,Для индивидуального жилищного строительства,ИЖС,0,нет,16:33:080702,1461015.57,1731.0611,,,,,нет,да,нет,нет,нет,да,нет,да,55.80611480697513,49.39339715751658
16:33:080301:707,942.0,Земли населенных пунктов,Учтенный,"Местоположение установлено относительно ориентира, расположенного в границах участка. Почтовый адрес ориентира: Российская Федерация, Республика Татарстан (Татарстан), м.р-н Пестречинский, с.п. Кощаковское, д Званка, ул Каменная, з/у 21/2.",Частная,(2.2) для ведения личного подсобного хозяйства,ЛПХ,0,нет,16:33:080301,1544392.23,1639.48,,,,,нет,нет,нет,нет,да,да,нет,да,55.81162888170002,49.37638683632229
16:33:080301:73,682.0,Земли населенных пунктов,Ранее учтенный,"Местоположение установлено относительно ориентира, расположенного в границах участка. Почтовый адрес ориентира: Российская Федерация, Республика Татарстан (Татарстан), м.р-н Пестречинский, с.п. Кощаковское, д Званка, ул Каменная, з/у 13/2.",,Для ведения личного подсобного хозяйства,ЛПХ,0,нет,16:33:080301,1129495.53,1656.15,,,,,да,нет,нет,нет,да,да,нет,да,55.81116184995623,49.379432295915116
16:33:080301:309,24.0,Земли населенных пунктов,Учтенный,"Местоположение установлено относительно ориентира, расположенного в границах участка. Почтовый адрес ориентира: Республика Татарстан, Пестречинский муниципальный район, Званковское сельское поселение, д Званка, ул Каменная.",,Земельные участки объектов коммунального хозяйства,ДРУГОЕ,0,нет,16:33:080301,21460.94,894.2058,,,,,да,нет,нет,нет,нет,нет,нет,да,55.81124518739279,49.38199826558081
16:33:080301:38,1762.0,Земли населенных пунктов,Ранее учтенный,"Местоположение установлено относительно ориентира, расположенного в границах участка. Почтовый адрес ориентира: Российская Федерация, Республика Татарстан (Татарстан), м.р-н Пестречинский, с.п. Кощаковское, д Званка, ул Лесная, з/у 34.",,Для ведения личного подсобного хозяйства,ЛПХ,0,нет,16:33:080301,2892136.23,1641.394,,,,,да,нет,нет,нет,да,да,нет,да,55.81215416952126,49.37789843066375
16:33:080301:622,6.0,Земли населенных пунктов,Учтенный,"Местоположение установлено относительно ориентира, расположенного в границах участка. Почтовый адрес ориентира: Республика Татарстан, Пестречинский муниципальный район, Кощаковское сельское поселение, д Званка.",,Под объекты инженерного оборудования Газоснабжения,ДРУГОЕ,0,нет,16:33:080301,3193.05,532.1757,,,,,да,нет,нет,нет,нет,нет,нет,да,55.81223473314329,49.37877100473441
16:33:080301:751,1551.0,Земли населенных пунктов,Учтенный,"Местоположение установлено относительно ориентира, расположенного в границах участка. Почтовый адрес ориентира: Российская Федерация, Республика Татарстан, Пестречинский муниципальный район, Кощаковское сельское поселение, д Званка.",Частная,Индивидуальные жилые дома с приусадебными земельными участками и для индивидуального жилищного строительства,ИЖС,0,нет,16:33:080301,2512879.64,1620.17,,,,,нет,да,нет,нет,нет,да,нет,да,55.81220728296589,49.37501421893304
16:33:080702:806,289.0,Земли населенных пунктов,Учтенный,"Российская Федерация, Республика Татарстан (Татарстан), м.р-н Пестречинский, с.п. Кощаковское, д Званка, ул Яшьлек, з/у 6",Частная,Блокированные односемейные дома с участками,ДРУГОЕ,0,нет,16:33:080702,468185.66,1620.0196,,,,,нет,нет,нет,нет,нет,нет,нет,да,55.8078704227873,49.39129911742684
16:33:080301:14,2582.0,Земли населенных пунктов,Ранее учтенный,"Местоположение установлено относительно ориентира, расположенного в границах участка. Почтовый адрес ориентира: Российская Федерация, Республика Татарстан (Татарстан), м.р-н Пестречинский, с.п. Кощаковское, д Званка, ул Лесная, з/у 23.",,Для ведения личного подсобного хозяйства,ЛПХ,0,нет,16:33:080301,4151409.83,1607.83,,,,,да,нет,нет,нет,да,да,нет,да,55.812848085058775,49.379021089586885
16:33:080301:215,1125.0,Земли населенных пунктов,Ранее учтенный,"Местоположение установлено относительно ориентира, расположенного в границах участка. Почтовый адрес ориентира: Российская Федерация, Республика Татарстан (Татарстан), м.р-н Пестречинский, с.п. Кощаковское, д Званка, ул Лесная, з/у 46А.",Частная,ведение личного подсобного хозяйства,ЛПХ,0,нет,16:33:080301,1801298.59,1601.15,,,,,нет,нет,нет,нет,да,да,нет,да,55.81228184834301,49.3732137004449
16:33:080301:95,1500.0,Земли населенных пунктов,Ранее учтенный,"Местоположение установлено относительно ориентира, расположенного в границах участка. Почтовый адрес ориентира: Российская Федерация, Республика Татарстан (Татарстан), м.р-н Пестречинский, с.п. Кощаковское, д Званка, ул Приозерная, з/у 1Б.",Частная,Для ведения личного подсобного хозяйства,ЛПХ,0,нет,16:33:080301,2476220.4,1650.8136,,,,,нет,нет,нет,нет,да,да,нет,да,55.80945131087983,49.38256286827126
16:33:080301:601,913.0,Земли населенных пунктов,Учтенный,"Местоположение установлено относительно ориентира, расположенного в границах участка. Почтовый адрес ориентира: Российская Федерация, Республика Татарстан (Татарстан), м.р-н Пестречинский, с.п. Кощаковское, д Званка, ул Лесная, з/у 8А.",Частная,Для индивидуального жилищного строительства,ИЖС,0,нет,16:33:080301,1433452.45,1570.05,,,,,нет,да,нет,нет,нет,да,нет,да,55.81113964036305,49.3845536672702
16:33:080301:740,1244.0,Земли населенных пунктов,Учтенный,"Местоположение установлено относительно ориентира, расположенного в границах участка. Почтовый адрес ориентира: Российская Федерация, Республика Татарстан, Пестречинский муниципальный район, Кощаковское сельское поселение, д Званка, ул. Лесная, д. 14б.",,Для ведения личного подсобного хозяйства,ЛПХ,0,нет,16:33:080301,2000423.53,1608.0575,,,,,да,нет,нет,нет,да,да,нет,да,55.81120976129074,49.38266270417047
16:33:080702:292,824.0,Земли населенных пунктов,Учтенный,"Местоположение установлено относительно ориентира, расположенного в границах участка. Почтовый адрес ориентира: Российская Федерация, Республика Татарстан (Татарстан), м.р-н Пестречинский, с.п. Кощаковское, д Званка, ул Сосновая, з/у 8.",Частная,для жилищного строительства,ДРУГОЕ,0,нет,16:33:080702,1317837.95,1599.3179,,,,,нет,нет,нет,нет,нет,нет,нет,да,55.80832696354387,49.39021007810783
16:33:080702:426,771.0,Земли населенных пунктов,Учтенный,"Местоположение установлено относительно ориентира, расположенного в границах участка. Почтовый адрес ориентира: Российская Федерация, Республика Татарстан (Татарстан), м.р-н Пестречинский, с.п. Кощаковское, д Званка, ул Сосновая, з/у 3.",Муниципальная,Спорт,ДРУГОЕ,0,нет,16:33:080702,741891.13,962.2453,,,,,да,нет,нет,нет,нет,нет,нет,да,55.808318751772994,49.39158688306828
16:33:080301:625,624.0,Земли населенных пунктов,Учтенный,"Местоположение установлено относительно ориентира, расположенного в границах участка. Почтовый адрес ориентира: Российская Федерация, Республика Татарстан (Татарстан), м.р-н Пестречинский, с.п. Кощаковское, д Званка, ул Каменная, з/у 10А.",Частная,Для ведения личного подсобного хозяйства,ЛПХ,0,нет,16:33:080301,1026845.91,1645.59,,,,,нет,нет,нет,нет,да,да,нет,да,55.81016723511328,49.381135819359535
16:33:080301:248,1038.0,Земли населенных пунктов,Ранее учтенный,"Местоположение установлено относительно ориентира, расположенного в границах участка. Почтовый адрес ориентира: Российская Федерация, Республика Татарстан (Татарстан), м.р-н Пестречинский, с.п. Кощаковское, д Званка, ул Лесная, з/у 4.",,ведение личного подсобного хозяйства,ЛПХ,0,нет,16:33:080301,1564701.44,1507.42,,,,,да,нет,нет,нет,да,да,нет,да,55.81127230177323,49.386612450168705
16:33:080301:177,2113.0,Земли населенных пунктов,Ранее учтенный,"Местоположение установлено относительно ориентира, расположенного в границах участка. Почтовый адрес ориентира: Российская Федерация, Республика Татарстан (Татарстан), м.р-н Пестречинский, с.п. Кощаковское, д Званка, ул Лесная, з/у 3.",,Для ведения личного подсобного хозяйства,ЛПХ,0,нет,16:33:080301,3312455.86,1567.66,,,,,да,нет,нет,нет,да,да,нет,да,55.81204476647111,49.38302231273727
16:33:080702:799,563.0,Земли населенных пунктов,Учтенный,"Российская Федерация, Республика Татарстан (Татарстан), м.р-н Пестречинский, с.п. Кощаковское, д Званка, ул Сафари, з/у 8А",Частная,для жилищного строительства,ДРУГОЕ,0,нет,16:33:080702,978650.23,1738.2775,,,,,нет,нет,нет,нет,нет,нет,нет,да,55.805955065356486,49.392872542447485
16:33:080301:660,165.0,Земли населенных пунктов,Учтенный,"Местоположение установлено относительно ориентира, расположенного в границах участка. Почтовый адрес ориентира: Республика Татарстан, Пестречинский муниципальный район, Кощаковское сельское поселение, д Званка.",,"Коммунальное обслуживание -под объект ""Техперевооружение газораспределительной сети. Закольцовка газопровода низкого давления""",ДРУГОЕ,0,нет,16:33:080301,87497.83,530.2899,,,,,да,нет,нет,нет,нет,нет,нет,да,55.811473312374865,49.38222785994055
16:33:080702:482,500.0,Земли населенных пунктов,Учтенный,"Местоположение установлено относительно ориентира, расположенного в границах участка. Почтовый адрес ориентира: Российская Федерация, Республика Татарстан (Татарстан), м.р-н Пестречинский, с.п. Кощаковское, д Званка, ул Лазурная, з/у 10.",Частная,Для жилищного строительства,ДРУГОЕ,0,нет,16:33:080702,838250.2,1676.5004,,,,,нет,нет,нет,нет,нет,нет,нет,да,55.80635646533214,49.39142895935787
16:33:080303:253,250.0,Земли населенных пунктов,Учтенный,"Местоположение установлено относительно ориентира, расположенного в границах участка. Почтовый адрес ориентира: Республика Татарстан, Пестречинский муниципальный район, Кощаковское сельское поселение, д Званка.",Частная,для жилищного строительства,ДРУГОЕ,0,нет,16:33:080303,436083.8,1744.34,,,,,нет,нет,нет,нет,нет,нет,нет,да,55.8056369661979,49.380828025522725
16:33:080303:100,1500.0,Земли населенных пунктов,Учтенный,"Российская Федерация, Республика Татарстан (Татарстан), м.р-н Пестречинский, с.п. Кощаковское, д Званка, ул Придорожная, з/у 14А",,Для ведения личного подсобного хозяйства,ЛПХ,0,нет,16:33:000000,2823361.8,1882.2412,,,,,да,нет,нет,нет,да,да,нет,да,55.802940575231894,49.376210380246256
16:33:080710:269,158.0,Земли сельскохозяйственного назначения,Учтенный,"Российская Федерация, Республика Татарстан, муниципальный район Пестречинский, сельское поселение Кощаковское, деревня Званка, улица Приозерная, земельный участок 78А",Государственная субъекта РФ,земельные участки объектов здравоохранения,ДРУГОЕ,0,нет,16:33:080710,669743.92,4238.8856,,,,,да,нет,нет,нет,нет,нет,нет,нет,55.80966397537133,49.36920472223913
16:33:080702:515,500.0,Земли населенных пунктов,Учтенный,"Местоположение установлено относительно ориентира, расположенного в границах участка. Почтовый адрес ориентира: Российская Федерация, Республика Татарстан, Пестречинский муниципальный район, Кощаковское сельское поселение, д Званка, ул. Романтика, з/у  21а.",Частная,для индивидуального жилищного строительства,ИЖС,0,нет,16:33:080702,850552.25,1701.1045,,,,,нет,да,нет,нет,нет,да,нет,да,55.805592609499435,49.38206834748658
16:33:080302:587,824.0,Земли населенных пунктов,Учтенный,"Местоположение установлено относительно ориентира, расположенного в границах участка. Почтовый адрес ориентира: Республика Татарстан, Пестречинский муниципальный район, Кощаковское сельское поселение, д Званка, ул. Приозерная.",Частная,Ведение личного подсобного хозяйства,ЛПХ,0,нет,16:33:080302,1536384.67,1864.54,,,,,нет,нет,нет,нет,да,да,нет,да,55.80316432064376,49.366280593685566
16:33:080301:659,70.0,Земли населенных пунктов,Учтенный,"Местоположение установлено относительно ориентира, расположенного в границах участка. Почтовый адрес ориентира: Республика Татарстан, Пестречинский муниципальный район, Кощаковское сельское поселение, д Званка.",,"Коммунальное обслуживание под объект ""Техперевооружение газораспределительной сети. Закольцовка газопровода низкого давления""",ДРУГОЕ,0,нет,16:33:080301,37472.32,535.3188,,,,,да,нет,нет,нет,нет,нет,нет,да,55.80947983968441,49.38078900396742
16:33:080302:594,701.0,Земли населенных пунктов,Учтенный,"Местоположение установлено относительно ориентира, расположенного в границах участка. Почтовый адрес ориентира: Республика Татарстан, Пестречинский муниципальный район, Званковское сельское поселение, д Званка.",Частная,Для строительства жилого дома,ЖИЛОЙ,0,нет,16:33:080302,1349022.14,1924.43,,,,,нет,нет,нет,нет,нет,да,нет,да,55.80194519776272,49.36753376669566
16:33:080301:507,933.0,Земли населенных пунктов,Учтенный,"Местоположение установлено относительно ориентира, расположенного в границах участка. Почтовый адрес ориентира: Российская Федерация, Республика Татарстан (Татарстан), м.р-н Пестречинский, с.п. Кощаковское, д Званка, ул Овражная, з/у 32А.",Частная,Для ведения личного подсобного хозяйства,ЛПХ,0,нет,16:33:080301,1383005.4,1482.32,,,,,нет,нет,нет,нет,да,да,нет,да,55.80972007063285,49.38804255081165
16:33:080702:322,827.0,Земли населенных пунктов,Учтенный,"Местоположение установлено относительно ориентира, расположенного в границах участка. Почтовый адрес ориентира: Российская Федерация, Республика Татарстан (Татарстан), м.р-н Пестречинский, с.п. Кощаковское, д Званка, ул 70 лет Победы, з/у 14.",Частная,для жилищного строительства,ДРУГОЕ,0,нет,16:33:080702,1380936.26,1669.8141,,,,,нет,нет,нет,нет,нет,нет,нет,да,55.806833907347404,49.39039893983976
16:33:080702:161,56.0,Земли населенных пунктов,Учтенный,"Местоположение установлено относительно ориентира, расположенного в границах участка. Почтовый адрес ориентира: Республика Татарстан, Пестречинский муниципальный район, Кощаковское сельское поселение, д Званка.",Частная,жилищное строительство,ДРУГОЕ,0,нет,16:33:080702,91045.17,1625.81,,,,,нет,нет,нет,нет,нет,нет,нет,да,55.80724717174941,49.386063302201094
16:33:080702:255,544.0,Земли населенных пунктов,Учтенный,"Местоположение установлено относительно ориентира, расположенного в границах участка. Почтовый адрес ориентира: Российская Федерация, Республика Татарстан (Татарстан), м.р-н Пестречинский, с.п. Кощаковское, д Званка, ул Светлая, з/у 10.",Частная,для жилищного строительства,ДРУГОЕ,0,нет,16:33:080702,883491.96,1624.0661,,,,,нет,нет,нет,нет,нет,нет,нет,да,55.806778495838785,49.385693294551274
16:33:080301:987,522.0,Земли населенных пунктов,Учтенный,"Российская Федерация, Республика Татарстан (Татарстан), м.р-н Пестречинский, с.п. Кощаковское, д Званка, ул Овражная, з/у 28В",Частная,для индивидуального строительства,ДРУГОЕ,0,нет,16:33:080301,823384.27,1577.36,,,,,нет,нет,нет,нет,нет,нет,нет,да,55.808666392758404,49.38644367352942
16:33:080702:236,95.0,Земли населенных пунктов,Учтенный,"Местоположение установлено относительно ориентира, расположенного в границах участка. Почтовый адрес ориентира: Российская Федерация, Республика Татарстан (Татарстан), м.р-н Пестречинский, с.п. Кощаковское, д Званка, ул Светлая, з/у 6А.",,Жилищное строительство,ДРУГОЕ,0,нет,16:33:080702,154451.63,1625.8066,,,,,да,нет,нет,нет,нет,нет,нет,да,55.80694788032988,49.386684428995395
16:33:080702:446,500.0,Земли населенных пунктов,Учтенный,"Местоположение установлено относительно ориентира, расположенного в границах участка. Почтовый адрес ориентира: Российская Федерация, Республика Татарстан (Татарстан), м.р-н Пестречинский, с.п. Кощаковское, д Званка, ул 70 лет Победы, з/у 19.",Частная,для жилищного строительства,ДРУГОЕ,0,нет,16:33:080702,847746.85,1695.4937,,,,,нет,нет,нет,нет,нет,нет,нет,да,55.80624880412893,49.38977251248452
16:33:080702:480,500.0,Земли населенных пунктов,Учтенный,"Местоположение установлено относительно ориентира, расположенного в границах участка. Почтовый адрес ориентира: Российская Федерация, Республика Татарстан (Татарстан), м.р-н Пестречинский, с.п. Кощаковское, д Званка, ул Лазурная, з/у 14.",Частная,Для жилищного строительства,ДРУГОЕ,0,нет,16:33:080702,836544.9,1673.0898,,,,,нет,нет,нет,нет,нет,нет,нет,да,55.80624618640834,49.39100934639036
16:33:080702:350,450.0,Земли населенных пунктов,Учтенный,"Местоположение установлено относительно ориентира, расположенного в границах участка. Почтовый адрес ориентира: Российская Федерация, Республика Татарстан, Пестречинский муниципальный район, д Званка, ул. Романтика, з/у 14 Б.",Частная,для жилищного строительства,ДРУГОЕ,0,нет,16:33:080702,744177.6,1653.73,,,,,нет,нет,нет,нет,нет,нет,нет,да,55.806694754050966,49.38378905342556
16:33:080702:474,500.0,Земли населенных пунктов,Учтенный,"Местоположение установлено относительно ориентира, расположенного в границах участка. Почтовый адрес ориентира: Российская Федерация, Республика Татарстан (Татарстан), м.р-н Пестречинский, с.п. Кощаковское, д Званка, ул Сафари, з/у 39.",Частная,Для жилищного строительства,ДРУГОЕ,0,нет,16:33:080702,827065.35,1654.1307,,,,,нет,нет,нет,нет,нет,нет,нет,да,55.80720055420552,49.38815794944621
16:33:080702:294,823.0,Земли населенных пунктов,Учтенный,"Местоположение установлено относительно ориентира, расположенного в границах участка. Почтовый адрес ориентира: Российская Федерация, Республика Татарстан (Татарстан), м.р-н Пестречинский, с.п. Кощаковское, д Званка, ул Сосновая, з/у 19.",Частная,для жилищного строительства,ДРУГОЕ,0,нет,16:33:080702,1366411.35,1660.2811,,,,,нет,нет,нет,нет,нет,нет,нет,да,55.80740102715411,49.38851254967103
16:33:080702:160,169.0,Земли населенных пунктов,Учтенный,"Местоположение установлено относительно ориентира, расположенного в границах участка. Почтовый адрес ориентира: Республика Татарстан, Пестречинский муниципальный район, Кощаковское сельское поселение, д Званка.",,жилищное строительство,ДРУГОЕ,0,нет,16:33:080702,274761.32,1625.8066,,,,,да,нет,нет,нет,нет,нет,нет,да,55.807211184278344,49.38605729416735
16:33:080702:339,877.0,Земли населенных пунктов,Учтенный,"Местоположение установлено относительно ориентира, расположенного в границах участка. Почтовый адрес ориентира: Российская Федерация, Республика Татарстан (Татарстан), м.р-н Пестречинский, с.п. Кощаковское, д Званка, ул Лазурная, з/у 16.",Частная,для жилищного строительства,ДРУГОЕ,0,нет,16:33:080702,1479945.92,1687.5096,,,,,нет,нет,нет,нет,нет,нет,нет,да,55.8061646340822,49.39069952899865
16:33:080702:349,525.0,Земли населенных пунктов,Учтенный,"Местоположение установлено относительно ориентира, расположенного в границах участка. Почтовый адрес ориентира: Республика Татарстан, Пестречинский муниципальный район, Кощаковское сельское поселение, д Званка, ул. Романтика, 14.",Частная,для жилищного строительства,ДРУГОЕ,0,нет,16:33:080702,867417.6,1652.224,,,,,нет,нет,нет,нет,нет,нет,нет,да,55.80677973292004,49.383961482126495
16:33:080702:117,86.0,Земли населенных пунктов,Учтенный,"Местоположение установлено относительно ориентира, расположенного в границах участка. Почтовый адрес ориентира: Республика Татарстан, Пестречинский муниципальный район, Званковское сельское поселение, д Званка.",Частная,жилищное строительство,ДРУГОЕ,0,нет,16:33:080702,139819.37,1625.81,,,,,нет,нет,нет,нет,нет,нет,нет,да,55.807179432356264,49.38600040408664
16:33:080702:285,594.0,Земли населенных пунктов,Учтенный,"Местоположение установлено относительно ориентира, расположенного в границах участка. Почтовый адрес ориентира: Российская Федерация, Республика Татарстан (Татарстан), м.р-н Пестречинский, с.п. Кощаковское, д Званка, ул Романтика, з/у 8.",Частная,Для индивидуального жилищного строительства,ИЖС,0,нет,16:33:080702,977792.61,1646.1155,,,,,нет,да,нет,нет,нет,да,нет,да,55.80709485529835,49.38501648015507
16:33:080702:163,191.0,Земли населенных пунктов,Учтенный,"Местоположение установлено относительно ориентира, расположенного в границах участка. Почтовый адрес ориентира: Республика Татарстан, Пестречинский муниципальный район, Кощаковское сельское поселение, д Званка.",,жилищное строительство,ДРУГОЕ,0,нет,16:33:080702,310529.06,1625.8066,,,,,да,нет,нет,нет,нет,нет,нет,да,55.80707964987406,49.386464332257255
16:33:080702:447,500.0,Земли населенных пунктов,Учтенный,"Местоположение установлено относительно ориентира, расположенного в границах участка. Почтовый адрес ориентира: Российская Федерация, Республика Татарстан (Татарстан), м.р-н Пестречинский, с.п. Кощаковское, д Званка, ул Лазурная, з/у 20.",Частная,для жилищного строительства,ДРУГОЕ,0,нет,16:33:080702,851543.05,1703.0861,,,,,нет,нет,нет,нет,нет,нет,нет,да,55.80592430164963,49.39008643287909
16:33:080702:451,1142.0,Земли населенных пунктов,Учтенный,"Местоположение установлено относительно ориентира, расположенного в границах участка. Почтовый адрес ориентира: Республика Татарстан, Пестречинский муниципальный район, Кощаковское сельское поселение, д Званка, ул. Светлая, участок 8.",Частная,жилищное строительство,ДРУГОЕ,0,нет,16:33:080702,1856671.14,1625.8066,,,,,нет,нет,нет,нет,нет,нет,нет,да,55.806879904576554,49.38607056175269
16:33:080702:477,500.0,Земли населенных пунктов,Учтенный,"Местоположение установлено относительно ориентира, расположенного в границах участка. Почтовый адрес ориентира: Российская Федерация, Республика Татарстан (Татарстан), м.р-н Пестречинский, с.п. Кощаковское, д Званка, ул Сафари, з/у 33.",Частная,Для жилищного строительства,ДРУГОЕ,0,нет,16:33:080702,833973.1,1667.9462,,,,,нет,нет,нет,нет,нет,нет,нет,да,55.806825554142556,49.3885346363025
16:33:080702:401,845.0,Земли населенных пунктов,Учтенный,"Местоположение установлено относительно ориентира, расположенного в границах участка. Почтовый адрес ориентира: Российская Федерация, Республика Татарстан (Татарстан), м.р-н Пестречинский, с.п. Кощаковское, д Званка, ул Сафари, з/у 16.",Частная,для индивидуального жилищного строительства,ИЖС,0,нет,16:33:080702,1451648.91,1717.9277,,,,,нет,да,нет,нет,нет,да,нет,да,55.805674295987735,49.39158717682286
16:33:080702:475,500.0,Земли населенных пунктов,Учтенный,"Местоположение установлено относительно ориентира, расположенного в границах участка. Почтовый адрес ориентира: Российская Федерация, Республика Татарстан (Татарстан), м.р-н Пестречинский, с.п. Кощаковское, д Званка, ул Сафари, з/у 37.",Частная,Для жилищного строительства,ДРУГОЕ,0,нет,16:33:080702,832189.2,1664.3784,,,,,нет,нет,нет,нет,нет,нет,нет,да,55.80706745826855,49.38828073077927
16:33:000000:4109,450.0,Земли населенных пунктов,Учтенный,"Местоположение установлено относительно ориентира, расположенного в границах участка. Почтовый адрес ориентира: Российская Федерация, Республика Татарстан, Пестречинский муниципальный район, Кощаковское сельское поселение, д Званка, ул. Лесная.",Частная,Для ведения личного подсобного хозяйства,ЛПХ,0,нет,16:33:000000,699412.86,1554.2508,,,,,нет,нет,нет,нет,да,да,нет,да,55.812521342979494,49.371314388126635
16:33:080702:489,500.0,Земли населенных пунктов,Учтенный,"Местоположение установлено относительно ориентира, расположенного в границах участка. Почтовый адрес ориентира: Российская Федерация, Республика Татарстан (Татарстан), м.р-н Пестречинский, с.п. Кощаковское, д Званка, ул Лазурная, з/у 8.",Частная,Для жилищного строительства,ДРУГОЕ,0,нет,16:33:080702,838250.75,1676.5015,,,,,нет,нет,нет,нет,нет,нет,нет,да,55.80646473520913,49.39184093309958
16:33:080301:1050,1001.0,Земли населенных пунктов,Учтенный,"Местоположение установлено относительно ориентира, расположенного в границах участка. Почтовый адрес ориентира: Российская Федерация, Республика Татарстан (Татарстан), м.р-н Пестречинский, с.п. Кощаковское, д Званка, ул Каменная, з/у 14.",Частная,Для индивидуального жилищного строителльства,ИЖС,0,нет,16:33:080301,1662918.96,1661.26,,,,,нет,да,нет,нет,нет,да,нет,да,55.81050959666193,49.37982687115685
16:33:080710:742,1795.0,Земли населенных пунктов,Учтенный,"Республика Татарстан, Пестречинский муниципальный район, Кощаковское сельское поселение",Частная,Улично-дорожная сеть,ДРУГОЕ,0,нет,16:33:080710,778606.2,433.76,,,,,нет,нет,нет,нет,нет,нет,нет,да,55.81131030363271,49.365986248267994
16:33:080710:746,1004.0,Земли населенных пунктов,Учтенный,"Российская Федерация, Республика Татарстан, муниципальный район Пестречинский, сельское поселение Кощаковское, деревня Званка, улица Искусств, земельный участок 18",Частная,Для индивидуального жилищного строительства,ИЖС,0,нет,16:33:080710,1575023.69,1568.75,,,,,нет,да,нет,нет,нет,да,нет,да,55.810589594809585,49.367954573874684
16:33:000000:4645,1001.0,Земли населенных пунктов,Учтенный,"Российская Федерация, Республика Татарстан (Татарстан), м.р-н Пестречинский, с.п. Кощаковское, д Званка, ул. Экологичная, з/у 5",Частная,Для индивидуального жилищного строительства,ИЖС,0,нет,16:33:000000,1439047.41,1437.61,,,,,нет,да,нет,нет,нет,да,нет,да,55.81439668637059,49.37122203036123
16:33:000000:4652,1024.0,Земли населенных пунктов,Учтенный,"Российская Федерация, Республика Татарстан (Татарстан), м.р-н Пестречинский, с.п. Кощаковское, д Званка, ул. Научная, з/у 10",Частная,Для индивидуального жилищного строительства,ИЖС,0,нет,16:33:000000,1533434.57,1497.49,,,,,нет,да,нет,нет,нет,да,нет,да,55.81365073496919,49.37158321055284
16:33:000000:4646,1002.0,Земли населенных пунктов,Учтенный,"Российская Федерация, Республика Татарстан (Татарстан), м.р-н Пестречинский, с.п. Кощаковское, д Званка, ул. Экологичная, з/у 7",Частная,Для индивидуального жилищного строительства,ИЖС,0,нет,16:33:000000,1444900.73,1442.02,,,,,нет,да,нет,нет,нет,да,нет,да,55.814173277447026,49.37113632084075
16:33:000000:4651,1020.0,Земли населенных пунктов,Учтенный,"Российская Федерация, Республика Татарстан (Татарстан), м.р-н Пестречинский, с.п. Кощаковское, д Званка, ул. Научная, з/у 8",Частная,Для индивидуального жилищного строительства,ИЖС,0,нет,16:33:000000,1510029.93,1480.42,,,,,нет,да,нет,нет,нет,да,нет,да,55.813874612303515,49.37166831939662
16:33:000000:4644,1002.0,Земли населенных пунктов,Учтенный,"Российская Федерация, Республика Татарстан (Татарстан), м.р-н Пестречинский, с.п. Кощаковское, д Званка, ул. Экологичная, з/у 3",Частная,Для индивидуального жилищного строительства,ИЖС,0,нет,16:33:000000,1436112.39,1433.25,,,,,нет,да,нет,нет,нет,да,нет,да,55.81462952552101,49.37135917004742
16:33:000000:4649,1012.0,Земли населенных пунктов,Учтенный,"Российская Федерация, Республика Татарстан (Татарстан), м.р-н Пестречинский, с.п. Кощаковское, д Званка, ул. Научная, з/у 4",Частная,Для индивидуального жилищного строительства,ИЖС,0,нет,16:33:000000,1493077.98,1475.37,,,,,нет,да,нет,нет,нет,да,нет,да,55.81432175646548,49.371838375226105
16:33:080709:365,912.0,Земли населенных пунктов,Учтенный,"Российская Федерация, Республика Татарстан (Татарстан), м.р-н Пестречинский, с.п. Кощаковское, д Званка, ул. Инженерная, з/у 2",Частная,Благоустройство территории,ДРУГОЕ,0,нет,16:33:080709,15558.9,17.06,,,,,нет,нет,нет,нет,нет,нет,нет,да,55.810243734737526,49.35535547478063
16:33:000000:5131,1007.0,Земли населенных пунктов,Учтенный,"Российская Федерация, Республика Татарстан (Татарстан), м.р-н Пестречинский, с.п. Кощаковское, д Званка, ул. Творческая, з/у 10",Частная,Для индивидуального жилищного строительства,ИЖС,0,нет,16:33:000000,1744722.56,1732.59,,,,,нет,да,нет,нет,нет,да,нет,да,55.80712324667081,49.35894697169782
16:33:000000:5031,1036.0,Земли населенных пунктов,Учтенный,"Российская Федерация, Республика Татарстан (Татарстан), м.р-н Пестречинский, с.п. Кощаковское, д Званка, ул. Театральная, з/у 17",Частная,Для индивидуального жилищного строительства,ИЖС,0,нет,16:33:000000,1755853.1,1694.84,,,,,нет,да,нет,нет,нет,да,нет,да,55.80788524707215,49.36102782361323
16:33:000000:5136,1007.0,Земли населенных пунктов,Учтенный,"Российская Федерация, Республика Татарстан (Татарстан), м.р-н Пестречинский, с.п. Кощаковское, д Званка, ул. Театральная, з/у 4",Частная,Для индивидуального жилищного строительства,ИЖС,0,нет,16:33:000000,1702522.92,1690.69,,,,,нет,да,нет,нет,нет,да,нет,да,55.80938616211283,49.35945108372676
16:33:080301:537,1131.0,Земли населенных пунктов,Учтенный,"Местоположение установлено относительно ориентира, расположенного в границах участка. Почтовый адрес ориентира: Российская Федерация, Республика Татарстан (Татарстан), м.р-н Пестречинский, с.п. Кощаковское, д Званка, ул Лесная, з/у 22.",,для ведения личного подсобного хозяйства,ЛПХ,0,нет,16:33:080301,1836868.3,1624.11,,,,,да,нет,нет,нет,да,да,нет,да,55.81181544167295,49.380618858345976
16:33:000000:6044,1050.0,Земли населенных пунктов,Учтенный,"Российская Федерация, Республика Татарстан (Татарстан), м.р-н Пестречинский, с.п. Кощаковское, д Званка, ул. Архитектурная, з/у 7",Частная,Для индивидуального жилищного строительства,ИЖС,0,нет,16:33:000000,1599791.76,1523.61,,,,,нет,да,нет,нет,нет,да,нет,да,55.81269765533312,49.36888238544642
16:33:000000:6018,1145.0,Земли населенных пунктов,Учтенный,"Российская Федерация, Республика Татарстан (Татарстан), м.р-н Пестречинский, с.п. Кощаковское, д Званка, ул. Архитектурная, з/у 4",Частная,Для индивидуального жилищного строительства,ИЖС,0,нет,16:33:000000,1776717.0,1551.72,,,,,нет,да,нет,нет,нет,да,нет,да,55.81230666780936,49.370218707071906
16:33:000000:6027,1438.0,Земли населенных пунктов,Учтенный,"Российская Федерация, Республика Татарстан (Татарстан), м.р-н Пестречинский, с.п. Кощаковское, д Званка, ул. Экологичная, з/у 8",Частная,Для индивидуального жилищного строительства,ИЖС,0,нет,16:33:000000,2274214.4,1581.51,,,,,нет,да,нет,нет,нет,да,нет,да,55.81151091501759,49.370019143811604
16:33:000000:6010,1007.0,Земли населенных пунктов,Учтенный,"Российская Федерация, Республика Татарстан (Татарстан), м.р-н Пестречинский, с.п. Кощаковское, д Званка, ул. Искусств, з/у 1",Частная,Для индивидуального жилищного строительства,ИЖС,0,нет,16:33:000000,1508517.22,1498.03,,,,,нет,да,нет,нет,нет,да,нет,да,55.81359580729313,49.36974901933854
16:33:000000:6015,1006.0,Земли населенных пунктов,Учтенный,"Российская Федерация, Республика Татарстан (Татарстан), м.р-н Пестречинский, с.п. Кощаковское, д Званка, ул. Экологичная, з/у 2",Частная,Для индивидуального жилищного строительства,ИЖС,0,нет,16:33:000000,1513157.5,1504.13,,,,,нет,да,нет,нет,нет,да,нет,да,55.81353595129301,49.3701497751164
16:33:000000:6058,31263.0,Земли населенных пунктов,Учтенный," Российская Федерация, Республика Татарстан, Пестречинский муниципальный район, Кощаковское сельское поселение",Частная,Благоустройство территории,ДРУГОЕ,0,нет,16:33:000000,504009.58,16.12,,,,,нет,нет,нет,нет,нет,нет,нет,да,55.81139620402001,49.3662394302732
16:33:000000:6063,1038.0,Земли населенных пунктов,Учтенный,"Российская Федерация, Республика Татарстан (Татарстан), м.р-н Пестречинский, с.п. Кощаковское, д Званка, ул. Экологичная, з/у 4",Частная,Для индивидуального жилищного строительства,ИЖС,0,нет,16:33:000000,1583822.96,1525.84,,,,,нет,да,нет,нет,нет,да,нет,да,55.813220225895755,49.37011426964265
16:33:000000:6006,1589.0,Земли населенных пунктов,Учтенный,"Российская Федерация, Республика Татарстан (Татарстан), м.р-н Пестречинский, с.п. Кощаковское, д Званка, ул. Экологичная, з/у 27",Частная,Для индивидуального жилищного строительства,ИЖС,0,нет,16:33:000000,2537261.02,1596.77,,,,,нет,да,нет,нет,нет,да,нет,да,55.81107793609231,49.37039307830959
16:33:000000:6087,1224.0,Земли населенных пунктов,Учтенный,"Российская Федерация, Республика Татарстан (Татарстан), м.р-н Пестречинский, с.п. Кощаковское, д Званка, ул. Танцевальная, з/у 1",Частная,Для индивидуального жилищного строительства,ИЖС,0,нет,16:33:000000,1828815.85,1494.13,,,,,нет,да,нет,нет,нет,да,нет,да,55.813564112606294,49.36821839409626
16:33:000000:6081,1195.0,Земли населенных пунктов,Учтенный,"Российская Федерация, Республика Татарстан (Татарстан), м.р-н Пестречинский, с.п. Кощаковское, д Званка, ул. Инструментальная, з/у 11",Частная,Для индивидуального жилищного строительства,ИЖС,0,нет,16:33:000000,1805567.92,1510.94,,,,,нет,да,нет,нет,нет,да,нет,да,55.812148270284744,49.366175524016505
16:33:000000:6075,1202.0,Земли населенных пунктов,Учтенный,"Российская Федерация, Республика Татарстан (Татарстан), м.р-н Пестречинский, с.п. Кощаковское, д Званка, ул. Архитектурная, з/у 19",Частная,Для индивидуального жилищного строительства,ИЖС,0,нет,16:33:000000,1834117.26,1525.89,,,,,нет,да,нет,нет,нет,да,нет,да,55.81240719781997,49.36688100815679
16:33:080702:929,1000.0,Земли населенных пунктов,Учтенный,"Российская Федерация, Республика Татарстан, Пестречинский муниципальный район, Кощаковское сельское поселение, д. Званка",Частная,для индивидуального жилищного строительства; для жилищного строительства; земельные участки (территории) общего пользования,ИЖС,0,нет,16:33:080702,1591983.4,1591.98,,,,,нет,да,нет,нет,нет,да,да,да,55.80854558376534,49.38991683081914
16:33:080301:1089,980.0,Земли населенных пунктов,Учтенный,"Республика Татарстан, Пестречинский муниципальный район, Кощаковское сельское поселение, д. Званка",Частная,Благоустройство территории,ДРУГОЕ,0,нет,16:33:080301,289146.45,295.05,,,,,нет,нет,нет,нет,нет,нет,нет,да,55.81073862803656,49.37302413666617
16:33:080301:1095,2141.0,Земли населенных пунктов,Учтенный,"Российская Федерация, Республика Татарстан (Татарстан), м.р-н Пестречинский, с.п. Кощаковское, д Званка, ул Лесная, з/у 27",Частная,Индивидуальные жилые дома с приусадебными земельными участками,ЖИЛОЙ,0,нет,16:33:080301,3419135.46,1596.98,,,,,нет,нет,нет,нет,нет,да,нет,да,55.81278652994289,49.37799522976752
16:33:080710:823,61.0,Земли населенных пунктов,Учтенный,"Российская Федерация, Республика Татарстан, Пестречинский муниципальный район, Кощаковское сельское поселение",Частная,Благоустройство территории,ДРУГОЕ,0,нет,16:33:080710,983.42,16.12,,,,,нет,нет,нет,нет,нет,нет,нет,да,55.81150334555701,49.371038976632995
16:33:080301:1100,2226.0,Земли населенных пунктов,Учтенный,"Республика Татарстан, Пестречинский муниципальный район, Кощаковское сельское поселение, д. Званка",Частная,Для ведения личного подсобного хозяйства,ЛПХ,0,нет,16:33:080301,3687129.26,1656.39,,,,,нет,нет,нет,нет,да,да,нет,да,55.80955388824527,49.38195268484986
16:33:080302:221,992.0,Земли населенных пунктов,Ранее учтенный,"Российская Федерация, Республика Татарстан (Татарстан), м.р-н Пестречинский, с.п. Кощаковское, д Званка, ул Просторная, з/у 21А",,Для индивидуального жилищного строительства,ИЖС,0,нет,16:33:080302,1828975.4,1843.73,,,,,да,да,нет,нет,нет,да,нет,да,55.804455387382525,49.37434357927737
16:33:080301:229,911.0,Земли населенных пунктов,Ранее учтенный,"Российская Федерация, Республика Татарстан (Татарстан), м.р-н Пестречинский, с.п. Кощаковское, д Званка, ул Приозерная, з/у 10/1",,Для ведения личного подсобного хозяйства,ЛПХ,0,нет,16:33:080301,1510951.99,1658.56,,,,,да,нет,нет,нет,да,да,нет,да,55.81071900999723,49.376288971983875
16:33:080301:670,712.0,Земли населенных пунктов,Учтенный,"Местоположение установлено относительно ориентира, расположенного в границах участка. Почтовый адрес ориентира: Республика Татарстан, Пестречинский муниципальный район, Кощаковское сельское поселение, д Званка, ул. Приозерная, д. 26 А.",Частная,"Индивидуальные жилые дома с приусадебными земельными участками ; открытые автостоянки: 2 машиноместа на индивидуальный участок; хозяйственные постройки; сады, огороды, палисадники; оранжереи, теплицы; постройки для содержания домашнего скота и птицы частного использования (при условии соблюдения отношений добрососедства); индивидуальные резервуары для хранения воды; индивидуальные бани, надворные туалеты; объекты технического и инженерного обеспечения; площадки для хранения удобрений частного использования, компостные площадки, ямы или ящики; контейнерные площадки для сбора мусора; магазины товаров первой необходимости общей площадью не более 150 кв.м; аптеки",ЖИЛОЙ,0,нет,16:33:080301,1101960.9,1547.7,,,,,нет,нет,нет,нет,нет,да,нет,да,55.808928173039035,49.37117253878251
16:33:080302:386,793.0,Земли населенных пунктов,Учтенный,"Местоположение установлено относительно ориентира, расположенного в границах участка. Почтовый адрес ориентира: Российская Федерация, Республика Татарстан (Татарстан), м.р-н Пестречинский, с.п. Кощаковское, д Званка, ул Советская, з/у 12А.",Частная,Для индивидуального жилищного строительства,ИЖС,0,нет,16:33:080302,1510448.11,1904.73,,,,,нет,да,нет,нет,нет,да,нет,да,55.80277105944093,49.37286094481538
16:33:080301:121,1462.0,Земли населенных пунктов,Ранее учтенный,"Местоположение установлено относительно ориентира, расположенного в границах участка. Почтовый адрес ориентира: Российская Федерация, Республика Татарстан (Татарстан), м.р-н Пестречинский, с.п. Кощаковское, д Званка, ул Приозерная, з/у 6/1.",,Ведение личного подсобного хозяйства,ЛПХ,0,нет,16:33:080301,2447734.49,1674.24,,,,,да,нет,нет,нет,да,да,нет,да,55.810498823750564,49.37764087434361
16:33:080303:48,1570.0,Земли населенных пунктов,Ранее учтенный,"Местоположение установлено относительно ориентира, расположенного в границах участка. Почтовый адрес ориентира: Республика Татарстан, Пестречинский муниципальный район, Кощаковское сельское поселение, д Званка, ул. Зеленая, д. 13.",Частная,Для ведения личного подсобного хозяйства,ЛПХ,0,нет,16:33:000000,2822746.65,1797.93,,,,,нет,нет,нет,нет,да,да,нет,да,55.804093998924095,49.3804495115367
16:33:080301:1007,1359.0,Земли населенных пунктов,Учтенный,"Российская Федерация, Республика Татарстан, Пестречинский муниципальный район, Кощаковское сельское поселение, д. Званка, ул. Приозерная, з/у 14 Б",Частная,Для ведения личного подсобного хозяйства,ЛПХ,0,нет,16:33:080301,2199786.12,1618.68,,,,,нет,нет,нет,нет,да,да,нет,да,55.811365354964195,49.37220638264592
16:33:080702:844,690.0,Земли населенных пунктов,Учтенный,"Российская Федерация, Республика Татарстан (Татарстан), м.р-н Пестречинский, с.п. Кощаковское, д Званка, ул Сафари, з/у 26Б",Частная,Для жилищного строительства,ДРУГОЕ,0,нет,16:33:080702,1148100.94,1663.9144,,,,,нет,нет,нет,нет,нет,нет,нет,да,55.80681234764405,49.387739765738644
16:33:080702:851,585.0,Земли населенных пунктов,Учтенный,"Местоположение установлено относительно ориентира, расположенного в границах участка. Почтовый адрес ориентира: Российская Федерация, Республика Татарстан, Пестречинский муниципальный район, Кощаковское сельское поселение, д. Званка.",Частная,Для жилищного строительства,ДРУГОЕ,0,нет,16:33:080702,967313.18,1653.5268,,,,,нет,нет,нет,нет,нет,нет,нет,да,55.80743830280316,49.3872022477656
16:33:080702:103,642.0,Земли населенных пунктов,Учтенный,"Местоположение установлено относительно ориентира, расположенного в границах участка. Почтовый адрес ориентира: Республика Татарстан, Пестречинский муниципальный район,Званковское сельское поселение.",,"земельные участки улиц, переулков, тупиков",ДРУГОЕ,0,нет,16:33:080702,342482.73,533.4622,,,,,да,нет,нет,нет,нет,нет,нет,да,55.807665759760184,49.38480648520467
16:33:080702:787,250.0,Земли населенных пунктов,Учтенный,"Местоположение установлено относительно ориентира, расположенного в границах участка. Почтовый адрес ориентира: Российская Федерация, Республика Татарстан (Татарстан), м.р-н Пестречинский, с.п. Кощаковское, д Званка, ул Лазурная, з/у 2А.",Частная,Блокированные односемейные дома с участками,ДРУГОЕ,0,нет,16:33:080702,412717.52,1650.8701,,,,,нет,нет,нет,нет,нет,нет,нет,да,55.806775826848906,49.39316312818257
16:33:080702:97,10860.0,Земли населенных пунктов,Учтенный,"Местоположение установлено относительно ориентира, расположенного в границах участка. Почтовый адрес ориентира: Республика Татарстан, Пестречинский муниципальный район, Кощаковское сельское поселение.",,"Для размещения автомобильной дороги ""Казань-Шемордан""-Званка",ТРАНСПОРТ,0,нет,16:33:080702,5844406.74,538.159,,,,,да,нет,нет,нет,нет,нет,нет,да,55.808055415286965,49.37891876696109
16:33:000000:4214,1515.0,Земли населенных пунктов,Учтенный,"Российская Федерация, Республика Татарстан, Пестречинский муниципальный район, Кощаковское сельское поселение, д Званка, ул. Приозерная, д. 72",Муниципальная,Для ведения личного подсобного хозяйства,ЛПХ,0,нет,16:33:000000,2449866.5,1617.07,,,,,да,нет,нет,нет,да,да,нет,да,55.8113561047191,49.37170977008939
16:33:080301:194,1021.0,Земли населенных пунктов,Ранее учтенный,"Местоположение установлено относительно ориентира, расположенного в границах участка. Почтовый адрес ориентира: Российская Федерация, Республика Татарстан (Татарстан), м.р-н Пестречинский, с.п. Кощаковское, д Званка, ул Приозерная, з/у 14А.",,Для ведения личного подсобного хозяйства,ЛПХ,0,нет,16:33:080301,1652672.28,1618.68,,,,,да,нет,нет,нет,да,да,нет,да,55.811421197104245,49.372581677766156
16:33:080301:1023,1143.0,Земли населенных пунктов,Учтенный,"Российская Федерация, Республика Татарстан, Пестречинский муниципальный район, Кощаковское сельское поселение, д Званка",Муниципальная,земельные участки (территории) общего пользования,ОГП,0,нет,16:33:080301,607983.87,531.92,,,,,да,нет,нет,нет,нет,нет,да,да,55.811691818234685,49.377012611459314
16:33:080301:573,514.0,Земли населенных пунктов,Учтенный,"Местоположение установлено относительно ориентира, расположенного в границах участка. Почтовый адрес ориентира: Российская Федерация, Республика Татарстан (Татарстан), м.р-н Пестречинский, с.п. Кощаковское, д Званка, ул Лесная, з/у 32В.",Частная,Для ведения личного подсобного хозяйства,ЛПХ,0,нет,16:33:080301,852487.2,1658.54,,,,,нет,нет,нет,нет,да,да,нет,да,55.811708657726285,49.37816199713886
16:33:080302:12,1500.0,Земли населенных пунктов,Ранее учтенный,"Местоположение установлено относительно ориентира, расположенного в границах участка. Почтовый адрес ориентира: Российская Федерация, Республика Татарстан, Пестречинский муниципальный район, д Званка, ул. Советская, з/у 16.",,Для индивидуального жилищного строительства,ИЖС,0,нет,16:33:080302,2831467.65,1887.65,,,,,да,да,нет,нет,нет,да,нет,да,55.80326296379044,49.37290217254878
16:33:080301:501,1706.0,Земли населенных пунктов,Учтенный,"Местоположение установлено относительно ориентира, расположенного в границах участка. Почтовый адрес ориентира: Российская Федерация, Республика Татарстан (Татарстан), м.р-н Пестречинский, с.п. Кощаковское, д Званка, ул Приозерная, з/у 67.",,для ведения личного подсобного хозяйства,ЛПХ,0,нет,16:33:080301,2740417.75,1606.34,,,,,да,нет,нет,нет,да,да,нет,да,55.8103082334182,49.37335932250229
16:33:080302:529,1370.0,Земли населенных пунктов,Учтенный,"Местоположение установлено относительно ориентира, расположенного в границах участка. Почтовый адрес ориентира: Республика Татарстан, Пестречинский муниципальный район, Кощаковское сельское поселение, д  Званка, ул. Приозерная.",Частная,для индивидуального жилищного строительства,ИЖС,0,нет,16:33:080302,2683800.13,1958.9782,,,,,нет,да,нет,нет,нет,да,нет,да,55.80174066584636,49.36684922519184
16:33:080302:571,818.0,Земли населенных пунктов,Учтенный,"Местоположение установлено относительно ориентира, расположенного в границах участка. Почтовый адрес ориентира: Республика Татарстан, Пестречинский муниципальный район, Кощаковское сельское поселение, д Званка.",Частная,для ведения личного подсобного хозяйства,ЛПХ,0,нет,16:33:080302,1563494.77,1911.36,,,,,нет,нет,нет,нет,да,да,нет,да,55.80218533323357,49.37250838252982
16:33:080702:354,7592.0,Земли населенных пунктов,Учтенный,"Местоположение установлено относительно ориентира, расположенного в границах участка. Почтовый адрес ориентира: Республика Татарстан, Пестречинский муниципальный район, Кощаковское сельское поселение.",Муниципальная,Земельные участки (территории) общего пользования,ОГП,0,нет,16:33:080702,4033256.83,531.25,,,,,да,нет,нет,нет,нет,нет,да,да,55.808486882934204,49.391790329256374
16:33:080702:870,1754.0,Земли населенных пунктов,Учтенный,"Местоположение установлено относительно ориентира, расположенного в границах участка. Почтовый адрес ориентира: Республика Татарстан, Пестречинский муниципальный район, Кощаковское сельское поселение.",Частная,Склады,ДРУГОЕ,0,нет,16:33:080702,2867966.98,1635.1,,,,,нет,нет,нет,нет,нет,нет,нет,да,55.80634895820668,49.38812026260378
16:33:080702:815,195.0,"Земли промышленности, энергетики, транспорта, связи, радиовещания, телевидения, информатики, земли для обеспечения космической деятельности, земли обороны, безопасности и земли иного специального назначения",Учтенный,"Российская Федерация, Республика Татарстан, Пестречинский муниципальный район, Кощаковское сельское поселение",Государственная субъекта РФ;Муниципальная,Автомобильный транспорт,ТРАНСПОРТ,0,нет,16:33:080702,221161.53,1134.16,,,,,да,нет,нет,нет,нет,нет,нет,нет,55.806042928967216,49.394234565353784
16:33:080702:82,798.0,Земли населенных пунктов,Учтенный,"Местоположение установлено относительно ориентира, расположенного в границах участка. Почтовый адрес ориентира: Российская Федерация, Республика Татарстан (Татарстан), м.р-н Пестречинский, с.п. Кощаковское, д Званка, ул Романтика, з/у 1.",,Жилищное строительство,ДРУГОЕ,0,нет,16:33:080702,1294843.82,1622.6113,,,,,да,нет,нет,нет,нет,нет,нет,да,55.8073613749772,49.386547442914235
16:33:080301:3,5523.0,Земли населенных пунктов,Ранее учтенный,"Местоположение установлено относительно ориентира, расположенного в границах участка. Почтовый адрес ориентира: Российская Федерация, Республика Татарстан (Татарстан), м.р-н Пестречинский, с.п. Кощаковское, д Званка, ул Лесная, з/у 43.",Частная,Для ведения личного подсобного хозяйства,ЛПХ,0,нет,16:33:080301,8521284.82,1542.87,,,,,нет,нет,нет,нет,да,да,нет,да,55.813434636452975,49.374016295613096
16:33:080301:999,500.0,Земли населенных пунктов,Учтенный,"Российская Федерация, Республика Татарстан (Татарстан), м.р-н Пестречинский, с.п. Кощаковское, д Званка, ул Каменная, з/у 34А",Частная,Для ведения личного подсобного хозяйства,ЛПХ,0,нет,16:33:080301,811577.8,1623.1556,,,,,нет,нет,нет,нет,да,да,нет,да,55.81167564372224,49.37321610705835
16:33:080702:410,773.0,Земли населенных пунктов,Учтенный,"Местоположение установлено относительно ориентира, расположенного в границах участка. Почтовый адрес ориентира: Российская Федерация, Республика Татарстан (Татарстан), м.р-н Пестречинский, с.п. Кощаковское, д Званка, ул Яшьлек, з/у 4.",Муниципальная,Культурное развитие,ДРУГОЕ,0,нет,16:33:080702,976345.3,1263.0599,,,,,да,нет,нет,нет,нет,нет,нет,да,55.808028777546156,49.391839762119105
16:33:080301:142,1437.0,Земли населенных пунктов,Ранее учтенный,"Российская Федерация, Республика Татарстан (Татарстан), м.р-н Пестречинский, с.п. Кощаковское, д Званка, ул Приозерная, з/у 13",,Для ведения личного подсобного хозяйства,ЛПХ,0,нет,16:33:080301,2363665.98,1644.86,,,,,да,нет,нет,нет,да,да,нет,да,55.81019722983885,49.37547582511657
16:33:080702:202,750.0,Земли населенных пунктов,Учтенный,"Местоположение установлено относительно ориентира, расположенного в границах участка. Почтовый адрес ориентира: Российская Федерация, Республика Татарстан (Татарстан), м.р-н Пестречинский, с.п. Кощаковское, д Званка, ул Овражная, з/у 19А.",Частная,для ведения личного подсобного хозяйства,ЛПХ,0,нет,16:33:080702,1253593.58,1671.4581,,,,,нет,нет,нет,нет,да,да,нет,да,55.807560396804135,49.38373183202341
16:33:080301:305,548.0,Земли населенных пунктов,Учтенный,"Местоположение установлено относительно ориентира, расположенного в границах участка. Почтовый адрес ориентира: Российская Федерация, Республика Татарстан (Татарстан), м.р-н Пестречинский, с.п. Кощаковское, д Званка, ул Лесная, з/у 5.",,Для ведения личного подсобного хозяйства,ЛПХ,0,нет,16:33:080301,851702.53,1554.2,,,,,да,нет,нет,нет,да,да,нет,да,55.81236256574509,49.382956058337186
16:33:000000:4212,568.0,Земли населенных пунктов,Учтенный,"Российская Федерация, Республика Татарстан (Татарстан), м.р-н Пестречинский, с.п. Кощаковское, д Званка, ул Овражная, з/у 13А",Частная,для индивидуального жилищного строительства,ИЖС,0,нет,16:33:000000,948564.83,1670.01,,,,,нет,да,нет,нет,нет,да,нет,да,55.80761968807756,49.38316411373622
16:33:080301:269,1485.0,Земли населенных пунктов,Учтенный,"Местоположение установлено относительно ориентира, расположенного в границах участка. Почтовый адрес ориентира: Российская Федерация, Республика Татарстан (Татарстан), м.р-н Пестречинский, с.п. Кощаковское, д Званка, ул Овражная, з/у 22Б.",,Под жилую застройку индивидуальную,ДРУГОЕ,0,нет,16:33:080301,2355399.78,1586.13,,,,,да,нет,нет,нет,нет,нет,нет,да,55.808556218639296,49.38573008076955
16:33:080301:311,797.0,Земли населенных пунктов,Учтенный,"Местоположение установлено относительно ориентира, расположенного в границах участка. Почтовый адрес ориентира: Российская Федерация, Республика Татарстан (Татарстан), м.р-н Пестречинский, с.п. Кощаковское, д Званка, ул Лесная, з/у 28А.",Частная,Для ведения личного подсобного хозяйства,ЛПХ,0,нет,16:33:080301,1311905.2,1646.05,,,,,нет,нет,нет,нет,да,да,нет,да,55.81166889799319,49.379299502483306
16:33:080702:552,1323.0,Земли населенных пунктов,Учтенный,"Республика Татарстан, р-н. Пестречинский",Частная,для ведения личного подсобного хозяйства,ЛПХ,0,нет,16:33:080702,2152968.97,1627.3386,,,,,нет,нет,нет,нет,да,да,нет,да,55.80810372985517,49.38489227274352
16:33:080301:263,773.0,Земли населенных пунктов,Учтенный,"Местоположение установлено относительно ориентира, расположенного в границах участка. Почтовый адрес ориентира: Российская Федерация, Республика Татарстан (Татарстан), м.р-н Пестречинский, с.п. Кощаковское, д Званка, ул Каменная, з/у 2А.",Частная,индивидуальное жилищное строительство,ДРУГОЕ,0,нет,16:33:080301,1228913.85,1589.8,,,,,нет,нет,нет,нет,нет,нет,нет,да,55.81080388724156,49.38410321497036
16:33:080702:778,549.0,Земли населенных пунктов,Учтенный,"Местоположение установлено относительно ориентира, расположенного в границах участка. Почтовый адрес ориентира: Российская Федерация, Республика Татарстан (Татарстан), м.р-н Пестречинский, с.п. Кощаковское, д Званка, ул Сосновая, з/у 11.",Частная,для жилищного строительства,ДРУГОЕ,0,нет,16:33:080702,899950.72,1639.2545,,,,,нет,нет,нет,нет,нет,нет,нет,да,55.80784719953321,49.39006923154104
16:33:080301:149,1046.0,Земли населенных пунктов,Ранее учтенный,"Местоположение установлено относительно ориентира, расположенного в границах участка. Почтовый адрес ориентира: Российская Федерация, Республика Татарстан (Татарстан), м.р-н Пестречинский, с.п. Кощаковское, д Званка, ул Приозерная, з/у 7/1.",Частная,для ведения личного подсобного хозяйства,ЛПХ,0,нет,16:33:000000,1755587.05,1678.38,,,,,нет,нет,нет,нет,да,да,нет,да,55.80973297988894,49.377724756614384
16:33:080702:805,250.0,Земли населенных пунктов,Учтенный,"Российская Федерация, Республика Татарстан (Татарстан), м.р-н Пестречинский, с.п. Кощаковское, д Званка, ул Яшьлек, з/у 6А",Частная,Блокированные односемейные дома с участками,ДРУГОЕ,0,нет,16:33:080702,405004.9,1620.0196,,,,,нет,нет,нет,нет,нет,нет,нет,да,55.80783826418917,49.391189319534746
16:33:080702:402,844.0,Земли населенных пунктов,Учтенный,"Местоположение установлено относительно ориентира, расположенного в границах участка. Почтовый адрес ориентира: Российская Федерация, Республика Татарстан (Татарстан), м.р-н Пестречинский, с.п. Кощаковское, д Званка, ул Сафари, з/у 14.",Частная,Для индивидуального жилищного строительства,ИЖС,0,нет,16:33:080702,1437185.4,1702.8263,,,,,нет,да,нет,нет,нет,да,нет,да,55.80576362787776,49.39195428956274
16:33:080702:801,549.0,Земли населенных пунктов,Учтенный,"Местоположение установлено относительно ориентира, расположенного в границах участка. Почтовый адрес ориентира: Российская Федерация, Республика Татарстан (Татарстан), м.р-н Пестречинский, с.п. Кощаковское, д Званка, ул Сосновая, з/у 4А.",Частная,Для жилищного строительства,ДРУГОЕ,0,нет,16:33:080702,878025.53,1599.3179,,,,,нет,нет,нет,нет,нет,нет,нет,да,55.80851135022956,49.39085038805199
16:33:080301:1006,2132.0,Земли населенных пунктов,Учтенный,"Российская Федерация, Республика Татарстан, Пестречинский муниципальный район, Кощаковское сельское поселение, д. Званка, ул. Лесная, з/у 37",Частная,для ведения личного подсобного хозяйства,ЛПХ,0,нет,16:33:080301,3340656.6,1566.9121,,,,,нет,нет,нет,нет,да,да,нет,да,55.8134198626517,49.37579430916287
16:33:080301:766,814.0,Земли населенных пунктов,Учтенный,"Местоположение установлено относительно ориентира, расположенного в границах участка. Почтовый адрес ориентира: Российская Федерация, Республика Татарстан (Татарстан), м.р-н Пестречинский, с.п. Кощаковское, д Званка, ул Овражная, з/у 33.",Частная,Для ведения личного подсобного хозяйства,ЛПХ,0,нет,16:33:080301,1185286.56,1456.13,,,,,нет,нет,нет,нет,да,да,нет,да,55.81023899718262,49.38768819510528
16:33:080702:395,832.0,Земли населенных пунктов,Учтенный,"Местоположение установлено относительно ориентира, расположенного в границах участка. Почтовый адрес ориентира: Российская Федерация, Республика Татарстан (Татарстан), м.р-н Пестречинский, с.п. Кощаковское, д Званка, ул Лазурная, з/у 7.",Частная,для индивидуального жилищного строительства,ИЖС,0,нет,16:33:080702,1392882.73,1674.1379,,,,,нет,да,нет,нет,нет,да,нет,да,55.80624326373259,49.39277116288283
16:33:080702:868,589.0,Земли населенных пунктов,Учтенный,"Российская Федерация, Республика Татарстан (Татарстан), м.р-н Пестречинский, с.п. Кощаковское, д Званка, ул Овражная, з/у 3Б",Частная,для ведения личного подсобного хозяйства,ЛПХ,0,нет,16:33:080702,1013899.95,1721.3921,,,,,нет,нет,нет,нет,да,да,нет,да,55.808088442555494,49.38063374088312
16:33:080702:425,828.0,Земли населенных пунктов,Учтенный,"Российская Федерация, Республика Татарстан (Татарстан), м.р-н Пестречинский, с.п. Кощаковское, д Званка, ул 70 лет Победы, з/у 4А",Частная,для жилищного строительства,ДРУГОЕ,0,нет,16:33:080702,1363119.26,1646.2793,,,,,нет,нет,нет,нет,нет,нет,нет,да,55.80733492658694,49.392109648390644
16:33:080302:206,1591.0,Земли населенных пунктов,Учтенный,"Местоположение установлено относительно ориентира, расположенного в границах участка. Почтовый адрес ориентира: Республика Татарстан, Пестречинский муниципальный район, Кощаковское сельское поселение, д Званка, ул. Дачная, д. 24а.",,Ведение личного подсобного хозяйства,ЛПХ,0,нет,16:33:080302,2960128.53,1860.5459,,,,,да,нет,нет,нет,да,да,нет,да,55.804945508062104,49.371411705239645
16:33:080302:150,989.0,Земли населенных пунктов,Ранее учтенный,"Местоположение установлено относительно ориентира, расположенного в границах участка. Почтовый адрес ориентира: Российская Федерация, Республика Татарстан (Татарстан), м.р-н Пестречинский, с.п. Кощаковское, д Званка, ул Советская, з/у 24.",,Под жилую застройку Индивидуальную,ДРУГОЕ,0,нет,16:33:080302,1840606.04,1861.0779,,,,,да,нет,нет,нет,нет,нет,нет,да,55.804158995219794,49.37344282524475
16:33:080302:151,944.0,Земли населенных пунктов,Ранее учтенный,"Местоположение установлено относительно ориентира, расположенного в границах участка. Почтовый адрес ориентира: Российская Федерация, Республика Татарстан (Татарстан), м.р-н Пестречинский, с.п. Кощаковское, д Званка, ул Советская, з/у 22.",,Под жилую застройку Индивидуальную,ДРУГОЕ,0,нет,16:33:080302,1761147.07,1865.6219,,,,,да,нет,нет,нет,нет,нет,нет,да,55.80397073458589,49.373359760054335
16:33:080710:147,1000.0,Земли сельскохозяйственного назначения,Учтенный,"Российская Федерация, Республика Татарстан (Татарстан), м.р-н Пестречинский, с.п. Кощаковское, д Званка, тер. СНТ Алмаз, ул Сосновая, з/у 1",Частная,"Земельные участки, находящиеся в составе дачных, садоводческих и огороднических объединений",ДРУГОЕ,0,нет,16:33:080710,775850.7,775.85,,,,,нет,нет,нет,нет,нет,нет,нет,нет,55.80338330590215,49.36545411216663
16:33:080702:513,500.0,Земли населенных пунктов,Учтенный,"Местоположение установлено относительно ориентира, расположенного в границах участка. Почтовый адрес ориентира: Российская Федерация, Республика Татарстан (Татарстан), м.р-н Пестречинский, с.п. Кощаковское, д Званка, ул Овражная, з/у 8А.",Частная,Для ведения личного подсобного хозяйства,ЛПХ,0,нет,16:33:080702,835768.9,1671.5378,,,,,нет,нет,нет,нет,да,да,нет,да,55.80665478693068,49.38263832603938
16:33:080303:86,1021.0,Земли населенных пунктов,Ранее учтенный,"Местоположение установлено относительно ориентира, расположенного в границах участка. Почтовый адрес ориентира: Российская Федерация, Республика Татарстан (Татарстан), м.р-н Пестречинский, с.п. Кощаковское, д Званка, ул Овражная, з/у 1Б.",,Для ведения личного подсобного хозяйства,ЛПХ,0,нет,16:33:080303,1775609.56,1739.09,,,,,да,нет,нет,нет,да,да,нет,да,55.807272503141576,49.38001103519809
16:33:080303:51,1476.0,Земли населенных пунктов,Ранее учтенный,"Местоположение установлено относительно ориентира, расположенного в границах участка. Почтовый адрес ориентира: Российская  Федерация, Республика Татарстан,  Пестречинский муниципальный район, Кощаковское  сельское поселение, д Званка, ул. Зеленая, з/у  6.",,Для ведения личного подсобного хозяйства,ЛПХ,0,нет,16:33:080303,2719425.79,1842.43,,,,,да,нет,нет,нет,да,да,нет,да,55.80300842143237,49.378990381270135
16:33:080303:205,858.0,Земли населенных пунктов,Учтенный,"Местоположение установлено относительно ориентира, расположенного в границах участка. Почтовый адрес ориентира: Республика Татарстан, Пестречинский муниципальный район, Кощаковское сельское поселение, д Званка, ул. Зеленая, д. 2.",Частная,для ведения личного подсобного хозяйства,ЛПХ,0,нет,16:33:080303,1592187.77,1855.7,,,,,нет,нет,нет,нет,да,да,нет,да,55.802940706910455,49.37801191162369
16:33:080302:511,773.0,Земли населенных пунктов,Учтенный,"Местоположение установлено относительно ориентира, расположенного в границах участка. Почтовый адрес ориентира: Республика Татарстан, Пестречинский муниципальный район, Кощаковское сельское поселение, д Званка, ул. Дачная, д. 19 А.",Частная,Для строительства жилого дома,ЖИЛОЙ,0,нет,16:33:080302,1455059.18,1882.35,,,,,нет,нет,нет,нет,нет,да,нет,да,55.80403927692265,49.37013657564243
16:33:080302:497,329.0,Земли населенных пунктов,Учтенный,"Местоположение установлено относительно ориентира, расположенного в границах участка. Почтовый адрес ориентира: Российская Федерация, Республика Татарстан (Татарстан), м.р-н Пестречинский, с.п. Кощаковское, д Званка, ул Советская, з/у 3А.",Частная,для ведения личного подсобного хозяйства,ЛПХ,0,нет,16:33:080302,633721.87,1926.21,,,,,нет,нет,нет,нет,да,да,нет,да,55.80148086992549,49.371342429736785
16:33:080301:722,2043.0,Земли населенных пунктов,Учтенный,"Местоположение установлено относительно ориентира, расположенного в границах участка. Почтовый адрес ориентира: Республика Татарстан, р-н. Пестречинский, д. Званка, Кощаковское, ул. Приозерная, д. 29А.",Частная,для ведения личного подсобного хозяйства,ЛПХ,0,нет,16:33:080301,3184775.09,1558.87,,,,,нет,нет,нет,нет,да,да,нет,да,55.80836331160385,49.37282175103379
16:33:080302:175,1007.0,Земли населенных пунктов,Ранее учтенный,"Местоположение установлено относительно ориентира, расположенного в границах участка. Почтовый адрес ориентира: Республика Татарстан, р-н Пестречинский муниципальный, с/п Званковское, д Званка, ул Неизвестная.",Частная,Для ведения личного подсобного хозяйства,ЛПХ,0,нет,16:33:080302,1790070.19,1777.63,,,,,нет,нет,нет,нет,да,да,нет,да,55.806118515483305,49.37161282948372
16:33:080303:221,656.0,Земли населенных пунктов,Учтенный,"Российская Федерация, Республика Татарстан, муниципальный район Пестречинский, сельское поселение Кощаковское, деревня Званка, улица Овражная, земельный участок 8Г",Частная,для ведения личного подсобного хозяйства,ЛПХ,0,нет,16:33:080303,1096528.8,1671.54,,,,,нет,нет,нет,нет,да,да,нет,да,55.80658949144784,49.381895491738774
16:33:080302:893,563.0,Земли населенных пунктов,Учтенный,"Российская Федерация, Республика Татарстан, муниципальный район Пестречинский, сельское поселение Кощаковское, деревня Званка, улица Трудовая, земельный участок 5А",Частная,для индивидуального жилищного строительства,ИЖС,0,нет,16:33:080302,1075713.07,1910.68,,,,,нет,да,нет,нет,нет,да,нет,да,55.802354773422444,49.36795588353619
16:33:080303:184,1169.0,Земли населенных пунктов,Учтенный,"Местоположение установлено относительно ориентира, расположенного в границах участка. Почтовый адрес ориентира: Республика Татарстан, Пестречинский муниципальный район, Кощаковское сельское поселение, д Званка.",,для ведения личного подсобного хозяйства,ЛПХ,0,нет,16:33:080303,1997118.08,1708.4,,,,,да,нет,нет,нет,да,да,нет,да,55.806075089606004,49.381627744320895
16:33:080302:626,403.0,Земли населенных пунктов,Учтенный,"Местоположение установлено относительно ориентира, расположенного в границах участка. Почтовый адрес ориентира: Российская Федерация, Республика Татарстан, Пестречинский муниципальный район, Кощаковское сельское поселение, д Званка, ул. Дачная, з/у 3/1.",Частная,Блокированные односемейные дома с участками,ДРУГОЕ,0,нет,16:33:080302,779633.72,1934.58,,,,,нет,нет,нет,нет,нет,нет,нет,да,55.80187362274128,49.369764184947506
16:33:080302:564,1013.0,Земли населенных пунктов,Учтенный,"Местоположение установлено относительно ориентира, расположенного в границах участка. Почтовый адрес ориентира: Республика Татарстан, Пестречинский муниципальный район, Кощаковское сельское поселение, д Званка, ул. Приозерная.",Частная,для ведения личного подсобного хозяйства,ЛПХ,0,нет,16:33:080302,1950073.83,1925.05,,,,,нет,нет,нет,нет,да,да,нет,да,55.801922143031824,49.365966632509796
16:33:080302:880,265.0,Земли населенных пунктов,Учтенный,"Местоположение установлено относительно ориентира, расположенного в границах участка. Почтовый адрес ориентира: Российская Федерация, Республика Татарстан, Пестречинский муниципальный район, Кощаковское сельское поселение, д Званка, ул. Просторная, з/у 1А.",Частная,блокированные односемейные дома с участками,ДРУГОЕ,0,нет,16:33:080302,507367.01,1914.5925,,,,,нет,нет,нет,нет,нет,нет,нет,да,55.80161375362341,49.37339543956996
16:33:080302:7,1824.0,Земли населенных пунктов,Ранее учтенный,"Российская Федерация, Республика Татарстан, муниципальный район Пестречинский, сельское поселение Кощаковское, деревня Званка, улица Просторная, земельный участок 11",,Для ведения личного подсобного хозяйства,ЛПХ,0,нет,16:33:080302,3459510.58,1896.66,,,,,да,нет,нет,нет,да,да,нет,да,55.80295198603714,49.37351922093543
16:33:080303:225,697.0,Земли населенных пунктов,Учтенный,"Местоположение установлено относительно ориентира, расположенного в границах участка. Почтовый адрес ориентира: Республика Татарстан, Пестречинский муниципальный район, Кощаковское сельское поселение, д Званка, ул. Новая, д. 19.",Частная,Для ведения личного подсобного хозяйства,ЛПХ,0,нет,16:33:080303,1236401.89,1773.89,,,,,нет,нет,нет,нет,да,да,нет,да,55.80560976416309,49.3800495319328
16:33:080302:189,820.0,Земли населенных пунктов,Ранее учтенный,"Местоположение установлено относительно ориентира, расположенного в границах участка. Почтовый адрес ориентира: Российская Федерация, Республика Татарстан (Татарстан), м.р-н Пестречинский, с.п. Кощаковское, д Званка, ул Советская, з/у 1.",Частная,Для ведения личного подсобного хозяйства,ЛПХ,0,нет,16:33:080302,1579338.2,1926.02,,,,,нет,нет,нет,нет,да,да,нет,да,55.80163697636099,49.371093898969455
16:33:080702:869,886.0,Земли населенных пунктов,Учтенный,"Российская Федерация, Республика Татарстан (Татарстан), м.р-н Пестречинский, с.п. Кощаковское, д Званка, ул Овражная, з/у 3Г",Частная,для ведения личного подсобного хозяйства,ЛПХ,0,нет,16:33:080702,1525153.4,1721.39,,,,,нет,нет,нет,нет,да,да,нет,да,55.80795977128373,49.3807407646414
16:33:080302:894,644.0,Земли населенных пунктов,Учтенный,"Российская Федерация, Республика Татарстан, муниципальный район Пестречинский, сельское поселение Кощаковское, деревня Званка, улица Трудовая, земельный участок 5Б",Частная,для индивидуального жилищного строительства,ИЖС,0,нет,16:33:080302,1231037.68,1911.55,,,,,нет,да,нет,нет,нет,да,нет,да,55.802373473067,49.3677247953132
16:33:080302:423,495.0,Земли населенных пунктов,Учтенный,"Местоположение установлено относительно ориентира, расположенного в границах участка. Почтовый адрес ориентира: Российская Федерация, Республика Татарстан (Татарстан), м.р-н Пестречинский, с.п. Кощаковское, д Званка, ул Советская, з/у 21.",Частная,для строительства жилого дома,ЖИЛОЙ,0,нет,16:33:080302,921981.75,1862.59,,,,,нет,нет,нет,нет,нет,да,нет,да,55.804329087015006,49.37246446642059
16:33:000000:3739,1001.0,Земли населенных пунктов,Учтенный,"Местоположение установлено относительно ориентира, расположенного в границах участка. Почтовый адрес ориентира: Российская Федерация, Республика Татарстан, Пестречинский муниципальный район, Кощаковское сельское поселение, д Званка.",Частная,для жилищного строительства,ДРУГОЕ,0,нет,16:33:000000,1760788.03,1759.03,,,,,нет,нет,нет,нет,нет,нет,нет,да,55.805519143138035,49.381042354195785
16:33:080303:40,1810.0,Земли населенных пунктов,Ранее учтенный,"Местоположение установлено относительно ориентира, расположенного в границах участка. Почтовый адрес ориентира: Российская  Федерация, Республика Татарстан,  Пестречинский муниципальный район, Кощаковское  сельское поселение, д Званка, ул. Новая, з/у 11.",Частная,индивидуальное жилищное строительство и ведение личного подсобного хозяйства,ЛПХ,0,нет,16:33:000000,3234492.62,1787.01,,,,,нет,нет,нет,нет,да,да,нет,да,55.80487099659384,49.379665595446994
16:33:080302:599,494.0,Земли населенных пунктов,Учтенный,"Местоположение установлено относительно ориентира, расположенного в границах участка. Почтовый адрес ориентира: Российская Федерация, Республика Татарстан (Татарстан), м.р-н Пестречинский, с.п. Кощаковское, д Званка, ул Приозерная, з/у 37Б.",Частная,Для ведения личного подсобного хозяйства,ЛПХ,0,нет,16:33:080302,881443.31,1784.3,,,,,нет,нет,нет,нет,да,да,нет,да,55.8059025870215,49.36706509313818
16:33:080302:620,190.0,Земли населенных пунктов,Учтенный,"Местоположение установлено относительно ориентира, расположенного в границах участка. Почтовый адрес ориентира: Российская Федерация, Республика Татарстан, Пестречинский муниципальный район, Кощаковское сельское поселение, д. Званка.",,связь,СВЯЗЬ,0,нет,16:33:080302,104755.04,551.3423,,,,,да,нет,нет,нет,нет,нет,нет,да,55.80121755639308,49.372667033338914
16:33:080303:92,705.0,Земли населенных пунктов,Ранее учтенный,"Российская Федерация, Республика Татарстан, муниципальный район Пестречинский, сельское поселение Кощаковское, деревня Званка, улица Новая, земельный участок 12А",Частная,Для ведения личного садоводства,СНТ,0,нет,16:33:000000,420970.3,597.12,,,,,нет,нет,да,нет,нет,да,нет,да,55.80463531139867,49.37978808831117
16:33:080302:547,570.0,Земли населенных пунктов,Учтенный,"Местоположение установлено относительно ориентира, расположенного в границах участка. Почтовый адрес ориентира: Республика Татарстан, Пестречинский муниципальный район, Кощаковское сельское поселение, д Званка, ул. Дачная, 7 А.",Частная,для индивидуального жилищного строительства,ИЖС,0,нет,16:33:080302,1102266.4,1933.8007,,,,,нет,да,нет,нет,нет,да,нет,да,55.802383583079674,49.36966916603129
16:33:080302:504,836.0,Земли населенных пунктов,Учтенный,"Местоположение установлено относительно ориентира, расположенного в границах участка. Почтовый адрес ориентира: Российская Федерация, Республика Татарстан, Пестречинский муниципальный район, Кощаковское сельское поселение, с Званка, ул. Дачная, з/у 14.",Частная,для ведения личного подсобного хозяйства и выращивания сельскохозяйственных продуктов,ЛПХ,0,нет,16:33:080302,1584887.04,1895.8,,,,,нет,нет,нет,нет,да,да,нет,да,55.80346603547772,49.37093944253642
16:33:080302:473,1090.0,Земли населенных пунктов,Учтенный,"Местоположение установлено относительно ориентира, расположенного в границах участка. Почтовый адрес ориентира: Российская Федерация, Республика Татарстан (Татарстан), м.р-н Пестречинский, с.п. Кощаковское, д Званка, ул Советская, з/у 17.",Частная,для строительства дома и сельскохозяйственного производства,СХ,0,нет,16:33:080302,2039447.66,1871.05,,,,,нет,нет,нет,нет,нет,нет,нет,да,55.803881814352735,49.37205613474006
16:33:080303:101,1692.0,Земли населенных пунктов,Учтенный,"Местоположение установлено относительно ориентира, расположенного в границах участка. Почтовый адрес ориентира: Российская  Федерация, Республика Татарстан,  Пестречинский муниципальный район, Кощаковское  сельское поселение, д Званка, ул. Придорожная, з/у 30.",,Для ведения личного подсобного хозяйства,ЛПХ,0,нет,16:33:080303,3146480.76,1859.62,,,,,да,нет,нет,нет,да,да,нет,да,55.80385887697227,49.37647683009821
16:33:080302:521,22.0,Земли населенных пунктов,Учтенный,"Местоположение установлено относительно ориентира, расположенного в границах участка. Почтовый адрес ориентира: Республика Татарстан, Пестречинский муниципальный район, Кощаковское сельское поселение, д Званка.",Муниципальная,коммунальное обслуживание ( под размещение контейнерной площадки ),ДРУГОЕ,0,нет,16:33:080302,12129.58,551.3445,,,,,да,нет,нет,нет,нет,нет,нет,да,55.80132144501871,49.37337601425685
16:33:080303:67,867.0,Земли населенных пунктов,Ранее учтенный,"Местоположение установлено относительно ориентира, расположенного в границах участка. Почтовый адрес ориентира: Российская Федерация, Республика Татарстан (Татарстан), муниципальный район Пестречинский, сельское поселение Кощаковское, деревня Званка, улица Зеленая, земельный участок 13Б.",Частная,Под строительство жилого дома,ЖИЛОЙ,0,нет,16:33:080303,1624303.87,1873.48,,,,,нет,нет,нет,нет,нет,да,нет,да,55.80237329243852,49.37863774036327
16:33:080303:30,899.0,Земли населенных пунктов,Ранее учтенный,"Местоположение установлено относительно ориентира, расположенного в границах участка. Почтовый адрес ориентира: Российская  Федерация, Республика Татарстан,  Пестречинский муниципальный район, Кощаковское  сельское поселение, д Званка, ул. Новая, з/у 1.",Частная,Для ведения личного подсобного хозяйства,ЛПХ,0,нет,16:33:080303,1619683.26,1801.65,,,,,нет,нет,нет,нет,да,да,нет,да,55.80496238924642,49.37809487695162
16:33:080303:284,536.0,Земли населенных пунктов,Учтенный,"Местоположение установлено относительно ориентира, расположенного в границах участка. Почтовый адрес ориентира: Российская Федерация, Республика Татарстан, Пестречинский муниципальный район, Кощаковское сельское поселение, д Званка, ул. Зеленая, з/у 20Б.",Частная,Для индивидуального жилищного строительства,ИЖС,0,нет,16:33:080303,987864.08,1843.03,,,,,нет,да,нет,нет,нет,да,нет,да,55.80268468049638,49.38054176606312
16:33:080302:627,405.0,Земли населенных пунктов,Учтенный,"Местоположение установлено относительно ориентира, расположенного в границах участка. Почтовый адрес ориентира: Российская Федерация, Республика Татарстан, Пестречинский муниципальный район, Кощаковское сельское поселение, д Званка, ул. Дачная, з/у 3/2.",Частная,Блокированные односемейные дома с участками,ДРУГОЕ,0,нет,16:33:080302,783189.28,1933.8007,,,,,нет,нет,нет,нет,нет,нет,нет,да,55.80204314026929,49.36982206840408
16:33:080302:355,901.0,Земли населенных пунктов,Учтенный,"Местоположение установлено относительно ориентира, расположенного в границах участка. Почтовый адрес ориентира: Российская Федерация, Республика Татарстан (Татарстан), м.р-н Пестречинский, с.п. Кощаковское, д Званка, ул Приозерная, з/у 47А.",Частная,Для ведения личного подсобного хозяйства,ЛПХ,0,нет,16:33:080302,1653456.18,1835.13,,,,,нет,нет,нет,нет,да,да,нет,да,55.80403351688941,49.366236070951615
16:33:000000:4230,781.0,Земли населенных пунктов,Учтенный,"Российская Федерация, Республика Татарстан, муниципальный район Пестречинский, сельское поселение Кощаковское, деревня Званка, улица Приозерная, земельный участок 25Б",Частная,(2.2) для ведения личного подсобного хозяйства,ЛПХ,0,нет,16:33:000000,1257546.99,1610.1754,,,,,нет,нет,нет,нет,да,да,нет,да,55.80855296931048,49.374731282820804
16:33:080303:269,645.0,Земли населенных пунктов,Учтенный,"Местоположение установлено относительно ориентира, расположенного в границах участка. Почтовый адрес ориентира: Республика Татарстан, Пестречинский муниципальный район, Кощаковское сельское поселение, д Званка, ул. Придорожная, 9А.",Частная,для индивидуального жилищного строительства,ИЖС,0,нет,16:33:080303,1196687.14,1855.33,,,,,нет,да,нет,нет,нет,да,нет,да,55.80381474882479,49.37746776742883
16:33:080303:179,59.0,Земли населенных пунктов,Учтенный,"Местоположение установлено относительно ориентира, расположенного в границах участка. Почтовый адрес ориентира: Российская  Федерация, Республика Татарстан, Пестречинский муниципальный район, Кощаковское сельское поселение, д Званка, ул. Овражная, з/у 6е.",Частная,для ведения личного подсобного хозяйства,ЛПХ,0,нет,16:33:080303,98620.73,1671.54,,,,,нет,нет,нет,нет,да,да,нет,да,55.806408250410854,49.381810488427654
16:33:080302:63,1500.0,Земли населенных пунктов,Ранее учтенный,"Местоположение установлено относительно ориентира, расположенного в границах участка. Почтовый адрес ориентира: Российская Федерация, Республика Татарстан (Татарстан), м.р-н Пестречинский, с.п. Кощаковское, д Званка, ул Трудовая, з/у 22.",,строительство жилого дома,ЖИЛОЙ,0,нет,16:33:080302,2799154.8,1866.1,,,,,да,нет,нет,нет,нет,да,нет,да,55.804471390178755,49.36949996075532
16:33:080302:38,1535.0,Земли населенных пунктов,Ранее учтенный,"Местоположение установлено относительно ориентира, расположенного в границах участка. Почтовый адрес ориентира: Республика Татарстан, Пестречинский муниципальный район, Кощаковское сельское поселение, д Званка, ул. Дачная, 18.",Частная,Для ведения личного подсобного хозяйства,ЛПХ,0,нет,16:33:080302,2893163.86,1884.8,,,,,нет,нет,нет,нет,да,да,нет,да,55.80412310248046,49.371322123417066
16:33:080710:190,1001.0,Земли населенных пунктов,Учтенный,"Местоположение установлено относительно ориентира, расположенного в границах участка. Почтовый адрес ориентира: Российская Федерация, Республика Татарстан, Пестречинский муниципальный район, Кощаковское сельское поселение, д Званка, тер. СНТ ""Алмаз"", ул. Кедровая, з/у 1.",Частная,Для индивидуального жилищного строительства,ИЖС,0,нет,16:33:080710,1865318.56,1863.46,,,,,нет,да,нет,нет,нет,да,нет,да,55.80302921780945,49.3653450875091
16:33:080702:514,156.0,Земли населенных пунктов,Учтенный,"Местоположение установлено относительно ориентира, расположенного в границах участка. Почтовый адрес ориентира: Российская Федерация, Республика Татарстан, Пестречинский муниципальный район, Кощаковское сельское поселение, д Званка.",Частная,для жилищного строительства,ДРУГОЕ,0,нет,16:33:080702,265372.3,1701.1045,,,,,нет,нет,нет,нет,нет,нет,нет,да,55.80555794670642,49.38177485640476
16:33:080303:23,20.0,Земли населенных пунктов,Ранее учтенный,"Местоположение установлено относительно ориентира, расположенного в границах участка. Почтовый адрес ориентира: Республика Татарстан, Пестречинский муниципальный район, Кощаковское сельское поселение, д Званка, ул. Овражная.",,ШП  Под объекты инженерного оборудования Газоснабжения,ДРУГОЕ,0,нет,16:33:080303,10753.81,537.6905,,,,,да,нет,нет,нет,нет,нет,нет,да,55.80657862487722,49.381356345503676
16:33:080302:884,716.0,Земли населенных пунктов,Учтенный,"Российская Федерация, Республика Татарстан, Пестречинский муниципальный район, Кощаковское сельское поселение, д. Званка, ул. Приозерная",Частная,Для ведения личного подсобного хозяйства,ЛПХ,0,нет,16:33:080302,1340335.39,1871.98,,,,,нет,нет,нет,нет,да,да,нет,да,55.803011427801785,49.367231614184654
16:33:080302:485,510.0,Земли населенных пунктов,Учтенный,"Местоположение установлено относительно ориентира, расположенного в границах участка. Почтовый адрес ориентира: Республика Татарстан, Пестречинский муниципальный район, Кощаковское сельское поселение, д Званка,  ул. Дачная, д. 2.",Частная,для индивидуального жилищного строительства,ИЖС,0,нет,16:33:080302,993042.78,1947.14,,,,,нет,да,нет,нет,нет,да,нет,да,55.801718212516576,49.37028943869405
16:33:080302:357,750.0,Земли населенных пунктов,Учтенный,"Местоположение установлено относительно ориентира, расположенного в границах участка. Почтовый адрес ориентира: Российская Федерация, Республика Татарстан (Татарстан), м.р-н Пестречинский, с.п. Кощаковское, д Званка, ул Приозерная, з/у 55А.",,Для индивидуального жилищного строительства,ИЖС,0,нет,16:33:080302,1375245.38,1833.6605,,,,,да,да,нет,нет,нет,да,нет,да,55.80342252395456,49.36606129461021
16:33:080303:59,1531.0,Земли населенных пунктов,Ранее учтенный,"Местоположение установлено относительно ориентира, расположенного в границах участка. Почтовый адрес ориентира: Российская Федерация, Республика Татарстан, Пестречинский муниципальный район, Кощаковское сельское поселение, д Званка, ул. Зеленая, з/у 18.",,Для ведения личного подсобного хозяйства,ЛПХ,0,нет,16:33:080303,2817529.77,1840.32,,,,,да,нет,нет,нет,да,да,нет,да,55.80271216185559,49.379683258433325
16:33:080302:81,1491.0,Земли населенных пунктов,Ранее учтенный,"Местоположение установлено относительно ориентира, расположенного в границах участка. Почтовый адрес ориентира: Республика Татарстан, Пестречинский муниципальный район, с/п Званковское, д Званка.",,Для индивидуального жилищного строительства,ИЖС,0,нет,16:33:080302,2688633.52,1803.24,,,,,да,да,нет,нет,нет,да,нет,да,55.805952466577516,49.36892089852224
16:33:080302:287,956.0,Земли населенных пунктов,Учтенный,"Местоположение установлено относительно ориентира, расположенного в границах участка. Почтовый адрес ориентира: Российская Федерация, Республика Татарстан (Татарстан), м.р-н Пестречинский, с.п. Кощаковское, д Званка, ул Просторная, з/у 29.",,Для строительства жилого дома,ЖИЛОЙ,0,нет,16:33:080302,1737698.06,1817.68,,,,,да,нет,нет,нет,нет,да,нет,да,55.80540945071427,49.37359846854088
16:33:080302:548,425.0,Земли населенных пунктов,Учтенный,"Местоположение установлено относительно ориентира, расположенного в границах участка. Почтовый адрес ориентира: Российская Федерация, Республика Татарстан (Татарстан), м.р-н Пестречинский, с.п. Кощаковское, д Званка, ул Дачная, з/у 7Б.",Частная,для индивидуального жилищного строительства,ИЖС,0,нет,16:33:080302,821865.3,1933.8,,,,,нет,да,нет,нет,нет,да,нет,да,55.80240903971412,49.36989916461681
16:33:080302:458,1024.0,Земли населенных пунктов,Учтенный,"Российская Федерация, Республика Татарстан (Татарстан), м.р-н Пестречинский, с.п. Кощаковское, д Званка, ул Приозерная, з/у 41",Частная,Для индивидуального жилищного строительства,ИЖС,0,нет,16:33:080302,1841785.65,1798.62,,,,,нет,да,нет,нет,нет,да,нет,да,55.80542775024633,49.36675243341157
16:33:000000:4223,1361.0,Земли населенных пунктов,Учтенный,"Местоположение установлено относительно ориентира, расположенного в границах участка. Почтовый адрес ориентира: Российская Федерация, Республика Татарстан, Пестречинский Муниципальный район, Кощаковское сельское поселение, д Званка, ул. Овражная, з/у 1А.",Частная,(2.2) Для ведения личного подсобного хозяйства,ЛПХ,0,нет,16:33:000000,2366872.09,1739.07,,,,,нет,нет,нет,нет,да,да,нет,да,55.80748231293533,49.38008854212036
16:33:080302:49,1501.0,Земли населенных пунктов,Ранее учтенный,"Местоположение установлено относительно ориентира, расположенного в границах участка. Почтовый адрес ориентира: Российская Федерация, Республика Татарстан, Пестречинский муниципальный район,  д Званка, ул. Дачная,  з/у 21А.",,Для индивидуального жилищного строительства,ИЖС,0,нет,16:33:080302,2783553.92,1854.47,,,,,да,да,нет,нет,нет,да,нет,да,55.80497034980411,49.37044436499315
16:33:080303:77,750.0,Земли населенных пунктов,Ранее учтенный,"Местоположение установлено относительно ориентира, расположенного в границах участка. Почтовый адрес ориентира: Республика Татарстан, Пестречинский муниципальный район, Кощаковское сельское поселение, д Званка, ул. Придорожная, 2 В.",Частная,Для ведения личного подсобного хозяйства,ЛПХ,0,нет,16:33:080303,1326296.62,1768.3955,,,,,нет,нет,нет,нет,да,да,нет,да,55.806921614488644,49.37862757017707
16:33:080302:899,1169.0,Земли населенных пунктов,Учтенный,"Республика Татарстан, Пестречинский муниципальный район, Кощаковское сельское поселение, д. Званка, ул.Дачная, з/у 1Б",Частная,Для ведения личного подсобного хозяйства,ЛПХ,0,нет,16:33:080302,2272951.35,1944.36,,,,,нет,нет,нет,нет,да,да,нет,да,55.80175803780884,49.36947700972431
16:33:080302:157,990.0,Земли населенных пунктов,Ранее учтенный,"Местоположение установлено относительно ориентира, расположенного в границах участка. Почтовый адрес ориентира: Российская Федерация, Республика Татарстан, Пестречинский муниципальный район, д Званка, ул. Просторная, з/у 23.",,Под жилую застройку Индивидуальную,ДРУГОЕ,0,нет,16:33:080302,1831594.25,1850.1,,,,,да,нет,нет,нет,нет,нет,нет,да,55.80433826437689,49.374679926406074
16:33:080709:52,10000.0,"Земли промышленности, энергетики, транспорта, связи, радиовещания, телевидения, информатики, земли для обеспечения космической деятельности, земли обороны, безопасности и земли иного специального назначения",Учтенный,"Российская Федерация, Республика Татарстан (Татарстан), м.р-н Пестречинский, с.п. Кощаковское, тер. Автодорога М-7 Волга Москва-Владимир-Нижний Новгород-Казань-Уфа, км 827-й, з/у 5",Частная,"Для размещения объектов дорожного сервиса, логистического центра и иных промышленных объектов",ПРОМ,0,нет,16:33:080709,74386612.0,7438.6612,,,,,нет,нет,нет,нет,нет,нет,нет,нет,55.81272669875708,49.351639487844515
16:33:080302:83,1494.0,Земли населенных пунктов,Ранее учтенный,"Местоположение установлено относительно ориентира, расположенного в границах участка. Почтовый адрес ориентира: Российская Федерация, Республика Татарстан (Татарстан), м.р-н Пестречинский, с.п. Кощаковское, д Званка, ул Приозерная, з/у 58.",Частная,Для ведения личного подсобного хозяйства,ЛПХ,0,нет,16:33:080302,2857614.74,1912.73,,,,,нет,нет,нет,нет,да,да,нет,да,55.80212531372184,49.367052287949505
16:33:000000:4170,665.0,Земли населенных пунктов,Учтенный,"Местоположение установлено относительно ориентира, расположенного в границах участка. Почтовый адрес ориентира: Российская Федерация, Республика Татарстан, Пестречинский муниципальный район, Кощаковское сельское поселение, д Званка.",Государственная субъекта РФ,Автомобильный транспорт,ТРАНСПОРТ,0,нет,16:33:000000,1072054.81,1612.11,,,,,да,нет,нет,нет,нет,нет,нет,да,55.801827171754454,49.37419998786014
16:33:080702:88,718.0,Земли населенных пунктов,Учтенный,"Местоположение установлено относительно ориентира, расположенного в границах участка. Почтовый адрес ориентира: Российская Федерация, Республика Татарстан, Пестречинский муниципальный район, Кощаковское сельское поселение, д Званка, ул. Светлая, з/у 12.",,Жилищное строительство,ДРУГОЕ,0,нет,16:33:080702,1161841.39,1618.16,,,,,да,нет,нет,нет,нет,нет,нет,да,55.80659487728899,49.38521209748073
16:33:080302:478,741.0,Земли населенных пунктов,Учтенный,"Местоположение установлено относительно ориентира, расположенного в границах участка. Почтовый адрес ориентира: Республика Татарстан, Пестречинский муниципальный район, Кощаковское сельское поселение, д Званка, ул. Трудовая, 25 A.",Частная,Для ведения личного подсобного хозяйства,ЛПХ,0,нет,16:33:080302,1351285.75,1823.5975,,,,,нет,нет,нет,нет,да,да,нет,да,55.80541576331821,49.36887646441704
16:33:080702:538,535.0,Земли населенных пунктов,Учтенный,"Местоположение установлено относительно ориентира, расположенного в границах участка. Почтовый адрес ориентира: Республика Татарстан, Пестречинский муниципальный район, Кощаковское сельское поселение, д Званка.",Частная,Для жилищного строительства,ДРУГОЕ,0,нет,16:33:080702,874973.03,1635.4636,,,,,нет,нет,нет,нет,нет,нет,нет,да,55.80649622185104,49.38348546672127
16:33:080702:499,552.0,Земли населенных пунктов,Учтенный,"Местоположение установлено относительно ориентира, расположенного в границах участка. Почтовый адрес ориентира: Российская Федерация, Республика Татарстан (Татарстан), м.р-н Пестречинский, с.п. Кощаковское, д Званка, ул Лазурная, з/у 19.",Частная,для жилищного строительства,ДРУГОЕ,0,нет,16:33:080702,940133.72,1703.1408,,,,,нет,нет,нет,нет,нет,нет,нет,да,55.805750216183675,49.390669230534336
16:33:080702:442,733.0,Земли населенных пунктов,Учтенный,"Местоположение установлено относительно ориентира, расположенного в границах участка. Почтовый адрес ориентира: Российская Федерация, Республика Татарстан (Татарстан), м.р-н Пестречинский, с.п. Кощаковское, д Званка, ул 70 лет Победы, з/у 13.",Частная,для жилищного строительства,ДРУГОЕ,0,нет,16:33:080702,1223973.74,1669.8141,,,,,нет,нет,нет,нет,нет,нет,нет,да,55.80653901962775,49.39084460653626
16:33:080702:76,710.0,Земли населенных пунктов,Учтенный,"Местоположение установлено относительно ориентира, расположенного в границах участка. Почтовый адрес ориентира: Российская Федерация, Республика Татарстан (Татарстан), м.р-н Пестречинский, с.п. Кощаковское, д Званка, ул Романтика, з/у 13.",Частная,Жилищное строительство,ДРУГОЕ,0,нет,16:33:080702,1149069.32,1618.41,,,,,нет,нет,нет,нет,нет,нет,нет,да,55.80639687586442,49.3843028398285
16:33:080702:91,749.0,Земли населенных пунктов,Учтенный,"Российская Федерация, Республика Татарстан, муниципальный район Пестречинский, сельское поселение Кощаковское, деревня Званка, улица Советская, земельный участок 9",,Жилищное строительство,ДРУГОЕ,0,нет,16:33:080702,1213731.88,1620.4698,,,,,да,нет,нет,нет,нет,нет,нет,да,55.80617000250648,49.384848898030434
16:33:080702:932,64.0,Земли населенных пунктов,Учтенный,"РФ, Республика Татарстан, Пестречинский муниципальный район, Кощаковское сельское поселение, д. Званка",Частная,благоустройство территории,ДРУГОЕ,0,нет,16:33:080702,20050.53,313.29,,,,,нет,нет,нет,нет,нет,нет,нет,да,55.8059424938964,49.38370187646262
16:33:080702:155,78.0,Земли населенных пунктов,Учтенный,"Местоположение установлено относительно ориентира, расположенного в границах участка. Почтовый адрес ориентира: Российская Федерация, Республика Татарстан, Пестречинский муниципальный район,  д Званка, ул. Романтика,  з/у 11Б.",Частная,Для жилищного строительства,ДРУГОЕ,0,нет,16:33:080702,126216.75,1618.1635,,,,,нет,нет,нет,нет,нет,нет,нет,да,55.80640965882592,49.384846686137976
16:33:080702:532,595.0,Земли населенных пунктов,Учтенный,"Местоположение установлено относительно ориентира, расположенного в границах участка. Почтовый адрес ориентира: Российская Федерация, Республика Татарстан (Татарстан), м.р-н Пестречинский, с.п. Кощаковское, д Званка, ул Светлая, з/у 3А.",Частная,Индивидуальные жилые дома с приусадебными земельными участками,ЖИЛОЙ,0,нет,16:33:080702,989420.32,1662.8913,,,,,нет,нет,нет,нет,нет,да,нет,да,55.80644473740075,49.385836070160984
16:33:080702:504,500.0,Земли населенных пунктов,Учтенный,"Местоположение установлено относительно ориентира, расположенного в границах участка. Почтовый адрес ориентира: Российская Федерация, Республика Татарстан (Татарстан), м.р-н Пестречинский, с.п. Кощаковское, д Званка, ул Лазурная, з/у 17.",Частная,для жилищного строительства,ДРУГОЕ,0,нет,16:33:080702,851570.4,1703.1408,,,,,нет,нет,нет,нет,нет,нет,нет,да,55.805775071146314,49.39089723169082
16:33:080702:367,674.0,Земли населенных пунктов,Учтенный,"Местоположение установлено относительно ориентира, расположенного в границах участка. Почтовый адрес ориентира: Республика Татарстан, Пестречинский муниципальный район, Кощаковское сельское поселение, д Званка, ул. Овражная, 3.",Частная,для индивидуального жилищного строительства,ИЖС,0,нет,16:33:080702,1160218.28,1721.3921,,,,,нет,да,нет,нет,нет,да,нет,да,55.80761824019788,49.38062240223609
16:33:080302:383,778.0,Земли населенных пунктов,Учтенный,"Местоположение установлено относительно ориентира, расположенного в границах участка. Почтовый адрес ориентира: Республика Татарстан, Пестречинский муниципальный район, Кощаковское сельское поселение, д Званка.",,для сельскохозяйственного производства и строительства дома,СХ,0,нет,16:33:080302,1456397.95,1871.98,,,,,да,нет,нет,нет,нет,нет,нет,да,55.80334271378961,49.36738493771815
16:33:080303:204,578.0,Земли населенных пунктов,Учтенный,"Местоположение установлено относительно ориентира, расположенного в границах участка. Почтовый адрес ориентира: Республика Татарстан, Пестречинский муниципальный район, Кощаковское сельское поселение, д Званка, ул. Зеленая, д. 2а.",Частная,для ведения личного подсобного хозяйства,ЛПХ,0,нет,16:33:080303,1082869.24,1873.48,,,,,нет,нет,нет,нет,да,да,нет,да,55.802708212430105,49.37808668975351
16:33:080302:872,500.0,Земли населенных пунктов,Учтенный,"Местоположение установлено относительно ориентира, расположенного в границах участка. Почтовый адрес ориентира: Российская Федерация, Республика Татарстан, Пестречинский муниципальный район, Кощаковское сельское поселение, д Званка, ул. Просторная.",Частная,для ведения личного подсобного хозяйства,ЛПХ,0,нет,16:33:080302,958493.9,1916.9878,,,,,нет,нет,нет,нет,да,да,нет,да,55.801612846729405,49.37408903452956
16:33:080303:599,1131.0,Земли населенных пунктов,Учтенный,"Российская Федерация, Республика Татарстан, Пестречинский муниципальный район, Кощаковское сельское поселение, д. Званка",Частная,для ведения личного подсобного хозяйства,ЛПХ,0,нет,16:33:080303,1870366.37,1653.73,,,,,нет,нет,нет,нет,да,да,нет,да,55.80700265042661,49.38326688074983
16:33:080710:752,1007.0,Земли населенных пунктов,Учтенный,"Российская Федерация, Республика Татарстан (Татарстан), м.р-н Пестречинский, с.п. Кощаковское, д Званка, ул. Образования, з/у 7",Частная,Для индивидуального жилищного строительства,ИЖС,0,нет,16:33:080710,1596407.57,1585.31,,,,,нет,да,нет,нет,нет,да,нет,да,55.81043412395852,49.36728558943997
16:33:080710:779,1001.0,Земли населенных пунктов,Учтенный,"Российская Федерация, Республика Татарстан, муниципальный район Пестречинский, сельское поселение Кощаковское, деревня Званка, улица Искусств, земельный участок 15",Частная,Для индивидуального жилищного строительства,ИЖС,0,нет,16:33:080710,1582982.0,1581.4,,,,,нет,да,нет,нет,нет,да,нет,да,55.810042202383954,49.368097701748994
16:33:080710:781,1004.0,Земли населенных пунктов,Учтенный,"Российская Федерация, Республика Татарстан, муниципальный район Пестречинский, сельское поселение Кощаковское, деревня Званка, улица Искусств, земельный участок 11",Частная,Для индивидуального жилищного строительства,ИЖС,0,нет,16:33:080710,1575044.48,1568.77,,,,,нет,да,нет,нет,нет,да,нет,да,55.81066327337148,49.36870318416679
16:33:080710:759,1003.0,Земли населенных пунктов,Учтенный,"Российская Федерация, Республика Татарстан (Татарстан), м.р-н Пестречинский, с.п. Кощаковское, д Званка, ул. Образования, з/у 6",Частная,Для индивидуального жилищного строительства,ИЖС,0,нет,16:33:080710,1573236.29,1568.53,,,,,нет,да,нет,нет,нет,да,нет,да,55.811001019323236,49.367011507386266
16:33:080710:780,1003.0,Земли населенных пунктов,Учтенный,"Российская Федерация, Республика Татарстан, муниципальный район Пестречинский, сельское поселение Кощаковское, деревня Званка, улица Искусств, земельный участок 13",Частная,Для индивидуального жилищного строительства,ИЖС,0,нет,16:33:080710,1581728.59,1577.0,,,,,нет,да,нет,нет,нет,да,нет,да,55.81035250534946,49.368400215253544
16:33:080702:942,2111.0,Земли населенных пунктов,Учтенный,"Российская Федерация, Республика Татарстан (Татарстан), м.р-н Пестречинский, с.п. Кощаковское, д Званка, ул Овражная, з/у 30А",Частная,Для жилищного строительства,ДРУГОЕ,0,нет,16:33:080702,3399356.18,1610.31,,,,,нет,нет,нет,нет,нет,нет,нет,да,55.80788170146653,49.38627811377909
16:33:000000:4636,1011.0,Земли населенных пунктов,Учтенный,"Российская Федерация, Республика Татарстан (Татарстан), м.р-н Пестречинский, с.п. Кощаковское, д Званка, ул. Искусств, з/у 2",Частная,Для индивидуального жилищного строительства,ИЖС,0,нет,16:33:000000,1511100.86,1494.66,,,,,нет,да,нет,нет,нет,да,нет,да,55.81358546214634,49.36895780848452
16:33:000000:4665,14504.0,Земли населенных пунктов,Учтенный,"Российская Федерация,  Республика Татарстан, Пестречинский муниципальный район, Кощаковское сельское поселение",Частная,Для индивидуального жилищного строительства,ИЖС,0,нет,16:33:000000,21006518.85,1448.33,,,,,нет,да,нет,нет,нет,да,нет,да,55.814766792031385,49.36999945113169
16:33:080709:401,1010.0,Земли населенных пунктов,Учтенный,"Республика Татарстан, Пестречинский муниципальный район, Кощаковское сельское поселение, деревня Званка, улица Ювелирная, земельный участок 9",Частная,Для индивидуального жилищного строительства,ИЖС,0,нет,16:33:080709,1798123.7,1780.32,,,,,нет,да,нет,нет,нет,да,нет,да,55.81095758356448,49.35470283114275
16:33:000000:5223,1190.0,Земли населенных пунктов,Учтенный,"Российская Федерация, Республика Татарстан, муниципальный район Пестречинский, сельское поселение Кощаковское, деревня Званка, улица Экологичная, земельный участок 29А",Частная,Для индивидуального жилищного строительства,ИЖС,0,нет,16:33:000000,1883956.47,1583.16,,,,,нет,да,нет,нет,нет,да,нет,да,55.81067712251849,49.36995278909026
16:33:000000:5191,2494.0,Земли населенных пунктов,Учтенный,"Российская Федерация, Республика Татарстан, муниципальный район Пестречинский, сельское поселение Кощаковское, деревня Званка, улица Спортивная, земельный участок 20",,Благоустройство территории,ДРУГОЕ,0,нет,16:33:000000,40207.27,16.12,,,,,да,нет,нет,нет,нет,нет,нет,да,55.8101371849591,49.36187840997624
16:33:000000:5197,1066.0,Земли населенных пунктов,Учтенный,"Российская Федерация, Республика Татарстан (Татарстан), м.р-н Пестречинский, с.п. Кощаковское, д Званка, ул. Искусств, з/у 10",Частная,Для индивидуального жилищного строительства,ИЖС,0,нет,16:33:000000,1653290.85,1550.93,,,,,нет,да,нет,нет,нет,да,нет,да,55.81203881421017,49.369120489921116
16:33:000000:5199,1323.0,Земли населенных пунктов,Учтенный,"Российская Федерация, Республика Татарстан (Татарстан), м.р-н Пестречинский, с.п. Кощаковское, д Званка, ул. Искусств, з/у 12",Частная,Для индивидуального жилищного строительства,ИЖС,0,нет,16:33:000000,2070094.92,1564.7,,,,,нет,да,нет,нет,нет,да,нет,да,55.811674639270315,49.368943756462386
16:33:080709:374,1028.0,Земли населенных пунктов,Учтенный,"Местоположение установлено относительно ориентира, расположенного в границах участка. Почтовый адрес ориентира: Российская Федерация, Республика Татарстан (Татарстан), м.р-н Пестречинский, с.п. Кощаковское, д Званка, ул. Инженерная, з/у 1.",Частная,Для индивидуального жилищного строительства,ИЖС,0,нет,16:33:080709,1807556.35,1758.32,,,,,нет,да,нет,нет,нет,да,нет,да,55.810505404755965,49.356063086534725
16:33:000000:5162,1006.0,Земли населенных пунктов,Учтенный,"Российская Федерация, Республика Татарстан, муниципальный район Пестречинский, сельское поселение Кощаковское, деревня Званка, улица Режиссерская, земельный участок 2",Частная,Для индивидуального жилищного строительства,ИЖС,0,нет,16:33:000000,1673626.57,1663.64,,,,,нет,да,нет,нет,нет,да,нет,да,55.809812487043686,49.36080453658152
16:33:080709:350,1008.0,Земли населенных пунктов,Учтенный,"Российская Федерация, Республика Татарстан (Татарстан), м.р-н Пестречинский, с.п. Кощаковское, д Званка, ул. Экологичная, з/у 15",Частная,Для индивидуального жилищного строительства,ИЖС,0,нет,16:33:080709,1514207.72,1502.19,,,,,нет,да,нет,нет,нет,да,нет,да,55.81327804384423,49.370792936490524
16:33:080709:380,1001.0,Земли населенных пунктов,Учтенный,"Российская Федерация, Республика Татарстан (Татарстан), м.р-н Пестречинский, с.п. Кощаковское, д Званка, ул. Строительная, з/у 10",Частная,Для индивидуального жилищного строительства,ИЖС,0,нет,16:33:080709,1685767.58,1684.08,,,,,нет,да,нет,нет,нет,да,нет,да,55.81149264118397,49.356639734917024
16:33:080709:368,1002.0,Земли населенных пунктов,Учтенный,"Российская Федерация,  Республика Татарстан, Пестречинский муниципальный район, Кощаковское сельское поселение, деревня Званка, улица Ювелирная, земельный участок 15",Частная,Для индивидуального жилищного строительства,ИЖС,0,нет,16:33:080709,1763311.18,1759.79,,,,,нет,да,нет,нет,нет,да,нет,да,55.811683277585296,49.354695848505344
16:33:080709:384,1034.0,Земли населенных пунктов,Учтенный,"Российская Федерация, Республика Татарстан (Татарстан), м.р-н Пестречинский, с.п. Кощаковское, д Званка, ул. Строительная, з/у 9",Частная,Для индивидуального жилищного строительства,ИЖС,0,нет,16:33:080709,1735645.31,1678.57,,,,,нет,да,нет,нет,нет,да,нет,да,55.81178136901924,49.35764042696643
16:33:080709:373,1002.0,Земли населенных пунктов,Учтенный,"Российская Федерация, Республика Татарстан (Татарстан), м.р-н Пестречинский, с.п. Кощаковское, д Званка, ул. Инженерная, з/у 3",Частная,Для индивидуального жилищного строительства,ИЖС,0,нет,16:33:080709,1735442.06,1731.98,,,,,нет,да,нет,нет,нет,да,нет,да,55.81078680069589,49.35619943255983
16:33:000000:5020,1004.0,Земли населенных пунктов,Учтенный,"Российская Федерация, Республика Татарстан (Татарстан), м.р-н Пестречинский, с.п. Кощаковское, д Званка, ул. Театральная, з/у 7",Частная,Для индивидуального жилищного строительства,ИЖС,0,нет,16:33:000000,1688738.84,1682.01,,,,,нет,да,нет,нет,нет,да,нет,да,55.80908563752355,49.36046551864786
16:33:000000:5014,1124.0,Земли населенных пунктов,Учтенный,"Российская Федерация, Республика Татарстан, муниципальный район Пестречинский, сельское поселение Кощаковское, деревня Званка, улица Художественная, земельный участок 2",Частная,Для индивидуального жилищного строительства,ИЖС,0,нет,16:33:000000,2057988.02,1830.95,,,,,нет,да,нет,нет,нет,да,нет,да,55.808978088995744,49.354861402825584
16:33:000000:5099,1004.0,Земли населенных пунктов,Учтенный,"Российская Федерация, Республика Татарстан, муниципальный район Пестречинский, сельское поселение Кощаковское, деревня Званка, улица Художественная, земельный участок 15",Частная,Для индивидуального жилищного строительства,ИЖС,0,нет,16:33:000000,1815458.9,1808.23,,,,,нет,да,нет,нет,нет,да,нет,да,55.807475396065044,49.35657005329992
16:33:000000:5086,1009.0,Земли населенных пунктов,Учтенный,"Российская Федерация, Республика Татарстан, муниципальный район Пестречинский, сельское поселение Кощаковское, деревня Званка, улица Музыкальная, земельный участок 3",Частная,Для индивидуального жилищного строительства,ИЖС,0,нет,16:33:000000,1850273.73,1833.77,,,,,нет,да,нет,нет,нет,да,нет,да,55.8085059819781,49.35453785169573
16:33:000000:5101,1010.0,Земли населенных пунктов,Учтенный,"Российская Федерация, Республика Татарстан, муниципальный район Пестречинский, сельское поселение Кощаковское, деревня Званка, улица Художественная, земельный участок 17",Частная,Для индивидуального жилищного строительства,ИЖС,0,нет,16:33:000000,1807814.35,1789.92,,,,,нет,да,нет,нет,нет,да,нет,да,55.80725618830363,49.356672827660695
16:33:000000:5134,1008.0,Земли населенных пунктов,Учтенный,"Российская Федерация, Республика Татарстан (Татарстан), м.р-н Пестречинский, с.п. Кощаковское, д Званка, ул. Театральная, з/у 2",Частная,Для индивидуального жилищного строительства,ИЖС,0,нет,16:33:000000,1698274.17,1684.8,,,,,нет,да,нет,нет,нет,да,нет,да,55.809602314428254,49.35934979312058
16:33:000000:5146,1008.0,Земли населенных пунктов,Учтенный,"Российская Федерация, Республика Татарстан (Татарстан), м.р-н Пестречинский, с.п. Кощаковское, д Званка, ул. Поэтическая, з/у 13",Частная,Для индивидуального жилищного строительства,ИЖС,0,нет,16:33:000000,1712070.86,1698.48,,,,,нет,да,нет,нет,нет,да,нет,да,55.80811393302383,49.35937940519196
16:33:000000:5144,1002.0,Земли населенных пунктов,Учтенный,"Российская Федерация, Республика Татарстан, муниципальный район Пестречинский, сельское поселение Кощаковское, деревня Званка, улица Поэтическая, земельный участок 11",Частная,Для индивидуального жилищного строительства,ИЖС,0,нет,16:33:000000,1718920.98,1715.49,,,,,нет,да,нет,нет,нет,да,нет,да,55.808433934643084,49.35922951124576
16:33:000000:5127,1003.0,Земли населенных пунктов,Учтенный,"Российская Федерация, Республика Татарстан, муниципальный район Пестречинский, сельское поселение Кощаковское, деревня Званка, улица Литературная, земельный участок 19",Частная,Для индивидуального жилищного строительства,ИЖС,0,нет,16:33:000000,1750823.46,1745.59,,,,,нет,да,нет,нет,нет,да,нет,да,55.80725079452206,49.3582233752213
16:33:000000:5112,1011.0,Земли населенных пунктов,Учтенный,"Российская Федерация, Республика Татарстан, муниципальный район Пестречинский, сельское поселение Кощаковское, деревня Званка, улица Литературная, земельный участок 5",Частная,Для индивидуального жилищного строительства,ИЖС,0,нет,16:33:000000,1768590.73,1749.35,,,,,нет,да,нет,нет,нет,да,нет,да,55.808909825281,49.357445153414794
16:33:000000:5028,1028.0,Земли населенных пунктов,Учтенный,"Российская Федерация, Республика Татарстан, муниципальный район Пестречинский, сельское поселение Кощаковское, деревня Званка, улица Режиссерская, земельный участок 14",Частная,Для индивидуального жилищного строительства,ИЖС,0,нет,16:33:000000,1734371.08,1687.13,,,,,нет,да,нет,нет,нет,да,нет,да,55.80841254126676,49.36146066626411
16:33:000000:5035,1033.0,Земли населенных пунктов,Учтенный,"Российская Федерация, Республика Татарстан (Татарстан), м.р-н Пестречинский, с.п.Кощаковское, д.Званка, ул.Творческая, з/у 16",Частная,Для индивидуального жилищного строительства,ИЖС,0,нет,16:33:000000,1751809.23,1695.85,,,,,нет,да,нет,нет,нет,да,нет,да,55.807450889256174,49.36123128404678
16:33:000000:5047,1039.0,Земли населенных пунктов,Учтенный,"Российская Федерация, Республика Татарстан, муниципальный район Пестречинский, сельское поселение Кощаковское, деревня Званка, улица Режиссерская, земельный участок 15",Частная,Для индивидуального жилищного строительства,ИЖС,0,нет,16:33:000000,1752426.75,1686.65,,,,,нет,да,нет,нет,нет,да,нет,да,55.808282028581,49.36241207850859
16:33:000000:5041,1786.0,Земли населенных пунктов,Учтенный,"Российская Федерация, Республика Татарстан, муниципальный район Пестречинский, сельское поселение Кощаковское, деревня Званка, улица Режиссерская, земельный участок 3",Частная,Для индивидуального жилищного строительства,ИЖС,0,нет,16:33:000000,2936985.2,1644.45,,,,,нет,да,нет,нет,нет,да,нет,да,55.80977700772814,49.36203050125847
16:33:000000:5080,1011.0,Земли населенных пунктов,Учтенный,"Российская Федерация, Республика Татарстан (Татарстан), м.р-н Пестречинский, с.п. Кощаковское, д Званка, ул. Музыкальная, з/у 25",Частная,Для индивидуального жилищного строительства,ИЖС,0,нет,16:33:000000,1851365.04,1831.22,,,,,нет,да,нет,нет,нет,да,нет,да,55.80582465127617,49.35578080333885
16:33:000000:5072,1008.0,Земли населенных пунктов,Учтенный,"Российская Федерация, Республика Татарстан, муниципальный район Пестречинский, сельское поселение Кощаковское, деревня Званка, улица Музыкальная, земельный участок 17",Частная,Для индивидуального жилищного строительства,ИЖС,0,нет,16:33:000000,1849071.77,1834.4,,,,,нет,да,нет,нет,нет,да,нет,да,55.80682855333349,49.35532897138061
16:33:000000:5111,1001.0,Земли населенных пунктов,Учтенный,"Российская Федерация, Республика Татарстан, муниципальный район Пестречинский, сельское поселение Кощаковское, деревня Званка, улица Поэтическая, земельный участок 2",Частная,для индивидуального жилищного строительства,ИЖС,0,нет,16:33:000000,1720664.35,1718.95,,,,,нет,да,нет,нет,нет,да,нет,да,55.809216167247314,49.35796543737386
16:33:000000:5150,1014.0,Земли населенных пунктов,Учтенный,"Российская Федерация, Республика Татарстан, муниципальный район Пестречинский, сельское поселение Кощаковское, деревня Званка, улица Поэтическая, земельный участок 17",Частная,Для индивидуального жилищного строительства,ИЖС,0,нет,16:33:000000,1730564.29,1706.67,,,,,нет,да,нет,нет,нет,да,нет,да,55.80767803124942,49.359583573981865
16:33:000000:5135,1012.0,Земли населенных пунктов,Учтенный,"Российская Федерация, Республика Татарстан, муниципальный район Пестречинский, сельское поселение Кощаковское, деревня Званка, улица Поэтическая, земельный участок 3",Частная,Для индивидуального жилищного строительства,ИЖС,0,нет,16:33:000000,1722428.15,1702.0,,,,,нет,да,нет,нет,нет,да,нет,да,55.809297283581984,49.35882500636974
16:33:000000:5116,1139.0,Земли населенных пунктов,Учтенный,"Российская Федерация, Республика Татарстан, муниципальный район Пестречинский, сельское поселение Кощаковское, деревня Званка, улица Литературная, земельный участок 9",Частная,Для индивидуального жилищного строительства,ИЖС,0,нет,16:33:000000,1989720.69,1746.9,,,,,нет,да,нет,нет,нет,да,нет,да,55.808462145431236,49.35765515114254
16:33:000000:5073,1007.0,Земли населенных пунктов,Учтенный,"Российская Федерация, Республика Татарстан, муниципальный район Пестречинский, сельское поселение Кощаковское, деревня Званка, улица Художественная, земельный участок 20",Частная,Для индивидуального жилищного строительства,ИЖС,0,нет,16:33:000000,1833988.88,1821.24,,,,,нет,да,нет,нет,нет,да,нет,да,55.80691679608261,49.3559439596453
16:33:000000:5074,963.0,Земли населенных пунктов,Учтенный,"Российская Федерация, Республика Татарстан, муниципальный район Пестречинский, сельское поселение Кощаковское, деревня Званка, улица Музыкальная, земельный участок 19",Частная,Для индивидуального жилищного строительства,ИЖС,0,нет,16:33:000000,1754964.07,1822.39,,,,,нет,да,нет,нет,нет,да,нет,да,55.80661265577987,49.355430247325174
16:33:000000:5105,1002.0,Земли населенных пунктов,Учтенный,"Российская Федерация, Республика Татарстан (Татарстан), м.р-н Пестречинский, с.п. Кощаковское, д Званка, ул. Творческая, з/у 3",Частная,Для индивидуального жилищного строительства,ИЖС,0,нет,16:33:000000,1791518.89,1787.94,,,,,нет,да,нет,нет,нет,да,нет,да,55.806424079264005,49.35692911011839
16:33:000000:5103,1007.0,Земли населенных пунктов,Учтенный,"Российская Федерация, Республика Татарстан, муниципальный район Пестречинский, сельское поселение Кощаковское, деревня Званка, улица Литературная, земельный участок 20",Частная,Для индивидуального жилищного строительства,ИЖС,0,нет,16:33:000000,1789259.35,1776.82,,,,,нет,да,нет,нет,нет,да,нет,да,55.807124495504794,49.35739132330787
16:33:000000:5085,1003.0,Земли населенных пунктов,Учтенный,"Российская Федерация, Республика Татарстан, муниципальный район Пестречинский, сельское поселение Кощаковское, деревня Званка, улица Художественная, земельный участок 3",Частная,Для индивидуального жилищного строительства,ИЖС,0,нет,16:33:000000,1794134.5,1788.77,,,,,нет,да,нет,нет,нет,да,нет,да,55.808892925089275,49.35590507338098
16:33:000000:5120,1018.0,Земли населенных пунктов,Учтенный,"Российская Федерация, Республика Татарстан, муниципальный район Пестречинский, сельское поселение Кощаковское, деревня Званка, улица Поэтическая, земельный участок 10",Частная,Для индивидуального жилищного строительства,ИЖС,0,нет,16:33:000000,1746946.33,1716.06,,,,,нет,да,нет,нет,нет,да,нет,да,55.80831582354419,49.35838770642977
16:33:000000:5104,958.0,Земли населенных пунктов,Учтенный,"Российская Федерация, Республика Татарстан (Татарстан), м.р-н Пестречинский, с.п. Кощаковское, д Званка, ул. Творческая, з/у 4",Частная,Благоустройство территории,ДРУГОЕ,0,нет,16:33:000000,16343.67,17.06,,,,,нет,нет,нет,нет,нет,нет,нет,да,55.8068208655778,49.356877090822145
16:33:000000:5118,1016.0,Земли населенных пунктов,Учтенный,"Российская Федерация, Республика Татарстан, муниципальный район Пестречинский, сельское поселение Кощаковское, деревня Званка, улица Литературная, земельный участок 11",Частная,Для индивидуального жилищного строительства,ИЖС,0,нет,16:33:000000,1783049.01,1754.97,,,,,нет,да,нет,нет,нет,да,нет,да,55.80822662351517,49.35776569701344
16:33:000000:5228,1124.0,Земли населенных пунктов,Учтенный,"Российская Федерация, Республика Татарстан, муниципальный район Пестречинский, сельское поселение Кощаковское, деревня Званка, улица Спортивная, земельный участок 17",Частная,Для индивидуального жилищного строительства,ИЖС,0,нет,16:33:000000,1838012.68,1635.24,,,,,нет,да,нет,нет,нет,да,нет,да,55.810453006382446,49.36143915993231
16:33:000000:5195,1094.0,Земли населенных пунктов,Учтенный,"Российская Федерация, Республика Татарстан, муниципальный район Пестречинский, сельское поселение Кощаковское, деревня Званка, улица Инструментальная, земельный участок 6",Частная,Для индивидуального жилищного строительства,ИЖС,0,нет,16:33:000000,1722278.84,1574.3,,,,,нет,да,нет,нет,нет,да,нет,да,55.811195078284754,49.3627435482575
16:33:000000:5174,1132.0,Земли населенных пунктов,Учтенный,"Российская Федерация, Республика Татарстан, муниципальный район Пестречинский, сельское поселение Кощаковское, деревня Званка, улица Спортивная, земельный участок 5",Частная,Для индивидуального жилищного строительства,ИЖС,0,нет,16:33:000000,1750629.96,1546.49,,,,,нет,да,нет,нет,нет,да,нет,да,55.811785582814444,49.36522825214405
16:33:000000:5177,1137.0,Земли населенных пунктов,Учтенный,"Российская Федерация, Республика Татарстан (Татарстан), м.р-н Пестречинский, с.п. Кощаковское, д Званка, ул. Спортивная, з/у 10",Частная,Для индивидуального жилищного строительства,ИЖС,0,нет,16:33:000000,1774268.38,1560.48,,,,,нет,да,нет,нет,нет,да,нет,да,55.81098991043947,49.36387029412909
16:33:000000:5227,1450.0,Земли населенных пунктов,Учтенный,"Российская Федерация, Республика Татарстан, муниципальный район Пестречинский, сельское поселение Кощаковское, деревня Званка, улица Архитектурная, земельный участок 25",Частная,Для индивидуального жилищного строительства,ИЖС,0,нет,16:33:000000,2279132.48,1571.82,,,,,нет,да,нет,нет,нет,да,нет,да,55.811007079643005,49.36500441842468
16:33:080709:322,39319.0,Земли населенных пунктов,Учтенный,"Российская Федерация, Республика Татарстан, Пестречинский муниципальный район, Кощаковское сельское поселение",Частная,Для сельскохозяйственного производства,СХ,0,нет,16:33:080709,2065560.75,52.53,,,,,нет,нет,нет,нет,нет,нет,нет,да,55.812481825309646,49.36345382284864
16:33:080710:784,3042.0,Земли сельскохозяйственного назначения,Учтенный,"Российская Федерация, Республика Татарстан, Пестречинский муниципальный район, с/с Кощаковское",,1.0.-сельскохозяйственное использование,СХ,0,нет,16:33:080710,202584.12,66.6,,,,,да,нет,нет,нет,нет,нет,нет,нет,55.80536200715971,49.35385638902569
16:33:080702:931,2019.0,Земли населенных пунктов,Учтенный,"Российская Федерация, Республика Татарстан, Пестречинский муниципальный район, Кощаковское сельское поселение, д. Званка",Муниципальная,для индивидуального жилищного строительства; для жилищного строительства; земельные участки (территории) общего пользования,ИЖС,0,нет,16:33:080702,3858849.28,1911.27,,,,,да,да,нет,нет,нет,да,да,да,55.8088424720487,49.39080508509927
16:33:000000:5159,1298.0,Земли населенных пунктов,Учтенный,"Республика Татарстан (Татарстан), муниципальный район Пестречинский, сельское поселение Кощаковское, деревня Званка, улица Творческая, земельный участок 15",Частная,Для индивидуального жилищного строительства,ИЖС,0,нет,16:33:000000,2205668.04,1699.28,,,,,нет,да,нет,нет,нет,да,нет,да,55.8069585988123,49.360665676659515
16:33:000000:5137,1008.0,Земли населенных пунктов,Учтенный,"Российская Федерация, Республика Татарстан, муниципальный район Пестречинский, сельское поселение Кощаковское, деревня Званка, улица Поэтическая, земельный участок 5",Частная,Для индивидуального жилищного строительства,ИЖС,0,нет,16:33:000000,1715372.77,1701.76,,,,,нет,да,нет,нет,нет,да,нет,да,55.809080466296294,49.3589265806372
16:33:000000:5145,1004.0,Земли населенных пунктов,Учтенный,"Российская Федерация, Республика Татарстан (Татарстан), м.р-н Пестречинский, с.п. Кощаковское, д Званка, ул. Театральная, з/у 12",Частная,Для индивидуального жилищного строительства,ИЖС,0,нет,16:33:000000,1692535.07,1685.79,,,,,нет,да,нет,нет,нет,да,нет,да,55.80852365624918,49.35985526374365
16:33:000000:5038,1072.0,Земли населенных пунктов,Учтенный,"Российская Федерация, Республика Татарстан, муниципальный район Пестречинский, сельское поселение Кощаковское, деревня Званка, улица Творческая, земельный участок 17",Частная,Для индивидуального жилищного строительства,ИЖС,0,нет,16:33:000000,1825681.71,1703.06,,,,,нет,да,нет,нет,нет,да,нет,да,55.807043123294605,49.36125714011367
16:33:000000:5096,1009.0,Земли населенных пунктов,Учтенный,"Российская Федерация, Республика Татарстан, муниципальный район Пестречинский, сельское поселение Кощаковское, деревня Званка, улица Художественная, земельный участок 13",Частная,Для индивидуального жилищного строительства,ИЖС,0,нет,16:33:000000,1820141.15,1803.91,,,,,нет,да,нет,нет,нет,да,нет,да,55.807694675837205,49.356467182692356
16:33:080709:324,1002.0,Земли населенных пунктов,Учтенный,"Российская Федерация, Республика Татарстан (Татарстан), м.р-н Пестречинский, с.п. Кощаковское, д Званка, ул. Архитектурная, з/у 13",Частная,Для индивидуального жилищного строительства,ИЖС,0,нет,16:33:080709,1516170.99,1513.14,,,,,нет,да,нет,нет,нет,да,нет,да,55.81277416579196,49.3675565829956
16:33:000000:5161,1011.0,Земли населенных пунктов,Учтенный,"Российская Федерация, Республика Татарстан (Татарстан), м.р-н Пестречинский, с.п. Кощаковское, д Званка, ул. Театральная, з/у 1",Частная,Для индивидуального жилищного строительства,ИЖС,0,нет,16:33:000000,1689124.61,1670.75,,,,,нет,да,нет,нет,нет,да,нет,да,55.809721200904754,49.36016771115506
16:33:080709:363,1001.0,Земли населенных пунктов,Учтенный,"Российская Федерация, Республика Татарстан (Татарстан), м.р-н Пестречинский, с.п. Кощаковское, д Званка, ул. Инженерная, з/у 6",Частная,Для индивидуального жилищного строительства,ИЖС,0,нет,16:33:080709,1754426.27,1752.67,,,,,нет,да,нет,нет,нет,да,нет,да,55.81072085834537,49.35532298630757
16:33:080709:369,1045.0,Земли населенных пунктов,Учтенный,"Российская Федерация, Республика Татарстан (Татарстан), м.р-н Пестречинский, с.п. Кощаковское, д Званка, ул. Инженерная, з/у 11",Частная,Для индивидуального жилищного строительства,ИЖС,0,нет,16:33:080709,1780677.07,1704.0,,,,,нет,да,нет,нет,нет,да,нет,да,55.81181964940299,49.35606929924963
16:33:000000:5082,1751.0,Земли населенных пунктов,Учтенный,"Российская Федерация,  Республика Татарстан, Пестречинский муниципальный район, Кощаковское сельское поселение",Частная,Для индивидуального жилищного строительства,ИЖС,0,нет,16:33:000000,3206469.02,1831.22,,,,,нет,да,нет,нет,нет,да,нет,да,55.80571987397177,49.35644366962525
16:33:000000:5141,1111.0,Земли населенных пунктов,Учтенный,"Российская Федерация, Республика Татарстан, муниципальный район Пестречинский, сельское поселение Кощаковское, деревня Званка, улица Художественная, земельный участок 10",Частная,Для индивидуального жилищного строительства,ИЖС,0,нет,16:33:000000,2017812.64,1816.21,,,,,нет,да,нет,нет,нет,да,нет,да,55.808132614067254,49.3553739202545
16:33:000000:5081,1327.0,Земли населенных пунктов,Учтенный,"Российская Федерация, Республика Татарстан (Татарстан), м.р-н Пестречинский, с.п. Кощаковское, д Званка, ул. Музыкальная, з/у 27",Частная,Для индивидуального жилищного строительства,ИЖС,0,нет,16:33:000000,2430031.06,1831.22,,,,,нет,да,нет,нет,нет,да,нет,да,55.80552614694753,49.35584288423544
16:33:000000:5027,1030.0,Земли населенных пунктов,Учтенный,"Российская Федерация, Республика Татарстан (Татарстан), м.р-н Пестречинский, с.п. Кощаковское, д Званка, ул. Театральная, з/у 13",Частная,Для индивидуального жилищного строительства,ИЖС,0,нет,16:33:000000,1738963.63,1688.31,,,,,нет,да,нет,нет,нет,да,нет,да,55.80832113333234,49.360823637847844
16:33:000000:5032,1035.0,Земли населенных пунктов,Учтенный,"Российская Федерация, Республика Татарстан, муниципальный район Пестречинский, сельское поселение Кощаковское, деревня Званка, улица Режиссерская, земельный участок 18",Частная,Для индивидуального жилищного строительства,ИЖС,0,нет,16:33:000000,1753590.46,1694.29,,,,,нет,да,нет,нет,нет,да,нет,да,55.80797665387812,49.361664877278386
16:33:000000:5039,1146.0,Земли населенных пунктов,Учтенный,"Российская Федерация, Республика Татарстан, муниципальный район Пестречинский, сельское поселение Кощаковское, деревня Званка, улица Творческая, земельный участок 19",Частная,Для индивидуального жилищного строительства,ИЖС,0,нет,16:33:000000,1949636.51,1701.25,,,,,нет,да,нет,нет,нет,да,нет,да,55.80709560997152,49.361786118575864
16:33:000000:5092,1002.0,Земли населенных пунктов,Учтенный,"Российская Федерация, Республика Татарстан, муниципальный район Пестречинский, сельское поселение Кощаковское, деревня Званка, улица Художественная, земельный участок 9",Частная,Для индивидуального жилищного строительства,ИЖС,0,нет,16:33:000000,1801425.76,1797.83,,,,,нет,да,нет,нет,нет,да,нет,да,55.80823640006729,49.35621304164421
16:33:080709:411,1002.0,Земли населенных пунктов,Учтенный,"Российская Федерация, Республика Татарстан, муниципальный район Пестречинский, сельское поселение Кощаковское, деревня Званка, улица Ювелирная, земельный участок 7",Частная,Для индивидуального жилищного строительства,ИЖС,0,нет,16:33:080709,1791422.89,1787.85,,,,,нет,да,нет,нет,нет,да,нет,да,55.81072246369985,49.35470861529876
16:33:000000:5093,1000.0,Земли населенных пунктов,Учтенный,"Российская Федерация, Республика Татарстан, муниципальный район Пестречинский, сельское поселение Кощаковское, деревня Званка, улица Литературная, земельный участок 10",Частная,Для индивидуального жилищного строительства,ИЖС,0,нет,16:33:000000,1773592.2,1773.59,,,,,нет,да,нет,нет,нет,да,нет,да,55.80832469131377,49.35682840541031
16:33:000000:5024,1117.0,Земли населенных пунктов,Учтенный,"Российская Федерация, Республика Татарстан (Татарстан), м.р-н Пестречинский, с.п. Кощаковское, д Званка, ул. Театральная, з/у 11",Частная,Для индивидуального жилищного строительства,ИЖС,0,нет,16:33:000000,1881827.66,1684.72,,,,,нет,да,нет,нет,нет,да,нет,да,55.80865298922738,49.36066824031657
16:33:000000:5019,1005.0,Земли населенных пунктов,Учтенный,"Российская Федерация, Республика Татарстан, муниципальный район Пестречинский, сельское поселение Кощаковское, деревня Званка, улица Режиссерская, земельный участок 6",Частная,Для индивидуального жилищного строительства,ИЖС,0,нет,16:33:000000,1675560.02,1667.22,,,,,нет,да,нет,нет,нет,да,нет,да,55.8093887407878,49.36100324997618
16:33:000000:5098,1007.0,Земли населенных пунктов,Учтенный,"Российская Федерация, Республика Татарстан, муниципальный район Пестречинский, сельское поселение Кощаковское, деревня Званка, улица Литературная, земельный участок 14",Частная,Для индивидуального жилищного строительства,ИЖС,0,нет,16:33:000000,1775481.88,1763.14,,,,,нет,да,нет,нет,нет,да,нет,да,55.80778298387698,49.357082506730855
16:33:000000:5147,1011.0,Земли населенных пунктов,Учтенный,"Российская Федерация, Республика Татарстан (Татарстан), м.р-н Пестречинский, с.п. Кощаковское, д Званка, ул. Театральная, з/у 14",Частная,Для индивидуального жилищного строительства,ИЖС,0,нет,16:33:000000,1709396.88,1690.8,,,,,нет,да,нет,нет,нет,да,нет,да,55.80820370827464,49.36000496196599
16:33:000000:5148,1017.0,Земли населенных пунктов,Учтенный,"Российская Федерация, Республика Татарстан (Татарстан), м.р-н Пестречинский, с.п. Кощаковское, д Званка, ул. Поэтическая, з/у 15",Частная,Для индивидуального жилищного строительства,ИЖС,0,нет,16:33:000000,1728610.97,1699.72,,,,,нет,да,нет,нет,нет,да,нет,да,55.80789644976937,49.35948128672856
16:33:000000:5102,1010.0,Земли населенных пунктов,Учтенный,"Российская Федерация, Республика Татарстан, муниципальный район Пестречинский, сельское поселение Кощаковское, деревня Званка, улица Художественная, земельный участок 19",Частная,Для индивидуального жилищного строительства,ИЖС,0,нет,16:33:000000,1798735.36,1780.93,,,,,нет,да,нет,нет,нет,да,нет,да,55.80703620686734,49.356776041014086
16:33:000000:5030,1037.0,Земли населенных пунктов,Учтенный,"Российская Федерация, Республика Татарстан, муниципальный район Пестречинский, сельское поселение Кощаковское, деревня Званка, улица Режиссерская, земельный участок 16",Частная,Для индивидуального жилищного строительства,ИЖС,0,нет,16:33:000000,1749562.0,1687.14,,,,,нет,да,нет,нет,нет,да,нет,да,55.80819505631223,49.36156253696432
16:33:000000:5100,1001.0,Земли населенных пунктов,Учтенный,"Российская Федерация, Республика Татарстан, муниципальный район Пестречинский, сельское поселение Кощаковское, деревня Званка, улица Литературная, земельный участок 16",Частная,Для индивидуального жилищного строительства,ИЖС,0,нет,16:33:000000,1770311.24,1768.54,,,,,нет,да,нет,нет,нет,да,нет,да,55.80756368563427,49.35718537395924
16:33:000000:5885,1232.0,Земли населенных пунктов,Учтенный,"Российская Федерация, Республика Татарстан, Пестречинский муниципальный район, Кощаковское сельское поселение, д Званка, ул. Овражная, з/у 10",Частная,для ведения личного подсобного хозяйства,ЛПХ,0,нет,16:33:000000,2041826.37,1657.33,,,,,нет,нет,нет,нет,да,да,нет,да,55.80682331013733,49.3829426998897
16:33:080301:1058,167.0,Земли населенных пунктов,Учтенный,"Российская Федерация, Республика Татарстан, Пестречинский муниципальный район,  Кощаковское сельское поселение, д Званка,",,благоустройство территории,ДРУГОЕ,0,нет,16:33:080301,46043.19,275.71,,,,,да,нет,нет,нет,нет,нет,нет,да,55.81144224690725,49.37784159562888
16:33:080301:1064,1591.0,Земли населенных пунктов,Учтенный,"Российская Федерация, Республика Татарстан (Татарстан), м.р-н Пестречинский, с.п. Кощаковское, д Званка, ул Приозерная, з/у 12А",Частная,Для ведения личного подсобного хозяйства,ЛПХ,0,нет,16:33:080301,2604874.46,1637.26,,,,,нет,нет,нет,нет,да,да,нет,да,55.81106960572163,49.37445608619767
16:33:000000:5955,3024.0,Земли населенных пунктов,Учтенный,"Российская Федерация, Республика Татарстан, Пестречинский муниципальный район, Кощаковское сельское поселение",Частная,Для сельскохозяйственного производства,СХ,0,нет,16:33:000000,9390.73,3.11,,,,,нет,нет,нет,нет,нет,нет,нет,да,55.80604639119087,49.353689313305246
16:33:080301:1070,2388.0,Земли населенных пунктов,Учтенный,"Российская Федерация, Республика Татарстан, Пестречинский муниципальный район, Кощаковское сельское поселение, д Званка, ул. Лесная, 18",Частная,приусадебный участок личного подсобного хозяйства,ЛПХ,0,нет,16:33:080301,3862881.81,1617.62,,,,,нет,нет,нет,нет,да,да,нет,да,55.811668105117484,49.38152208091465
16:33:080302:940,1047.0,Земли населенных пунктов,Учтенный,"Российская Федерация, Республика Татарстан, Пестречинский муниципальный район, Званковское сельское поселение, д Званка, ул. Приозерная, д. 36",Частная,индивидуальные жилые дома с приусадебными земельными участками,ЖИЛОЙ,0,нет,16:33:080302,1907247.87,1821.63,,,,,нет,нет,нет,нет,нет,да,нет,да,55.80529344691574,49.367867450436556
16:33:080301:114,1419.0,Земли населенных пунктов,Ранее учтенный,"Российская Федерация, Республика Татарстан (Татарстан), м.р-н Пестречинский, с.п. Кощаковское, д Званка, ул Приозерная, з/у 10/2",Частная,Для индивидуального жилищного строительства,ИЖС,0,нет,16:33:080301,2348379.73,1654.95,,,,,нет,да,нет,нет,нет,да,нет,да,55.810795989323765,49.375738940054205
16:33:080302:942,1660.0,Земли населенных пунктов,Учтенный,"Российская Федерация, Республика Татарстан, Пестречинский муниципальный район, Кощаковское сельское поселение, д. Званка, ул. Приозерная, д. 42",Частная,для ведения личного подсобного хозяйства,ЛПХ,0,нет,16:33:080302,3064093.74,1845.84,,,,,нет,нет,нет,нет,да,да,нет,да,55.804403710509824,49.36768528094288
16:33:080702:949,2488.0,Земли населенных пунктов,Учтенный,"Местоположение установлено относительно ориентира, расположенного в границах участка. Почтовый адрес ориентира: Республика Татарстан, Пестречинский муниципальный район, Кощаковское сельское поселение, около д Званка.",Частная,Для ведения личного подсобного хозяйства,ЛПХ,0,нет,16:33:080702,4194473.17,1685.88,,,,,нет,нет,нет,нет,да,да,нет,да,55.808051537019224,49.38191569326733
16:33:080302:943,1000.0,Земли населенных пунктов,Учтенный,"Российская Федерация, Республика Татарстан, Пестречинский муниципальный район, д Званка, ул. Дачная, д. 2А",Частная,для индивидуального жилищного строительства,ИЖС,0,нет,16:33:080302,1938537.6,1938.54,,,,,нет,да,нет,нет,нет,да,нет,да,55.801563320982844,49.37064284314301
16:33:000000:6045,1466.0,Земли населенных пунктов,Учтенный,"Российская Федерация, Республика Татарстан, Пестречинский муниципальный район, Кощаковское сельское поселение, д Званка",Частная,Для ведения личного подсобного хозяйства,ЛПХ,0,нет,16:33:000000,2332135.96,1590.82,,,,,нет,нет,нет,нет,да,да,нет,да,55.81184693672155,49.371292052615246
16:33:000000:5984,2632.0,Земли населенных пунктов,Учтенный,"Российская Федерация, Республика Татарстан, Пестречинский муниципальный район, Кощаковское сельское поселение, д Званка",Частная,Для ведения личного подсобного хозяйства,ЛПХ,0,нет,16:33:000000,4469645.29,1698.19,,,,,нет,нет,нет,нет,да,да,нет,да,55.80740381841027,49.38230503558509
16:33:000000:6043,1017.0,Земли населенных пунктов,Учтенный,"Российская Федерация, Республика Татарстан (Татарстан), м.р-н Пестречинский, с.п. Кощаковское, д Званка, ул. Искусств, з/у 6",Частная,Для индивидуального жилищного строительства,ИЖС,0,нет,16:33:000000,1542971.55,1517.18,,,,,нет,да,нет,нет,нет,да,нет,да,55.81315719812185,49.36870312109059
16:33:000000:6032,1000.0,Земли населенных пунктов,Учтенный,"Российская Федерация, Республика Татарстан (Татарстан), м.р-н Пестречинский, с.п. Кощаковское, д Званка, ул. Спортивная, з/у 3",Частная,Для индивидуального жилищного строительства,ИЖС,0,нет,16:33:000000,1546492.9,1546.49,,,,,нет,да,нет,нет,нет,да,нет,да,55.81180430833026,49.365722548455715
16:33:000000:6026,1082.0,Земли населенных пунктов,Учтенный,"Российская Федерация, Республика Татарстан, муниципальный район Пестречинский, сельское поселение Кощаковское, деревня Званка, улица Экологичная, земельный участок 10",Частная,Для индивидуального жилищного строительства,ИЖС,0,нет,16:33:000000,1710788.39,1581.14,,,,,нет,да,нет,нет,нет,да,нет,да,55.81083040375648,49.36942006746026
16:33:080710:797,4513.0,Земли населенных пунктов,Учтенный,"Российская Федерация, Республика Татарстан, Пестречинский муниципальный район, Кощаковское сельское поселение",Частная,Улично-дорожная сеть,ДРУГОЕ,0,нет,16:33:080710,1955339.84,433.27,,,,,нет,нет,нет,нет,нет,нет,нет,да,55.810532723996765,49.367525340207784
16:33:000000:6011,1004.0,Земли населенных пунктов,Учтенный,"Российская Федерация, Республика Татарстан (Татарстан), м.р-н Пестречинский, с.п. Кощаковское, д Званка, ул. Экологичная, з/у 11",Частная,Для индивидуального жилищного строительства,ИЖС,0,нет,16:33:000000,1508198.96,1502.19,,,,,нет,да,нет,нет,нет,да,нет,да,55.81371546864027,49.37096201587673
16:33:000000:6030,1001.0,Земли населенных пунктов,Учтенный,"Российская Федерация, Республика Татарстан (Татарстан), м.р-н Пестречинский, с.п. Кощаковское, д Званка, ул. Спортивная, з/у 4",Частная,Для индивидуального жилищного строительства,ИЖС,0,нет,16:33:000000,1552339.79,1550.79,,,,,нет,да,нет,нет,нет,да,нет,да,55.81132484473047,49.365174267867545
16:33:000000:5954,17043.0,Земли населенных пунктов,Учтенный,"Российская Федерация, Республика Татарстан, Пестречинский муниципальный район, Кощаковское сельское поселение",Частная,Для индивидуального жилищного строительства,ИЖС,0,нет,16:33:000000,31629609.45,1855.87,,,,,нет,да,нет,нет,нет,да,нет,да,55.80673492126293,49.353876954158736
16:33:000000:6008,1025.0,Земли населенных пунктов,Учтенный,"Российская Федерация, Республика Татарстан (Татарстан), м.р-н Пестречинский, с.п. Кощаковское, д Званка, ул. Призвания, з/у 17",Частная,Для индивидуального жилищного строительства,ИЖС,0,нет,16:33:000000,1728429.11,1686.27,,,,,нет,да,нет,нет,нет,да,нет,да,55.810322178230464,49.358548860277836
16:33:000000:6013,1089.0,Земли населенных пунктов,Учтенный,"Российская Федерация, Республика Татарстан, муниципальный район Пестречинский, сельское поселение Кощаковское, деревня Званка, улица Инструментальная, земельный участок 7",Частная,Для индивидуального жилищного строительства,ИЖС,0,нет,16:33:000000,1648761.14,1514.01,,,,,нет,да,нет,нет,нет,да,нет,да,55.81220806962669,49.3648104712341
16:33:000000:6005,1185.0,Земли населенных пунктов,Учтенный,"Российская Федерация, Республика Татарстан (Татарстан), м.р-н Пестречинский, с.п. Кощаковское, д Званка, ул. Призвания, з/у 15",Частная,Для индивидуального жилищного строительства,ИЖС,0,нет,16:33:000000,1998232.68,1686.27,,,,,нет,да,нет,нет,нет,да,нет,да,55.81021367395281,49.35806179733914
16:33:000000:6035,1008.0,Земли населенных пунктов,Учтенный,"Российская Федерация, Республика Татарстан, муниципальный район Пестречинский, сельское поселение Кощаковское, деревня Званка, улица Призвания, земельный участок 31",Частная,Для индивидуального жилищного строительства,ИЖС,0,нет,16:33:000000,1615586.21,1602.76,,,,,нет,да,нет,нет,нет,да,нет,да,55.81125084463141,49.361585745508265
16:33:000000:6036,1002.0,Земли населенных пунктов,Учтенный,"Российская Федерация, Республика Татарстан (Татарстан), м.р-н Пестречинский, с.п. Кощаковское, д Званка, ул. Экологичная, з/у 13",Частная,Для индивидуального жилищного строительства,ИЖС,0,нет,16:33:000000,1505194.58,1502.19,,,,,нет,да,нет,нет,нет,да,нет,да,55.813492628362326,49.370968314575194
16:33:080301:1072,1462.0,Земли населенных пунктов,Учтенный,"Российская Федерация, Республика Татарстан (Татарстан), м.р-н Пестречинский, с.п. Кощаковское, д Званка, ул Лесная, з/у 35А",Частная,индивидуальные жилые дома с приусадебными земельными участками,ЖИЛОЙ,0,нет,16:33:080301,2307853.4,1578.56,,,,,нет,нет,нет,нет,нет,да,нет,да,55.813054686935224,49.376454958744375
16:33:000000:6064,1752.0,Земли населенных пунктов,Учтенный,"Российская Федерация, Республика Татарстан, Пестречинский муниципальный район, Кощаковское сельское поселение",Частная,Улично-дорожная сеть,ДРУГОЕ,0,нет,16:33:000000,752558.64,429.54,,,,,нет,нет,нет,нет,нет,нет,нет,да,55.81328432702067,49.370934688832726
16:33:000000:6067,2255.0,Земли населенных пунктов,Учтенный,"Российская Федерация, Республика Татарстан, Пестречинский муниципальный район, Кощаковское сельское поселение",Частная,Для индивидуального жилищного строительства,ИЖС,0,нет,16:33:000000,4025768.74,1785.26,,,,,нет,да,нет,нет,нет,да,нет,да,55.80613496754176,49.35754837268479
16:33:000000:6068,1009.0,Земли населенных пунктов,Учтенный,"Российская Федерация, Республика Татарстан, муниципальный район Пестречинский, сельское поселение Кощаковское, деревня Званка, улица Музыкальная, земельный участок 1",Частная,Для индивидуального жилищного строительства,ИЖС,0,нет,16:33:000000,1848895.64,1832.4,,,,,нет,да,нет,нет,нет,да,нет,да,55.80879417185114,49.35425773964142
16:33:000000:6021,1340.0,Земли населенных пунктов,Учтенный,"Российская Федерация, Республика Татарстан, муниципальный район Пестречинский, сельское поселение Кощаковское, деревня Званка, улица Призвания, земельный участок 13",Частная,Для индивидуального жилищного строительства,ИЖС,0,нет,16:33:000000,2322684.58,1733.35,,,,,нет,да,нет,нет,нет,да,нет,да,55.809992696460135,49.35747169165099
16:33:000000:5995,1000.0,Земли населенных пунктов,Учтенный,"Российская Федерация, Республика Татарстан (Татарстан), м.р-н Пестречинский, с.п. Кощаковское, д Званка, ул. Архитектурная, з/у 9",Частная,Для индивидуального жилищного строительства,ИЖС,0,нет,16:33:000000,1519181.0,1519.18,,,,,нет,да,нет,нет,нет,да,нет,да,55.81262427253191,49.36832756923366
16:33:000000:6002,1334.0,Земли населенных пунктов,Учтенный,"Российская Федерация, Республика Татарстан, муниципальный район Пестречинский, сельское поселение Кощаковское, деревня Званка, улица Призвания, земельный участок 11",Частная,Для индивидуального жилищного строительства,ИЖС,0,нет,16:33:000000,2312284.5,1733.35,,,,,нет,да,нет,нет,нет,да,нет,да,55.809914811690085,49.35709160848726
16:33:000000:6001,1019.0,Земли населенных пунктов,Учтенный,"Российская Федерация, Республика Татарстан, муниципальный район Пестречинский, сельское поселение Кощаковское, деревня Званка, улица Архитектурная, земельный участок 21",Частная,Для индивидуального жилищного строительства,ИЖС,0,нет,16:33:000000,1584867.21,1555.32,,,,,нет,да,нет,нет,нет,да,нет,да,55.81125983690647,49.36554991098229
16:33:000000:6076,1112.0,Земли населенных пунктов,Учтенный,"Российская Федерация, Республика Татарстан (Татарстан), м.р-н Пестречинский, с.п. Кощаковское, д Званка, ул. Архитектурная, з/у 17",Частная,Для индивидуального жилищного строительства,ИЖС,0,нет,16:33:000000,1687082.7,1517.16,,,,,нет,да,нет,нет,нет,да,нет,да,55.81245223048918,49.3672280063414
16:33:080709:434,22949.0,Земли населенных пунктов,Учтенный,"Российская Федерация, Республика Татарстан, Пестречинский муниципальный район, Кощаковское сельское поселение",Частная, Благоустройство территории,ДРУГОЕ,0,нет,16:33:080709,382178.88,16.65,,,,,нет,нет,нет,нет,нет,нет,нет,да,55.810755012158175,49.35653383249833
16:33:000000:6080,1549.0,Земли населенных пунктов,Учтенный,"Российская Федерация, Республика Татарстан, муниципальный район Пестречинский, сельское поселение Кощаковское, деревня Званка, улица Призвания, земельный участок 3",Частная,Для индивидуального жилищного строительства,ИЖС,0,нет,16:33:000000,2786182.43,1798.7,,,,,нет,да,нет,нет,нет,да,нет,да,55.809477502747306,49.35502466795257
16:33:000000:6152,1007.0,Земли населенных пунктов,Учтенный,"Российская Федерация, Республика Татарстан, Пестречинский муниципальный район, Кощаковское сельское поселение, д Званка, ул. Овражная",Частная,Для ведения личного подсобного хозяйства,ЛПХ,0,нет,16:33:000000,1521372.88,1510.8,,,,,нет,нет,нет,нет,да,да,нет,да,55.809329848075336,49.3878842978905
16:33:000000:6153,1007.0,Земли населенных пунктов,Учтенный,"Российская Федерация, Республика Татарстан, Пестречинский муниципальный район, Кощаковское сельское поселение, д Званка, ул. Овражная",Частная,Для ведения личного подсобного хозяйства,ЛПХ,0,нет,16:33:000000,1521372.88,1510.8,,,,,нет,нет,нет,нет,да,да,нет,да,55.809537177481054,49.38756746877117
16:33:080302:945,1272.0,Земли населенных пунктов,Учтенный,"Российская Федерация, Республика Татарстан, Пестречинский муниципальный район, Кощаковское сельское поселение, деревня Званка, ул. Советская, з/у 33Б",Частная,для строительства дома,ДРУГОЕ,0,нет,16:33:080302,2322171.34,1825.61,,,,,нет,нет,нет,нет,нет,нет,нет,да,55.80548468154407,49.37282164215205
16:33:080702:962,573.0,Земли населенных пунктов,Учтенный,"Российская Федерация, Республика Татарстан, Пестречинский муниципальный район, Кощаковское сельское поселение, д Званка",,Земельные участки (территории) общего пользования,ОГП,0,нет,16:33:080702,296531.0,517.51,,,,,да,нет,нет,нет,нет,нет,да,да,55.810021756192405,49.38983841671956
16:33:080301:1091,511.0,Земли населенных пунктов,Учтенный,"Республика Татарстан, Пестречинский муниципальный район, Кощаковское сельское поселение, д. Званка, ул. Овражная, з/у 36",Частная,Для ведения личного подсобного хозяйства,ЛПХ,0,нет,16:33:080301,747581.14,1462.98,,,,,нет,нет,нет,нет,да,да,нет,да,55.80965688215423,49.38861508979629
16:33:080302:949,1698.0,Земли населенных пунктов,Учтенный,"Республика Татарстан, Пестречинский муниципальный район, Кощаковское сельское поселение, д. Званка, ул Трудовая, д. 23",Частная,под жилую застройку индивидуальную,ДРУГОЕ,0,нет,16:33:080302,3111074.92,1832.2,,,,,нет,нет,нет,нет,нет,нет,нет,да,55.80506226448285,49.36851628916125
16:33:080710:814,4860.0,Земли сельскохозяйственного назначения,Учтенный,"Российская Федерация, Республика Татарстан, Пестречинский муниципальный район, Кощаковское сельское поселение",Частная,для сельскохозяйственного производства,СХ,0,нет,16:33:080710,16354.39,3.37,,,,,нет,нет,нет,нет,нет,нет,нет,нет,55.80728016186141,49.362610057561945
16:33:080301:1096,507.0,Земли населенных пунктов,Учтенный,"Республика Татарстан, Пестречинский муниципальный район, Кощаковское сельское поселение, д. Званка, ул. Овражная, з/у 36А",Частная,Для ведения личного подсобного хозяйства,ЛПХ,0,нет,16:33:080301,741729.24,1462.98,,,,,нет,нет,нет,нет,да,да,нет,да,55.809794435638096,49.38881775113855
16:33:080710:828,184.0,Земли населенных пунктов,Учтенный,"Российская Федерация, Республика Татарстан, Пестречинский муниципальный район, д Званка",,благоустройство территории,ДРУГОЕ,0,нет,16:33:080710,2966.37,16.12,,,,,да,нет,нет,нет,нет,нет,нет,да,55.810709566344215,49.370941738943266
16:33:080301:1102,104046.0,Земли населенных пунктов,Учтенный,"Российской Федерации, Республика Татарстан, Пестречинский муниципальный район, Кощаковское сельское поселение, деревня Званка",,Земельные участки (территории) общего пользования,ОГП,0,нет,16:33:080301,50397562.17,484.38,,,,,да,нет,нет,нет,нет,нет,да,да,55.81175486312991,49.381880756914924
16:33:080702:978,60.0,Земли населенных пунктов,Учтенный,"Российская Федерация, Республика Татарстан, Пестречинский муниципальный район, Кощаковское сельское поселение, д Званка",Муниципальная,земельные участки ( территории ) общего пользования,ОГП,0,нет,16:33:080702,32233.29,537.22,,,,,да,нет,нет,нет,нет,нет,да,да,55.806635789554115,49.39375783899564
16:33:080702:979,60.0,Земли населенных пунктов,Учтенный,"Российская Федерация, Республика Татарстан, Пестречинский муниципальный район, Кощаковское сельское поселение, д Званка",Муниципальная,земельные участки ( территории ) общего пользования,ОГП,0,нет,16:33:080702,31503.4,525.06,,,,,да,нет,нет,нет,нет,нет,да,да,55.80962166540375,49.39067219558668
16:33:080301:1107,1194.0,Земли населенных пунктов,Учтенный,"Российская Федерация, Республика Татарстан, Пестречинский муниципальный район, Кощаковское сельское поселение, д Званка, ул Приозерная, з/у 69",Частная,для ведения личного подсобного хозяйства,ЛПХ,0,нет,16:33:080301,1913502.49,1602.6,,,,,нет,нет,нет,нет,да,да,нет,да,55.80977672789931,49.373724012508454
16:33:080710:836,2025.0,Земли населенных пунктов,Учтенный,"Российская Федерация, Республика Татарстан, Пестречинский муниципальный район, Кощаковское сельское поселение, д Званка, тер. СНТ ""Алмаз"", ул. Кедровая, 5",Частная,Для индивидуального жилищного строительства,ИЖС,0,нет,16:33:080710,3709034.35,1831.62,,,,,нет,да,нет,нет,нет,да,нет,да,55.803097338587214,49.364521819608264
16:33:080710:841,1138.0,Земли населенных пунктов,Учтенный,"Российская Федерация, Республика Татарстан, Пестречинский муниципальный район, Кощаковское сельское поселение, деревня Званка, улица Призвания",Частная,Для индивидуального жилищного строительства,ИЖС,0,нет,16:33:080710,1918849.28,1686.16,,,,,нет,да,нет,нет,нет,да,нет,да,55.810389856439855,49.35900137871395
16:33:080702:213,623.0,Земли населенных пунктов,Учтенный,"Местоположение установлено относительно ориентира, расположенного в границах участка. Почтовый адрес ориентира: Российская Федерация, Республика Татарстан (Татарстан), м.р-н Пестречинский, с.п. Кощаковское, д Званка, ул Сафари, з/у 30.",Частная,Для жилищного строительства,ДРУГОЕ,0,нет,16:33:080702,1039699.41,1668.8594,,,,,нет,нет,нет,нет,нет,нет,нет,да,55.80672193705768,49.388025976917994
16:33:080702:795,620.0,Земли населенных пунктов,Учтенный,"Местоположение установлено относительно ориентира, расположенного в границах участка. Почтовый адрес ориентира: Российская Федерация, Республика Татарстан (Татарстан), м.р-н Пестречинский, с.п. Кощаковское, д Званка, ул Светлая, з/у 1.",Частная,индивидуальные жилые дома с приусадебными земельными участками,ЖИЛОЙ,0,нет,16:33:080702,1034692.83,1668.8594,,,,,нет,нет,нет,нет,нет,да,нет,да,55.806805579204955,49.387414013519745
16:33:080301:664,754.0,Земли населенных пунктов,Учтенный,"Местоположение установлено относительно ориентира, расположенного в границах участка. Почтовый адрес ориентира: Российская Федерация, Республика Татарстан (Татарстан), м.р-н Пестречинский, с.п. Кощаковское, д Званка, ул Приозерная, з/у 6В.",Частная,Для индивидуального жилищного строителльства,ИЖС,0,нет,16:33:080301,1265601.44,1678.52,,,,,нет,да,нет,нет,нет,да,нет,да,55.810245599338224,49.378562363869314
16:33:080702:456,1085.0,Земли населенных пунктов,Учтенный,"Местоположение установлено относительно ориентира, расположенного в границах участка. Почтовый адрес ориентира: Российская Федерация, Республика Татарстан (Татарстан), м.р-н Пестречинский, с.п. Кощаковское, д Званка, ул Романтика, з/у 6А.",Частная,Для жилищного строительства,ДРУГОЕ,0,нет,16:33:080702,1786120.49,1646.194,,,,,нет,нет,нет,нет,нет,нет,нет,да,55.80731567194838,49.38529248226649
16:33:080302:578,657.0,Земли населенных пунктов,Учтенный,"Местоположение установлено относительно ориентира, расположенного в границах участка. Почтовый адрес ориентира: Республика Татарстан, Пестречинский муниципальный район, Кощаковское сельское поселение, д Званка, ул. Приозерная.",Частная,Для индивидуального жилищного строительства,ИЖС,0,нет,16:33:080302,1261355.38,1919.8712,,,,,нет,да,нет,нет,нет,да,нет,да,55.80176552388564,49.36693191883505
16:33:080302:393,819.0,Земли населенных пунктов,Учтенный,"Местоположение установлено относительно ориентира, расположенного в границах участка. Почтовый адрес ориентира: Российская Федерация, Республика Татарстан (Татарстан), м.р-н Пестречинский, с.п. Кощаковское, д Званка, ул Советская, з/у 14А.",,Для ведения личного подсобного хозяйства,ЛПХ,0,нет,16:33:080302,1565406.13,1911.36,,,,,да,нет,нет,нет,да,да,нет,да,55.802315256103284,49.3725843220992
16:33:080301:253,2644.0,Земли населенных пунктов,Учтенный,"Местоположение установлено относительно ориентира, расположенного в границах участка. Почтовый адрес ориентира: Российская Федерация, Республика Татарстан (Татарстан), м.р-н Пестречинский, с.п. Кощаковское, д Званка, ул Приозерная, з/у 1В.",Частная,Строительство религиозных объектов,ДРУГОЕ,0,нет,16:33:000000,2864495.85,1083.39,,,,,нет,нет,нет,нет,нет,нет,нет,да,55.80928745577473,49.38012201440609
16:33:080303:266,6393.0,Земли населенных пунктов,Учтенный,"Местоположение установлено относительно ориентира, расположенного в границах участка. Почтовый адрес ориентира: Республика Татарстан, Пестречинский муниципальный район, Кощаковское сельское поселение, д Званка.",Муниципальная,земельные участки (территории) общего пользования (улицы),ОГП,0,нет,16:33:080303,3491616.22,546.16,,,,,да,нет,нет,нет,нет,нет,да,да,55.804286341156605,49.378222823688
16:33:080301:220,1633.0,Земли населенных пунктов,Ранее учтенный,"Российская Федерация, Республика Татарстан (Татарстан), м.р-н Пестречинский, с.п. Кощаковское, д Званка, ул Приозерная, з/у 14",,Для ведения личного подсобного хозяйства,ЛПХ,0,нет,16:33:080301,2649895.55,1622.72,,,,,да,нет,нет,нет,да,да,нет,да,55.81135519527649,49.37314942794222
16:33:080301:196,1783.0,Земли населенных пунктов,Ранее учтенный,"Местоположение установлено относительно ориентира, расположенного в границах участка. Почтовый адрес ориентира: Российская Федерация, Республика Татарстан (Татарстан), м.р-н Пестречинский, с.п. Кощаковское, д Званка, ул Приозерная, з/у 12.",,Для ведения личного подсобного хозяйства,ЛПХ,0,нет,16:33:080301,2908581.51,1631.29,,,,,да,нет,нет,нет,да,да,нет,да,55.81127044944891,49.37369863896518
16:33:080301:512,3892.0,Земли населенных пунктов,Учтенный,"Местоположение установлено относительно ориентира, расположенного в границах участка. Почтовый адрес ориентира: Российская Федерация, Республика Татарстан (Татарстан), м.р-н Пестречинский, с.п. Кощаковское, д Званка, ул Приозерная, з/у 31.",Частная,для ведения личного подсобного хозяйства,ЛПХ,0,нет,16:33:000000,6110961.14,1570.13,,,,,нет,нет,нет,нет,да,да,нет,да,55.80965947408906,49.372530341465556
16:33:080302:387,785.0,Земли населенных пунктов,Учтенный,"Местоположение установлено относительно ориентира, расположенного в границах участка. Почтовый адрес ориентира: Российская Федерация, Республика Татарстан (Татарстан), м.р-н Пестречинский, с.п. Кощаковское, д Званка, ул Советская, з/у 12.",,Для индивидуального жилищного строительства,ИЖС,0,нет,16:33:080302,1500419.8,1911.36,,,,,да,да,нет,нет,нет,да,нет,да,55.80260132986097,49.37283336228972
16:33:080702:788,281.0,Земли населенных пунктов,Учтенный,"Местоположение установлено относительно ориентира, расположенного в границах участка. Почтовый адрес ориентира: Российская Федерация, Республика Татарстан (Татарстан), м.р-н Пестречинский, с.п. Кощаковское, д Званка, ул Лазурная, з/у 2.",Частная,Блокированные односемейные дома с участками,ДРУГОЕ,0,нет,16:33:080702,463894.5,1650.8701,,,,,нет,нет,нет,нет,нет,нет,нет,да,55.806700050741505,49.393276926642365
16:33:080702:408,792.0,Земли населенных пунктов,Учтенный,"Местоположение установлено относительно ориентира, расположенного в границах участка. Почтовый адрес ориентира: Российская Федерация, Республика Татарстан (Татарстан), м.р-н Пестречинский, с.п. Кощаковское, д Званка, ул 70 лет Победы, з/у 3.",Частная,для жилищного строительства,ДРУГОЕ,0,нет,16:33:080702,1301089.28,1642.7895,,,,,нет,нет,нет,нет,нет,нет,нет,да,55.8070939515593,49.392842894295256
16:33:080702:871,1359.0,Земли населенных пунктов,Учтенный,"Российская Федерация, Республика Татарстан (Татарстан), м.р-н Пестречинский, с.п. Кощаковское, д Званка, ул Сафари, з/у 26А",Частная,Склады,ДРУГОЕ,0,нет,16:33:080702,2457102.03,1808.02,,,,,нет,нет,нет,нет,нет,нет,нет,да,55.80601498216634,49.38866073062838
16:33:000000:4218,1490.0,Земли населенных пунктов,Учтенный,"Российская Федерация, Республика Татарстан, Пестречинский муниципальный район, Кощаковское сельское поселение, д. Званка, ул. Приозерная, д.23а",Частная,Для ведения личного подсобного хозяйства,ЛПХ,0,нет,16:33:000000,2339499.36,1570.1338,,,,,нет,нет,нет,нет,да,да,нет,да,55.80959352114814,49.37198113648354
16:33:080702:823,525.0,Земли населенных пунктов,Учтенный,"Российская Федерация, Республика Татарстан (Татарстан), м.р-н Пестречинский, с.п. Кощаковское, д Званка, ул Лазурная, з/у 3А",Частная,для индивидуального жилищного строительства,ИЖС,0,нет,16:33:080702,873896.68,1664.5651,,,,,нет,да,нет,нет,нет,да,нет,да,55.80629982901806,49.393657559395486
16:33:080301:271,96.0,Земли населенных пунктов,Учтенный,"Местоположение установлено относительно ориентира, расположенного в границах участка. Почтовый адрес ориентира: Республика Татарстан, Пестречинский муниципальный район, Званковское сельское поселение, д Званка.",,"Для размещения автомобильной дороги ""Казань-Шемордан""-Званка",ТРАНСПОРТ,0,нет,16:33:080301,51616.93,537.6764,,,,,да,нет,нет,нет,нет,нет,нет,да,55.809229914410835,49.379624513683126
16:33:080702:356,237.0,Земли населенных пунктов,Учтенный,"Местоположение установлено относительно ориентира, расположенного в границах участка. Почтовый адрес ориентира: Республика Татарстан, Пестречинский муниципальный район, Кощаковское сельское поселение.",Муниципальная,Для сельскохозяйственного использования,СХ,0,нет,16:33:080702,15786.95,66.6116,,,,,да,нет,нет,нет,нет,нет,нет,да,55.805843827915886,49.3934046207126
16:33:080702:493,2073.0,Земли населенных пунктов,Учтенный,"Местоположение установлено относительно ориентира, расположенного в границах участка. Почтовый адрес ориентира: Российская Федерация, Республика Татарстан (Татарстан), м.р-н Пестречинский, с.п. Кощаковское, д Званка, ул Овражная, з/у 15.",Частная,Для ведения личного подсобного хозяйства,ЛПХ,0,нет,16:33:080702,3402400.8,1641.2932,,,,,нет,нет,нет,нет,да,да,нет,да,55.80802670158164,49.38440062487007
16:33:080702:825,880.0,Земли населенных пунктов,Учтенный,"Местоположение установлено относительно ориентира, расположенного в границах участка. Почтовый адрес ориентира: Российская Федерация, Республика Татарстан, Пестречинский муниципальный район, Кощаковское сельское поселение, д Званка.",Частная,для индивидуального жилищного строительства,ИЖС,0,нет,16:33:080702,1470895.54,1671.4722,,,,,нет,да,нет,нет,нет,да,нет,да,55.80800380051291,49.38304965509595
16:33:080702:179,586.0,Земли населенных пунктов,Учтенный,"Местоположение установлено относительно ориентира, расположенного в границах участка. Почтовый адрес ориентира: Российская Федерация, Республика Татарстан (Татарстан), м.р-н Пестречинский, с.п. Кощаковское, д Званка, ул Романтика, з/у 4А.",,Для жилищного строительства,ДРУГОЕ,0,нет,16:33:080702,964668.16,1646.1914,,,,,да,нет,нет,нет,нет,нет,нет,да,55.80756662369494,49.38533865132587
16:33:080301:119,1086.0,Земли населенных пунктов,Ранее учтенный,"Местоположение установлено относительно ориентира, расположенного в границах участка. Почтовый адрес ориентира: Республика Татарстан, Пестречинский муниципальный район, Кощаковское сельское поселение, д Званка.",Частная,Для ведения личного подсобного хозяйства,ЛПХ,0,нет,16:33:080301,1801591.36,1658.92,,,,,нет,нет,нет,нет,да,да,нет,да,55.810681528149935,49.376915386349474
16:33:080302:559,994.0,Земли населенных пунктов,Учтенный,"Местоположение установлено относительно ориентира, расположенного в границах участка. Почтовый адрес ориентира: Республика Татарстан, Пестречинский муниципальный район, Кощаковское сельское поселение, д Званка, ул. Просторная, д. 4.",,для индивидуального жилищного строительства,ИЖС,0,нет,16:33:080302,1902378.43,1913.86,,,,,да,да,нет,нет,нет,да,нет,да,55.80216148849013,49.37460467044643
16:33:080702:11,5381.0,,Ранее учтенный,-,,,ДРУГОЕ,0,нет,16:33:080702,45496.36,8.46,,,,,да,нет,нет,нет,нет,нет,нет,нет,55.801178448601696,49.373461102445056
16:33:080702:16,102808.73,,Ранее учтенный,-,,,ДРУГОЕ,0,нет,16:33:080702,876732.77,8.46,,,,,да,нет,нет,нет,нет,нет,нет,нет,55.812773492182785,49.39139841802284
16:33:080709:19,48110.0,,Ранее учтенный,-,,,ДРУГОЕ,0,нет,16:33:080709,406770.05,8.46,,,,,да,нет,нет,нет,нет,нет,нет,нет,55.81518157449857,49.37098663129578
16:33:080303:591,900.0,Земли населенных пунктов,Учтенный,"Российская Федерация, Республика Татарстан, Пестречинский муниципальный район, Кощаковское сельское поселение, д Званка",Частная,для индивидуального жилищного строительства,ИЖС,0,нет,16:33:080303,1622052.45,1802.2805,,,,,нет,да,нет,нет,нет,да,нет,да,55.805648298356274,49.376842813015976
16:33:080301:179,714.0,Земли населенных пунктов,Ранее учтенный,"Российская Федерация, Республика Татарстан (Татарстан), м.р-н Пестречинский, с.п. Кощаковское, д Званка, ул Каменная, з/у 23",,16-и квартирный жилой дом,ЖИЛОЙ,0,нет,16:33:080301,2520872.96,3530.6344,,,,,да,нет,нет,нет,нет,да,нет,да,55.8118620322734,49.37572175525786
16:33:080301:721,1042.0,Земли населенных пунктов,Учтенный,"Местоположение установлено относительно ориентира, расположенного в границах участка. Почтовый адрес ориентира: Российская Федерация, Республика Татарстан (Татарстан), м.р-н Пестречинский, с.п. Кощаковское, д Званка, ул Лесная, з/у 46Б.",Частная,Для индивидуального жилищного строителльства,ИЖС,0,нет,16:33:080301,1675288.84,1607.76,,,,,нет,да,нет,нет,нет,да,нет,да,55.812444422383976,49.37434929105712
16:33:080301:753,455.0,Земли населенных пунктов,Учтенный,"Местоположение установлено относительно ориентира, расположенного в границах участка. Почтовый адрес ориентира: Российская Федерация, Республика Татарстан (Татарстан), м.р-н Пестречинский, с.п. Кощаковское, д Званка, ул Приозерная, з/у 6Г.",Частная,для индивидуального жилищного строительства,ИЖС,0,нет,16:33:080301,761777.84,1674.24,,,,,нет,да,нет,нет,нет,да,нет,да,55.810588133363005,49.37773977810825
16:33:080702:551,147.0,Земли населенных пунктов,Учтенный,"Республика Татарстан, р-н. Пестречинский",Частная,для ведения личного подсобного хозяйства,ЛПХ,0,нет,16:33:080702,239076.9,1626.3735,,,,,нет,нет,нет,нет,да,да,нет,да,55.80818648664147,49.385100032283404
16:33:080301:75,709.0,Земли населенных пунктов,Ранее учтенный,"Местоположение установлено относительно ориентира, расположенного в границах участка. Почтовый адрес ориентира: Российская Федерация, Республика Татарстан (Татарстан), м.р-н Пестречинский, с.п. Кощаковское, д Званка, ул Каменная, з/у 13/1.",,Для ведения личного подсобного хозяйства,ЛПХ,0,нет,16:33:080301,1174146.82,1656.06,,,,,да,нет,нет,нет,да,да,нет,да,55.81104825803158,49.37974121207881
16:33:080301:628,827.0,Земли населенных пунктов,Учтенный,"Местоположение установлено относительно ориентира, расположенного в границах участка. Почтовый адрес ориентира: Российская Федерация, Республика Татарстан (Татарстан), м.р-н Пестречинский, с.п. Кощаковское, д Званка, ул Овражная, з/у 21Б.",Частная,Для ведения личного подсобного хозяйства,ЛПХ,0,нет,16:33:080301,1174496.55,1420.19,,,,,нет,нет,нет,нет,да,да,нет,да,55.81073401812674,49.38830194412779
16:33:080301:178,1134.0,Земли населенных пунктов,Ранее учтенный,"Местоположение установлено относительно ориентира, расположенного в границах участка. Почтовый адрес ориентира: Российская Федерация, Республика Татарстан (Татарстан), м.р-н Пестречинский, с.п. Кощаковское, д Званка, ул Лесная, з/у 1А.",,Для ведения личного подсобного хозяйства,ЛПХ,0,нет,16:33:080301,1779373.58,1569.11,,,,,да,нет,нет,нет,да,да,нет,да,55.81199510462742,49.38359488572275
16:33:080301:264,608.0,Земли населенных пунктов,Учтенный,"Российская Федерация, Республика Татарстан (Татарстан), м.р-н Пестречинский, с.п. Кощаковское, д Званка, ул Каменная, з/у 2",Частная,индивидуальное жилищное строительство,ДРУГОЕ,0,нет,16:33:080301,954588.27,1570.05,,,,,нет,нет,нет,нет,нет,нет,нет,да,55.81074298452274,49.38456026150879
16:33:000000:4213,596.0,Земли населенных пунктов,Учтенный,"Местоположение установлено относительно ориентира, расположенного в границах участка. Почтовый адрес ориентира: Российская Федерация, Республика Татарстан (Татарстан), м.р-н Пестречинский, с.п. Кощаковское, д Званка, ул Овражная, з/у 13.",Частная,для индивидуального жилищного строительства,ИЖС,0,нет,16:33:000000,994203.75,1668.13,,,,,нет,да,нет,нет,нет,да,нет,да,55.80747890341413,49.383363833330634
16:33:080301:646,699.0,Земли населенных пунктов,Учтенный,"Местоположение установлено относительно ориентира, расположенного в границах участка. Почтовый адрес ориентира: Российская Федерация, Республика Татарстан (Татарстан), м.р-н Пестречинский, с.п. Кощаковское, д Званка, ул Каменная, з/у 30А.",Частная,Индивидуальные жилые дома с приусадебными земельными участками,ЖИЛОЙ,0,нет,16:33:080301,1147984.76,1642.32,,,,,нет,нет,нет,нет,нет,да,нет,да,55.81138464989939,49.374508347692924
16:33:080301:540,689.0,Земли населенных пунктов,Учтенный,"Местоположение установлено относительно ориентира, расположенного в границах участка. Почтовый адрес ориентира: Российская Федерация, Республика Татарстан (Татарстан), м.р-н Пестречинский, с.п. Кощаковское, д Званка, ул Лесная, з/у 32А.",,Для ведения личного подсобного хозяйства,ЛПХ,0,нет,16:33:080301,1131108.15,1641.67,,,,,да,нет,нет,нет,да,да,нет,да,55.81197754015585,49.37827409447207
16:33:080301:741,786.0,Земли населенных пунктов,Учтенный,"Местоположение установлено относительно ориентира, расположенного в границах участка. Почтовый адрес ориентира: Российская Федерация, Республика Татарстан (Татарстан), м.р-н Пестречинский, с.п. Кощаковское, д Званка, ул Овражная, з/у 35.",Частная,Для ведения личного подсобного хозяйства,ЛПХ,0,нет,16:33:080301,1142623.84,1453.72,,,,,нет,нет,нет,нет,да,да,нет,да,55.81042247943767,49.38801188359457
16:33:080303:592,744.0,Земли населенных пунктов,Учтенный,"Российская Федерация, Республика Татарстан, Пестречинский муниципальный район, Кощаковское сельское поселение, д. Званка",,религиозное использование (часовня),ДРУГОЕ,0,нет,16:33:080303,961368.9,1292.1625,,,,,да,нет,нет,нет,нет,нет,нет,да,55.80632306456923,49.377129095887206
16:33:080702:412,827.0,Земли населенных пунктов,Учтенный,"Местоположение установлено относительно ориентира, расположенного в границах участка. Почтовый адрес ориентира: Российская Федерация, Республика Татарстан (Татарстан), м.р-н Пестречинский, с.п. Кощаковское, д Званка, ул 70 лет Победы, з/у 3А.",Частная,для жилищного строительства,ДРУГОЕ,0,нет,16:33:080702,1362551.14,1647.583,,,,,нет,нет,нет,нет,нет,нет,нет,да,55.80700798838315,49.392499066411716
16:33:080301:302,172.0,Земли населенных пунктов,Учтенный,"Местоположение установлено относительно ориентира, расположенного в границах участка. Почтовый адрес ориентира: Российская Федерация, Республика Татарстан (Татарстан), м.р-н Пестречинский, с.п. Кощаковское, д Званка, ул Каменная, з/у 23/2.",,Для ведения личного подсобного хозяйства,ЛПХ,0,нет,16:33:080301,280962.21,1633.5,,,,,да,нет,нет,нет,да,да,нет,да,55.812030877919014,49.375819177583914
16:33:080710:699,1200.0,Земли сельскохозяйственного назначения,Учтенный,"Местоположение установлено относительно ориентира, расположенного в границах участка. Почтовый адрес ориентира: Российская Федерация, Республика Татарстан, Пестречинский муниципальный район, Кощаковское сельское поселение.",Частная,Индивидуальное жилищное строительство,ДРУГОЕ,0,нет,16:33:080710,1893865.92,1578.2216,,,,,нет,нет,нет,нет,нет,нет,нет,нет,55.81014264832405,49.370664898699566
16:33:080301:137,1738.0,Земли населенных пунктов,Ранее учтенный,"Местоположение установлено относительно ориентира, расположенного в границах участка. Почтовый адрес ориентира: Российская Федерация, Республика Татарстан (Татарстан), м.р-н Пестречинский, с.п. Кощаковское, д Званка, ул Приозерная, з/у 5.",Частная,Индивидуальные жилые дома с приусадебными земельными участками,ЖИЛОЙ,0,нет,16:33:080301,2921005.5,1680.67,,,,,нет,нет,нет,нет,нет,да,нет,да,55.8101099979081,49.3795150047939
16:33:080303:590,757.0,Земли населенных пунктов,Учтенный,"Российская Федерация, Республика Татарстан, Пестречинский муниципальный район, Кощаковское сельское поселение, д Званка",Частная,для индивидуального жилищного строительства,ИЖС,0,нет,16:33:080303,1363732.24,1801.4957,,,,,нет,да,нет,нет,нет,да,нет,да,55.805900170274526,49.376794333200905
16:33:080303:593,1013.0,Земли населенных пунктов,Учтенный,"Российская Федерация, Республика Татарстан (Татарстан), м.р-н Пестречинский, с.п. Кощаковское, д Званка, ул Придорожная, з/у 13",Частная,Для индивидуального жилищного строительства,ИЖС,0,нет,16:33:080303,1924585.02,1899.89,,,,,нет,да,нет,нет,нет,да,нет,да,55.80226720355261,49.37725033099905
16:33:080702:802,548.0,Земли населенных пунктов,Учтенный,"Местоположение установлено относительно ориентира, расположенного в границах участка. Почтовый адрес ориентира: Российская Федерация, Республика Татарстан (Татарстан), м.р-н Пестречинский, с.п. Кощаковское, д Званка, ул Сосновая, з/у 4.",Частная,Для жилищного строительства,ДРУГОЕ,0,нет,16:33:080702,870026.12,1587.6389,,,,,нет,нет,нет,нет,нет,нет,нет,да,55.80857229058842,49.39109567500124
16:33:080302:909,2385.0,Земли населенных пунктов,Учтенный,"Республика Татарстан, Пестречинский муниципальный район, Званковское сельское поселение, д Званка, ул. Трудовая, д. 15",Частная,для ведения личного подсобного хозяйства,ЛПХ,0,нет,16:33:080302,4481726.48,1879.13,,,,,нет,нет,нет,нет,да,да,нет,да,55.803811223044626,49.368084325308395
16:33:080303:596,2474.0,Земли населенных пунктов,Учтенный,"Российская Федерация, Республика Татарстан, Пестречинский муниципальный район, Кощаковское сельское поселение, д Званка, ул. Зеленая, дом 7",Частная,для индивидуального жилищного строительства,ИЖС,0,нет,16:33:080303,4492403.5,1815.85,,,,,нет,да,нет,нет,нет,да,нет,да,55.803880581276914,49.37941452969423
16:33:080303:598,2554.0,Земли населенных пунктов,Учтенный,"Местоположение установлено относительно ориентира, расположенного в границах участка. Почтовый адрес ориентира: Российская Федерация, Республика Татарстан, Пестречинский муниципальный район, Кощаковское сельское поселение, д Званка.",Частная,для ведения личного подсобного хозяйства,ЛПХ,0,нет,16:33:080303,4491232.5,1758.51,,,,,нет,нет,нет,нет,да,да,нет,да,55.806052891118554,49.37971534597822
16:33:080302:140,1000.0,Земли населенных пунктов,Ранее учтенный,"Местоположение установлено относительно ориентира, расположенного в границах участка. Почтовый адрес ориентира: Республика Татарстан, р-н Пестречинский муниципальный, с/п Званковское, д Званка.",,Для индивидуального жилищного строительства,ИЖС,0,нет,16:33:080302,1778055.2,1778.06,,,,,да,да,нет,нет,нет,да,нет,да,55.8061490021012,49.36777107045729
16:33:080702:52,1500.0,Земли сельскохозяйственного назначения,Учтенный,"Российская Федерация, Республика Татарстан, муниципальный район Пестречинский, сельское поселение Кощаковское, деревня Званка, улица Приозерная, земельный участок 25А",Частная,Ведение личного подсобного хозяйства,ЛПХ,0,нет,16:33:080702,2426883.0,1617.92,,,,,нет,нет,нет,нет,да,нет,нет,нет,55.8081287756877,49.374564431626055
16:33:080303:54,1461.0,Земли населенных пунктов,Ранее учтенный,"Местоположение установлено относительно ориентира, расположенного в границах участка. Почтовый адрес ориентира: Республика Татарстан, Пестречинский муниципальный район, Кощаковское сельское поселение, д Званка, ул. Зеленая, 12.",,индивидуальные жилые дома с приусадебными земельными участками,ЖИЛОЙ,0,нет,16:33:080303,2658709.98,1819.79,,,,,да,нет,нет,нет,нет,да,нет,да,55.80336170142821,49.38036322897133
16:33:080302:47,1500.0,Земли населенных пунктов,Ранее учтенный,"Местоположение установлено относительно ориентира, расположенного в границах участка. Почтовый адрес ориентира: Российская Федерация, Республика Татарстан, Пестречинский муниципальный район,  д Званка, ул. Дачная,  з/у 15.",,Для ведения личного подсобного хозяйства,ЛПХ,0,нет,16:33:080302,2868139.8,1912.0932,,,,,да,нет,нет,нет,да,да,нет,да,55.80343478518569,49.3699981368079
16:33:080302:228,752.0,Земли населенных пунктов,Учтенный,"Местоположение установлено относительно ориентира, расположенного в границах участка. Почтовый адрес ориентира: Российская Федерация, Республика Татарстан, Пестречинский муниципальный район, д Званка, ул. Трудовая, з/у 6А.",Частная,под жилую застройку индивидуальную,ДРУГОЕ,0,нет,16:33:080302,1437015.9,1910.93,,,,,нет,нет,нет,нет,нет,нет,нет,да,55.80236753770162,49.36877286389903
16:33:080302:161,990.0,Земли населенных пунктов,Ранее учтенный,"Местоположение установлено относительно ориентира, расположенного в границах участка. Почтовый адрес ориентира: Российская Федерация, Республика Татарстан, Пестречинский муниципальный район, д Званка, ул. Просторная, з/у 15.",,Под жилую застройку Индивидуальную,ДРУГОЕ,0,нет,16:33:080302,1852094.08,1870.8021,,,,,да,нет,нет,нет,нет,нет,нет,да,55.803642157736455,49.374096673736105
16:33:080303:112,715.0,Земли населенных пунктов,Учтенный,"Местоположение установлено относительно ориентира, расположенного в границах участка. Почтовый адрес ориентира: Республика Татарстан, Пестречинский муниципальный район, Званковское сельское поселение, д Званка, ул. Зеленая, д.10 а.",Частная,для строительства жилого дома,ЖИЛОЙ,0,нет,16:33:080303,1312179.08,1835.22,,,,,нет,нет,нет,нет,нет,да,нет,да,55.80321402538106,49.379976059124424
16:33:080302:605,739.0,Земли населенных пунктов,Учтенный,"Российская Федерация, Республика Татарстан, Пестречинский муниципальный район, Кощаковское сельское поселение, деревня Званка, улица Трудовая, земельный участок 30А",Частная,Под жилую застройку индивидуальную,ДРУГОЕ,0,нет,16:33:080302,1345745.75,1821.04,,,,,нет,нет,нет,нет,нет,нет,нет,да,55.805518164314854,49.36992691651148
16:33:080302:210,848.0,Земли населенных пунктов,Учтенный,"Местоположение установлено относительно ориентира, расположенного в границах участка. Почтовый адрес ориентира: Российская Федерация, Республика Татарстан (Татарстан), м.р-н Пестречинский, с.п. Кощаковское, д Званка, ул Просторная, з/у 7А.",Частная,Для ведения личного подсобного хозяйства,ЛПХ,0,нет,16:33:080302,1612294.51,1901.29,,,,,нет,нет,нет,нет,да,да,нет,да,55.80252155856316,49.37348150532851
16:33:080302:152,990.0,Земли населенных пунктов,Ранее учтенный,"Местоположение установлено относительно ориентира, расположенного в границах участка. Почтовый адрес ориентира: Республика Татарстан, Пестречинский муниципальный район, Кощаковское сельское поселение, д Званка, ул. Советская, д. 20.",Частная,Под жилую застройку Индивидуальную,ДРУГОЕ,0,нет,16:33:080302,1847996.77,1866.6634,,,,,нет,нет,нет,нет,нет,нет,нет,да,55.80378423302773,49.37327715752206
16:33:080302:22,1536.0,Земли населенных пунктов,Ранее учтенный,"Местоположение установлено относительно ориентира, расположенного в границах участка. Почтовый адрес ориентира: Российская Федерация, Республика Татарстан (Татарстан), м.р-н Пестречинский, с.п. Кощаковское, д Званка, ул Советская, з/у 7.",,Для строительства дома и  сельскохозяйственного производства,СХ,0,нет,16:33:080302,2944567.45,1917.04,,,,,да,нет,нет,нет,нет,нет,нет,да,55.80252486512989,49.371509016618596
16:33:080302:130,1551.0,Земли населенных пунктов,Ранее учтенный,"Российская Федерация, Республика Татарстан, муниципальный район Пестречинский, сельское поселение Кощаковское, деревня Званка, улица Приозерная, земельный участок 49",Частная,Для ведения личного подсобного хозяйства,ЛПХ,0,нет,16:33:080302,2839261.53,1830.6,,,,,нет,нет,нет,нет,да,да,нет,да,55.80427504067159,49.366467221651625
16:33:080702:509,140.0,Земли населенных пунктов,Учтенный,"Местоположение установлено относительно ориентира, расположенного в границах участка. Почтовый адрес ориентира: Российская Федерация, Республика Татарстан, Пестречинский муниципальный район, Кощаковское сельское поселение, д Званка.",Частная,для ведения личного подсобного хозяйства,ЛПХ,0,нет,16:33:080702,241365.73,1724.0409,,,,,нет,нет,нет,нет,да,да,нет,да,55.807256190284946,49.38088373473437
16:33:080302:133,1501.0,Земли населенных пунктов,Ранее учтенный,"Местоположение установлено относительно ориентира, расположенного в границах участка. Почтовый адрес ориентира: Российская Федерация, Республика Татарстан (Татарстан), м.р-н Пестречинский, с.п. Кощаковское, д Званка, ул Дачная, з/у 26.",,Для строительства жилого дома,ЖИЛОЙ,0,нет,16:33:080302,2767153.39,1843.54,,,,,да,нет,нет,нет,нет,да,нет,да,55.805574774608935,49.37159943564095
16:33:080301:662,852.0,Земли населенных пунктов,Учтенный,"Местоположение установлено относительно ориентира, расположенного в границах участка. Почтовый адрес ориентира: Российская Федерация, Республика Татарстан (Татарстан), м.р-н Пестречинский, с.п. Кощаковское, д Званка, ул Приозерная, з/у 33А.",Частная,для ведения личного подсобного хозяйства,ЛПХ,0,нет,16:33:080301,1339901.21,1572.65,,,,,нет,нет,нет,нет,да,да,нет,да,55.808548277330054,49.37116698799198
16:33:080303:95,1209.0,Земли населенных пунктов,Ранее учтенный,"Местоположение установлено относительно ориентира, расположенного в границах участка. Почтовый адрес ориентира: Российская Федерация, Республика Татарстан, Пестречинский муниципальный район, Кощаковское сельское поселение, д Званка, ул. Овражная, з/у 4Б.",,Для ведения личного подсобного хозяйства,ЛПХ,0,нет,16:33:080303,2125969.44,1758.45,,,,,да,нет,нет,нет,да,да,нет,да,55.806770662781865,49.37941104382582
16:33:080302:481,1048.0,Земли населенных пунктов,Учтенный,"Местоположение установлено относительно ориентира, расположенного в границах участка. Почтовый адрес ориентира: Республика Татарстан, Пестречинский муниципальный район, Кощаковское сельское поселение, д Званка, ул. Дачная.",Частная,для ведения личного подсобного хозяйства,ЛПХ,0,нет,16:33:080302,1935594.27,1846.94,,,,,нет,нет,нет,нет,да,да,нет,да,55.80521421396207,49.37055377038229
16:33:080302:23,1483.0,Земли населенных пунктов,Ранее учтенный,"Местоположение установлено относительно ориентира, расположенного в границах участка. Почтовый адрес ориентира: Российская Федерация, Республика Татарстан (Татарстан), м.р-н Пестречинский, с.п. Кощаковское, д Званка, ул Советская, з/у 11.",Частная,Для ведения личного подсобного хозяйства,ЛПХ,0,нет,16:33:080302,2844015.54,1917.74,,,,,нет,нет,нет,нет,да,да,нет,да,55.80278266079197,49.37166166746212
16:33:080303:212,647.0,Земли населенных пунктов,Учтенный,"Местоположение установлено относительно ориентира, расположенного в границах участка. Почтовый адрес ориентира: Республика Татарстан, Пестречинский муниципальный район, Кощаковское сельское поселение, д Званка, ул. Зеленая, д. 1 а.",Частная,Благоустройство территории,ДРУГОЕ,0,нет,16:33:080303,206854.18,319.71,,,,,нет,нет,нет,нет,нет,нет,нет,да,55.803431365974895,49.37817004904665
16:33:080303:272,1653.0,Земли населенных пунктов,Учтенный,"Местоположение установлено относительно ориентира, расположенного в границах участка. Почтовый адрес ориентира: Республика Татарстан, Пестречинский муниципальный район, Кощаковское сельское поселение, д Званка.",Частная,для ведения личного подсобного хозяйства,ЛПХ,0,нет,16:33:080303,2847343.25,1722.53,,,,,нет,нет,нет,нет,да,да,нет,да,55.806662520578904,49.38110661479581
16:33:080302:160,990.0,Земли населенных пунктов,Ранее учтенный,"Местоположение установлено относительно ориентира, расположенного в границах участка. Почтовый адрес ориентира: Российская Федерация, Республика Татарстан, Пестречинский муниципальный район, д Званка, ул. Просторная, з/у 17.",,Под жилую застройку Индивидуальную,ДРУГОЕ,0,нет,16:33:080302,1852094.08,1870.8021,,,,,да,нет,нет,нет,нет,нет,нет,да,55.80383395278839,49.374181144058454
16:33:080301:173,1963.0,Земли населенных пунктов,Ранее учтенный,"Местоположение установлено относительно ориентира, расположенного в границах участка. Почтовый адрес ориентира: Российская Федерация, Республика Татарстан (Татарстан), м.р-н Пестречинский, с.п. Кощаковское, д Званка, ул Приозерная, з/у 25.",,Для ведения личного подсобного хозяйства,ЛПХ,0,нет,16:33:000000,3119823.58,1589.31,,,,,да,нет,нет,нет,да,да,нет,да,55.80834219696541,49.37391399121618
16:33:080302:539,430.0,Земли населенных пунктов,Учтенный,"Местоположение установлено относительно ориентира, расположенного в границах участка. Почтовый адрес ориентира: Республика Татарстан, Пестречинский муниципальный район, Кощаковское сельское поселение, д Званка, ул.Дачная, 5.",Частная,для индивидуального жилищного строительства,ИЖС,0,нет,16:33:080302,831534.3,1933.8007,,,,,нет,да,нет,нет,нет,да,нет,да,55.80214931352671,49.36986380565795
16:33:080302:85,1505.0,Земли населенных пунктов,Ранее учтенный,"Местоположение установлено относительно ориентира, расположенного в границах участка. Почтовый адрес ориентира: Российская Федерация, Республика Татарстан, Пестречинский муниципальный район, Кощаковское сельское поселение,  д Званка, ул. Трудовая,  з/у 54.",,Для индивидуального жилищного строительства,ИЖС,0,нет,16:33:080302,2844639.18,1890.13,,,,,да,да,нет,нет,нет,да,нет,да,55.802740439147456,49.367235496553924
16:33:080302:635,800.0,Земли населенных пунктов,Учтенный,"Местоположение установлено относительно ориентира, расположенного в границах участка. Почтовый адрес ориентира: Российская Федерация, Республика Татарстан, Пестречинский муниципальный район, Кощаковское сельское поселение, д Званка.",Частная,для ведения личного подсобного хозяйства,ЛПХ,0,нет,16:33:080302,1483723.52,1854.6544,,,,,нет,нет,нет,нет,да,да,нет,да,55.80414788273789,49.375150799178726
16:33:080302:510,772.0,Земли населенных пунктов,Учтенный,"Местоположение установлено относительно ориентира, расположенного в границах участка. Почтовый адрес ориентира: Республика Татарстан, Пестречинский муниципальный район, Кощаковское сельское поселение, д Званка, ул. Дачная, д. 19.",Частная,Для строительства жилого дома,ЖИЛОЙ,0,нет,16:33:080302,1453176.13,1882.35,,,,,нет,нет,нет,нет,нет,да,нет,да,55.80412114485199,49.37046478130072
16:33:080302:492,1601.0,Земли населенных пунктов,Учтенный,"Местоположение установлено относительно ориентира, расположенного в границах участка. Почтовый адрес ориентира: Республика Татарстан, Пестречинский муниципальный район, Кощаковское сельское поселение, д Званка, ул. Дачная, д. 24.",Частная,для индивидуального жилищного строительства,ИЖС,0,нет,16:33:080302,2953100.05,1844.53,,,,,нет,да,нет,нет,нет,да,нет,да,55.805261423327735,49.371395037986325
16:33:080302:164,1040.0,Земли населенных пунктов,Ранее учтенный,"Местоположение установлено относительно ориентира, расположенного в границах участка. Почтовый адрес ориентира: Российская Федерация, Республика Татарстан (Татарстан), м.р-н Пестречинский, с.п. Кощаковское, д Званка, ул Просторная, з/у 18.",,Под жилую застройку Индивидуальную,ДРУГОЕ,0,нет,16:33:080302,1928840.58,1854.65,,,,,да,нет,нет,нет,нет,нет,нет,да,55.804372874718915,49.37522891018491
16:33:080301:609,225.0,Земли населенных пунктов,Учтенный,"Местоположение установлено относительно ориентира, расположенного в границах участка. Почтовый адрес ориентира: Российская Федерация, Республика Татарстан (Татарстан), м.р-н Пестречинский, с.п. Кощаковское, д Званка, ул Приозерная, з/у 33А/1.",Частная,для ведения личного садоводства,СНТ,0,нет,16:33:080301,129839.44,577.06,,,,,нет,нет,да,нет,нет,да,нет,да,55.80846168028455,49.37098641555885
16:33:080302:145,990.0,Земли населенных пунктов,Ранее учтенный,"Местоположение установлено относительно ориентира, расположенного в границах участка. Почтовый адрес ориентира: Российская Федерация, Республика Татарстан (Татарстан), м.р-н Пестречинский, с.п. Кощаковское, д Званка, ул Советская, з/у 34.",,Под жилую застройку Индивидуальную,ДРУГОЕ,0,нет,16:33:080302,1802701.99,1820.9111,,,,,да,нет,нет,нет,нет,нет,нет,да,55.80512620140399,49.37387089194233
16:33:080710:54,800.0,Земли населенных пунктов,Ранее учтенный,"Местоположение установлено относительно ориентира, расположенного в границах участка. Почтовый адрес ориентира: Российская Федерация, Республика Татарстан (Татарстан), м.р-н Пестречинский, с.п. Кощаковское, д Званка, ул Приозерная, з/у 28.",,Для ведения личного подсобного хозяйства,ЛПХ,0,нет,16:33:080710,1261854.56,1577.32,,,,,да,нет,нет,нет,да,да,нет,да,55.80993581461476,49.37018383135111
16:33:080702:450,804.0,Земли населенных пунктов,Учтенный,"Местоположение установлено относительно ориентира, расположенного в границах участка. Почтовый адрес ориентира: Республика Татарстан, Пестречинский муниципальный район, Кощаковское сельское поселение, д Званка, ул. Романтика, 22А.",Частная,для жилищного строительства,ДРУГОЕ,0,нет,16:33:080702,1330890.71,1655.3367,,,,,нет,нет,нет,нет,нет,нет,нет,да,55.80613994520514,49.3827097644786
16:33:080302:227,919.0,Земли населенных пунктов,Учтенный,"Местоположение установлено относительно ориентира, расположенного в границах участка. Почтовый адрес ориентира: Российская Федерация, Республика Татарстан (Татарстан), м.р-н Пестречинский, с.п. Кощаковское, д Званка, ул Просторная, з/у 3.",Частная,Для ведения личного подсобного хозяйства,ЛПХ,0,нет,16:33:080302,1759590.83,1914.68,,,,,нет,нет,нет,нет,да,да,нет,да,55.80193501998633,49.37325069428835
16:33:080302:148,989.0,Земли населенных пунктов,Ранее учтенный,"Местоположение установлено относительно ориентира, расположенного в границах участка. Почтовый адрес ориентира: Российская Федерация, Республика Татарстан, Пестречинский муниципальный район, д Званка, ул. Советская, з/у 28.",,Под жилую застройку Индивидуальную,ДРУГОЕ,0,нет,16:33:080302,1823493.87,1843.7754,,,,,да,нет,нет,нет,нет,нет,нет,да,55.804542458626784,49.37361239933277
16:33:080710:145,1000.0,Земли сельскохозяйственного назначения,Учтенный,"Российская Федерация, Республика Татарстан, муниципальный район Пестречинский, сельское поселение Кощаковское, деревня Званка, территория СНТ Алмаз, улица Сосновая, земельный участок 5",,"Земельные участки, находящиеся в составе дачных, садоводческих и огороднических объединений",ДРУГОЕ,0,нет,16:33:080710,767730.9,767.7309,,,,,да,нет,нет,нет,нет,нет,нет,нет,55.80345977384768,49.364668426655385
16:33:080303:265,1187.0,Земли населенных пунктов,Учтенный,"Местоположение установлено относительно ориентира, расположенного в границах участка. Почтовый адрес ориентира: Российская Федерация, Республика Татарстан, Пестречинский муниципальный район, Кощаковское сельское поселение, д Званка, ул. Придорожная, з/у 1А.",Частная,для ведения личного подсобного хозяйства,ЛПХ,0,нет,16:33:080303,2098482.11,1767.89,,,,,нет,нет,нет,нет,да,да,нет,да,55.80671918423485,49.37841420149124
16:33:080303:113,704.0,Земли населенных пунктов,Учтенный,"Местоположение установлено относительно ориентира, расположенного в границах участка. Почтовый адрес ориентира: Республика Татарстан, Пестречинский муниципальный район, Званковское сельское поселение, д Званка, ул. Зеленая, д. 10.",,для строительства жилого дома,ЖИЛОЙ,0,нет,16:33:080303,1292982.73,1836.62,,,,,да,нет,нет,нет,нет,да,нет,да,55.80323668658634,49.379685877785874
16:33:080303:31,1408.0,Земли населенных пунктов,Ранее учтенный,"Местоположение установлено относительно ориентира, расположенного в границах участка. Почтовый адрес ориентира: Республика Татарстан, Пестречинский муниципальный район, Кощаковское сельское поселение, д Званка, ул. Новая, д. 3.",Частная,Для ведения личного подсобного хозяйства,ЛПХ,0,нет,16:33:080303,2536723.06,1801.65,,,,,нет,нет,нет,нет,да,да,нет,да,55.80512933182766,49.378361043577804
16:33:080302:515,1653.0,Земли населенных пунктов,Учтенный,"Местоположение установлено относительно ориентира, расположенного в границах участка. Почтовый адрес ориентира: Российская Федерация, Республика Татарстан, Пестречинский муниципальный район,  д Званка, ул. Трудовая,  з/у  12.",Частная,Для индивидуального жилищного строительства,ИЖС,0,нет,16:33:080302,3147671.53,1904.22,,,,,нет,да,нет,нет,нет,да,нет,да,55.80313013369601,49.369031258593594
16:33:080302:45,1490.0,Земли населенных пунктов,Ранее учтенный,"Местоположение установлено относительно ориентира, расположенного в границах участка. Почтовый адрес ориентира: Российская Федерация, Республика Татарстан (Татарстан), м.р-н Пестречинский, с.п. Кощаковское, д Званка, ул Дачная, з/у 7.",,Для ведения личного подсобного хозяйства и индивидуального жилищного строительства,ИЖС,0,нет,16:33:080302,2855376.85,1916.36,,,,,да,да,нет,нет,да,да,нет,да,55.802834975579536,49.36993407910841
16:33:080302:358,750.0,Земли населенных пунктов,Учтенный,"Местоположение установлено относительно ориентира, расположенного в границах участка. Почтовый адрес ориентира: Российская Федерация, Республика Татарстан (Татарстан), м.р-н Пестречинский, с.п. Кощаковское, д Званка, ул Приозерная, з/у 55.",,Для индивидуального жилищного строительства,ИЖС,0,нет,16:33:080302,1385315.4,1847.09,,,,,да,да,нет,нет,нет,да,нет,да,55.80343506726449,49.3664015675396
16:33:080303:96,881.0,Земли населенных пунктов,Ранее учтенный,"Местоположение установлено относительно ориентира, расположенного в границах участка. Почтовый адрес ориентира: Российская Федерация, Республика Татарстан (Татарстан), м.р-н Пестречинский, с.п. Кощаковское, д Званка, ул Придорожная, з/у 19.",Частная,Под строительство и ведение личного подсобного хозяйства,ЛПХ,0,нет,16:33:000000,1539792.68,1747.78,,,,,нет,нет,нет,нет,да,да,нет,да,55.80727821034546,49.37908208260335
16:33:080303:68,799.0,Земли населенных пунктов,Ранее учтенный,"Местоположение установлено относительно ориентира, расположенного в границах участка. Почтовый адрес ориентира: Российская  Федерация, Республика Татарстан,  Пестречинский муниципальный район, Кощаковское  сельское поселение, д Званка, ул. Зеленая, з/у 13а.",Частная,Под строительство жилого дома,ЖИЛОЙ,0,нет,16:33:080303,1495178.45,1871.31,,,,,нет,нет,нет,нет,нет,да,нет,да,55.80244818902595,49.37888850548364
16:33:080303:26,1910.0,Земли населенных пунктов,Ранее учтенный,"Местоположение установлено относительно ориентира, расположенного в границах участка. Почтовый адрес ориентира: Республика Татарстан, Пестречинский муниципальный район, Кощаковское сельское поселение, д Званка, ул. Новая, 13.",,Для индивидуального жилищного строительства,ИЖС,0,нет,16:33:080303,3379717.69,1769.49,,,,,да,да,нет,нет,нет,да,нет,да,55.80547235297079,49.38038092957281
16:33:080303:240,1081.0,Земли населенных пунктов,Учтенный,"Местоположение установлено относительно ориентира, расположенного в границах участка. Почтовый адрес ориентира: Республика Татарстан, Пестречинский муниципальный район, Кощаковское сельское поселение, д Званка, ул. Зеленая, 10Б.",Частная,для ведения личного подсобного хозяйства (приусадебные участки),ЛПХ,0,нет,16:33:080303,1989771.08,1840.68,,,,,нет,нет,нет,нет,да,да,нет,да,55.802712318599085,49.38013662536462
16:33:080303:20,1649.0,Земли населенных пунктов,Ранее учтенный,"Местоположение установлено относительно ориентира, расположенного в границах участка. Почтовый адрес ориентира: Российская Федерация, Республика Татарстан (Татарстан), м.р-н Пестречинский, с.п. Кощаковское, д Званка, ул Овражная, з/у 4.",,Для личного садоводства,СНТ,0,нет,16:33:080303,990861.18,600.89,,,,,да,нет,да,нет,нет,да,нет,да,55.80651215641092,49.379634735974214
16:33:080303:177,756.0,Земли населенных пунктов,Учтенный,"Местоположение установлено относительно ориентира, расположенного в границах участка. Почтовый адрес ориентира: Российская Федерация, Республика Татарстан (Татарстан), м.р-н Пестречинский, с.п. Кощаковское, д Званка, ул Приозерная, з/у 13/2.",Частная,Для ведения личного подсобного хозяйства,ЛПХ,0,нет,16:33:080303,1424112.58,1883.75,,,,,нет,нет,нет,нет,да,да,нет,да,55.802111765063074,49.37760733414815
16:33:080302:93,1555.0,Земли населенных пунктов,Ранее учтенный,"Местоположение установлено относительно ориентира, расположенного в границах участка. Почтовый адрес ориентира: Российская Федерация, Республика Татарстан, Пестречинский муниципальный район,  д Званка, ул. Приозерная,  з/у 38.",,Для ведения личного подсобного хозяйства,ЛПХ,0,нет,16:33:080302,2835115.5,1823.23,,,,,да,нет,нет,нет,да,да,нет,да,55.805031366949684,49.367592750958416
16:33:080302:888,807.0,Земли населенных пунктов,Учтенный,"Российская Федерация, Республика Татарстан, Пестречинский муниципальный район, Кощаковское сельское поселение, д  Званка, ул. Трудовая, з/у 16а",Частная,для ведения личного подсобного хозяйства,ЛПХ,0,нет,16:33:080302,1517902.52,1880.92,,,,,нет,нет,нет,нет,да,да,нет,да,55.80384630470824,49.36923992427742
16:33:080302:74,1100.0,Земли населенных пунктов,Ранее учтенный,"Местоположение установлено относительно ориентира, расположенного в границах участка. Почтовый адрес ориентира: Российская Федерация, Республика Татарстан, Пестречинский муниципальный район, Кощаковское сельское поселение, д Званка, ул. Трудовая, з/у 13.",,Для ведения личного подсобного хозяйства,ЛПХ,0,нет,16:33:080302,2067647.12,1879.68,,,,,да,нет,нет,нет,да,да,нет,да,55.80342700894777,49.36814459210914
16:33:080302:623,500.0,Земли населенных пунктов,Учтенный,"Местоположение установлено относительно ориентира, расположенного в границах участка. Почтовый адрес ориентира: Российская Федерация, Республика Татарстан, Пестречинский муниципальный район, Кощаковское сельское поселение, д Званка, ул. Дачная, з/у 20А.",Частная,Ведение личного подсобного хозяйства,ЛПХ,0,нет,16:33:080302,935004.9,1870.0098,,,,,нет,нет,нет,нет,да,да,нет,да,55.80431409309739,49.37148299729517
16:33:080302:621,508.0,Земли населенных пунктов,Учтенный,"Местоположение установлено относительно ориентира, расположенного в границах участка. Почтовый адрес ориентира: Республика Татарстан, Пестречинский муниципальный район, Кощаковское сельское поселение, д Званка, ул. Строителей.",Частная,Ведение личного подсобного хозяйства,ЛПХ,0,нет,16:33:080302,949964.98,1870.01,,,,,нет,нет,нет,нет,да,да,нет,да,55.80440863436002,49.37107911664844
16:33:080302:420,470.0,Земли населенных пунктов,Учтенный,"Местоположение установлено относительно ориентира, расположенного в границах участка. Почтовый адрес ориентира: Российская Федерация, Республика Татарстан (Татарстан), м.р-н Пестречинский, с.п. Кощаковское, д Званка, ул Приозерная, з/у 45А.",Частная,Для индивидуального жилищного строительства,ИЖС,0,нет,16:33:080302,855628.66,1820.49,,,,,нет,да,нет,нет,нет,да,нет,да,55.80491770224368,49.36688332263122
16:33:080302:614,1241.0,Земли населенных пунктов,Учтенный,"Местоположение установлено относительно ориентира, расположенного в границах участка. Почтовый адрес ориентира: Российская Федерация, Республика Татарстан, Пестречинский муниципальный район, Кощаковское сельское поселение, д Званка.",Частная,для индивидуальной жилой застройки,ДРУГОЕ,0,нет,16:33:080302,2357758.65,1899.89,,,,,нет,нет,нет,нет,нет,нет,нет,да,55.80253895521012,49.374631632217934
16:33:080302:424,505.0,Земли населенных пунктов,Учтенный,"Местоположение установлено относительно ориентира, расположенного в границах участка. Почтовый адрес ориентира: Российская Федерация, Республика Татарстан (Татарстан), м.р-н Пестречинский, с.п. Кощаковское, д Званка, ул Советская, з/у 21А.",Частная,для строительства жилого дома,ЖИЛОЙ,0,нет,16:33:080302,940585.93,1862.55,,,,,нет,нет,нет,нет,нет,да,нет,да,55.80448003959113,49.37237984713585
16:33:080302:560,984.0,Земли населенных пунктов,Учтенный,"Местоположение установлено относительно ориентира, расположенного в границах участка. Почтовый адрес ориентира: Республика Татарстан, Пестречинский муниципальный район, Кощаковское сельское поселение, д Званка.",,для индивидуального жилищного строительства,ИЖС,0,нет,16:33:080302,1875827.64,1906.33,,,,,да,да,нет,нет,нет,да,нет,да,55.8023173834699,49.37457500832224
16:33:080302:369,856.0,Земли населенных пунктов,Учтенный,"Местоположение установлено относительно ориентира, расположенного в границах участка. Почтовый адрес ориентира: Республика Татарстан, Пестречинский муниципальный район, Кощаковское сельское поселение, д Званка, ул. Просторная, д. 5.",Частная,для ведения личного подсобного хозяйства,ЛПХ,0,нет,16:33:080302,1638016.43,1913.57,,,,,нет,нет,нет,нет,да,да,нет,да,55.80229389412815,49.37329992089319
16:33:080302:32,1441.0,Земли населенных пунктов,Ранее учтенный,"Местоположение установлено относительно ориентира, расположенного в границах участка. Почтовый адрес ориентира: Республика Татарстан, Пестречинский муниципальный район, Званковское сельское поселение, д Званка, ул. Дачная, д. 6.",,Для ведения личного подсобного хозяйства,ЛПХ,0,нет,16:33:080302,2780422.18,1929.51,,,,,да,нет,нет,нет,да,да,нет,да,55.802233771311236,49.37067313526084
16:33:080302:226,886.0,Земли населенных пунктов,Учтенный,"Местоположение установлено относительно ориентира, расположенного в границах участка. Почтовый адрес ориентира: Российская Федерация, Республика Татарстан (Татарстан), м.р-н Пестречинский, с.п. Кощаковское, д Званка, ул Просторная, з/у 3А.",Частная,Для ведения личного подсобного хозяйства,ЛПХ,0,нет,16:33:080302,1695771.13,1913.96,,,,,нет,нет,нет,нет,да,да,нет,да,55.80210992004713,49.37327943249422
16:33:080302:142,1500.0,Земли населенных пунктов,Ранее учтенный,"Местоположение установлено относительно ориентира, расположенного в границах участка. Почтовый адрес ориентира: Республика Татарстан, р-н. Пестречинский, д. Званка.",,Для ведения личного подсобного хозяйства,ЛПХ,0,нет,16:33:080302,2664094.65,1776.06,,,,,да,нет,нет,нет,да,да,нет,да,55.806251062515415,49.370749199622175
16:33:080302:46,1573.0,Земли населенных пунктов,Ранее учтенный,"Местоположение установлено относительно ориентира, расположенного в границах участка. Почтовый адрес ориентира: Российская Федерация, Республика Татарстан (Татарстан), м.р-н Пестречинский, с.п. Кощаковское, д Званка, ул Дачная, з/у 13.",Частная,Для ведения личного подсобного хозяйства,ЛПХ,0,нет,16:33:080302,3007722.6,1912.09,,,,,нет,нет,нет,нет,да,да,нет,да,55.803090810675066,49.370011638770535
16:33:080302:35,1550.0,Земли населенных пунктов,Ранее учтенный,"Местоположение установлено относительно ориентира, расположенного в границах участка. Почтовый адрес ориентира: Российская Федерация,  Республика Татарстан, Пестречинский муниципальный район, Кощаковское сельское поселение, д Званка, ул. Дачная, з/у 12.",,Для сельскохозяйственного производства и строительства дома,СХ,0,нет,16:33:080302,2967418.89,1914.46,,,,,да,нет,нет,нет,нет,нет,нет,да,55.80315893945091,49.37102384476218
16:33:080302:181,619.0,Земли населенных пунктов,Ранее учтенный,"Местоположение установлено относительно ориентира, расположенного в границах участка. Почтовый адрес ориентира: Российская Федерация, Республика Татарстан (Татарстан), м.р-н Пестречинский, с.п. Кощаковское, д Званка, ул Советская, з/у 4.",Частная,Под жилую застройку индивидуальную,ДРУГОЕ,0,нет,16:33:080302,1185039.04,1914.44,,,,,нет,нет,нет,нет,нет,нет,нет,да,55.80153393213053,49.37263906859168
16:33:080302:169,1545.0,Земли населенных пунктов,Ранее учтенный,"Местоположение установлено относительно ориентира, расположенного в границах участка. Почтовый адрес ориентира: Российская Федерация, Республика Татарстан (Татарстан), м.р-н Пестречинский, с.п. Кощаковское, д Званка, ул Дачная, з/у 28.",,Для ведения личного подсобного хозяйства,ЛПХ,0,нет,16:33:080302,2816371.23,1822.89,,,,,да,нет,нет,нет,да,да,нет,да,55.80592476819567,49.37183130392468
16:33:080302:543,1648.0,Земли населенных пунктов,Учтенный,"Местоположение установлено относительно ориентира, расположенного в границах участка. Почтовый адрес ориентира: Республика Татарстан, Пестречинский муниципальный район, Званковское сельское поселение, д Званка, ул. Просторная, д. 8, кв. 2.",Частная,Для ведения личного подсобного хозяйства,ЛПХ,0,нет,16:33:080302,3100917.01,1881.62,,,,,нет,нет,нет,нет,да,да,нет,да,55.80303414668072,49.374998488750855
16:33:080302:50,1513.0,Земли населенных пунктов,Ранее учтенный,"Местоположение установлено относительно ориентира, расположенного в границах участка. Почтовый адрес ориентира: Респблика Татарстан, Пестречинский муниципальный район, Кощаковское сельское поселение, д Званка, ул. Дачная, д. 21.",Частная,индивидуальное жилищное строительство,ДРУГОЕ,0,нет,16:33:080302,2842165.2,1878.5,,,,,нет,нет,нет,нет,нет,нет,нет,да,55.80438038932808,49.3702833612116
16:33:080302:410,527.0,Земли населенных пунктов,Учтенный,"Местоположение установлено относительно ориентира, расположенного в границах участка. Почтовый адрес ориентира: Республика Татарстан, Пестречинский муниципальный район, Кощаковское сельское поселение, д Званка, ул. Трудовая, д. 8 а.",Частная,индивидуальные жилые дома с приусадебными земельными участками,ЖИЛОЙ,0,нет,16:33:080302,1005530.91,1908.03,,,,,нет,нет,нет,нет,нет,да,нет,да,55.802538797096645,49.368654597238645
16:33:000000:4144,587.0,Земли населенных пунктов,Учтенный,"Российская Федерация, Республика Татарстан, Пестречинский муниципальный район, Кощаковское сельское поселение, д Званка",Частная,для индивидуального жилищного строительства,ИЖС,0,нет,16:33:000000,981192.69,1671.5378,,,,,нет,да,нет,нет,нет,да,нет,да,55.80639500048369,49.38234054972904
16:33:080303:286,513.0,Земли населенных пунктов,Учтенный,"Местоположение установлено относительно ориентира, расположенного в границах участка. Почтовый адрес ориентира: Российская Федерация, Республика Татарстан (Татарстан), м.р-н Пестречинский, с.п. Кощаковское, д Званка, ул Придорожная, з/у 11Б.",Частная,Индивидуальные жилые дома с приусадебными земельными участками,ЖИЛОЙ,0,нет,16:33:080303,949061.23,1850.02,,,,,нет,нет,нет,нет,нет,да,нет,да,55.803194523144825,49.377696266428686
16:33:080302:37,1482.0,Земли населенных пунктов,Ранее учтенный,"Местоположение установлено относительно ориентира, расположенного в границах участка. Почтовый адрес ориентира: Республика Татарстан, Пестречинский муниципальный район, Кощаковское сельское поселение, д Званка, ул. Дачная, д. 16.",,Для ведения личного подсобного хозяйства,ЛПХ,0,нет,16:33:080302,2809351.23,1895.6486,,,,,да,нет,нет,нет,да,да,нет,да,55.803816742270456,49.371197545576074
16:33:080303:32,1417.0,Земли населенных пунктов,Ранее учтенный,"Местоположение установлено относительно ориентира, расположенного в границах участка. Почтовый адрес ориентира: Республика Татарстан, Пестречинский муниципальный район, Кощаковское сельское поселение, д Званка, ул. Новая, д. 5.",Частная,Для ведения личного подсобного хозяйства,ЛПХ,0,нет,16:33:080303,2540527.11,1792.89,,,,,нет,нет,нет,нет,да,да,нет,да,55.805394610178446,49.37875702453429
16:33:080302:141,1500.0,Земли населенных пунктов,Ранее учтенный,"Местоположение установлено относительно ориентира, расположенного в границах участка. Почтовый адрес ориентира: Российская Федерация, Республика Татарстан, Пестречинский муниципальный район, Кощаковское сельское поселение, д Званка, ул. Трудовая, з/у 29.",,Для строительства индивидуального жилья иведения личного подсобного хозяйства,ЛПХ,0,нет,16:33:080302,2678800.95,1785.87,,,,,да,нет,нет,нет,да,да,нет,да,55.80619344475576,49.36892813272465
16:33:080302:558,1035.0,Земли населенных пунктов,Учтенный,"Местоположение установлено относительно ориентира, расположенного в границах участка. Почтовый адрес ориентира: Республика Татарстан, Пестречинский муниципальный район, Кощаковское сельское поселение, д Званка, ул. Приозерная.",Частная,(2.2) для ведения личного подсобного хозяйства,ЛПХ,0,нет,16:33:080302,1992424.89,1925.05,,,,,нет,нет,нет,нет,да,да,нет,да,55.801886620290105,49.36556870776343
16:33:080302:439,1202.0,Земли населенных пунктов,Учтенный,"Местоположение установлено относительно ориентира, расположенного в границах участка. Почтовый адрес ориентира: Республика Татарстан, Пестречинский муниципальный район, Кощаковское сельское поселение, д Званка, ул. Трудовая, 20.",Частная,Под жилую застройку индивидуальную,ДРУГОЕ,0,нет,16:33:080302,2257662.63,1878.26,,,,,нет,нет,нет,нет,нет,нет,нет,да,55.804200349052394,49.36932208539881
16:33:000000:3715,867.0,Земли населенных пунктов,Учтенный,"Местоположение установлено относительно ориентира, расположенного в границах участка. Почтовый адрес ориентира: Российская Федерация, Республика Татарстан (Татарстан), м.р-н Пестречинский, с.п. Кощаковское, д Званка, ул Овражная, з/у 1В.",Частная,для ведения личного подсобного хозяйства,ЛПХ,0,нет,16:33:000000,1494743.46,1724.0409,,,,,нет,нет,нет,нет,да,да,нет,да,55.8072536218786,49.380566210543265
16:33:080302:155,990.0,Земли населенных пунктов,Ранее учтенный,"Местоположение установлено относительно ориентира, расположенного в границах участка. Почтовый адрес ориентира: Российская Федерация, Республика Татарстан, Пестречинский муниципальный район, д Званка, ул. Просторная, з/у 27.",,Под жилую застройку Индивидуальную,ДРУГОЕ,0,нет,16:33:080302,1822311.02,1840.7182,,,,,да,нет,нет,нет,нет,нет,нет,да,55.804812836169376,49.37445243732141
16:33:080302:102,1572.0,Земли населенных пунктов,Ранее учтенный,"Местоположение установлено относительно ориентира, расположенного в границах участка. Почтовый адрес ориентира: Республика Татарстан, Пестречинский муниципальный район, Званковское сельское поселение, д Званка.",,Индивидуальное жилищное строительство,ДРУГОЕ,0,нет,16:33:080302,2791281.4,1775.62,,,,,да,нет,нет,нет,нет,нет,нет,да,55.806448255715594,49.37114059748011
16:33:080301:687,1464.0,Земли населенных пунктов,Учтенный,"Местоположение установлено относительно ориентира, расположенного в границах участка. Почтовый адрес ориентира: Российская Федерация, Республика Татарстан (Татарстан), м.р-н Пестречинский, с.п. Кощаковское, д Званка, ул Приозерная, з/у 30.",Частная,для ведения личного подсобного хозяйства,ЛПХ,0,нет,16:33:080301,2281994.19,1558.74,,,,,нет,нет,нет,нет,да,да,нет,да,55.80829947532405,49.37202646976093
16:33:080702:257,411.0,Земли населенных пунктов,Учтенный,"Местоположение установлено относительно ориентира, расположенного в границах участка. Почтовый адрес ориентира: Российская Федерация, Республика Татарстан (Татарстан), м.р-н Пестречинский, с.п. Кощаковское, д Званка, ул Романтика, з/у 24А.",Частная,Для жилищного строительства,ДРУГОЕ,0,нет,16:33:080702,699153.95,1701.1045,,,,,нет,нет,нет,нет,нет,нет,нет,да,55.80588924653455,49.3822641954008
16:33:080303:577,527.0,Земли населенных пунктов,Учтенный,"Местоположение установлено относительно ориентира, расположенного в границах участка. Почтовый адрес ориентира: Российская Федерация, Республика Татарстан, Пестречинский муниципальный район, Кощаковское сельское поселение, д Званка, ул. Зеленая, з/у 20А
.",Частная,Для индивидуального жилищного строительства,ИЖС,0,нет,16:33:080303,967028.77,1834.97,,,,,нет,да,нет,нет,нет,да,нет,да,55.80283518859749,49.380552503618105
16:33:080303:185,335.0,Земли населенных пунктов,Учтенный,"Местоположение установлено относительно ориентира, расположенного в границах участка. Почтовый адрес ориентира: Российская Федерация, Республика Татарстан (Татарстан), м.р-н Пестречинский, с.п. Кощаковское, д Званка, ул Овражная, з/у 6.",Частная,для ведения личного подсобного хозяйства,ЛПХ,0,нет,16:33:080303,559965.16,1671.54,,,,,нет,нет,нет,нет,да,да,нет,да,55.8063818291538,49.3816027009543
16:33:080303:110,558.0,Земли населенных пунктов,Учтенный,"Местоположение установлено относительно ориентира, расположенного в границах участка. Почтовый адрес ориентира: Республика Татарстан, Пестречинский муниципальный район, Званковское сельское поселение, д Званка.",,"земельные участки улиц, переулков, тупиков",ДРУГОЕ,0,нет,16:33:080303,301254.32,539.8823,,,,,да,нет,нет,нет,нет,нет,нет,да,55.80719545657432,49.379734049688494
16:33:080303:46,2499.0,Земли населенных пунктов,Ранее учтенный,"Местоположение установлено относительно ориентира, расположенного в границах участка. Почтовый адрес ориентира: Российская Федерация, Республика Татарстан (Татарстан), м.р-н Пестречинский, с.п. Кощаковское, д Званка, ул Зеленая, з/у 9.",,Индивидуальные жилые дома с приусадебными земельными участками,ЖИЛОЙ,0,нет,16:33:080303,4525107.73,1810.77,,,,,да,нет,нет,нет,нет,да,нет,да,55.80395898998948,49.37970038368165
16:33:080302:629,502.0,Земли населенных пунктов,Учтенный,"Местоположение установлено относительно ориентира, расположенного в границах участка. Почтовый адрес ориентира: Российская Федерация, Республика Татарстан, Пестречинский муниципальный район, Кощаковское сельское поселение, д Званка, ул. Дачная, з/у 7В.",Частная,для индивидуального жилищного строительства,ИЖС,0,нет,16:33:080302,970767.95,1933.8007,,,,,нет,да,нет,нет,нет,да,нет,да,55.80256082191954,49.369752796735376
16:33:080302:470,809.0,Земли населенных пунктов,Учтенный,"Местоположение установлено относительно ориентира, расположенного в границах участка. Почтовый адрес ориентира: Российская Федерация, Республика Татарстан (Татарстан), м.р-н Пестречинский, с.п. Кощаковское, д Званка, ул Советская, з/у 5А.",Частная,для ведения личного подсобного хозяйства,ЛПХ,0,нет,16:33:080302,1558129.47,1925.99,,,,,нет,нет,нет,нет,да,да,нет,да,55.80196043086818,49.37131903155582
16:33:080302:288,529.0,Земли населенных пунктов,Учтенный,"Местоположение установлено относительно ориентира, расположенного в границах участка. Почтовый адрес ориентира: Российская Федерация, Республика Татарстан (Татарстан), м.р-н Пестречинский, с.п. Кощаковское, д Званка, ул Просторная, з/у 29В.",,Для строительства жилого дома,ЖИЛОЙ,0,нет,16:33:080302,961550.5,1817.68,,,,,да,нет,нет,нет,нет,да,нет,да,55.80557336624252,49.373775715870224
16:33:080302:613,921.0,Земли населенных пунктов,Учтенный,"Местоположение установлено относительно ориентира, расположенного в границах участка. Почтовый адрес ориентира: Российская Федерация, Республика Татарстан, Пестречинский муниципальный район, Кощаковское сельское поселение, д Званка, ул. Просторная, з/у 6А.",Частная,для индивидуальной жилой застройки,ДРУГОЕ,0,нет,16:33:080302,1749950.66,1900.06,,,,,нет,нет,нет,нет,нет,нет,нет,да,55.80264992994394,49.3747595175938
16:33:080302:544,654.0,Земли населенных пунктов,Учтенный,"Местоположение установлено относительно ориентира, расположенного в границах участка. Почтовый адрес ориентира: Российская Федерация, Республика Татарстан (Татарстан), м.р-н Пестречинский, с.п. Кощаковское, д Званка, ул Просторная, д. 8А.",Частная,Для ведения личного подсобного хозяйства,ЛПХ,0,нет,16:33:080302,1228883.59,1879.0269,,,,,нет,нет,нет,нет,да,да,нет,да,55.8032579535749,49.37506132150183
16:33:080302:592,750.0,Земли населенных пунктов,Учтенный,"Местоположение установлено относительно ориентира, расположенного в границах участка. Почтовый адрес ориентира: Российская Федерация, Республика Татарстан (Татарстан), м.р-н Пестречинский, с.п. Кощаковское, д Званка, ул Трудовая, з/у 3А.",Частная,Для строительства жилого дома,ЖИЛОЙ,0,нет,16:33:080302,1439546.4,1919.4,,,,,нет,нет,нет,нет,нет,да,нет,да,55.80211467019688,49.36768833793839
16:33:080303:582,542.0,Земли населенных пунктов,Учтенный,"Местоположение установлено относительно ориентира, расположенного в границах участка. Почтовый адрес ориентира: Российская Федерация, Республика Татарстан, Пестречинский муниципальный район, Кощаковское сельское поселение, д. Званка, ул. Зеленая.",Частная,для ведения личного подсобного хозяйства,ЛПХ,0,нет,16:33:080303,986032.9,1819.25,,,,,нет,нет,нет,нет,да,да,нет,да,55.80361883554243,49.37912831707612
16:33:080302:73,1527.0,Земли населенных пунктов,Ранее учтенный,"Местоположение установлено относительно ориентира, расположенного в границах участка. Почтовый адрес ориентира: Республика Татарстан, Пестречинский муниципальный район, Кощаковское сельское поселение, д Званка, ул. Трудовая, д. 11.",Частная,Ведение личного подсобного хозяйства,ЛПХ,0,нет,16:33:080302,2875640.75,1883.2,,,,,нет,нет,нет,нет,да,да,нет,да,55.803215471544355,49.3679531192525
16:33:080302:53,1350.0,Земли населенных пунктов,Ранее учтенный,"Местоположение установлено относительно ориентира, расположенного в границах участка. Почтовый адрес ориентира: Республика Татарстан, Пестречинский муниципальный район, Кощаковское сельское поселение, д Званка, ул. Дачная, д. 27.",,Для ведения личного подсобного хозяйства,ЛПХ,0,нет,16:33:080302,2490459.75,1844.78,,,,,да,нет,нет,нет,да,да,нет,да,55.80549075432288,49.370599775360326
16:33:080301:1004,1282.0,Земли населенных пунктов,Учтенный,"Местоположение установлено относительно ориентира, расположенного в границах участка. Почтовый адрес ориентира: Российская Федерация, Республика Татарстан, Пестречинский муниципальный район, Кощаковское сельское поселение, д Званка, ул. Приозерная.",Частная,Для ведения личного подсобного хозяйства,ЛПХ,0,нет,16:33:080301,2015423.48,1572.09,,,,,нет,нет,нет,нет,да,да,нет,да,55.80907446025119,49.37402743764168
16:33:080303:8,1286.0,Земли населенных пунктов,Ранее учтенный,"Местоположение установлено относительно ориентира, расположенного в границах участка. Почтовый адрес ориентира: Российская Федерация, Республика Татарстан (Татарстан), м.р-н Пестречинский, с.п. Кощаковское, д Званка, ул Придорожная, з/у 5.",Частная,Магазины,ДРУГОЕ,0,нет,16:33:080303,1698114.13,1320.46,,,,,нет,нет,нет,нет,нет,нет,нет,да,55.80499982913699,49.37757553415778
16:33:080303:85,1276.0,Земли населенных пунктов,Ранее учтенный,"Местоположение установлено относительно ориентира, расположенного в границах участка. Почтовый адрес ориентира: Российская Федерация, Республика Татарстан, Пестречинский муниципальный район, Кощаковское сельское поселение, д Званка, ул. Новая, з/у 18.",Частная,Под жилую застройку Индивидуальную,ДРУГОЕ,0,нет,16:33:080303,2248529.18,1762.17,,,,,нет,нет,нет,нет,нет,нет,нет,да,55.8064527448569,49.37887393208838
16:33:080303:273,1532.0,Земли населенных пунктов,Учтенный,"Местоположение установлено относительно ориентира, расположенного в границах участка. Почтовый адрес ориентира: Российская Федерация, Республика Татарстан, Пестречинский муниципальный район, д. Званка, ул. Новая, 2.",Частная,индивидуальные жилые дома с приусадебными земельными участками,ЖИЛОЙ,0,нет,16:33:080303,2794903.59,1824.35,,,,,нет,нет,нет,нет,нет,да,нет,да,55.80413147165282,49.37815701561894
16:33:080303:168,845.0,Земли населенных пунктов,Учтенный,"Российская Федерация, Республика Татарстан, муниципальный район Пестречинский, сельское поселение Кощаковское, деревня Званка, улица Овражная, земельный участок 6А",Частная,Для ведения личного подсобного хозяйства,ЛПХ,0,нет,16:33:080303,1427443.97,1689.28,,,,,нет,нет,нет,нет,да,да,нет,да,55.806785085506654,49.38160547783559
16:33:080303:268,628.0,Земли населенных пунктов,Учтенный,"Местоположение установлено относительно ориентира, расположенного в границах участка. Почтовый адрес ориентира: Республика Татарстан, Пестречинский муниципальный район, Кощаковское сельское поселение, д Званка, ул. Придорожная, 9.",Частная,для индивидуального жилищного строительства,ИЖС,0,нет,16:33:080303,1167842.74,1859.62,,,,,нет,да,нет,нет,нет,да,нет,да,55.80382006793572,49.37717139262891
16:33:080302:891,636.0,Земли населенных пунктов,Учтенный,"Российская Федерация, Республика Татарстан (Татарстан), м.р-н Пестречинский, с.п. Кощаковское, д Званка, ул Трудовая, з/у 7Б",Частная,для индивидуального жилищного строительства,ИЖС,0,нет,16:33:080302,1210703.02,1903.62,,,,,нет,да,нет,нет,нет,да,нет,да,55.80255665979567,49.36776989677973
16:33:080302:567,615.0,Земли населенных пунктов,Учтенный,"Местоположение установлено относительно ориентира, расположенного в границах участка. Почтовый адрес ориентира: Российская Федерация,  Республика Татарстан, Пестречинский муниципальный район, Кощаковское сельское поселение, д Званка, ул. Дачная, з/у 3А.",Частная,для ведения личного подсобного хозяйства,ЛПХ,0,нет,16:33:080302,1188944.01,1933.24,,,,,нет,нет,нет,нет,да,да,нет,да,55.802025950218216,49.369377556644245
16:33:080702:511,500.0,Земли населенных пунктов,Учтенный,"Местоположение установлено относительно ориентира, расположенного в границах участка. Почтовый адрес ориентира: Российская Федерация, Республика Татарстан, Пестречинский муниципальный район, Кощаковское сельское поселение, д Званка, ул. Овражная, з/у 8.",Частная,Для ведения личного подсобного хозяйства,ЛПХ,0,нет,16:33:080702,835768.9,1671.5378,,,,,нет,нет,нет,нет,да,да,нет,да,55.80656306884854,49.38247260248299
16:33:000000:4105,909.0,Земли населенных пунктов,Учтенный,"Российская Федерация, Республика Татарстан, Пестречинский муниципальный район, Кощаковское сельское поселение, д Званка, ул. Придорожная, 2В",,для ведения личного подсобного хозяйства,ЛПХ,0,нет,16:33:000000,1607636.77,1768.5773,,,,,да,нет,нет,нет,да,да,нет,да,55.806950086273396,49.37851509084853
16:33:080302:593,32.0,Земли населенных пунктов,Учтенный,"Местоположение установлено относительно ориентира, расположенного в границах участка. Почтовый адрес ориентира: Республика Татарстан, Пестречинский муниципальный район, Званковское сельское поселение, д Званка.",Частная,Для строительства жилого дома,ЖИЛОЙ,0,нет,16:33:080302,61207.28,1912.7274,,,,,нет,нет,нет,нет,нет,да,нет,да,55.801912625691685,49.367358491023936
16:33:080301:228,17.0,Земли населенных пунктов,Ранее учтенный,"Местоположение установлено относительно ориентира, расположенного в границах участка. Почтовый адрес ориентира: Республика Татарстан, Пестречинский муниципальный район, Званковское сельское поселение, д Званка, ул Приозерная.",,Под объекты инженерного оборудования Газоснабжения,ДРУГОЕ,0,нет,16:33:080301,8953.03,526.65,,,,,да,нет,нет,нет,нет,нет,нет,да,55.809880469247375,49.372908315920334
16:33:080702:368,600.0,Земли населенных пунктов,Учтенный,"Местоположение установлено относительно ориентира, расположенного в границах участка. Почтовый адрес ориентира: Республика Татарстан, Пестречинский муниципальный район, Кощаковское сельское поселение, д Званка, ул. Овражная, 3a.",Частная,для индивидуального жилищного строительства,ИЖС,0,нет,16:33:080702,1032835.26,1721.3921,,,,,нет,да,нет,нет,нет,да,нет,да,55.80777511200123,49.38066364770774
16:33:080302:222,779.0,Земли населенных пунктов,Учтенный,"Местоположение установлено относительно ориентира, расположенного в границах участка. Почтовый адрес ориентира: Российская Федерация, Республика Татарстан (Татарстан), м.р-н Пестречинский, с.п. Кощаковское, д Званка, ул Приозерная, з/у 35.",Частная,индивидуальное жилищное строительство,ДРУГОЕ,0,нет,16:33:080302,1390005.53,1784.35,,,,,нет,нет,нет,нет,нет,нет,нет,да,55.8058852253567,49.367718074558915
16:33:080303:576,596.0,Земли населенных пунктов,Учтенный,"Местоположение установлено относительно ориентира, расположенного в границах участка. Почтовый адрес ориентира: Российская Федерация, Республика Татарстан (Татарстан), м.р-н Пестречинский, с.п. Кощаковское, д Званка, ул Зеленая, з/у 20.",Частная,Для индивидуального жилищного строительства,ИЖС,0,нет,16:33:080303,1088413.35,1826.2,,,,,нет,да,нет,нет,нет,да,нет,да,55.802947456641114,49.38056429221139
16:33:080301:990,739.0,Земли населенных пунктов,Учтенный,"Российская Федерация, Республика Татарстан, муниципальный район Пестречинский, сельское поселение Кощаковское, деревня Званка, улица Приозерная, земельный участок 24А",Частная,для ведения личного подсобного хозяйства,ЛПХ,0,нет,16:33:080301,1140231.33,1542.94,,,,,нет,нет,нет,нет,да,да,нет,да,55.80862437372729,49.37274876030346
16:33:000000:3436,792931.0,Земли лесного фонда,Учтенный,"Местоположение установлено относительно ориентира, расположенного в границах участка. Почтовый адрес ориентира: Республика Татарстан, Пестречинский муниципальный район, Кощаковское сельское поселение, Пригородное лесничество, Высокогорское участковое лесничество, квартал 163 выделы 1-14, часть 15, 16-20.",Государственная федеральная,"Заготовка древесины; заготовка пищевых лесных ресурсов и сбор лекарственных растений; осуществление научно-исследовательской деятельности, образовательной деятельности; осуществление рекреационной деятельности; строительство и эксплуатация водохранилищ и иных искусственных водных объектов, а также гидротехнических сооружений и специализированных портов; реконструкция, эксплуатация линий электропередачи, линий связи, дорог, трубопроводов и других линейных объектов; осуществление религиозной деятельности; иные виды, определенные в соответствии с частью 2 статьи 6 Лесного Кодекса РФ.",ОТДЫХ,0,нет,16:33:000000,745355.14,0.94,,,,,да,нет,нет,нет,нет,нет,нет,нет,55.81672355101708,49.36490464677689
16:33:080302:294,710.0,Земли населенных пунктов,Учтенный,"Местоположение установлено относительно ориентира, расположенного в границах участка. Почтовый адрес ориентира: Республика Татарстан, Пестречинский муниципальный район, Кощаковское сельское поселение, д Званка, ул. Трудовая, д. 2.",Частная,Малоэтажная многоквартирная жилая застройка,ДРУГОЕ,0,нет,16:33:080302,3312021.56,4664.82,,,,,нет,нет,нет,нет,нет,нет,нет,да,55.80173182829135,49.36840106181931
16:33:080302:892,529.0,Земли населенных пунктов,Учтенный,"Российская Федерация, Республика Татарстан, муниципальный район Пестречинский, сельское поселение Кощаковское, деревня Званка, улица Трудовая, земельный участок 5",Частная,для индивидуального жилищного строительства,ИЖС,0,нет,16:33:080302,1013421.96,1915.73,,,,,нет,да,нет,нет,нет,да,нет,да,55.8022713077219,49.36808235315197
16:33:080702:222,582.0,Земли населенных пунктов,Учтенный,"Местоположение установлено относительно ориентира, расположенного в границах участка. Почтовый адрес ориентира: Российская Федерация, Республика Татарстан (Татарстан), м.р-н Пестречинский, с.п. Кощаковское, д Званка, ул Светлая, з/у 17.",,Жилищное строительство,ДРУГОЕ,0,нет,16:33:080702,942995.22,1620.27,,,,,да,нет,нет,нет,нет,нет,нет,да,55.80605339725146,49.38328074836728
16:33:080702:221,568.0,Земли населенных пунктов,Учтенный,"Местоположение установлено относительно ориентира, расположенного в границах участка. Почтовый адрес ориентира: Российская Федерация, Республика Татарстан (Татарстан), м.р-н Пестречинский, с.п. Кощаковское, д Званка, ул Светлая, з/у 17А.",,Жилищное строительство,ДРУГОЕ,0,нет,16:33:080702,920311.49,1620.2667,,,,,да,нет,нет,нет,нет,нет,нет,да,55.805944895780286,49.38347472184642
16:33:080702:245,4424.0,Земли населенных пунктов,Учтенный,"Республика Татарстан, Пестречинский муниципальный район, Кощаковское сельское поселение, д Званка",,Для жилищного строительства,ДРУГОЕ,0,нет,16:33:080702,7219857.4,1631.975,,,,,да,нет,нет,нет,нет,нет,нет,да,55.80663571249324,49.384853917597965
16:33:080702:534,576.0,Земли населенных пунктов,Учтенный,"Российская Федерация, Республика Татарстан (Татарстан), м.р-н Пестречинский, с.п. Кощаковское, д Званка, ул Светлая, з/у 7",Частная,Индивидуальные жилые дома с приусадебными земельными участками,ЖИЛОЙ,0,нет,16:33:080702,932062.18,1618.1635,,,,,нет,нет,нет,нет,нет,да,нет,да,55.806279114023766,49.38520772549894
16:33:080702:809,657.0,Земли населенных пунктов,Учтенный,"Российская Федерация, Республика Татарстан (Татарстан), м.р-н Пестречинский, с.п. Кощаковское, д Званка, ул Яшьлек, з/у 18",Частная,для жилищного строительства,ДРУГОЕ,0,нет,16:33:080702,1096256.34,1668.58,,,,,нет,нет,нет,нет,нет,нет,нет,да,55.80724526780125,49.389165142316344
16:33:080702:821,347.0,Земли населенных пунктов,Учтенный,"Местоположение установлено относительно ориентира, расположенного в границах участка. Почтовый адрес ориентира: Российская Федерация, Республика Татарстан (Татарстан), м.р-н Пестречинский, с.п. Кощаковское, д Званка, ул Сафари, з/у 22.",Частная,блокированные односемейные дома с участками,ДРУГОЕ,0,нет,16:33:080702,592405.9,1707.2216,,,,,нет,нет,нет,нет,нет,нет,нет,да,55.80530756847567,49.39054305321578
16:33:080702:348,305.0,Земли населенных пунктов,Учтенный,"Местоположение установлено относительно ориентира, расположенного в границах участка. Почтовый адрес ориентира: Республика Татарстан, Пестречинский муниципальный район, Кощаковское сельское поселение, д Званка, ул. Романтика, 12 A.",Частная,для жилищного строительства,ДРУГОЕ,0,нет,16:33:080702,501947.16,1645.7284,,,,,нет,нет,нет,нет,нет,нет,нет,да,55.80685478015814,49.384114174092495
16:33:080702:843,571.0,Земли населенных пунктов,Учтенный,"Местоположение установлено относительно ориентира, расположенного в границах участка. Почтовый адрес ориентира: Российская Федерация, Республика Татарстан (Татарстан), м.р-н Пестречинский, с.п. Кощаковское, д Званка, ул Сафари, з/у 28.",Частная,Для жилищного строительства,ДРУГОЕ,0,нет,16:33:080702,953214.1,1669.3767,,,,,нет,нет,нет,нет,нет,нет,нет,да,55.80652723378798,49.38831290497738
16:33:080710:267,2115.0,Земли сельскохозяйственного назначения,Учтенный,"Местоположение установлено относительно ориентира, расположенного в границах участка. Почтовый адрес ориентира: Республика Татарстан, Пестречинский муниципальный район, Кощаковское сельское поселение.",,"земельные участки улиц, переулков, тупиков",ДРУГОЕ,0,нет,16:33:080710,916090.68,433.1398,,,,,да,нет,нет,нет,нет,нет,нет,нет,55.80980161883466,49.369924261107165
16:33:080710:28,1665.0,,Ранее учтенный,-,,,ДРУГОЕ,0,нет,16:33:080710,14077.58,8.46,,,,,да,нет,нет,нет,нет,нет,нет,нет,55.80605891591885,49.35794428140467
16:33:080302:419,64.0,Земли населенных пунктов,Учтенный,"Местоположение установлено относительно ориентира, расположенного в границах участка. Почтовый адрес ориентира: Российская Федерация, Республика Татарстан, Пестречинский муниципальный район,  д Званка, ул. Приозерная,  з/у  45Е.",Частная,Для индивидуального жилищного строительства,ИЖС,0,нет,16:33:080302,116511.14,1820.49,,,,,нет,да,нет,нет,нет,да,нет,да,55.80475059458182,49.36684799111983
16:33:000000:4578,754.0,Земли населенных пунктов,Учтенный,"Российская Федерация, Республика Татарстан, Пестречинский муниципальный район, Кощаковское сельское поселение, д Званка",Частная,(12.0.2) благоустройство территории,ДРУГОЕ,0,нет,16:33:000000,238722.88,316.61,,,,,нет,нет,нет,нет,нет,нет,нет,да,55.803316305038514,49.38103575998899
16:33:080710:9,31024.0,Земли сельскохозяйственного назначения,Ранее учтенный,"Местоположение установлено относительно ориентира, расположенного в границах участка. Почтовый адрес ориентира: Республика Татарстан (Татарстан), м.р-н Пестречинский, с.п. Кощаковское, д Званка.",,"Земельные участки, находящиеся в составе дачных, садоводческих и огороднических объединений",ДРУГОЕ,0,нет,16:33:080710,22077131.35,711.61,,,,,да,нет,нет,нет,нет,нет,нет,нет,55.80314440721312,49.36174178364348
16:33:080709:318,7870.0,"Земли промышленности, энергетики, транспорта, связи, радиовещания, телевидения, информатики, земли для обеспечения космической деятельности, земли обороны, безопасности и земли иного специального назначения",Учтенный,"Российская Федерация, Республика Татарстан, Пестречинский муниципальный район, Кощаковское СП, а/д Москва-Казань-Уфа",Частная,"Для размещения объектов дорожного сервиса,логистического центра и иных промышленных объектов",ПРОМ,0,нет,16:33:080709,15187991.9,1929.86,,,,,нет,нет,нет,нет,нет,нет,нет,нет,55.80924747152852,49.3490241028184
16:33:080702:938,1945.0,Земли сельскохозяйственного назначения,Учтенный,"Российская Федерация, Республика Татарстан, Пестречинский муниципальный район, Кощаковское сельское поселение",Частная,(12.0.2) благоустройство территории,ДРУГОЕ,0,нет,16:33:080702,877666.66,451.24,,,,,нет,нет,нет,нет,нет,нет,нет,нет,55.802613190845854,49.38108284288644
16:33:080710:771,1028.0,Земли населенных пунктов,Учтенный,"Российская Федерация, Республика Татарстан, муниципальный район Пестречинский, сельское поселение Кощаковское, деревня Званка, улица Архитектурная, земельный участок 16",Частная,Для индивидуального жилищного строительства,ИЖС,0,нет,16:33:080710,1612410.8,1568.49,,,,,нет,да,нет,нет,нет,да,нет,да,55.81116261273443,49.36648947560198
16:33:080710:747,1004.0,Земли населенных пунктов,Учтенный,"Российская Федерация, Республика Татарстан, муниципальный район Пестречинский, сельское поселение Кощаковское, деревня Званка, улица Искусств, земельный участок 20",Частная,Для индивидуального жилищного строительства,ИЖС,0,нет,16:33:080710,1587996.28,1581.67,,,,,нет,да,нет,нет,нет,да,нет,да,55.810276436715185,49.367677743031145
16:33:080709:407,1368.0,Земли населенных пунктов,Учтенный,"Российская Федерация,  Республика Татарстан, Пестречинский муниципальный район, Кощаковское сельское поселение",Частная,Для индивидуального жилищного строительства,ИЖС,0,нет,16:33:080709,2331711.68,1704.47,,,,,нет,да,нет,нет,нет,да,нет,да,55.810897124233,49.35769136613833
16:33:000000:5173,1007.0,Земли населенных пунктов,Учтенный,"Российская Федерация, Республика Татарстан, муниципальный район Пестречинский, сельское поселение Кощаковское, деревня Званка, улица Инструментальная, земельный участок 2",Частная,Для индивидуального жилищного строительства,ИЖС,0,нет,16:33:000000,1642133.33,1630.72,,,,,нет,да,нет,нет,нет,да,нет,да,55.81065157588508,49.36132372145283
16:33:000000:5206,1005.0,Земли населенных пунктов,Учтенный,"Российская Федерация, Республика Татарстан, муниципальный район Пестречинский, сельское поселение Кощаковское, деревня Званка, улица Спортивная, земельный участок 13",Частная,Для индивидуального жилищного строительства,ИЖС,0,нет,16:33:000000,1594783.85,1586.85,,,,,нет,да,нет,нет,нет,да,нет,да,55.81108731757216,49.362936472412976
16:33:000000:5158,1001.0,Земли населенных пунктов,Учтенный,"Российская Федерация, Республика Татарстан (Татарстан), муниципальный район Пестречинский, сельское поселение Кощаковское, деревня Званка, улица Творческая, земельный участок 13",Частная,Для индивидуального жилищного строительства,ИЖС,0,нет,16:33:000000,1699881.28,1698.18,,,,,нет,да,нет,нет,нет,да,нет,да,55.80689072128158,49.36019017055829
16:33:080709:419,62828.0,Земли населенных пунктов,Учтенный,"Российская Федерация,  Республика Татарстан, Пестречинский муниципальный район, Кощаковское сельское поселение",Частная,Для сельскохозяйственного производства,СХ,0,нет,16:33:080709,174360.27,2.78,,,,,нет,нет,нет,нет,нет,нет,нет,да,55.81424515348715,49.36651365225451
16:33:080709:372,1006.0,Земли населенных пунктов,Учтенный,"Российская Федерация, Республика Татарстан (Татарстан), м.р-н Пестречинский, с.п. Кощаковское, д Званка, ул. Инженерная, з/у 5",Частная,Для индивидуального жилищного строительства,ИЖС,0,нет,16:33:080709,1746665.69,1736.25,,,,,нет,да,нет,нет,нет,да,нет,да,55.81105592357279,49.356165437007064
16:33:080709:361,1016.0,Земли населенных пунктов,Учтенный,"Российская Федерация, Республика Татарстан (Татарстан), м.р-н Пестречинский, с.п. Кощаковское, д Званка, ул. Инженерная, з/у 10",Частная,Для индивидуального жилищного строительства,ИЖС,0,нет,16:33:080709,1764028.17,1736.25,,,,,нет,да,нет,нет,нет,да,нет,да,55.81119248735033,49.35530910810636
16:33:000000:5153,1007.0,Земли населенных пунктов,Учтенный,"Российская Федерация, Республика Татарстан, муниципальный район Пестречинский, сельское поселение Кощаковское, деревня Званка, улица Поэтическая, земельный участок 19",Частная,Для индивидуального жилищного строительства,ИЖС,0,нет,16:33:000000,1716495.24,1704.56,,,,,нет,да,нет,нет,нет,да,нет,да,55.807460601702154,49.35968545370365
16:33:080709:367,1008.0,Земли населенных пунктов,Учтенный,"Российская Федерация, Республика Татарстан, муниципальный район Пестречинский, сельское поселение Кощаковское, деревня Званка, улица Призвания, земельный участок 2",Частная,Для индивидуального жилищного строительства,ИЖС,0,нет,16:33:080709,1826497.61,1812.0,,,,,нет,да,нет,нет,нет,да,нет,да,55.80986078956862,49.35480044057424
16:33:000000:5022,1007.0,Земли населенных пунктов,Учтенный,"Российская Федерация, Республика Татарстан (Татарстан), м.р-н Пестречинский, с.п. Кощаковское, д Званка, ул. Театральная, з/у 9",Частная,Для индивидуального жилищного строительства,ИЖС,0,нет,16:33:000000,1694535.19,1682.76,,,,,нет,да,нет,нет,нет,да,нет,да,55.80887412466825,49.360564607772346
16:33:000000:5036,1032.0,Земли населенных пунктов,Учтенный,"Российская Федерация, Республика Татарстан, муниципальный район Пестречинский, сельское поселение Кощаковское, деревня Званка, улица Творческая, земельный участок 18",Частная,Для индивидуального жилищного строительства,ИЖС,0,нет,16:33:000000,1750113.38,1695.85,,,,,нет,да,нет,нет,нет,да,нет,да,55.80754225901152,49.361868362681435
16:33:000000:5142,1000.0,Земли населенных пунктов,Учтенный,"Российская Федерация, Республика Татарстан, муниципальный район Пестречинский, сельское поселение Кощаковское, деревня Званка, улица Поэтическая, земельный участок 9",Частная,Для индивидуального жилищного строительства,ИЖС,0,нет,16:33:000000,1712482.6,1712.48,,,,,нет,да,нет,нет,нет,да,нет,да,55.80864895361933,49.359128786567624
16:33:000000:5018,1009.0,Земли населенных пунктов,Учтенный,"Российская Федерация, Республика Татарстан (Татарстан), м.р-н Пестречинский, с.п. Кощаковское, д Званка, ул. Театральная, з/у 5",Частная,Для индивидуального жилищного строительства,ИЖС,0,нет,16:33:000000,1693959.04,1678.85,,,,,нет,да,нет,нет,нет,да,нет,да,55.80929742007678,49.36036630311826
16:33:000000:5046,1647.0,Земли населенных пунктов,Учтенный,"Российская Федерация, Республика Татарстан, муниципальный район Пестречинский, сельское поселение Кощаковское, деревня Званка, улица Режиссерская, земельный участок 13",Частная,Для индивидуального жилищного строительства,ИЖС,0,нет,16:33:000000,2755399.05,1672.98,,,,,нет,да,нет,нет,нет,да,нет,да,55.80859928299611,49.36229738320541
16:33:000000:5090,1005.0,Земли населенных пунктов,Учтенный,"Российская Федерация, Республика Татарстан (Татарстан), м.р-н Пестречинский, с.п. Кощаковское, д Званка, ул. Художественная, з/у 7",Частная,Для индивидуального жилищного строительства,ИЖС,0,нет,16:33:000000,1806819.25,1797.83,,,,,нет,да,нет,нет,нет,да,нет,да,55.8084551758018,49.35611044995287
16:33:000000:5110,1002.0,Земли населенных пунктов,Учтенный,"Российская Федерация, Республика Татарстан, муниципальный район Пестречинский, сельское поселение Кощаковское, деревня Званка, улица Литературная, земельный участок 3",Частная,Для индивидуального жилищного строительства,ИЖС,0,нет,16:33:000000,1752846.6,1749.35,,,,,нет,да,нет,нет,нет,да,нет,да,55.80912712736775,49.35734319260714
16:33:000000:5065,1008.0,Земли населенных пунктов,Учтенный,"Российская Федерация, Республика Татарстан, муниципальный район Пестречинский, сельское поселение Кощаковское, деревня Званка, улица Литературная, земельный участок 18",Частная,Для индивидуального жилищного строительства,ИЖС,0,нет,16:33:000000,1791036.17,1776.82,,,,,нет,да,нет,нет,нет,да,нет,да,55.807344495328984,49.35728814523987
16:33:000000:5133,1012.0,Земли населенных пунктов,Учтенный,"Российская Федерация, Республика Татарстан, муниципальный район Пестречинский, сельское поселение Кощаковское, деревня Званка, улица Поэтическая, земельный участок 1",Частная,Для индивидуального жилищного строительства,ИЖС,0,нет,16:33:000000,1722428.15,1702.0,,,,,нет,да,нет,нет,нет,да,нет,да,55.80950180355395,49.35865707001742
16:33:000000:5108,1002.0,Земли населенных пунктов,Учтенный,"Российская Федерация, Республика Татарстан, муниципальный район Пестречинский, сельское поселение Кощаковское, деревня Званка, улица Музыкальная, земельный участок 5",Частная,Для индивидуального жилищного строительства,ИЖС,0,нет,16:33:000000,1848196.11,1844.51,,,,,нет,да,нет,нет,нет,да,нет,да,55.808272423528116,49.354651957386224
16:33:000000:5233,1032.0,Земли населенных пунктов,Учтенный,"Российская Федерация, Республика Татарстан (Татарстан), м.р-н Пестречинский, с.п. Кощаковское, д Званка, ул. Спортивная, з/у 7",Частная,Для индивидуального жилищного строительства,ИЖС,0,нет,16:33:000000,1591677.44,1542.32,,,,,нет,да,нет,нет,нет,да,нет,да,55.81177357888303,49.364744248200395
16:33:000000:5194,1320.0,Земли населенных пунктов,Учтенный,"Российская Федерация, Республика Татарстан (Татарстан), м.р-н Пестречинский, с.п. Кощаковское, д Званка, ул. Архитектурная, з/у 8",Частная,Для индивидуального жилищного строительства,ИЖС,0,нет,16:33:000000,2037925.69,1543.88,,,,,нет,да,нет,нет,нет,да,нет,да,55.81229678924792,49.36897767227824
16:33:000000:5185,1101.0,Земли населенных пунктов,Учтенный,"Российская Федерация, Республика Татарстан, муниципальный район Пестречинский, сельское поселение Кощаковское, деревня Званка, улица Архитектурная, земельный участок 27",Частная,Для индивидуального жилищного строительства,ИЖС,0,нет,16:33:000000,1726165.53,1567.82,,,,,нет,да,нет,нет,нет,да,нет,да,55.81083329129247,49.36467859556248
16:33:000000:5183,1091.0,Земли населенных пунктов,Учтенный,"Российская Федерация, Республика Татарстан (Татарстан), м.р-н Пестречинский, с.п. Кощаковское, д Званка, ул. Спортивная, з/у 10А",Частная,Для индивидуального жилищного строительства,ИЖС,0,нет,16:33:000000,1730825.57,1586.46,,,,,нет,да,нет,нет,нет,да,нет,да,55.810655754018406,49.36443567365794
16:33:000000:5214,1121.0,Земли населенных пунктов,Учтенный,"Российская Федерация, Республика Татарстан (Татарстан), м.р-н Пестречинский, с.п. Кощаковское, д Званка, ул. Архитектурная, з/у 6",Частная,Для индивидуального жилищного строительства,ИЖС,0,нет,16:33:000000,1738574.03,1550.91,,,,,нет,да,нет,нет,нет,да,нет,да,55.81232667601346,49.369801505729605
16:33:000000:5184,1016.0,Земли населенных пунктов,Учтенный,"Российская Федерация, Республика Татарстан, муниципальный район Пестречинский, сельское поселение Кощаковское, деревня Званка, улица Инструментальная, земельный участок 4",Частная,Для индивидуального жилищного строительства,ИЖС,0,нет,16:33:000000,1621703.74,1596.17,,,,,нет,да,нет,нет,нет,да,нет,да,55.81093778972844,49.362036404631056
16:33:000000:5190,1006.0,Земли населенных пунктов,Учтенный,"Российская Федерация, Республика Татарстан, муниципальный район Пестречинский, сельское поселение Кощаковское, деревня Званка, улица Спортивная, земельный участок 18",,Благоустройство территории,ДРУГОЕ,0,нет,16:33:000000,16218.33,16.12,,,,,да,нет,нет,нет,нет,нет,нет,да,55.81042472742749,49.362482835492095
16:33:080302:932,1524.0,Земли населенных пунктов,Учтенный,"Российская Федерация, Республика Татарстан, Пестречинский муниципальный район, Кощаковское сельское поселение, д Званка, ул. Трудовая, д. 19",Частная,(2.2) Для ведения личного подсобного хозяйства,ЛПХ,0,нет,16:33:080302,2840395.69,1863.78,,,,,нет,нет,нет,нет,да,да,нет,да,55.80407780489398,49.36823664541979
16:33:080303:600,123.0,Земли населенных пунктов,Учтенный,"Республика Татарстан, Пестречинский муниципальный район, Кощаковское сельское поселение, д Званка",Государственная субъекта РФ,12.0-Земельные участки (территории) общего пользования,ОГП,0,нет,16:33:080303,67726.16,550.62,,,,,да,нет,нет,нет,нет,нет,да,да,55.8018553815469,49.37651165521604
16:33:000000:5152,1008.0,Земли населенных пунктов,Учтенный,"Российская Федерация, Республика Татарстан, муниципальный район Пестречинский, сельское поселение Кощаковское, деревня Званка, улица Музыкальная, земельный участок 9",Частная,Для индивидуального жилищного строительства,ИЖС,0,нет,16:33:000000,1859363.05,1844.61,,,,,нет,да,нет,нет,нет,да,нет,да,55.80781097179225,49.35486834546422
16:33:000000:5084,1002.0,Земли населенных пунктов,Учтенный,"Российская Федерация, Республика Татарстан, муниципальный район Пестречинский, сельское поселение Кощаковское, деревня Званка, улица Литературная, земельный участок 2",Частная,Для индивидуального жилищного строительства,ИЖС,0,нет,16:33:000000,1783520.42,1779.96,,,,,нет,да,нет,нет,нет,да,нет,да,55.8091997778444,49.35641801261466
16:33:000000:5151,1018.0,Земли населенных пунктов,Учтенный,"Российская Федерация, Республика Татарстан (Татарстан), м.р-н Пестречинский, с.п. Кощаковское, д Званка, ул. Театральная, з/у 18",Частная,Для индивидуального жилищного строительства,ИЖС,0,нет,16:33:000000,1721232.47,1690.8,,,,,нет,да,нет,нет,нет,да,нет,да,55.80776782259136,49.36020944334316
16:33:000000:5045,1396.0,Земли населенных пунктов,Учтенный,"Российская Федерация, Республика Татарстан, муниципальный район Пестречинский, сельское поселение Кощаковское, деревня Званка, улица Режиссерская, земельный участок 11",Частная,Для индивидуального жилищного строительства,ИЖС,0,нет,16:33:000000,2322178.71,1663.45,,,,,нет,да,нет,нет,нет,да,нет,да,55.808877420197724,49.36223309210635
16:33:000000:5114,1009.0,Земли населенных пунктов,Учтенный,"Российская Федерация, Республика Татарстан, муниципальный район Пестречинский, сельское поселение Кощаковское, деревня Званка, улица Литературная, земельный участок 7",Частная,Для индивидуального жилищного строительства,ИЖС,0,нет,16:33:000000,1765092.03,1749.35,,,,,нет,да,нет,нет,нет,да,нет,да,55.80869146211022,49.357547550850185
16:33:080709:412,1005.0,Земли населенных пунктов,Учтенный,"Российская Федерация, Республика Татарстан, муниципальный район Пестречинский, сельское поселение Кощаковское, деревня Званка, улица Ювелирная, земельный участок 5",Частная,Для индивидуального жилищного строительства,ИЖС,0,нет,16:33:080709,1796573.48,1787.64,,,,,нет,да,нет,нет,нет,да,нет,да,55.810489014551216,49.35471434934357
16:33:000000:5160,1366.0,Земли населенных пунктов,Учтенный,"Российская Федерация, Республика Татарстан, муниципальный район Пестречинский, сельское поселение Кощаковское, деревня Званка, улица Творческая, земельный участок 15А",Частная,Для индивидуального жилищного строительства,ИЖС,0,нет,16:33:000000,2329931.7,1705.66,,,,,нет,да,нет,нет,нет,да,нет,да,55.806621744926524,49.36065549349996
16:33:080709:366,1115.0,Земли населенных пунктов,Учтенный,"Российская Федерация, Республика Татарстан, муниципальный район Пестречинский, сельское поселение Кощаковское, деревня Званка, улица Призвания, земельный участок 4",Частная,Для индивидуального жилищного строительства,ИЖС,0,нет,16:33:080709,1964737.71,1762.1,,,,,нет,да,нет,нет,нет,да,нет,да,55.8100476539061,49.35550083977356
16:33:080709:379,1005.0,Земли населенных пунктов,Учтенный,"Российская Федерация, Республика Татарстан, муниципальный район Пестречинский, сельское поселение Кощаковское, деревня Званка, улица Ювелирная, земельный участок 13",Частная,Для индивидуального жилищного строительства,ИЖС,0,нет,16:33:080709,1768644.12,1759.84,,,,,нет,да,нет,нет,нет,да,нет,да,55.81143071530905,49.354691286449324
16:33:000000:5025,1113.0,Земли населенных пунктов,Учтенный,"Российская Федерация, Республика Татарстан, муниципальный район Пестречинский, сельское поселение Кощаковское, деревня Званка, улица Режиссерская, земельный участок 12",Частная,Для индивидуального жилищного строительства,ИЖС,0,нет,16:33:000000,1877777.25,1687.13,,,,,нет,да,нет,нет,нет,да,нет,да,55.80874434432188,49.361305177649285
16:33:000000:5067,1016.0,Земли населенных пунктов,Учтенный,"Российская Федерация, Республика Татарстан, муниципальный район Пестречинский, сельское поселение Кощаковское, деревня Званка, улица Спортивная, земельный участок 27",Частная,Для индивидуального жилищного строительства,ИЖС,0,нет,16:33:000000,1713252.66,1686.27,,,,,нет,да,нет,нет,нет,да,нет,да,55.810045012321396,49.358796885011856
16:33:000000:5088,1005.0,Земли населенных пунктов,Учтенный,"Российская Федерация, Республика Татарстан (Татарстан), м.р-н Пестречинский, с.п. Кощаковское, д Званка, ул. Художественная, з/у 5",Частная,Для индивидуального жилищного строительства,ИЖС,0,нет,16:33:000000,1806819.25,1797.83,,,,,нет,да,нет,нет,нет,да,нет,да,55.80867420342794,49.35600766781113
16:33:000000:5087,1001.0,Земли населенных пунктов,Учтенный,"Российская Федерация, Республика Татарстан, муниципальный район Пестречинский, сельское поселение Кощаковское, деревня Званка, улица Литературная, земельный участок 4",Частная,Для индивидуального жилищного строительства,ИЖС,0,нет,16:33:000000,1764903.14,1763.14,,,,,нет,да,нет,нет,нет,да,нет,да,55.808981181761226,49.35652051031667
16:33:000000:5076,1063.0,Земли населенных пунктов,Учтенный,"Российская Федерация, Республика Татарстан (Татарстан), м.р-н Пестречинский, с.п. Кощаковское, д Званка, ул. Музыкальная, з/у 21",Частная,Для индивидуального жилищного строительства,ИЖС,0,нет,16:33:000000,1947216.16,1831.81,,,,,нет,да,нет,нет,нет,да,нет,да,55.80627604091502,49.35557390439057
16:33:080709:382,1004.0,Земли населенных пунктов,Учтенный,"Российская Федерация, Республика Татарстан (Татарстан), м.р-н Пестречинский, с.п. Кощаковское, д Званка, ул. Строительная, з/у 6",Частная,Для индивидуального жилищного строительства,ИЖС,0,нет,16:33:080709,1723075.04,1716.21,,,,,нет,да,нет,нет,нет,да,нет,да,55.8110006760357,49.35665416238939
16:33:000000:5021,1001.0,Земли населенных пунктов,Учтенный,"Российская Федерация, Республика Татарстан, муниципальный район Пестречинский, сельское поселение Кощаковское, деревня Званка, улица Режиссерская, земельный участок 8",Частная,Для индивидуального жилищного строительства,ИЖС,0,нет,16:33:000000,1669023.06,1667.36,,,,,нет,да,нет,нет,нет,да,нет,да,55.809176975775586,49.36110243052943
16:33:000000:5078,1108.0,Земли населенных пунктов,Учтенный,"Российская Федерация,  Республика Татарстан, Пестречинский муниципальный район, Кощаковское сельское поселение",Частная,Для индивидуального жилищного строительства,ИЖС,0,нет,16:33:000000,2020199.78,1823.28,,,,,нет,да,нет,нет,нет,да,нет,да,55.8060986173018,49.35627084243782
16:33:000000:5095,1002.0,Земли населенных пунктов,Учтенный,"Российская Федерация, Республика Татарстан, муниципальный район Пестречинский, сельское поселение Кощаковское, деревня Званка, улица Литературная, земельный участок 12",Частная,Для индивидуального жилищного строительства,ИЖС,0,нет,16:33:000000,1766685.62,1763.16,,,,,нет,да,нет,нет,нет,да,нет,да,55.80810627466052,49.35693083622598
16:33:000000:5119,1001.0,Земли населенных пунктов,Учтенный,"Российская Федерация, Республика Татарстан, муниципальный район Пестречинский, сельское поселение Кощаковское, деревня Званка, улица Художественная, земельный участок 8",Частная,Для индивидуального жилищного строительства,ИЖС,0,нет,16:33:000000,1808869.36,1807.06,,,,,нет,да,нет,нет,нет,да,нет,да,55.808360687578805,49.35526696705616
16:33:000000:5109,1605.0,Земли населенных пунктов,Учтенный,"Российская Федерация, Республика Татарстан, муниципальный район Пестречинский, сельское поселение Кощаковское, деревня Званка, улица Литературная, земельный участок 1",Частная,Для индивидуального жилищного строительства,ИЖС,0,нет,16:33:000000,2774873.91,1728.89,,,,,нет,да,нет,нет,нет,да,нет,да,55.809350337790384,49.35760313572275
16:33:000000:5113,1016.0,Земли населенных пунктов,Учтенный,"Российская Федерация, Республика Татарстан, муниципальный район Пестречинский, сельское поселение Кощаковское, деревня Званка, улица Поэтическая, земельный участок 4",Частная,для индивидуального жилищного строительства,ИЖС,0,нет,16:33:000000,1755291.79,1727.65,,,,,нет,да,нет,нет,нет,да,нет,да,55.80899933244734,49.35806711175126
16:33:080302:939,1404.0,Земли населенных пунктов,Учтенный,"Местоположение установлено относительно ориентира, расположенного в границах участка. Почтовый адрес ориентира: Российская Федерация, Республика Татарстан, Пестречинский муниципальный район, Кощаковское сельское поселение, д Званка, ул. Романтика, з/у 16.",Частная,для индивидуального жилищного строительства,ИЖС,0,нет,16:33:080302,2551843.57,1817.55,,,,,нет,да,нет,нет,нет,да,нет,да,55.80575161716145,49.37251063620668
16:33:080302:938,2030.0,Земли населенных пунктов,Учтенный,"Российская Федерация, Республика Татарстан, Пестречинский муниципальный район, Кощаковское сельское поселение, д Званка",,индивидуальные жилые дома с приусадебными земельными участками,ЖИЛОЙ,0,нет,16:33:080302,3682365.8,1813.97,,,,,да,нет,нет,нет,нет,да,нет,да,55.80552804241649,49.36799829707849
16:33:080702:948,4886.0,"Земли промышленности, энергетики, транспорта, связи, радиовещания, телевидения, информатики, земли для обеспечения космической деятельности, земли обороны, безопасности и земли иного специального назначения",Учтенный,"Российская Федерация, Республика Татарстан, Пестречинский муниципальный район, Кощаковское сельское поселение",Частная,Автомобильный транспорт,ТРАНСПОРТ,0,нет,16:33:080702,5541514.07,1134.16,,,,,нет,нет,нет,нет,нет,нет,нет,нет,55.806243338904856,49.39565846349643
16:33:080709:423,1011.0,Земли населенных пунктов,Учтенный,"Российская Федерация, Республика Татарстан (Татарстан), м.р-н Пестречинский, с.п. Кощаковское, д Званка, ул. Танцевальная, з/у 9",Частная,Для индивидуального жилищного строительства,ИЖС,0,нет,16:33:080709,1506827.06,1490.43,,,,,нет,да,нет,нет,нет,да,нет,да,55.81288545861196,49.36683456131787
16:33:000000:6025,1004.0,Земли населенных пунктов,Учтенный,"Российская Федерация, Республика Татарстан, муниципальный район Пестречинский, сельское поселение Кощаковское, деревня Званка, улица Призвания, земельный участок 29",Частная,Для индивидуального жилищного строительства,ИЖС,0,нет,16:33:000000,1609175.16,1602.76,,,,,нет,да,нет,нет,нет,да,нет,да,55.81114227014184,49.36128675126075
16:33:000000:6019,1587.0,Земли населенных пунктов,Учтенный,"Российская Федерация, Республика Татарстан (Татарстан), м.р-н Пестречинский, с.п. Кощаковское, д Званка, ул. Призвания, з/у 37",Частная,Для индивидуального жилищного строительства,ИЖС,0,нет,16:33:000000,2475344.83,1559.76,,,,,нет,да,нет,нет,нет,да,нет,да,55.81164873320888,49.36261139125273
16:33:000000:6062,1294.0,Земли населенных пунктов,Учтенный,"Российская Федерация, Республика Татарстан (Татарстан), м.р-н Пестречинский, с.п. Кощаковское, д Званка, ул. Спортивная, з/у 2",Частная,Для индивидуального жилищного строительства,ИЖС,0,нет,16:33:000000,2006387.11,1550.53,,,,,нет,да,нет,нет,нет,да,нет,да,55.81150033945529,49.36589434049695
16:33:000000:5998,1011.0,Земли населенных пунктов,Учтенный,"Российская Федерация, Республика Татарстан, муниципальный район Пестречинский, сельское поселение Кощаковское, деревня Званка, улица Призвания, земельный участок 25",Частная, Для индивидуального жилищного строительства,ИЖС,0,нет,16:33:000000,1634708.85,1616.92,,,,,нет,да,нет,нет,нет,да,нет,да,55.81093005659436,49.360699290477086
16:33:000000:5996,1001.0,Земли населенных пунктов,Учтенный,"Российская Федерация, Республика Татарстан (Татарстан), м.р-н Пестречинский, с.п. Кощаковское, д Званка, ул. Искусств, з/у 4",Частная,Для индивидуального жилищного строительства,ИЖС,0,нет,16:33:000000,1512445.53,1510.93,,,,,нет,да,нет,нет,нет,да,нет,да,55.81333341953193,49.36889948275887
16:33:080302:944,1143.0,Земли населенных пунктов,Учтенный,"Российская Федерация, Республика Татарстан, Пестречинский муниципальный район, Кощаковское сельское поселение, д Званка, ул. Трудовая, з/у 21А",Частная,для индивидуального жилищного строительства,ИЖС,0,нет,16:33:080302,2117387.27,1852.48,,,,,нет,да,нет,нет,нет,да,нет,да,55.80453739897276,49.36827236207889
16:33:000000:6088,1108.0,Земли населенных пунктов,Учтенный,"Российская Федерация, Республика Татарстан, Пестречинский муниципальный район, Кощаковское сельское поселение",Частная,Для индивидуального жилищного строительства,ИЖС,0,нет,16:33:000000,1655496.7,1494.13,,,,,нет,да,нет,нет,нет,да,нет,да,55.8133071455244,49.368121941697055
16:33:000000:6092,1402.0,Земли населенных пунктов,Учтенный,"Российская Федерация, Республика Татарстан (Татарстан), м.р-н Пестречинский, с.п. Кощаковское, д Званка, ул. Архитектурная, з/у 5",Частная,Для индивидуального жилищного строительства,ИЖС,0,нет,16:33:000000,2142062.52,1527.86,,,,,нет,да,нет,нет,нет,да,нет,да,55.81289105034954,49.36953307196598
16:33:000000:6093,893.0,Земли населенных пунктов,Учтенный,"Российская Федерация, Республика Татарстан (Татарстан), м.р-н Пестречинский, с.п. Кощаковское, д Званка, ул. Архитектурная, з/у 3",Частная,Благоустройство территории,ДРУГОЕ,0,нет,16:33:000000,14396.59,16.12,,,,,нет,нет,нет,нет,нет,нет,нет,да,55.81286023656779,49.37005929087628
16:33:000000:6082,1006.0,Земли населенных пунктов,Учтенный,"Российская Федерация, Республика Татарстан (Татарстан), м.р-н Пестречинский, с.п. Кощаковское, д Званка, ул. Инструментальная, з/у 9",Частная,Для индивидуального жилищного строительства,ИЖС,0,нет,16:33:000000,1503687.52,1494.72,,,,,нет,да,нет,нет,нет,да,нет,да,55.812250186164476,49.36522814355335
16:33:000000:6094,1607.0,Земли населенных пунктов,Учтенный,"Российская Федерация, Республика Татарстан (Татарстан), м.р-н Пестречинский, с.п. Кощаковское, д Званка, ул. Призвания, з/у 20",Частная,Для индивидуального жилищного строительства,ИЖС,0,нет,16:33:000000,2605295.24,1621.22,,,,,нет,да,нет,нет,нет,да,нет,да,55.81157037283784,49.35987161467307
16:33:080709:433,560.0,Земли населенных пунктов,Учтенный,"Российская Федерация, Республика Татарстан, Пестречинский муниципальный район, Кощаковское сельское поселение",Частная, Благоустройство территории,ДРУГОЕ,0,нет,16:33:080709,9553.71,17.06,,,,,нет,нет,нет,нет,нет,нет,нет,да,55.80965961300335,49.35389994443953
16:33:080709:424,1013.0,Земли населенных пунктов,Учтенный,"Российская Федерация, Республика Татарстан, Пестречинский муниципальный район, Кощаковское сельское поселение",Частная,Для индивидуального жилищного строительства,ИЖС,0,нет,16:33:080709,1685211.3,1663.58,,,,,нет,да,нет,нет,нет,да,нет,да,55.81145629096726,49.35840031150178
16:33:000000:6116,1403.0,Земли населенных пунктов,Учтенный,"Местоположение установлено относительно ориентира, расположенного в границах участка. Почтовый адрес ориентира:  Российская Федерация, Республика Татарстан, Пестречинский муниципальный район, Кощаковское сельское поселение, д Званка, ул. Придорожная, з/у 15.",Частная,Для ведения личного подсобного хозяйства,ЛПХ,0,нет,16:33:000000,2664350.31,1899.04,,,,,нет,нет,нет,нет,да,да,нет,да,55.802447874987735,49.37593236056108
16:33:080702:961,10626.0,Земли населенных пунктов,Учтенный,"Российская Федерация, Республика Татарстан, Пестречинский муниципальный район, Кощаковское сельское поселение, д Званка",Муниципальная,для жилищного строительства,ДРУГОЕ,0,нет,16:33:080702,17593835.86,1655.73,,,,,да,нет,нет,нет,нет,нет,нет,да,55.806670750547866,49.39042024002507
16:33:080702:965,7611.0,Земли сельскохозяйственного назначения,Учтенный,"Республика Татарстан (Татарстан), Пестречинский район",,сельскохозяйственное использование,СХ,0,нет,16:33:080702,19605.17,2.58,,,,,да,нет,нет,нет,нет,нет,нет,нет,55.8110083405198,49.394054537287296
16:33:080301:1085,109.0,Земли населенных пунктов,Учтенный,"Российская Федерация, Республика Татарстан, Пестречинский муниципальный район, Кощаковское сельское поселение, д Званка",Частная,(12.0.2) Благоустройство территории,ДРУГОЕ,0,нет,16:33:080301,58292.31,534.79,,,,,нет,нет,нет,нет,нет,нет,нет,да,55.80947244965177,49.377125357742386
16:33:080302:947,130.0,Земли населенных пунктов,Учтенный,"Российская Федерация, Республика Татарстан, Пестречинский муниципальный район, Кощаковское сельское поселение, д Званка",Частная,Земельные участки (территории) общего пользования,ОГП,0,нет,16:33:080302,71658.95,551.22,,,,,нет,нет,нет,нет,нет,нет,да,да,55.801671952635054,49.373270883741704
16:33:080710:837,1002.0,Земли населенных пунктов,Учтенный,"Российская Федерация, Республика Татарстан, Пестречинский муниципальный район, Кощаковское сельское поселение, д Званка, тер. СНТ ""Алмаз"", ул. Кедровая, з/у 3",Частная,Для индивидуального жилищного строительства,ИЖС,0,нет,16:33:080710,1837285.74,1833.62,,,,,нет,да,нет,нет,нет,да,нет,да,55.80305807963118,49.364864217655686
16:33:080710:847,1108.0,Земли населенных пунктов,Учтенный,"Российская Федерация, Республика Татарстан, Пестречинский муниципальный район, Кощаковское сельское поселение, деревня Званка, улица Спортивная",Частная,Для индивидуального жилищного строительства,ИЖС,0,нет,16:33:080710,1839214.85,1659.94,,,,,нет,да,нет,нет,нет,да,нет,да,55.81022720965101,49.360047827101
16:33:080710:842,1177.0,Земли населенных пунктов,Учтенный,"Российская Федерация, Республика Татарстан, Пестречинский муниципальный район, Кощаковское сельское поселение, деревня Званка, улица Спортивная",Частная,Для индивидуального жилищного строительства,ИЖС,0,нет,16:33:080710,1978357.27,1680.85,,,,,нет,да,нет,нет,нет,да,нет,да,55.8101106367771,49.359175530616106
16:33:080709:467,1735.0,Земли населенных пунктов,Учтенный,"Российская Федерация, Республика Татарстан, Пестречинский муниципальный район, Кощаковское сельское поселение, д Званка",Частная,Для индивидуального жилищного строительства,ИЖС,0,нет,16:33:080709,2623009.78,1511.82,,,,,нет,да,нет,нет,нет,да,нет,да,55.81367012475298,49.37260367316339
16:33:080709:468,5953.0,"Земли промышленности, энергетики, транспорта, связи, радиовещания, телевидения, информатики, земли для обеспечения космической деятельности, земли обороны, безопасности и земли иного специального назначения",Учтенный,"Российская Федерация, Республика Татарстан, Пестречинский муниципальный район, Кощаковское сельское поселение, а/д Москва-Казань-Уфа",Частная,"Для размещения объектов дорожного сервиса, логистического центра и иных промышленых объектов",ПРОМ,0,нет,16:33:080709,0.0,0.0,,,,,нет,нет,нет,нет,нет,нет,нет,нет,55.81193235900183,49.349661746887946
16:33:080301:1008,757.0,Земли населенных пунктов,Учтенный,"Российская Федерация, Республика Татарстан (Татарстан), м.р-н Пестречинский, с.п. Кощаковское, д Званка, ул Каменная, з/у 20/1",Частная,для ведения личного подсобного хозяйства,ЛПХ,0,нет,16:33:080301,1259112.5,1663.29,,,,,нет,нет,нет,нет,да,да,нет,да,55.810940762667464,49.37773552707154
16:33:080702:424,761.0,Земли населенных пунктов,Учтенный,"Российская Федерация, Республика Татарстан (Татарстан), м.р-н Пестречинский, с.п. Кощаковское, д Званка, ул 70 лет Победы, з/у 4",Частная,для индивидуального жилищного строительства,ИЖС,0,нет,16:33:080702,1244342.99,1635.1419,,,,,нет,да,нет,нет,нет,да,нет,да,55.80746970556142,49.39245394714356
16:33:080301:287,15761.0,Земли населенных пунктов,Учтенный,"Местоположение установлено относительно ориентира, расположенного в границах участка. Почтовый адрес ориентира: Республика Татарстан, Пестречинский муниципальный район, Званковское сельское  поселение, д Званка.",,Для размещения водных объектов,ВОДНЫЙ,0,нет,16:33:080301,133259.26,8.455,,,,,да,нет,нет,нет,нет,нет,нет,да,55.80988753142382,49.37480393078776
16:33:080302:165,,Земли населенных пунктов,Ранее учтенный,"Местоположение установлено относительно ориентира, расположенного в границах участка. Почтовый адрес ориентира: Российская Федерация, Республика Татарстан, Пестречинский муниципальный район, д Званка, ул. Просторная, з/у 13.",,Под жилую застройку Индивидуальную,ДРУГОЕ,0,нет,16:33:080302,17737954.85,1854.66,,,,,да,нет,нет,нет,нет,нет,нет,да,55.80422370297198,49.37439927399302
16:33:080301:118,893.0,Земли населенных пунктов,Ранее учтенный,"Местоположение установлено относительно ориентира, расположенного в границах участка. Почтовый адрес ориентира: Российская Федерация, Республика Татарстан (Татарстан), м.р-н Пестречинский, с.п. Кощаковское, д Званка, ул Приозерная, з/у 8/2.",,Для ведения личного подсобного хозяйства,ЛПХ,0,нет,16:33:080301,1481130.6,1658.6,,,,,да,нет,нет,нет,да,да,нет,да,55.81069126280992,49.37657137778726
16:33:080710:29,1051.0,,Ранее учтенный,-,,,ДРУГОЕ,0,нет,16:33:080710,8886.2,8.46,,,,,да,нет,нет,нет,нет,нет,нет,нет,55.80556106185905,49.356779425644206
16:33:080702:355,147372.0,"Земли промышленности, энергетики, транспорта, связи, радиовещания, телевидения, информатики, земли для обеспечения космической деятельности, земли обороны, безопасности и земли иного специального назначения",Учтенный,"Местоположение установлено относительно ориентира, расположенного в границах участка. Почтовый адрес ориентира: Республика Татарстан, Пестречинский муниципальный район, Кощаковское сельское поселение.",,под разработку керамических суглинков для производства кирпича,ДРУГОЕ,0,нет,16:33:080702,57136640.2,387.7,,,,,да,нет,нет,нет,нет,нет,нет,нет,55.809222432119554,49.39438544226866
16:33:000000:3487,1500.0,Земли населенных пунктов,Ранее учтенный,"Местоположение установлено относительно ориентира, расположенного в границах участка. Почтовый адрес ориентира: Российская Федерация, Республика Татарстан, Пестречинский муниципальный район, д Званка, ул. Овражная, з/у 3В.",Частная,Для личного подсобного хозяйства,ЛПХ,0,нет,16:33:080702,2557731.3,1705.1542,,,,,нет,нет,нет,нет,да,да,нет,да,55.808369669133796,49.38082128033725
16:33:080301:503,1533.0,Земли населенных пунктов,Учтенный,"Местоположение установлено относительно ориентира, расположенного в границах участка. Почтовый адрес ориентира: Российская Федерация, Республика Татарстан (Татарстан), м.р-н Пестречинский, с.п. Кощаковское, д Званка, ул Овражная, з/у 37.",Частная,для ведения личного подсобного хозяйства,ЛПХ,0,нет,16:33:080301,2175876.89,1419.3587,,,,,нет,нет,нет,нет,да,да,нет,да,55.81086680681028,49.388895138648245
16:33:080301:587,1051.0,Земли населенных пунктов,Учтенный,"Местоположение установлено относительно ориентира, расположенного в границах участка. Почтовый адрес ориентира: Российская Федерация, Республика Татарстан (Татарстан), м.р-н Пестречинский, с.п. Кощаковское, д Званка, ул Лесная, з/у 15А.",,для ведения личного подсобного хозяйства,ЛПХ,0,нет,16:33:080301,1687530.06,1605.64,,,,,да,нет,нет,нет,да,да,нет,да,55.81251516999962,49.38062463314542
16:33:080301:77,569.0,Земли населенных пунктов,Ранее учтенный,"Местоположение установлено относительно ориентира, расположенного в границах участка. Почтовый адрес ориентира: Российская Федерация, Республика Татарстан (Татарстан), м.р-н Пестречинский, с.п. Кощаковское, д Званка, ул Каменная, з/у 11/3.",,Для индивидуального жилищного строительства,ИЖС,0,нет,16:33:080301,937574.59,1647.76,,,,,да,да,нет,нет,нет,да,нет,да,55.81102899838952,49.37998414660398
16:33:080302:905,1724.0,Земли населенных пунктов,Учтенный,"Российская Федерация, Республика Татарстан, Пестречинский муниципальный район, Кощаковское сельское поселение, д Званка, ул. Трудовая, д 9",Частная,Под жилую застройку Индивидуальную,ДРУГОЕ,0,нет,16:33:080302,3272416.98,1898.15,,,,,нет,нет,нет,нет,нет,нет,нет,да,55.80288708169552,49.36783710739986
16:33:080702:297,824.0,Земли населенных пунктов,Учтенный,"Местоположение установлено относительно ориентира, расположенного в границах участка. Почтовый адрес ориентира: Российская Федерация, Республика Татарстан (Татарстан), м.р-н Пестречинский, с.п. Кощаковское, д Званка, ул Сосновая, з/у 15.",Частная,для жилищного строительства,ДРУГОЕ,0,нет,16:33:080702,1346520.73,1634.1271,,,,,нет,нет,нет,нет,нет,нет,нет,да,55.80770000733655,49.38953307313297
16:33:080702:403,844.0,Земли населенных пунктов,Учтенный,"Местоположение установлено относительно ориентира, расположенного в границах участка. Почтовый адрес ориентира: Российская Федерация, Республика Татарстан (Татарстан), м.р-н Пестречинский, с.п. Кощаковское, д Званка, ул Сафари, з/у 12.",Частная,Для индивидуального жилищного строительства,ИЖС,0,нет,16:33:080702,1433983.35,1699.0324,,,,,нет,да,нет,нет,нет,да,нет,да,55.805852500593176,49.39231935314268
16:33:080301:138,1860.0,Земли населенных пунктов,Ранее учтенный,"Местоположение установлено относительно ориентира, расположенного в границах участка. Почтовый адрес ориентира: Российская Федерация, Республика Татарстан (Татарстан), м.р-н Пестречинский, с.п. Кощаковское, д Званка, ул Приозерная, з/у 4.",,Для ведения личного подсобного хозяйства,ЛПХ,0,нет,16:33:080301,3118374.82,1676.55,,,,,да,нет,нет,нет,да,да,нет,да,55.81007786297827,49.379975096819464
16:33:080301:630,518.0,Земли населенных пунктов,Учтенный,"Местоположение установлено относительно ориентира, расположенного в границах участка. Почтовый адрес ориентира: Российская Федерация, Республика Татарстан (Татарстан), м.р-н Пестречинский, с.п. Кощаковское, д Званка, ул Овражная, з/у 44.",Частная,Для ведения личного подсобного хозяйства,ЛПХ,0,нет,16:33:080301,738019.72,1424.7485,,,,,нет,нет,нет,нет,да,да,нет,да,55.81030479442086,49.38984249908261
16:33:080301:19,2050.0,Земли населенных пунктов,Ранее учтенный,"Местоположение установлено относительно ориентира, расположенного в границах участка. Почтовый адрес ориентира: Российская Федерация, Республика Татарстан (Татарстан), м.р-н Пестречинский, с.п. Кощаковское, д Званка, ул Лесная, з/у 13.",Частная,Индивидуальные жилые дома с приусадебными земельными участками,ЖИЛОЙ,0,нет,16:33:080301,3295232.52,1607.43,,,,,нет,нет,нет,нет,нет,да,нет,да,55.812464128607594,49.38089791518618
16:33:080301:2,2237.0,Земли населенных пунктов,Ранее учтенный,"Местоположение установлено относительно ориентира, расположенного в границах участка. Почтовый адрес ориентира: Российская Федерация, Республика Татарстан (Татарстан), м.р-н Пестречинский, с.п. Кощаковское, д Званка, ул Лесная, з/у 45.",,Для ведения личного подсобного хозяйства,ЛПХ,0,нет,16:33:080301,3463670.58,1548.36,,,,,да,нет,нет,нет,да,да,нет,да,55.8132621014998,49.37327724728652
16:33:080301:301,153.0,Земли населенных пунктов,Учтенный,"Местоположение установлено относительно ориентира, расположенного в границах участка. Почтовый адрес ориентира: Российская Федерация, Республика Татарстан (Татарстан), м.р-н Пестречинский, с.п. Кощаковское, д Званка, ул Каменная, з/у 23/7.",,для ведения личного подсобного хозяйства,ЛПХ,0,нет,16:33:080301,249336.82,1629.65,,,,,да,нет,нет,нет,да,да,нет,да,55.81216110796394,49.37587354119686
16:33:080301:499,982.0,Земли населенных пунктов,Учтенный,"Местоположение установлено относительно ориентира, расположенного в границах участка. Почтовый адрес ориентира: Российская Федерация, Республика Татарстан (Татарстан), м.р-н Пестречинский, с.п. Кощаковское, д Званка, ул Овражная, з/у 22А.",,для ведения личного подсобного хозяйства,ЛПХ,0,нет,16:33:000000,1595358.97,1624.6,,,,,да,нет,нет,нет,да,да,нет,да,55.808250461958245,49.38540430509054
16:33:080301:591,1173.0,Земли населенных пунктов,Учтенный,"Местоположение установлено относительно ориентира, расположенного в границах участка. Почтовый адрес ориентира: Российская Федерация, Республика Татарстан (Татарстан), м.р-н Пестречинский, с.п. Кощаковское, д Званка, ул Лесная, з/у 38.",Частная,Для ведения личного подсобного хозяйства,ЛПХ,0,нет,16:33:080301,1917918.58,1635.05,,,,,нет,нет,нет,нет,да,да,нет,да,55.81224907272114,49.37709112132389
16:33:080301:1010,624.0,Земли населенных пунктов,Учтенный,"Российская Федерация, Республика Татарстан (Татарстан), м.р-н Пестречинский, с.п. Кощаковское, д Званка, ул Овражная, з/у 31В",Частная,для индивидульного жилищного строительства,ДРУГОЕ,0,нет,16:33:080301,957659.66,1534.711,,,,,нет,нет,нет,нет,нет,нет,нет,да,55.8095224816221,49.38685651585319
16:33:080301:85,460.0,Земли населенных пунктов,Ранее учтенный,"Местоположение установлено относительно ориентира, расположенного в границах участка. Почтовый адрес ориентира: Республика Татарстан, р-н. Пестречинский, с/п. Званковское, д. Званка.",Частная,Для ведения личного подсобного хозяйства,ЛПХ,0,нет,16:33:080301,748314.29,1626.77,,,,,нет,нет,нет,нет,да,да,нет,да,55.811097148081856,49.381054806750214
16:33:080702:485,500.0,Земли населенных пунктов,Учтенный,"Местоположение установлено относительно ориентира, расположенного в границах участка. Почтовый адрес ориентира: Российская Федерация, Республика Татарстан (Татарстан), м.р-н Пестречинский, с.п. Кощаковское, д Званка, ул Лазурная, з/у 8А.",Частная,Для жилищного строительства,ДРУГОЕ,0,нет,16:33:080702,837404.9,1674.8098,,,,,нет,нет,нет,нет,нет,нет,нет,да,55.80650554873189,49.392034507043704
16:33:080702:862,412.0,Земли населенных пунктов,Учтенный,"Российская Федерация, Республика Татарстан (Татарстан), м.р-н Пестречинский, с.п. Кощаковское, д Званка, ул Яшьлек, з/у 9А",Частная,блокированные односемейные дома с участками,ДРУГОЕ,0,нет,16:33:080702,677084.55,1643.4091,,,,,нет,нет,нет,нет,нет,нет,нет,да,55.80728213689993,49.39074959714155
16:33:080301:199,1500.0,Земли населенных пунктов,Ранее учтенный,"Местоположение установлено относительно ориентира, расположенного в границах участка. Почтовый адрес ориентира: Российская Федерация, Республика Татарстан (Татарстан), м.р-н Пестречинский, с.п. Кощаковское, д Званка, ул Каменная, з/у 6А.",,Для ведения личного подсобного хозяйства и индивидуального жилищного строительства,ИЖС,0,нет,16:33:080301,2405104.05,1603.4027,,,,,да,да,нет,нет,да,да,нет,да,55.810195447454376,49.38357335835599
16:33:080301:749,499.0,Земли населенных пунктов,Учтенный,"Местоположение установлено относительно ориентира, расположенного в границах участка. Почтовый адрес ориентира: Российская Федерация, Республика Татарстан (Татарстан), м.р-н Пестречинский, с.п. Кощаковское, д Званка, ул Приозерная, з/у 80А.",Муниципальная,отдых (рекреация),ОТДЫХ,0,нет,16:33:080301,1724595.95,3456.1041,,,,,да,нет,нет,нет,нет,нет,нет,да,55.809811257894474,49.37853439452044
16:33:080301:266,534.0,Земли населенных пунктов,Учтенный,"Местоположение установлено относительно ориентира, расположенного в границах участка. Почтовый адрес ориентира: Российская Федерация, Республика Татарстан (Татарстан), м.р-н Пестречинский, с.п. Кощаковское, д Званка, ул Каменная, з/у 23А.",,Для ведения личного подсобного хозяйства,ЛПХ,0,нет,16:33:080301,864101.82,1618.17,,,,,да,нет,нет,нет,да,да,нет,да,55.81227808511261,49.37585004144736
16:33:080301:574,512.0,Земли населенных пунктов,Учтенный,"Местоположение установлено относительно ориентира, расположенного в границах участка. Почтовый адрес ориентира: Российская Федерация, Республика Татарстан (Татарстан), м.р-н Пестречинский, с.п. Кощаковское, д Званка, ул Лесная, з/у 32Б.",,Для ведения личного подсобного хозяйства,ЛПХ,0,нет,16:33:080301,844337.36,1649.1,,,,,да,нет,нет,нет,да,да,нет,да,55.81182785468693,49.37821619620614
16:33:000000:4108,800.0,Земли населенных пунктов,Учтенный,"Местоположение установлено относительно ориентира, расположенного в границах участка. Почтовый адрес ориентира: Российская Федерация, Республика Татарстан, Пестречинский муниципальный район, Кощаковское сельское поселение, д Званка, ул. Лесная.",Частная,Для ведения личного подсобного хозяйства,ЛПХ,0,нет,16:33:000000,1262118.64,1577.6483,,,,,нет,нет,нет,нет,да,да,нет,да,55.81225759700871,49.3714634418762
16:33:080301:93,2737.0,Земли населенных пунктов,Ранее учтенный,"Местоположение установлено относительно ориентира, расположенного в границах участка. Почтовый адрес ориентира: Российская Федерация, Республика Татарстан (Татарстан), м.р-н Пестречинский, с.п. Кощаковское, д Званка, ул Каменная, з/у 8.",Частная,личное подсобное хозяйство,ДРУГОЕ,0,нет,16:33:080301,4488244.0,1639.84,,,,,нет,нет,нет,нет,нет,нет,нет,да,55.810106153573386,49.38227765138602
16:33:080301:11,2728.0,Земли населенных пунктов,Ранее учтенный,"Местоположение установлено относительно ориентира, расположенного в границах участка. Почтовый адрес ориентира: Российская Федерация, Республика Татарстан (Татарстан), м.р-н Пестречинский, с.п. Кощаковское, д Званка, ул Лесная, з/у 29.",,строительство жилого дома,ЖИЛОЙ,0,нет,16:33:080301,4327337.47,1586.27,,,,,да,нет,нет,нет,нет,да,нет,да,55.81291335754846,49.37757377550259
16:33:080702:554,600.0,Земли населенных пунктов,Учтенный,"Местоположение установлено относительно ориентира, расположенного в границах участка. Почтовый адрес ориентира: Российская Федерация, Республика Татарстан (Татарстан), м.р-н Пестречинский, с.п. Кощаковское, д Званка, ул Лазурная, з/у 9.",Частная,для жилищного строительства,ДРУГОЕ,0,нет,16:33:080702,1006504.92,1677.5082,,,,,нет,нет,нет,нет,нет,нет,нет,да,55.80620219136772,49.39247235652274
16:33:080301:288,1447.0,Земли населенных пунктов,Учтенный,"Местоположение установлено относительно ориентира, расположенного в границах участка. Почтовый адрес ориентира: Российская Федерация, Республика Татарстан (Татарстан), м.р-н Пестречинский, с.п. Кощаковское, д Званка, ул Лесная, з/у 33.",Частная,Для ведения личного подсобного хозяйства,ЛПХ,0,нет,16:33:080301,2296073.41,1586.78,,,,,нет,нет,нет,нет,да,да,нет,да,55.81297734657826,49.3768141225398
16:33:080301:34,753.0,Земли населенных пунктов,Ранее учтенный,"Местоположение установлено относительно ориентира, расположенного в границах участка. Почтовый адрес ориентира: Российская Федерация, Республика Татарстан (Татарстан), м.р-н Пестречинский, с.п. Кощаковское, д Званка, ул Лесная, з/у 42.",,Для ведения личного подсобного хозяйства,ЛПХ,0,нет,16:33:080301,1212520.96,1610.25,,,,,да,нет,нет,нет,да,да,нет,да,55.81248110373903,49.3761731410284
16:33:080301:643,654.0,Земли населенных пунктов,Учтенный,"Местоположение установлено относительно ориентира, расположенного в границах участка. Почтовый адрес ориентира: Российская Федерация, Республика Татарстан (Татарстан), м.р-н Пестречинский, с.п. Кощаковское, д Званка, ул Каменная, з/у 7/1.",Частная,Для ведения личного подсобного хозяйства,ЛПХ,0,нет,16:33:080301,1062805.92,1625.09,,,,,нет,нет,нет,нет,да,да,нет,да,55.810790772841784,49.38159193035257
16:33:080301:111,867.0,Земли населенных пунктов,Ранее учтенный,"Российская Федерация, Республика Татарстан (Татарстан), м.р-н Пестречинский, с.п. Кощаковское, д Званка, ул Каменная, з/у 22/1",,Ведение личного подсобного хозяйства,ЛПХ,0,нет,16:33:080301,1438015.48,1658.61,,,,,да,нет,нет,нет,да,да,нет,да,55.81100037329315,49.37715419243661
16:33:080702:444,1239.0,Земли населенных пунктов,Учтенный,"Российская Федерация, Республика Татарстан (Татарстан), м.р-н Пестречинский, с.п. Кощаковское, д Званка, ул 70 лет Победы, з/у 8",Частная,Для жилищного строительства,ДРУГОЕ,0,нет,16:33:080702,2039737.95,1646.2776,,,,,нет,нет,нет,нет,нет,нет,нет,да,55.80710450122965,49.39132281138789
16:33:080301:17,1905.0,Земли населенных пунктов,Ранее учтенный,"Местоположение установлено относительно ориентира, расположенного в границах участка. Почтовый адрес ориентира: Российская Федерация, Республика Татарстан (Татарстан), м.р-н Пестречинский, с.п. Кощаковское, д Званка, ул Лесная, з/у 17.",,Для ведения личного подсобного хозяйства и строительство жилого дома,ЛПХ,0,нет,16:33:080301,3039981.47,1595.79,,,,,да,нет,нет,нет,да,да,нет,да,55.812650772473624,49.3802015283652
16:33:080301:6,1617.0,Земли населенных пунктов,Ранее учтенный,"Местоположение установлено относительно ориентира, расположенного в границах участка. Почтовый адрес ориентира: Российская Федерация, Республика Татарстан (Татарстан), м.р-н Пестречинский, с.п. Кощаковское, д Званка, ул Лесная, з/у 39/1.",Частная,Индивидуальные жилые дома с приусадебными земельными участками,ЖИЛОЙ,0,нет,16:33:080301,2533074.16,1566.53,,,,,нет,нет,нет,нет,нет,да,нет,да,55.81330948331232,49.37546154744281
16:33:080301:79,173.0,Земли населенных пунктов,Ранее учтенный,"Российская Федерация, Республика Татарстан (Татарстан), м.р-н Пестречинский, с.п. Кощаковское, д Званка, ул Каменная, з/у 11/2",Частная,Для ведения личного подсобного хозяйства,ЛПХ,0,нет,16:33:080301,283595.94,1639.28,,,,,нет,нет,нет,нет,да,да,нет,да,55.81108091381877,49.38020113500336
16:33:080301:748,1061.0,Земли населенных пунктов,Учтенный,"Местоположение установлено относительно ориентира, расположенного в границах участка. Почтовый адрес ориентира: Российская Федерация, Республика Татарстан, Пестречинский муниципальный район, Кощаковское сельское поселение, д Званка.",Частная,Для ведения личного подсобного хозяйства,ЛПХ,0,нет,16:33:080301,1735032.08,1635.28,,,,,нет,нет,нет,нет,да,да,нет,да,55.81109029399443,49.38041971078799
16:33:080301:619,825.0,Земли населенных пунктов,Учтенный,"Местоположение установлено относительно ориентира, расположенного в границах участка. Почтовый адрес ориентира: Российская Федерация, Республика Татарстан (Татарстан), м.р-н Пестречинский, с.п. Кощаковское, д Званка, ул Овражная, з/у 27.",Частная,Для ведения личного подсобного хозяйства,ЛПХ,0,нет,16:33:080301,1201303.95,1456.126,,,,,нет,нет,нет,нет,да,да,нет,да,55.80997319765682,49.3874250409652
16:33:080702:432,510.0,Земли населенных пунктов,Учтенный,"Местоположение установлено относительно ориентира, расположенного в границах участка. Почтовый адрес ориентира: Российская Федерация, Республика Татарстан (Татарстан), м.р-н Пестречинский, с.п. Кощаковское, д Званка, ул Яшьлек, з/у 7.",Частная,Для жилищного строительства,ДРУГОЕ,0,нет,16:33:080702,838505.59,1644.1286,,,,,нет,нет,нет,нет,нет,нет,нет,да,55.80738709801393,49.3911079299465
16:33:080702:500,500.0,Земли населенных пунктов,Учтенный,"Местоположение установлено относительно ориентира, расположенного в границах участка. Почтовый адрес ориентира: Российская Федерация, Республика Татарстан (Татарстан), м.р-н Пестречинский, с.п. Кощаковское, д Званка, ул Лазурная, з/у 13.",Частная,для жилищного строительства,ДРУГОЕ,0,нет,16:33:080702,838250.75,1676.5015,,,,,нет,нет,нет,нет,нет,нет,нет,да,55.80602829766851,49.391778652102815
16:33:080702:835,22685.0,Земли населенных пунктов,Учтенный,"Местоположение установлено относительно ориентира, расположенного в границах участка. Почтовый адрес ориентира: Российская Федерация, Республика Татарстан, Пестречинский муниципальный район, Кощаковское сельское поселение.",Муниципальная,"Дошкольное, начальное и среднее общее образование",ДРУГОЕ,0,нет,16:33:080702,13311142.86,586.7817,,,,,да,нет,нет,нет,нет,нет,нет,да,55.808801350450516,49.38845163298513
16:33:080301:750,401.0,Земли населенных пунктов,Учтенный,"Местоположение установлено относительно ориентира, расположенного в границах участка. Почтовый адрес ориентира: Российская Федерация, Республика Татарстан (Татарстан), м.р-н Пестречинский, с.п. Кощаковское, д Званка, ул Приозерная, з/у 80Б.",Муниципальная,отдых (рекреация),ОТДЫХ,0,нет,16:33:080301,1384977.45,3453.8091,,,,,да,нет,нет,нет,нет,нет,нет,да,55.80977763824311,49.378402059662434
16:33:080301:291,2846.0,Земли населенных пунктов,Учтенный,"Российская Федерация, Республика Татарстан (Татарстан), м.р-н Пестречинский, с.п. Кощаковское, д Званка, ул Овражная, з/у 42А",Частная,Для индивидуального жилищного строительства и ведения личного подсобного хозяйства,ИЖС,0,нет,16:33:080301,4387554.68,1541.66,,,,,нет,да,нет,нет,да,да,нет,да,55.80927415571663,49.38665187011378
16:33:080301:110,864.0,Земли населенных пунктов,Ранее учтенный,"Российская Федерация, Республика Татарстан (Татарстан), м.р-н Пестречинский, с.п. Кощаковское, д Званка, ул Каменная, з/у 22/2",Частная,Ведение личного подсобного хозяйства,ЛПХ,0,нет,16:33:080301,1432999.47,1658.56,,,,,нет,нет,нет,нет,да,да,нет,да,55.811136476439415,49.376794197053535
16:33:080301:717,825.0,Земли населенных пунктов,Учтенный,"Местоположение установлено относительно ориентира, расположенного в границах участка. Почтовый адрес ориентира: Российская Федерация, Республика Татарстан (Татарстан), м.р-н Пестречинский, с.п. Кощаковское, д Званка, ул Овражная, з/у 38А.",Частная,Для ведения личного подсобного хозяйства,ЛПХ,0,нет,16:33:080301,1194200.12,1447.52,,,,,нет,нет,нет,нет,да,да,нет,да,55.8101530902467,49.388771000524
16:33:080301:94,1603.0,Земли населенных пунктов,Ранее учтенный,"Российская Федерация, Республика Татарстан (Татарстан), м.р-н Пестречинский, с.п. Кощаковское, д Званка, ул Каменная, з/у 8А",,Для ведения личного подсобного хозяйства,ЛПХ,0,нет,16:33:080301,2628668.17,1639.84,,,,,да,нет,нет,нет,да,да,нет,да,55.80983189680255,49.38202319098982
16:33:080301:59,685.0,Земли населенных пунктов,Ранее учтенный,"Местоположение установлено относительно ориентира, расположенного в границах участка. Почтовый адрес ориентира: Российская Федерация, Республика Татарстан (Татарстан), м.р-н Пестречинский, с.п. Кощаковское, д Званка, ул Каменная, з/у 19/2.",,Для индивидуального жилищного строительства,ИЖС,0,нет,16:33:080301,1128268.71,1647.11,,,,,да,да,нет,нет,нет,да,нет,да,55.8114907167312,49.37705052490011
16:33:080301:13,2297.0,Земли населенных пунктов,Ранее учтенный,"Местоположение установлено относительно ориентира, расположенного в границах участка. Почтовый адрес ориентира: Российская Федерация, Республика Татарстан (Татарстан), м.р-н Пестречинский, с.п. Кощаковское, д Званка, ул Лесная, з/у 25.",Частная,Индивидуальные жилые дома с приусадебными земельными участками,ЖИЛОЙ,0,нет,16:33:080301,3680484.48,1602.3,,,,,нет,нет,нет,нет,нет,да,нет,да,55.81275380313798,49.37856154891439
16:33:080702:863,412.0,Земли населенных пунктов,Учтенный,"Российская Федерация, Республика Татарстан (Татарстан), м.р-н Пестречинский, с.п. Кощаковское, д Званка, ул Яшьлек, з/у 9",Частная,блокированные односемейные дома с участками,ДРУГОЕ,0,нет,16:33:080702,677147.26,1643.5613,,,,,нет,нет,нет,нет,нет,нет,нет,да,55.80733224308043,49.39092063976538
16:33:080301:144,1288.0,Земли населенных пунктов,Ранее учтенный,"Местоположение установлено относительно ориентира, расположенного в границах участка. Почтовый адрес ориентира: Российская Федерация, Республика Татарстан (Татарстан), м.р-н Пестречинский, с.п. Кощаковское, д Званка, ул Приозерная, з/у 11/2.",,индивидуальные жилые дома с приусадебными земельными участками,ЖИЛОЙ,0,нет,16:33:080301,2139150.71,1660.83,,,,,да,нет,нет,нет,нет,да,нет,да,55.81004840499468,49.37621905041013
16:33:080301:31,1039.0,Земли населенных пунктов,Ранее учтенный,"Местоположение установлено относительно ориентира, расположенного в границах участка. Почтовый адрес ориентира: Российская Федерация, Республика Татарстан (Татарстан), м.р-н Пестречинский, с.п. Кощаковское, д Званка, ул Лесная, з/у 44/1.",,Для индивидуального жилищного строительства,ИЖС,0,нет,16:33:080301,1683353.31,1620.17,,,,,да,да,нет,нет,нет,да,нет,да,55.81242394888343,49.3753032359378
16:33:080301:618,981.0,Земли населенных пунктов,Учтенный,"Местоположение установлено относительно ориентира, расположенного в границах участка. Почтовый адрес ориентира: Российская Федерация, Республика Татарстан (Татарстан), м.р-н Пестречинский, с.п. Кощаковское, д Званка, ул Овражная, з/у 40.",Частная,Для ведения личного подсобного хозяйства,ЛПХ,0,нет,16:33:080301,1412109.87,1439.46,,,,,нет,нет,нет,нет,да,да,нет,да,55.810155191463075,49.38929233006018
16:33:080301:74,281.0,Земли населенных пунктов,Ранее учтенный,"Местоположение установлено относительно ориентира, расположенного в границах участка. Почтовый адрес ориентира: Российская Федерация, Республика Татарстан (Татарстан), м.р-н Пестречинский, с.п. Кощаковское, д Званка, ул Каменная, з/у 13/4.",,Для ведения личного подсобного хозяйства,ЛПХ,0,нет,16:33:080301,465361.26,1656.09,,,,,да,нет,нет,нет,да,да,нет,да,55.811352845595565,49.37946432079505
16:33:080301:60,294.0,Земли населенных пунктов,Ранее учтенный,"Местоположение установлено относительно ориентира, расположенного в границах участка. Почтовый адрес ориентира: Республика Татарстан,  Пестречинский муниципальный район, Кощаковское сельское поселение, д Званка.",,Для ведения личного подсобного хозяйства,ЛПХ,0,нет,16:33:080301,482431.54,1640.92,,,,,да,нет,нет,нет,да,да,нет,да,55.81169961578033,49.37709172564083
16:33:080301:306,615.0,Земли населенных пунктов,Учтенный,"Местоположение установлено относительно ориентира, расположенного в границах участка. Почтовый адрес ориентира: Российская Федерация, Республика Татарстан (Татарстан), м.р-н Пестречинский, с.п. Кощаковское, д Званка, ул Лесная, з/у 30В.",Частная,Для индивидуального жилищного строительства,ИЖС,0,нет,16:33:080301,1012323.33,1646.05,,,,,нет,да,нет,нет,нет,да,нет,да,55.81196166309911,49.379035260596424
16:33:080301:527,444.0,Земли населенных пунктов,Учтенный,"Местоположение установлено относительно ориентира, расположенного в границах участка. Почтовый адрес ориентира: Российская Федерация, Республика Татарстан (Татарстан), м.р-н Пестречинский, с.п. Кощаковское, д Званка, ул Каменная, з/у 18А.",,Для ведения личного подсобного хозяйства,ЛПХ,0,нет,16:33:080301,736792.78,1659.44,,,,,да,нет,нет,нет,да,да,нет,да,55.81061992911549,49.3787845950604
16:33:080301:78,273.0,Земли населенных пунктов,Ранее учтенный,"Местоположение установлено относительно ориентира, расположенного в границах участка. Почтовый адрес ориентира: Республика Татарстан, Пестречинский муниципальный район, Кощаковское сельское поселение, д Званка.",Частная,для ведения личного подсобного хозяйства,ЛПХ,0,нет,16:33:080301,444342.77,1627.6292,,,,,нет,нет,нет,нет,да,да,нет,да,55.81125800010103,49.380128726930515
16:33:080301:58,384.0,Земли населенных пунктов,Ранее учтенный,"Местоположение установлено относительно ориентира, расположенного в границах участка. Почтовый адрес ориентира: Российская Федерация, Республика Татарстан (Татарстан), м.р-н Пестречинский, с.п. Кощаковское, д Званка, ул Каменная, з/у 21/3.",,Для ведения личного подсобного хозяйства,ЛПХ,0,нет,16:33:080301,629561.16,1639.4822,,,,,да,нет,нет,нет,да,да,нет,да,55.8117153926729,49.376739616548164
16:33:080702:332,844.0,Земли населенных пунктов,Учтенный,"Местоположение установлено относительно ориентира, расположенного в границах участка. Почтовый адрес ориентира: Российская Федерация, Республика Татарстан (Татарстан), м.р-н Пестречинский, с.п. Кощаковское, д Званка, ул 70 лет Победы, з/у 7.",Частная,Для индивидуального жилищного строительства,ИЖС,0,нет,16:33:080702,1389477.62,1646.3005,,,,,нет,да,нет,нет,нет,да,нет,да,55.806823476115106,49.39184933085626
16:33:080702:492,550.0,Земли населенных пунктов,Учтенный,"Местоположение установлено относительно ориентира, расположенного в границах участка. Почтовый адрес ориентира: Республика Татарстан, Пестречинский муниципальный район, Кощаковское сельское поселение, д Званка.",Частная,для жилищного строительства,ДРУГОЕ,0,нет,16:33:080702,903875.0,1643.41,,,,,нет,нет,нет,нет,нет,нет,нет,да,55.807679201500854,49.39068023365625
16:33:080702:96,1500.0,Земли населенных пунктов,Учтенный,"Местоположение установлено относительно ориентира, расположенного в границах участка. Почтовый адрес ориентира: Российская Федерация, Республика Татарстан (Татарстан), м.р-н Пестречинский, с.п. Кощаковское, д Званка, ул Овражная, з/у 16.",Частная,для личного подсобного хозяйства,ЛПХ,0,нет,16:33:080702,2444189.1,1629.4594,,,,,нет,нет,нет,нет,да,да,нет,да,55.80833793977166,49.384313877895806
16:33:080301:112,893.0,Земли населенных пунктов,Ранее учтенный,"Российская Федерация, Республика Татарстан (Татарстан), м.р-н Пестречинский, с.п. Кощаковское, д Званка, ул Каменная, з/у 20/2",,Для индивидуального жилищного строительства,ИЖС,0,нет,16:33:080301,1486044.78,1664.1,,,,,да,да,нет,нет,нет,да,нет,да,55.810942807882874,49.37747033867326
16:33:080301:211,1180.0,Земли населенных пунктов,Ранее учтенный,"Местоположение установлено относительно ориентира, расположенного в границах участка. Почтовый адрес ориентира: Российская Федерация, Республика Татарстан (Татарстан), м.р-н Пестречинский, с.п. Кощаковское, д Званка, ул Лесная, з/у 1Б.",Частная,Для ведения личного подсобного хозяйства,ЛПХ,0,нет,16:33:080301,1818474.87,1541.08,,,,,нет,нет,нет,нет,да,да,нет,да,55.811816939401936,49.38459992274734
16:33:080301:295,2912.0,Земли населенных пунктов,Учтенный,"Местоположение установлено относительно ориентира, расположенного в границах участка. Почтовый адрес ориентира: Российская Федерация, Республика Татарстан (Татарстан), м.р-н Пестречинский, с.п. Кощаковское, д Званка, ул Лесная, з/у 41А.",,Для ведения личного подсобного хозяйства,ЛПХ,0,нет,16:33:080301,4510011.83,1548.77,,,,,да,нет,нет,нет,да,да,нет,да,55.813355791932935,49.37455506584046
16:33:080301:606,2830.0,Земли населенных пунктов,Учтенный,"Местоположение установлено относительно ориентира, расположенного в границах участка. Почтовый адрес ориентира: Российская Федерация, Республика Татарстан (Татарстан), м.р-н Пестречинский, с.п. Кощаковское, д Званка, ул Овражная, з/у 28А.",Частная,для индивидуального жилищного строительства,ИЖС,0,нет,16:33:080301,4466948.41,1578.43,,,,,нет,да,нет,нет,нет,да,нет,да,55.809042945668146,49.38597649140471
16:33:080301:710,540.0,Земли населенных пунктов,Учтенный,"Местоположение установлено относительно ориентира, расположенного в границах участка. Почтовый адрес ориентира: Республика Татарстан, Пестречинский муниципальный район, Кощаковское сельское поселение, д. Званка, ул. Лесная, д. 26.",Частная,для ведения личного подсобного хозяйства,ЛПХ,0,нет,16:33:080301,887705.62,1643.9,,,,,нет,нет,нет,нет,да,да,нет,да,55.811976412911044,49.37977904650808
16:33:080702:330,844.0,Земли населенных пунктов,Учтенный,"Местоположение установлено относительно ориентира, расположенного в границах участка. Почтовый адрес ориентира: Российская Федерация, Республика Татарстан (Татарстан), м.р-н Пестречинский, с.п. Кощаковское, д Званка, ул 70 лет Победы, з/у 11.",Частная,для жилищного строительства,ДРУГОЕ,0,нет,16:33:080702,1408624.18,1668.986,,,,,нет,нет,нет,нет,нет,нет,нет,да,55.806630733224324,49.39116868239951
16:33:080702:555,538.0,Земли населенных пунктов,Учтенный,"Местоположение установлено относительно ориентира, расположенного в границах участка. Почтовый адрес ориентира: Российская Федерация, Республика Татарстан (Татарстан), м.р-н Пестречинский, с.п. Кощаковское, д Званка, ул Лазурная, з/у 11.",Частная,для жилищного строительства,ДРУГОЕ,0,нет,16:33:080702,901957.81,1676.5015,,,,,нет,нет,нет,нет,нет,нет,нет,да,55.80611846024759,49.392271914704004
16:33:080301:20,2474.0,Земли населенных пунктов,Ранее учтенный,"Российская Федерация, Республика Татарстан (Татарстан), м.р-н Пестречинский, с.п. Кощаковское, д Званка, ул Лесная, з/у 11",Частная,Для ведения личного подсобного хозяйства,ЛПХ,0,нет,16:33:080301,3921356.8,1585.03,,,,,нет,нет,нет,нет,да,да,нет,да,55.81247561214159,49.381328032967275
16:33:080301:602,1329.0,Земли населенных пунктов,Учтенный,"Местоположение установлено относительно ориентира, расположенного в границах участка. Почтовый адрес ориентира: Российская Федерация, Республика Татарстан (Татарстан), м.р-н Пестречинский, с.п. Кощаковское, д Званка, ул Лесная, з/у 8.",Частная,Для индивидуального жилищного строительства,ИЖС,0,нет,16:33:080301,2086591.8,1570.05,,,,,нет,да,нет,нет,нет,да,нет,да,55.81110401494635,49.384758391633554
16:33:080301:667,756.0,Земли населенных пунктов,Учтенный,"Местоположение установлено относительно ориентира, расположенного в границах участка. Почтовый адрес ориентира: Республика Татарстан, Пестречинский муниципальный район, Кощаковское сельское поселение, д Званка.",Частная,для ведения личного подсобного хозяйства (приусадебные участки),ЛПХ,0,нет,16:33:080301,1268606.56,1678.05,,,,,нет,нет,нет,нет,да,да,нет,да,55.80994499680611,49.377593594925635
16:33:080301:714,500.0,Земли населенных пунктов,Учтенный,"Местоположение установлено относительно ориентира, расположенного в границах участка. Почтовый адрес ориентира: Российская Федерация, Республика Татарстан (Татарстан), м.р-н Пестречинский, с.п. Кощаковское, д Званка, ул Лесная, з/у 26В.",Частная,Для ведения личного подсобного хозяйства,ЛПХ,0,нет,16:33:080301,818546.0,1637.09,,,,,нет,нет,нет,нет,да,да,нет,да,55.81162646751559,49.379886634544654
16:33:080702:288,823.0,Земли населенных пунктов,Учтенный,"Местоположение установлено относительно ориентира, расположенного в границах участка. Почтовый адрес ориентира: Российская Федерация, Республика Татарстан (Татарстан), м.р-н Пестречинский, с.п. Кощаковское, д Званка, ул Сосновая, з/у 16.",Частная,для жилищного строительства,ДРУГОЕ,0,нет,16:33:080702,1342809.52,1631.6033,,,,,нет,нет,нет,нет,нет,нет,нет,да,55.80793550555584,49.388868983841505
16:33:080301:50,2058.0,Земли населенных пунктов,Ранее учтенный,"Местоположение установлено относительно ориентира, расположенного в границах участка. Почтовый адрес ориентира: Российская Федерация, Республика Татарстан (Татарстан), м.р-н Пестречинский, с.п. Кощаковское, д Званка, ул Лесная, з/у 10.",Частная,строительство жилого дома,ЖИЛОЙ,0,нет,16:33:080301,3239059.24,1573.89,,,,,нет,нет,нет,нет,нет,да,нет,да,55.811162455773584,49.384202125402894
16:33:080301:546,408.0,Земли населенных пунктов,Учтенный,"Местоположение установлено относительно ориентира, расположенного в границах участка. Почтовый адрес ориентира: Российская Федерация, Республика Татарстан (Татарстан), м.р-н Пестречинский, с.п. Кощаковское, д Званка, ул Лесная, з/у 32Г.",,для ведения личного подсобного хозяйства,ЛПХ,0,нет,16:33:080301,668340.68,1638.09,,,,,да,нет,нет,нет,да,да,нет,да,55.812211592125806,49.37822269952017
16:33:080301:63,640.0,Земли населенных пунктов,Ранее учтенный,"Российская Федерация, Республика Татарстан (Татарстан), м.р-н Пестречинский, с.п. Кощаковское, д Званка, ул Каменная, з/у 17/3",,Индивидуальное жилищное строительство,ДРУГОЕ,0,нет,16:33:080301,1061716.03,1658.93,,,,,да,нет,нет,нет,нет,нет,нет,да,55.811402013981166,49.377651724034266
16:33:080702:293,824.0,Земли населенных пунктов,Учтенный,"Местоположение установлено относительно ориентира, расположенного в границах участка. Почтовый адрес ориентира: Российская Федерация, Республика Татарстан (Татарстан), м.р-н Пестречинский, с.п. Кощаковское, д Званка, ул Сосновая, з/у 6.",Частная,для индивидуального жилищного строительства,ИЖС,0,нет,16:33:080702,1317837.95,1599.3179,,,,,нет,да,нет,нет,нет,да,нет,да,55.808425435288726,49.3905519642746
16:33:080702:798,563.0,Земли населенных пунктов,Учтенный,"Российская Федерация, Республика Татарстан (Татарстан), м.р-н Пестречинский, с.п. Кощаковское, д Званка, ул Сафари, з/у 10",Частная,для жилищного строительства,ДРУГОЕ,0,нет,16:33:080702,971696.39,1725.9261,,,,,нет,нет,нет,нет,нет,нет,нет,да,55.80592054373417,49.39259927786534
16:33:080301:532,201.0,Земли населенных пунктов,Учтенный,"Местоположение установлено относительно ориентира, расположенного в границах участка. Почтовый адрес ориентира: Республика Татарстан, Пестречинский муниципальный район, Кощаковское сельское поселение, д Званка, ул. Лесная.",Частная,для размещения торгово-производственных объектов,КОМ,0,нет,16:33:080301,251224.29,1249.8721,,,,,нет,нет,нет,нет,нет,нет,нет,да,55.81139834235099,49.378583192327085
16:33:080301:132,1103.0,Земли населенных пунктов,Ранее учтенный,"Местоположение установлено относительно ориентира, расположенного в границах участка. Почтовый адрес ориентира: Российская Федерация, Республика Татарстан (Татарстан), м.р-н Пестречинский, с.п. Кощаковское, д Званка, ул Каменная, з/у 14/1.",,Для индивидуального жилищного строительства,ИЖС,0,нет,16:33:080301,1821643.99,1651.54,,,,,да,да,нет,нет,нет,да,нет,да,55.810501024578976,49.38006947500936
16:33:080301:270,1852.0,Земли населенных пунктов,Учтенный,"Местоположение установлено относительно ориентира, расположенного в границах участка. Почтовый адрес ориентира: Российская Федерация, Республика Татарстан (Татарстан), м.р-н Пестречинский, с.п. Кощаковское, д Званка, ул Каменная, з/у 47А.",Частная,Для ведения личного подсобного хозяйства,ЛПХ,0,нет,16:33:080301,2788910.87,1505.89,,,,,нет,нет,нет,нет,да,да,нет,да,55.813781660457785,49.37309688946863
16:33:080301:180,200.0,Земли населенных пунктов,Ранее учтенный,"Местоположение установлено относительно ориентира, расположенного в границах участка. Почтовый адрес ориентира: Российская Федерация, Республика Татарстан (Татарстан), м.р-н Пестречинский, с.п. Кощаковское, д Званка, ул Приозерная, з/у 80.",Муниципальная,Под строительство магазина,ДРУГОЕ,0,нет,16:33:080301,252328.36,1261.64,,,,,да,нет,нет,нет,нет,нет,нет,да,55.80981272830909,49.37838659628905
16:33:080301:1026,1725.0,Земли населенных пунктов,Учтенный,"Российская Федерация, Республика Татарстан (Татарстан), м.р-н Пестречинский, с.п. Кощаковское, д Званка, ул Приозерная, з/у 2А",Частная,Индивидуальные жилые дома с приусадебными земельными участками,ЖИЛОЙ,0,нет,16:33:080301,2884152.39,1671.97,,,,,нет,нет,нет,нет,нет,да,нет,да,55.809863584483644,49.380744201791835
16:33:080301:207,1098.0,Земли населенных пунктов,Ранее учтенный,"Местоположение установлено относительно ориентира, расположенного в границах участка. Почтовый адрес ориентира: Российская Федерация, Республика Татарстан (Татарстан), м.р-н Пестречинский, с.п. Кощаковское, д Званка, ул Каменная, з/у 2Б.",Частная,индивидуальное жилищное строительство,ДРУГОЕ,0,нет,16:33:080301,1764918.61,1607.39,,,,,нет,нет,нет,нет,нет,нет,нет,да,55.81087731764947,49.383536725237626
16:33:080301:37,1805.0,Земли населенных пунктов,Ранее учтенный,"Местоположение установлено относительно ориентира, расположенного в границах участка. Почтовый адрес ориентира: Российская Федерация, Республика Татарстан (Татарстан), м.р-н Пестречинский, с.п. Кощаковское, д Званка, ул Лесная, з/у 36.",,Для ведения личного подсобного хозяйства,ЛПХ,0,нет,16:33:080301,2959182.88,1639.44,,,,,да,нет,нет,нет,да,да,нет,да,55.812142711820094,49.37745373985465
16:33:080301:592,369.0,Земли населенных пунктов,Учтенный,"Местоположение установлено относительно ориентира, расположенного в границах участка. Почтовый адрес ориентира: Российская Федерация, Республика Татарстан (Татарстан), м.р-н Пестречинский, с.п. Кощаковское, д Званка, ул Каменная, з/у 28Г.",,Для ведения личного подсобного хозяйства,ЛПХ,0,нет,16:33:080301,606029.88,1642.36,,,,,да,нет,нет,нет,да,да,нет,да,55.81147982147809,49.374740057848804
16:33:080301:631,518.0,Земли населенных пунктов,Учтенный,"Местоположение установлено относительно ориентира, расположенного в границах участка. Почтовый адрес ориентира: Российская Федерация, Республика Татарстан (Татарстан), м.р-н Пестречинский, с.п. Кощаковское, д Званка, ул Овражная, з/у 44А.",Частная,Для ведения личного подсобного хозяйства,ЛПХ,0,нет,16:33:080301,737110.94,1422.9941,,,,,нет,нет,нет,нет,да,да,нет,да,55.81041008351415,49.38965445743397
16:33:000000:4110,410.0,Земли населенных пунктов,Учтенный,"Местоположение установлено относительно ориентира, расположенного в границах участка. Почтовый адрес ориентира: Российская Федерация, Республика Татарстан, Пестречинский муниципальный район, Кощаковское сельское поселение, д Званка, ул. Лесная.",Частная,Для ведения личного подсобного хозяйства,ЛПХ,0,нет,16:33:000000,640736.32,1562.7715,,,,,нет,нет,нет,нет,да,да,нет,да,55.81250545138331,49.37155420965682
16:33:080301:726,791.0,Земли населенных пунктов,Учтенный,"Местоположение установлено относительно ориентира, расположенного в границах участка. Почтовый адрес ориентира: Российская Федерация, Республика Татарстан (Татарстан), м.р-н Пестречинский, с.п. Кощаковское, д Званка, ул Овражная, з/у 36Б.",Частная,для ведения личного подсобного хозяйства,ЛПХ,0,нет,16:33:080301,1156753.18,1462.39,,,,,нет,нет,нет,нет,да,да,нет,да,55.809889560942,49.38838335789318
16:33:080702:289,825.0,Земли населенных пунктов,Учтенный,"Местоположение установлено относительно ориентира, расположенного в границах участка. Почтовый адрес ориентира: Российская Федерация, Республика Татарстан (Татарстан), м.р-н Пестречинский, с.п. Кощаковское, д Званка, ул Сосновая, з/у 14.",Частная,для жилищного строительства,ДРУГОЕ,0,нет,16:33:080702,1346072.72,1631.6033,,,,,нет,нет,нет,нет,нет,нет,нет,да,55.80805846138548,49.38919769477358
16:33:080702:318,825.0,Земли населенных пунктов,Учтенный,"Местоположение установлено относительно ориентира, расположенного в границах участка. Почтовый адрес ориентира: Российская Федерация, Республика Татарстан (Татарстан), м.р-н Пестречинский, с.п. Кощаковское, д Званка, ул 70 лет Победы, з/у 6.",Частная,для жилищного строительства,ДРУГОЕ,0,нет,16:33:080702,1358180.42,1646.2793,,,,,нет,нет,нет,нет,нет,нет,нет,да,55.807234717485095,49.391767496725734
16:33:080301:209,1496.0,Земли населенных пунктов,Ранее учтенный,"Российская Федерация, Республика Татарстан (Татарстан), м.р-н Пестречинский, с.п. Кощаковское, д Званка, ул Приозерная, з/у 13А",,Для ведения личного подсобного хозяйства,ЛПХ,0,нет,16:33:080301,2459935.63,1644.34,,,,,да,нет,нет,нет,да,да,нет,да,55.81057309156411,49.37471735802073
16:33:080301:508,992.0,Земли населенных пунктов,Учтенный,"Местоположение установлено относительно ориентира, расположенного в границах участка. Почтовый адрес ориентира: Российская Федерация, Республика Татарстан (Татарстан), м.р-н Пестречинский, с.п. Кощаковское, д Званка, ул Овражная, з/у 32.",Частная,Для ведения личного подсобного хозяйства,ЛПХ,0,нет,16:33:000000,1468091.16,1479.93,,,,,нет,нет,нет,нет,да,да,нет,да,55.80951451179365,49.38835398745133
16:33:080301:629,519.0,Земли населенных пунктов,Учтенный,"Местоположение установлено относительно ориентира, расположенного в границах участка. Почтовый адрес ориентира: Российская Федерация, Республика Татарстан (Татарстан), м.р-н Пестречинский, с.п. Кощаковское, д Званка, ул Овражная, з/у 44Б.",Частная,Для ведения личного подсобного хозяйства,ЛПХ,0,нет,16:33:080301,736732.54,1419.5232,,,,,нет,нет,нет,нет,да,да,нет,да,55.81051591406812,49.38946543083138
16:33:080301:147,1076.0,Земли населенных пунктов,Ранее учтенный,"Местоположение установлено относительно ориентира, расположенного в границах участка. Почтовый адрес ориентира: Российская Федерация, Республика Татарстан (Татарстан), м.р-н Пестречинский, с.п. Кощаковское, д Званка, ул Приозерная, з/у 9/1.",,Для ведения личного подсобного хозяйства,ЛПХ,0,нет,16:33:080301,1791185.46,1664.67,,,,,да,нет,нет,нет,да,да,нет,да,55.809817277258965,49.37716003006489
16:33:080301:146,1166.0,Земли населенных пунктов,Ранее учтенный,"Местоположение установлено относительно ориентира, расположенного в границах участка. Почтовый адрес ориентира: Российская Федерация, Республика Татарстан (Татарстан), м.р-н Пестречинский, с.п. Кощаковское, д Званка, ул Приозерная, з/у 9/2.",Частная,Для индивидуального жилищного строительства,ИЖС,0,нет,16:33:080301,1936529.3,1660.83,,,,,нет,да,нет,нет,нет,да,нет,да,55.80993736638295,49.37684864371689
16:33:080301:1032,1125.0,Земли населенных пунктов,Учтенный,"Российская Федерация, Республика Татарстан, Пестречинский муниципальный район, д Званка, ул. Лесная",Частная,для ведения личного подсобного хозяйства,ЛПХ,0,нет,16:33:080301,1761702.86,1565.96,,,,,нет,нет,нет,нет,да,да,нет,да,55.8132598367657,49.375261057881794
16:33:080702:484,536.0,Земли населенных пунктов,Учтенный,"Местоположение установлено относительно ориентира, расположенного в границах участка. Почтовый адрес ориентира: Российская Федерация, Республика Татарстан (Татарстан), м.р-н Пестречинский, с.п. Кощаковское, д Званка, ул Лазурная, з/у 4Б.",Частная,Для жилищного строительства,ДРУГОЕ,0,нет,16:33:080702,884866.37,1650.8701,,,,,нет,нет,нет,нет,нет,нет,нет,да,55.806732696726534,49.39285673839745
16:33:080301:1031,1059.0,Земли населенных пунктов,Учтенный,"Российская Федерация, Республика Татарстан, Пестречинский муниципальный район, д Званка, ул. Лесная",Частная,для ведения личного подсобного хозяйства,ЛПХ,0,нет,16:33:080301,1654096.26,1561.94,,,,,нет,нет,нет,нет,да,да,нет,да,55.813279797024656,49.37514507313115
16:33:080301:742,825.0,Земли населенных пунктов,Учтенный,"Местоположение установлено относительно ориентира, расположенного в границах участка. Почтовый адрес ориентира: Российская Федерация, Республика Татарстан (Татарстан), м.р-н Пестречинский, с.п. Кощаковское, д Званка, ул Овражная, з/у 35А.",Частная,Для ведения личного подсобного хозяйства,ЛПХ,0,нет,16:33:080301,1176890.63,1426.53,,,,,нет,нет,нет,нет,да,да,нет,да,55.81056746944314,49.38816362681054
16:33:080301:127,1030.0,Земли населенных пунктов,Ранее учтенный,"Российская Федерация, Республика Татарстан (Татарстан), м.р-н Пестречинский, с.п. Кощаковское, д Званка, ул Каменная, з/у 18/2",,Для индивидуального жилищного строительства,ИЖС,0,нет,16:33:080301,1713715.13,1663.8,,,,,да,да,нет,нет,нет,да,нет,да,55.81084342985422,49.37858962663808
16:33:080702:483,500.0,Земли населенных пунктов,Учтенный,"Местоположение установлено относительно ориентира, расположенного в границах участка. Почтовый адрес ориентира: Российская Федерация, Республика Татарстан (Татарстан), м.р-н Пестречинский, с.п. Кощаковское, д Званка, ул Лазурная, з/у 10А.",Частная,Для жилищного строительства,ДРУГОЕ,0,нет,16:33:080702,838250.75,1676.5015,,,,,нет,нет,нет,нет,нет,нет,нет,да,55.80640315197451,49.391644229933554
16:33:080301:593,1074.0,Земли населенных пунктов,Учтенный,"Российская Федерация, Республика Татарстан (Татарстан), м.р-н Пестречинский, с.п. Кощаковское, д Званка, ул Каменная, з/у 28В",Частная,для ведения личного подсобного хозяйства,ЛПХ,0,нет,16:33:080301,1763891.85,1642.36,,,,,нет,нет,нет,нет,да,да,нет,да,55.81127248882153,49.374829876257245
16:33:080702:486,505.0,Земли населенных пунктов,Учтенный,"Местоположение установлено относительно ориентира, расположенного в границах участка. Почтовый адрес ориентира: Российская Федерация, Республика Татарстан (Татарстан), м.р-н Пестречинский, с.п. Кощаковское, д Званка, ул Лазурная, з/у 6.",Частная,Для жилищного строительства,ДРУГОЕ,0,нет,16:33:080702,843040.23,1669.3866,,,,,нет,нет,нет,нет,нет,нет,нет,да,55.80656874474173,49.39227547064762
16:33:080302:897,890.0,Земли населенных пунктов,Учтенный,"Российская Федерация, Республика Татарстан, Пестречинский муниципальный район, Кощаковское сельское поселение, д Званка, ул. Трудовая, з/у 16",Частная,для ведения личного подсобного хозяйства,ЛПХ,0,нет,16:33:080302,1676059.57,1883.21,,,,,нет,нет,нет,нет,да,да,нет,да,55.80369595721797,49.369169970671784
16:33:080302:606,740.0,Земли населенных пунктов,Учтенный,"Российская Федерация, Республика Татарстан, муниципальный район Пестречинский, сельское поселение Кощаковское, деревня Званка, улица Трудовая, земельный участок 30",Частная,Под жилую застройку индивидуальную,ДРУГОЕ,0,нет,16:33:080302,1346408.54,1819.47,,,,,нет,нет,нет,нет,нет,нет,нет,да,55.8055339078526,49.36965469301114
16:33:000000:3740,565.0,Земли населенных пунктов,Учтенный,"Местоположение установлено относительно ориентира, расположенного в границах участка. Почтовый адрес ориентира: Российская Федерация, Республика Татарстан, Пестречинский муниципальный район, Кощаковское сельское поселение, д Званка.",Частная,для жилищного строительства,ДРУГОЕ,0,нет,16:33:000000,969611.53,1716.13,,,,,нет,нет,нет,нет,нет,нет,нет,да,55.8056569105229,49.381500147018095
16:33:080302:146,987.0,Земли населенных пунктов,Ранее учтенный,"Местоположение установлено относительно ориентира, расположенного в границах участка. Почтовый адрес ориентира: Российская Федерация, Республика Татарстан, Пестречинский муниципальный район, д Званка, ул. Советская, з/у 32.",,Под жилую застройку Индивидуальную,ДРУГОЕ,0,нет,16:33:080302,1819094.4,1843.0541,,,,,да,нет,нет,нет,нет,нет,нет,да,55.80493471648434,49.37378463693533
16:33:080302:193,1500.0,Земли населенных пунктов,Ранее учтенный,"Местоположение установлено относительно ориентира, расположенного в границах участка. Почтовый адрес ориентира: Российская Федерация, Республика Татарстан (Татарстан), м.р-н Пестречинский, с.п. Кощаковское, д Званка, ул Приозерная, з/у 61.",,Для ведения личного подсобного хозяйства,ЛПХ,0,нет,16:33:080302,2805490.35,1870.3269,,,,,да,нет,нет,нет,да,да,нет,да,55.802567909816446,49.36593328754107
16:33:080303:73,1502.0,Земли населенных пунктов,Ранее учтенный,"Местоположение установлено относительно ориентира, расположенного в границах участка. Почтовый адрес ориентира: Российская Федерация, Республика Татарстан (Татарстан), м.р-н Пестречинский, с.п. Кощаковское, д Званка, ул Придорожная, з/у 14.",,Для ведения личного подсобного хозяйства,ЛПХ,0,нет,16:33:080303,2808594.76,1869.9,,,,,да,нет,нет,нет,да,да,нет,да,55.803406605162785,49.376273733446986
16:33:080302:98,1480.0,Земли населенных пунктов,Ранее учтенный,"Российская Федерация, Республика Татарстан, муниципальный район Пестречинский, сельское поселение Кощаковское, деревня Званка, улица Приозерная, земельный участок 37В",,Ведение личного подсобного хозяйства,ЛПХ,0,нет,16:33:080302,2640756.75,1784.3,,,,,да,нет,нет,нет,да,да,нет,да,55.80614927716056,49.367012523466435
16:33:080302:588,675.0,Земли населенных пунктов,Учтенный,"Местоположение установлено относительно ориентира, расположенного в границах участка. Почтовый адрес ориентира: Российская Федерация, Республика Татарстан (Татарстан), м.р-н Пестречинский, с.п. Кощаковское, д Званка, ул Приозерная, з/у 57А.",Частная,Ведение личного подсобного хозяйства,ЛПХ,0,нет,16:33:080302,1248947.3,1850.29,,,,,нет,нет,нет,нет,да,да,нет,да,55.80316147306179,49.36594076736694
16:33:080302:34,1414.0,Земли населенных пунктов,Ранее учтенный,"Местоположение установлено относительно ориентира, расположенного в границах участка. Почтовый адрес ориентира: Российская Федерация, Республика Татарстан, Пестречинский муниципальный район, Кощаковское сельское поселение, деревня Званка, ул. Дачная, з/у 10.",,Для ведения личного подсобного хозяйства,ЛПХ,0,нет,16:33:080302,2711681.67,1917.74,,,,,да,нет,нет,нет,да,да,нет,да,55.802834783834044,49.37095103598976
16:33:080302:219,1499.0,Земли населенных пунктов,Учтенный,"Местоположение установлено относительно ориентира, расположенного в границах участка. Почтовый адрес ориентира: Российская Федерация, Республика Татарстан, Пестречинский муниципальный район, Кощаковское сельское поселение, д Званка, ул. Приозерная, з/у 53.",Частная,Для ведения личного подсобного хозяйства,ЛПХ,0,нет,16:33:080302,2751709.95,1835.7,,,,,нет,нет,нет,нет,да,да,нет,да,55.80368640970753,49.36637918535053
16:33:080710:288,985.0,Земли сельскохозяйственного назначения,Учтенный,"Российская Федерация, Республика Татарстан, муниципальный район Пестречинский, сельское поселение Кощаковское, деревня Званка, территория СНТ Алмаз, улица Сосновая, земельный участок 7",Частная,"земельные участки, находящиеся в составе дачных, садоводческих и огороднических объединений",ДРУГОЕ,0,нет,16:33:080710,750699.63,762.13,,,,,нет,нет,нет,нет,нет,нет,нет,нет,55.80350013271201,49.36427628646829
16:33:080301:1005,1196.0,Земли населенных пунктов,Учтенный,"Местоположение установлено относительно ориентира, расположенного в границах участка. Почтовый адрес ориентира: Российская Федерация, Республика Татарстан, Пестречинский муниципальный район, Кощаковское сельское поселение, д Званка, ул. Приозерная.",Частная,Для ведения личного подсобного хозяйства,ЛПХ,0,нет,16:33:080301,1880107.34,1572.0,,,,,нет,нет,нет,нет,да,да,нет,да,55.80893870572254,49.37375012223773
16:33:080302:183,1353.0,Земли населенных пунктов,Ранее учтенный,"Местоположение установлено относительно ориентира, расположенного в границах участка. Почтовый адрес ориентира: Российская Федерация, Республика Татарстан, Пестречинский муниципальный район, Кощаковское сельское поселение, д Званка, ул. Приозерная, з/у 43.",Частная,Для ведения личного подсобного хозяйства,ЛПХ,0,нет,16:33:080302,2461240.0,1819.1,,,,,нет,нет,нет,нет,да,да,нет,да,55.80509949181077,49.36677716635821
16:33:080303:176,1392.0,Земли населенных пунктов,Учтенный,"Местоположение установлено относительно ориентира, расположенного в границах участка. Почтовый адрес ориентира: Российская Федерация, Республика Татарстан (Татарстан), м.р-н Пестречинский, с.п. Кощаковское, д Званка, ул Придорожная, з/у 13/2.",Частная,Для ведения личного подсобного хозяйства,ЛПХ,0,нет,16:33:000000,2649122.02,1903.1,,,,,нет,нет,нет,нет,да,да,нет,да,55.801977650803224,49.37707984500673
16:33:080302:503,510.0,Земли населенных пунктов,Учтенный,"Местоположение установлено относительно ориентира, расположенного в границах участка. Почтовый адрес ориентира: Российская Федерация, Республика Татарстан (Татарстан), м.р-н Пестречинский, с.п. Кощаковское, д Званка, ул Советская, з/у 17А.",Частная,Для индивидуального жилищного строительства,ИЖС,0,нет,16:33:080302,959834.23,1882.03,,,,,нет,да,нет,нет,нет,да,нет,да,55.80365075746475,49.372249787552384
16:33:080303:84,2098.0,Земли населенных пунктов,Ранее учтенный,"Местоположение установлено относительно ориентира, расположенного в границах участка. Почтовый адрес ориентира: Российская Федерация, Республика Татарстан, Пестречинский муниципальный район, Кощаковское сельское поселение, д Званка, ул. Придорожная, з/у 1/1.",Частная,Под жилую застройку Индивидуальную,ДРУГОЕ,0,нет,16:33:080303,3737446.43,1781.43,,,,,нет,нет,нет,нет,нет,нет,нет,да,55.80642212881521,49.378081448256495
16:33:080303:285,500.0,Земли населенных пунктов,Учтенный,"Местоположение установлено относительно ориентира, расположенного в границах участка. Почтовый адрес ориентира: Российская Федерация, Республика Татарстан (Татарстан), м.р-н Пестречинский, с.п. Кощаковское, д Званка, ул Придорожная, з/у 11А.",Частная,Индивидуальные жилые дома с приусадебными земельными участками,ЖИЛОЙ,0,нет,16:33:080303,935220.4,1870.44,,,,,нет,нет,нет,нет,нет,да,нет,да,55.80318996314715,49.37733280595776
16:33:080710:670,267.0,Земли населенных пунктов,Учтенный,"Местоположение установлено относительно ориентира, расположенного в границах участка. Почтовый адрес ориентира: Российская Федерация,Республика Татарстан, Пестречинский муниципальный район, Кощаковское сельское поселение, д Званка.",Государственная субъекта РФ;Муниципальная,Земельные участки (территории) общего пользования,ОГП,0,нет,16:33:080710,146780.66,549.74,,,,,да,нет,нет,нет,нет,нет,да,да,55.8018545409741,49.36526899301911
16:33:080302:215,707.0,Земли населенных пунктов,Учтенный,"Российская Федерация, Республика Татарстан, муниципальный район Пестречинский, сельское поселение Кощаковское, деревня Званка, улица Советская, земельный участок 33",,Для индивидуального жилищного строительства,ИЖС,0,нет,16:33:080302,1284956.52,1817.48,,,,,да,да,нет,нет,нет,да,нет,да,55.80578452384326,49.372889387152206
16:33:080302:204,749.0,Земли населенных пунктов,Учтенный,"Местоположение установлено относительно ориентира, расположенного в границах участка. Почтовый адрес ориентира: Российская Федерация, Республика Татарстан (Татарстан), м.р-н Пестречинский, с.п. Кощаковское, д Званка, ул Приозерная, з/у 54.",Частная,Строительство жилого дома,ЖИЛОЙ,0,нет,16:33:080302,1432632.82,1912.7274,,,,,нет,нет,нет,нет,нет,да,нет,да,55.80248457339396,49.36706967198145
16:33:080303:250,1565.0,Земли населенных пунктов,Учтенный,"Местоположение установлено относительно ориентира, расположенного в границах участка. Почтовый адрес ориентира: Российская Федерация, Республика Татарстан (Татарстан), м.р-н Пестречинский, с.п. Кощаковское, д Званка, ул Придорожная, з/у 2.",Частная,Для ведения личного подсобного хозяйства,ЛПХ,0,нет,16:33:080303,2796351.39,1786.81,,,,,нет,нет,нет,нет,да,да,нет,да,55.805926707100184,49.37776323578919
16:33:080302:459,997.0,Земли населенных пунктов,Учтенный,"Местоположение установлено относительно ориентира, расположенного в границах участка. Почтовый адрес ориентира: Российская Федерация, Республика Татарстан (Татарстан), м.р-н Пестречинский, с.п. Кощаковское, д Званка, ул Приозерная, з/у 41А.",Частная,Для индивидуального жилищного строительства,ИЖС,0,нет,16:33:080302,1778945.31,1784.3,,,,,нет,да,нет,нет,нет,да,нет,да,55.80560799366072,49.36679750210351
16:33:080302:27,1470.0,Земли населенных пунктов,Ранее учтенный,"Местоположение установлено относительно ориентира, расположенного в границах участка. Почтовый адрес ориентира: Российская Федерация, Республика Татарстан, Пестречинский муниципальный район, д Званка, ул. Советская, з/у 19.",,Для ведения личного подсобного хозяйства,ЛПХ,0,нет,16:33:080302,2738046.55,1862.62,,,,,да,нет,нет,нет,да,да,нет,да,55.80411849536615,49.3722308678632
16:33:080303:239,957.0,Земли населенных пунктов,Учтенный,"Местоположение установлено относительно ориентира, расположенного в границах участка. Почтовый адрес ориентира: Республика Татарстан, Пестречинский муниципальный район, Кощаковское сельское поселение, д Званка, ул. Зеленая, д.3.",,Для ведения личного подсобного хозяйства,ЛПХ,0,нет,16:33:080303,1770182.23,1849.72,,,,,да,нет,нет,нет,да,да,нет,да,55.80340687179848,49.378545299852995
16:33:080303:258,176.0,Земли населенных пунктов,Учтенный,"Местоположение установлено относительно ориентира, расположенного в границах участка. Почтовый адрес ориентира: Республика Татарстан, Пестречинский муниципальный район, Кощаковское сельское поселение, д Званка.",Муниципальная,(3.1) коммунальное обслуживание ( под размещение контейнерной площадки ),ДРУГОЕ,0,нет,16:33:080303,96208.64,546.64,,,,,да,нет,нет,нет,нет,нет,нет,да,55.80477398841908,49.37687757521632
16:33:080303:105,794.0,Земли населенных пунктов,Учтенный,"Местоположение установлено относительно ориентира, расположенного в границах участка. Почтовый адрес ориентира: Республика Татарстан, Пестречинский муниципальный район, Кощаковское сельское поселение, д Званка, ул. Зеленая, д. 15 а.",,Для ведения личного подсобного хозяйства,ЛПХ,0,нет,16:33:080303,1487540.1,1873.48,,,,,да,нет,нет,нет,да,да,нет,да,55.802201912032295,49.37832527308634
16:33:080301:658,116.0,Земли населенных пунктов,Учтенный,"Местоположение установлено относительно ориентира, расположенного в границах участка. Почтовый адрес ориентира: Республика Татарстан, Пестречинский муниципальный район, Кощаковское сельское поселение, д Званка.",,"Коммунальное обслуживание под объект ""Техперевооружение газораспределительной сети. Закольцовка газопровода низкого давления""",ДРУГОЕ,0,нет,16:33:080301,61782.49,532.6077,,,,,да,нет,нет,нет,нет,нет,нет,да,55.81024864191498,49.38159789443879
16:33:080301:1030,1060.0,Земли населенных пунктов,Учтенный,"Российская Федерация, Республика Татарстан (Татарстан), м.р-н Пестречинский, с.п. Кощаковское, д Званка, ул Каменная, з/у 23Б",Частная,для ведения личного подсобного хозяйства,ЛПХ,0,нет,16:33:080301,1727417.66,1629.64,,,,,нет,нет,нет,нет,да,да,нет,да,55.812147669315095,49.37626999672552
16:33:080301:617,650.0,Земли населенных пунктов,Учтенный,"Местоположение установлено относительно ориентира, расположенного в границах участка. Почтовый адрес ориентира: Российская Федерация, Республика Татарстан (Татарстан), м.р-н Пестречинский, с.п. Кощаковское, д Званка, ул Овражная, з/у 40А.",Частная,Для ведения личного подсобного хозяйства,ЛПХ,0,нет,16:33:080301,922690.08,1419.5232,,,,,нет,нет,нет,нет,да,да,нет,да,55.81033659907813,49.38901334583352
16:33:080702:423,821.0,Земли населенных пунктов,Учтенный,"Российская Федерация, Республика Татарстан (Татарстан), м.р-н Пестречинский, с.п. Кощаковское, д Званка, ул Яшьлек, з/у 3А",Частная,для жилищного строительства,ДРУГОЕ,0,нет,16:33:080702,1335614.7,1626.8145,,,,,нет,нет,нет,нет,нет,нет,нет,да,55.80760253131233,49.39184327987031
16:33:080302:557,1623.0,Земли населенных пунктов,Учтенный,"Местоположение установлено относительно ориентира, расположенного в границах участка. Почтовый адрес ориентира: Республика Татарстан, Пестречинский муниципальный район, Кощаковское сельское поселение, д Званка, ул. Приозерная, д. 63.",Частная,(2.2) для ведения личного подсобного хозяйства,ЛПХ,0,нет,16:33:080302,3070265.62,1891.72,,,,,нет,нет,нет,нет,да,да,нет,да,55.80223596458233,49.36584550381067
16:33:080303:13,1617.0,Земли населенных пунктов,Ранее учтенный,"Местоположение установлено относительно ориентира, расположенного в границах участка. Почтовый адрес ориентира: Российская Федерация, Республика Татарстан,  Пестречинский муниципальный район, Званковское сельское поселение, д Званка, ул. Придорожная, з/у 10.",Частная,Для индивидуального жилищного строительства; Магазины,ИЖС,0,нет,16:33:080303,2998598.27,1854.42,,,,,нет,да,нет,нет,нет,да,нет,да,55.803417162825234,49.377516385707054
16:33:080301:1039,1996.0,Земли населенных пунктов,Учтенный,"Российская Федерация, Республика Татарстан (Татарстан), м.р-н Пестречинский, с.п. Кощаковское, д Званка, ул Лесная, з/у 47",Частная,индивидуальные жилые дома с приусадебными земельными участками,ЖИЛОЙ,0,нет,16:33:080301,3078713.83,1542.44,,,,,нет,нет,нет,нет,нет,да,нет,да,55.81328882087162,49.372860790919496
16:33:080702:310,823.0,Земли населенных пунктов,Учтенный,"Местоположение установлено относительно ориентира, расположенного в границах участка. Почтовый адрес ориентира: Российская Федерация, Республика Татарстан (Татарстан), м.р-н Пестречинский, с.п. Кощаковское, д Званка, ул Яшьлек, з/у 19.",Частная,для жилищного строительства,ДРУГОЕ,0,нет,16:33:080702,1373240.43,1668.5789,,,,,нет,нет,нет,нет,нет,нет,нет,да,55.80680130522585,49.38910805238597
16:33:080702:792,625.0,Земли населенных пунктов,Учтенный,"Местоположение установлено относительно ориентира, расположенного в границах участка. Почтовый адрес ориентира: Российская Федерация, Республика Татарстан (Татарстан), м.р-н Пестречинский, с.п. Кощаковское, д Званка, ул Светлая, з/у 1В.",Частная,индивидуальные жилые дома с приусадебными земельными участками,ЖИЛОЙ,0,нет,16:33:080702,1031160.5,1649.8568,,,,,нет,нет,нет,нет,нет,да,нет,да,55.80658756705225,49.38643505718536
16:33:080702:559,528.0,Земли населенных пунктов,Учтенный,"Местоположение установлено относительно ориентира, расположенного в границах участка. Почтовый адрес ориентира: Российская Федерация, Республика Татарстан (Татарстан), м.р-н Пестречинский, с.п. Кощаковское, д Званка, ул Сафари, з/у 25.",Частная,для жилищного строительства,ДРУГОЕ,0,нет,16:33:080702,896279.89,1697.5,,,,,нет,нет,нет,нет,нет,нет,нет,да,55.80616502947299,49.38911927625805
16:33:080702:497,500.0,Земли населенных пунктов,Учтенный,"Местоположение установлено относительно ориентира, расположенного в границах участка. Почтовый адрес ориентира: Российская Федерация, Республика Татарстан (Татарстан), м.р-н Пестречинский, с.п. Кощаковское, д Званка, ул Лазурная, з/у 21.",Частная,для жилищного строительства,ДРУГОЕ,0,нет,16:33:080702,851570.4,1703.1408,,,,,нет,нет,нет,нет,нет,нет,нет,да,55.80563724089535,49.390161591612205
16:33:080702:284,594.0,Земли населенных пунктов,Учтенный,"Местоположение установлено относительно ориентира, расположенного в границах участка. Почтовый адрес ориентира: Российская Федерация, Республика Татарстан (Татарстан), м.р-н Пестречинский, с.п. Кощаковское, д Званка, ул Романтика, з/у 8А.",Частная,Для индивидуального жилищного строительства,ИЖС,0,нет,16:33:080702,977839.24,1646.19,,,,,нет,да,нет,нет,нет,да,нет,да,55.80723336268012,49.384704953546255
16:33:080702:448,685.0,Земли населенных пунктов,Учтенный,"Местоположение установлено относительно ориентира, расположенного в границах участка. Почтовый адрес ориентира: Российская Федерация, Республика Татарстан (Татарстан), м.р-н Пестречинский, с.п. Кощаковское, д Званка, ул 70 лет Победы, з/у 19А.",Частная,для жилищного строительства,ДРУГОЕ,0,нет,16:33:080702,1162996.63,1697.8053,,,,,нет,нет,нет,нет,нет,нет,нет,да,55.80608625663979,49.38983332073358
16:33:080702:476,500.0,Земли населенных пунктов,Учтенный,"Местоположение установлено относительно ориентира, расположенного в границах участка. Почтовый адрес ориентира: Российская Федерация, Республика Татарстан (Татарстан), м.р-н Пестречинский, с.п. Кощаковское, д Званка, ул Сафари, з/у 29.",Частная,Для жилищного строительства,ДРУГОЕ,0,нет,16:33:080702,846737.05,1693.4741,,,,,нет,нет,нет,нет,нет,нет,нет,да,55.80654175133681,49.38884710578442
16:33:080301:993,540.0,Земли населенных пунктов,Учтенный,"Российская Федерация, Республика Татарстан, муниципальный район Пестречинский, сельское поселение Кощаковское, деревня Званка, улица Приозерная, земельный участок 24",Частная,для ведения личного подсобного хозяйства,ЛПХ,0,нет,16:33:080301,835478.12,1547.18,,,,,нет,нет,нет,нет,да,да,нет,да,55.80860239628514,49.3730561455755
16:33:080702:2,88906.0,"Земли промышленности, энергетики, транспорта, связи, радиовещания, телевидения, информатики, земли для обеспечения космической деятельности, земли обороны, безопасности и земли иного специального назначения",Ранее учтенный,"Местоположение установлено относительно ориентира, расположенного в границах участка. Ориентир около поворота к с Кощаково. Почтовый адрес ориентира: Российская Федерация, Республика Татарстан (Татарстан), м.р-н Пестречинский, с.п. Кощаковское, д Званка, ул Зеленая, з/у 26.",,Под производственную базу,ДРУГОЕ,0,нет,16:33:080702,51449022.03,578.69,,,,,да,нет,нет,нет,нет,нет,нет,нет,55.80458418194729,49.38574776107334
16:33:080301:141,1637.0,Земли населенных пунктов,Ранее учтенный,"Местоположение установлено относительно ориентира, расположенного в границах участка. Почтовый адрес ориентира: Российская Федерация, Республика Татарстан (Татарстан), м.р-н Пестречинский, с.п. Кощаковское, д Званка, ул Приозерная, з/у 1.",,Индивидуальные жилые дома с приусадебными земельными участками,ЖИЛОЙ,0,нет,16:33:080301,2729980.21,1667.67,,,,,да,нет,нет,нет,нет,да,нет,да,55.8098498569571,49.38122633833117
16:33:080702:340,852.0,Земли населенных пунктов,Учтенный,"Местоположение установлено относительно ориентира, расположенного в границах участка. Почтовый адрес ориентира: Российская Федерация, Республика Татарстан (Татарстан), м.р-н Пестречинский, с.п. Кощаковское, д Званка, ул Лазурная, з/у 18.",Частная,для жилищного строительства,ДРУГОЕ,0,нет,16:33:080702,1447598.69,1699.06,,,,,нет,нет,нет,нет,нет,нет,нет,да,55.80606632760369,49.390325576723114
16:33:080702:327,835.0,Земли населенных пунктов,Учтенный,"Местоположение установлено относительно ориентира, расположенного в границах участка. Почтовый адрес ориентира: Российская Федерация, Республика Татарстан (Татарстан), м.р-н Пестречинский, с.п. Кощаковское, д Званка, ул 70 лет Победы, з/у 17.",Частная,для жилищного строительства,ДРУГОЕ,0,нет,16:33:080702,1394452.92,1670.0,,,,,нет,нет,нет,нет,нет,нет,нет,да,55.806323634679096,49.39008427646549
16:33:080702:820,347.0,Земли населенных пунктов,Учтенный,"Местоположение установлено относительно ориентира, расположенного в границах участка. Почтовый адрес ориентира: Российская Федерация, Республика Татарстан (Татарстан), м.р-н Пестречинский, с.п. Кощаковское, д Званка, ул Сафари, з/у 22А.",Частная,блокированные односемейные дома с участками,ДРУГОЕ,0,нет,16:33:080702,590989.86,1703.14,,,,,нет,нет,нет,нет,нет,нет,нет,да,55.80545340866029,49.39045289615134
16:33:080702:399,844.0,Земли населенных пунктов,Учтенный,"Местоположение установлено относительно ориентира, расположенного в границах участка. Почтовый адрес ориентира: Российская Федерация, Республика Татарстан (Татарстан), м.р-н Пестречинский, с.п. Кощаковское, д Званка, ул Сафари, з/у 20.",Частная,для индивидуального жилищного строительства,ИЖС,0,нет,16:33:080702,1437777.89,1703.5283,,,,,нет,да,нет,нет,нет,да,нет,да,55.80549271434794,49.39084110185226
16:33:080301:986,521.0,Земли населенных пунктов,Учтенный,"Российская Федерация, Республика Татарстан (Татарстан), м.р-н Пестречинский, с.п. Кощаковское, д Званка, ул Овражная, з/у 28Б",Частная,для индивидуального строительства,ДРУГОЕ,0,нет,16:33:080301,821806.9,1577.36,,,,,нет,нет,нет,нет,нет,нет,нет,да,55.808881708598065,49.38602221785494
16:33:080702:116,425.0,Земли населенных пунктов,Учтенный,"Местоположение установлено относительно ориентира, расположенного в границах участка. Почтовый адрес ориентира: Российская Федерация, Республика Татарстан (Татарстан), м.р-н Пестречинский, с.п. Кощаковское, д Званка, ул Романтика, з/у 3.",Частная,жилищное строительство,ДРУГОЕ,0,нет,16:33:080702,690967.8,1625.81,,,,,нет,нет,нет,нет,нет,нет,нет,да,55.80728906716056,49.38616192273602
16:33:080702:304,825.0,Земли населенных пунктов,Учтенный,"Местоположение установлено относительно ориентира, расположенного в границах участка. Почтовый адрес ориентира: Российская Федерация, Республика Татарстан (Татарстан), м.р-н Пестречинский, с.п. Кощаковское, д Званка, ул Яшьлек, з/у 16.",Частная,для жилищного строительства,ДРУГОЕ,0,нет,16:33:080702,1375217.42,1666.9302,,,,,нет,нет,нет,нет,нет,нет,нет,да,55.80733253434264,49.389463183697195
16:33:080702:440,1650.0,Земли населенных пунктов,Учтенный,"Местоположение установлено относительно ориентира, расположенного в границах участка. Почтовый адрес ориентира: Республика Татарстан, Пестречинский муниципальный район, Кощаковское сельское поселение, д Званка.",Частная,для жилищного строительства,ДРУГОЕ,0,нет,16:33:080702,2711410.35,1643.279,,,,,нет,нет,нет,нет,нет,нет,нет,да,55.80753850588383,49.38901563518801
16:33:080702:376,370.0,Земли населенных пунктов,Учтенный,"Местоположение установлено относительно ориентира, расположенного в границах участка. Почтовый адрес ориентира: Российская Федерация, Республика Татарстан, Пестречинский муниципальный район, Кощаковское сельское поселение, д Званка, ул. Светлая, з/у 13.",Частная,для жилищного строительства,ДРУГОЕ,0,нет,16:33:080702,599498.68,1620.2667,,,,,нет,нет,нет,нет,нет,нет,нет,да,55.806011009322326,49.38408932891705
16:33:080702:478,500.0,Земли населенных пунктов,Учтенный,"Местоположение установлено относительно ориентира, расположенного в границах участка. Почтовый адрес ориентира: Российская Федерация, Республика Татарстан (Татарстан), м.р-н Пестречинский, с.п. Кощаковское, д Званка, ул Сафари, з/у 31.",Частная,Для жилищного строительства,ДРУГОЕ,0,нет,16:33:080702,834160.05,1668.3201,,,,,нет,нет,нет,нет,нет,нет,нет,да,55.80666906731507,49.38869905011443
16:33:080702:180,527.0,Земли населенных пунктов,Учтенный,"Местоположение установлено относительно ориентира, расположенного в границах участка. Почтовый адрес ориентира: Российская Федерация, Республика Татарстан (Татарстан), м.р-н Пестречинский, с.п. Кощаковское, д Званка, ул Романтика, з/у 4.",,Для жилищного строительства,ДРУГОЕ,0,нет,16:33:080702,863104.05,1637.77,,,,,да,нет,нет,нет,нет,нет,нет,да,55.80748325188337,49.385710359352764
16:33:080702:177,517.0,Земли населенных пунктов,Учтенный,"Местоположение установлено относительно ориентира, расположенного в границах участка. Почтовый адрес ориентира: Российская Федерация, Республика Татарстан (Татарстан), м.р-н Пестречинский, с.п. Кощаковское, д Званка, ул Романтика, з/у 10Б.",,Для жилищного строительства,ДРУГОЕ,0,нет,16:33:080702,846927.89,1638.16,,,,,да,нет,нет,нет,нет,нет,нет,да,55.80699594025424,49.38440273398395
16:33:080702:449,814.0,Земли населенных пунктов,Учтенный,"Местоположение установлено относительно ориентира, расположенного в границах участка. Почтовый адрес ориентира: Российская Федерация, Республика Татарстан (Татарстан), м.р-н Пестречинский, с.п. Кощаковское, д Званка, ул Светлая, з/у 6.",Частная,Жилищное строительство,ДРУГОЕ,0,нет,16:33:080702,1323406.57,1625.8066,,,,,нет,нет,нет,нет,нет,нет,нет,да,55.80695473783985,49.38642579985773
16:33:080702:479,500.0,Земли населенных пунктов,Учтенный,"Местоположение установлено относительно ориентира, расположенного в границах участка. Почтовый адрес ориентира: Российская Федерация, Республика Татарстан (Татарстан), м.р-н Пестречинский, с.п. Кощаковское, д Званка, ул Сафари, з/у 35.",Частная,Для жилищного строительства,ДРУГОЕ,0,нет,16:33:080702,833973.25,1667.9465,,,,,нет,нет,нет,нет,нет,нет,нет,да,55.80695014298673,49.388419999400284
16:33:080702:313,825.0,Земли населенных пунктов,Учтенный,"Местоположение установлено относительно ориентира, расположенного в границах участка. Почтовый адрес ориентира: Российская Федерация, Республика Татарстан (Татарстан), м.р-н Пестречинский, с.п. Кощаковское, д Званка, ул Яшьлек, з/у 13.",Частная,для жилищного строительства,ДРУГОЕ,0,нет,16:33:080702,1363774.75,1653.0603,,,,,нет,нет,нет,нет,нет,нет,нет,да,55.807101721181006,49.39013352181998
16:33:080301:621,6.0,Земли населенных пунктов,Учтенный,"Местоположение установлено относительно ориентира, расположенного в границах участка. Почтовый адрес ориентира: Республика Татарстан, Пестречинский муниципальный район, Кощаковское сельское поселение, д Званка.",,Под объекты инженерного оборудования Газоснабжения,ДРУГОЕ,0,нет,16:33:080301,3193.05,532.1757,,,,,да,нет,нет,нет,нет,нет,нет,да,55.81220687068291,49.37896343861022
16:33:080302:498,508.0,Земли населенных пунктов,Учтенный,"Местоположение установлено относительно ориентира, расположенного в границах участка. Почтовый адрес ориентира: Российская Федерация, Республика Татарстан, Пестречинский муниципальный район,  д Званка, ул. Трудовая,  з/у  3Б.",Частная,для ведения личного подсобного хозяйства,ЛПХ,0,нет,16:33:080302,978405.16,1925.99,,,,,нет,нет,нет,нет,да,да,нет,да,55.80164981323647,49.37142079451299
16:33:080301:285,733.0,Земли населенных пунктов,Учтенный,"Местоположение установлено относительно ориентира, расположенного в границах участка. Почтовый адрес ориентира: Российская Федерация, Республика Татарстан (Татарстан), м.р-н Пестречинский, с.п. Кощаковское, д Званка, ул Каменная, з/у 50А.",,земельные участки парков,ДРУГОЕ,0,нет,16:33:080301,222708.12,303.83,,,,,да,нет,нет,нет,нет,нет,нет,да,55.81206422685577,49.373513906460516
16:33:080710:762,1000.0,Земли населенных пунктов,Учтенный,"Российская Федерация, Республика Татарстан (Татарстан), м.р-н Пестречинский, с.п. Кощаковское, д Званка, ул. Образования, з/у 12",Частная,Для индивидуального жилищного строительства,ИЖС,0,нет,16:33:080710,1585310.7,1585.31,,,,,нет,да,нет,нет,нет,да,нет,да,55.81035588167053,49.36638147035827
16:33:080710:760,1010.0,Земли населенных пунктов,Учтенный,"Российская Федерация, Республика Татарстан (Татарстан), м.р-н Пестречинский, с.п. Кощаковское, д Званка, ул. Образования, з/у 8",Частная,Для индивидуального жилищного строительства,ИЖС,0,нет,16:33:080710,1595499.52,1579.7,,,,,нет,да,нет,нет,нет,да,нет,да,55.810776799084664,49.366747849806046
16:33:080710:758,1003.0,Земли населенных пунктов,Учтенный,"Российская Федерация, Республика Татарстан (Татарстан), м.р-н Пестречинский, с.п. Кощаковское, д Званка, ул. Образования, з/у 4",Частная,Для индивидуального жилищного строительства,ИЖС,0,нет,16:33:080710,1573198.48,1568.49,,,,,нет,да,нет,нет,нет,да,нет,да,55.81121504326207,49.3672205267344
16:33:080710:776,1061.0,Земли населенных пунктов,Учтенный,"Российская Федерация, Республика Татарстан, муниципальный район Пестречинский, сельское поселение Кощаковское, деревня Званка, улица Экологичная, земельный участок 14",Частная,Для индивидуального жилищного строительства,ИЖС,0,нет,16:33:080710,1677846.73,1581.38,,,,,нет,да,нет,нет,нет,да,нет,да,55.810239890757074,49.3687637598308
16:33:080710:769,1006.0,Земли населенных пунктов,Учтенный,"Российская Федерация, Республика Татарстан, муниципальный район Пестречинский, сельское поселение Кощаковское, деревня Званка, улица Архитектурная, земельный участок 20",Частная,Для индивидуального жилищного строительства,ИЖС,0,нет,16:33:080710,1586128.51,1576.67,,,,,нет,да,нет,нет,нет,да,нет,да,55.81074426870893,49.36613991242661
16:33:080710:761,1006.0,Земли населенных пунктов,Учтенный,"Российская Федерация, Республика Татарстан (Татарстан), м.р-н Пестречинский, с.п. Кощаковское, д Званка, ул. Образования, з/у 10",Частная,Для индивидуального жилищного строительства,ИЖС,0,нет,16:33:080710,1594822.56,1585.31,,,,,нет,да,нет,нет,нет,да,нет,да,55.810563254965096,49.36653934456471
16:33:080710:751,1085.0,Земли населенных пунктов,Учтенный,"Российская Федерация, Республика Татарстан (Татарстан), м.р-н Пестречинский, с.п. Кощаковское, д Званка, ул. Образования, з/у 9",Частная,Для индивидуального жилищного строительства,ИЖС,0,нет,16:33:080710,1719486.95,1584.78,,,,,нет,да,нет,нет,нет,да,нет,да,55.81014085855138,49.367249631458314
16:33:080710:750,1084.0,Земли населенных пунктов,Учтенный,"Российская Федерация, Республика Татарстан (Татарстан), м.р-н Пестречинский, с.п. Кощаковское, д Званка, ул. Образования, з/у 11",Частная,Для индивидуального жилищного строительства,ИЖС,0,нет,16:33:080710,1724528.55,1590.89,,,,,нет,да,нет,нет,нет,да,нет,да,55.80998852363014,49.36700077921026
16:33:000000:4657,1006.0,Земли населенных пунктов,Учтенный,"Российская Федерация, Республика Татарстан (Татарстан), м.р-н Пестречинский, с.п. Кощаковское, д Званка, ул. Научная, з/у 1",Частная,Парки культуры и отдыха,ОТДЫХ,0,нет,16:33:000000,688505.19,684.4,,,,,нет,нет,нет,нет,нет,нет,нет,да,55.81458045127595,49.37286756001477
16:33:000000:4648,1011.0,Земли населенных пунктов,Учтенный,"Российская Федерация, Республика Татарстан (Татарстан), м.р-н Пестречинский, с.п. Кощаковское, д Званка, ул. Научная, з/у 2",Частная,Для индивидуального жилищного строительства,ИЖС,0,нет,16:33:000000,1433425.62,1417.83,,,,,нет,да,нет,нет,нет,да,нет,да,55.814545328487824,49.37192338865948
16:33:080709:354,1079.0,Земли населенных пунктов,Учтенный,"Российская Федерация, Республика Татарстан (Татарстан), м.р-н Пестречинский, с.п. Кощаковское, д Званка, ул. Научная, з/у 13",Частная,Для индивидуального жилищного строительства,ИЖС,0,нет,16:33:080709,1666955.62,1544.91,,,,,нет,да,нет,нет,нет,да,нет,да,55.813001138188184,49.37213481340683
16:33:080709:326,1000.0,Земли населенных пунктов,Учтенный,"Российская Федерация, Республика Татарстан (Татарстан), м.р-н Пестречинский, с.п. Кощаковское, д Званка, ул. Архитектурная, з/у 11",Частная,Для индивидуального жилищного строительства,ИЖС,0,нет,16:33:080709,1518298.3,1518.3,,,,,нет,да,нет,нет,нет,да,нет,да,55.81290925969624,49.36806746886354
16:33:080709:328,1330.0,Земли населенных пунктов,Учтенный,"Российская Федерация, Республика Татарстан (Татарстан), м.р-н Пестречинский, с.п. Кощаковское, д Званка, ул. Искусств, з/у 8",Частная,Для индивидуального жилищного строительства,ИЖС,0,нет,16:33:080709,2023833.6,1521.68,,,,,нет,да,нет,нет,нет,да,нет,да,55.81291569945102,49.368666589773895
16:33:080709:341,1010.0,Земли населенных пунктов,Учтенный,"Российская Федерация, Республика Татарстан (Татарстан), м.р-н Пестречинский, с.п. Кощаковское, д Званка, ул. Танцевальная, з/у 5",Частная,Для индивидуального жилищного строительства,ИЖС,0,нет,16:33:080709,1510447.83,1495.49,,,,,нет,да,нет,нет,нет,да,нет,да,55.813082884689784,49.36754075811595
16:33:080709:337,4193.0,Земли населенных пунктов,Учтенный,"Российская Федерация,  Республика Татарстан, Пестречинский муниципальный район, Кощаковское сельское поселение",Частная,Улично-дорожная сеть,ДРУГОЕ,0,нет,16:33:080709,1800236.46,429.34,,,,,нет,нет,нет,нет,нет,нет,нет,да,55.813112545362806,49.36751365449426
16:33:080709:352,1047.0,Земли населенных пунктов,Учтенный,"Российская Федерация, Республика Татарстан (Татарстан), м.р-н Пестречинский, с.п. Кощаковское, д Званка, ул. Научная, з/у 14",Частная,Для индивидуального жилищного строительства,ИЖС,0,нет,16:33:080709,1598980.18,1527.2,,,,,нет,да,нет,нет,нет,да,нет,да,55.8131882774351,49.37147934585491
16:33:000000:5189,1006.0,Земли населенных пунктов,Учтенный,"Российская Федерация, Республика Татарстан, муниципальный район Пестречинский, сельское поселение Кощаковское, деревня Званка, улица Спортивная, земельный участок 16",,Благоустройство территории,ДРУГОЕ,0,нет,16:33:000000,16218.33,16.12,,,,,да,нет,нет,нет,нет,нет,нет,да,55.81048887452707,49.362890198360766
16:33:000000:5192,1179.0,Земли населенных пунктов,Учтенный,"Российская Федерация, Республика Татарстан (Татарстан), м.р-н Пестречинский, с.п. Кощаковское, д Званка, ул. Архитектурная, з/у 10",,Парк культуры и отдыха 3.6.2,ОТДЫХ,0,нет,16:33:000000,806906.19,684.4,,,,,да,нет,нет,нет,нет,нет,нет,да,55.8121727537582,49.367895275154915
16:33:080709:395,1167.0,Земли населенных пунктов,Учтенный,"Российская Федерация, Республика Татарстан (Татарстан), м.р-н Пестречинский, с.п. Кощаковское, д Званка, ул. Призвания, з/у 16",Частная,Для индивидуального жилищного строительства,ИЖС,0,нет,16:33:080709,1927700.43,1651.84,,,,,нет,да,нет,нет,нет,да,нет,да,55.811165634527825,49.35933538221132
16:33:080709:342,1013.0,Земли населенных пунктов,Учтенный,"Российская Федерация, Республика Татарстан (Татарстан), м.р-н Пестречинский, с.п. Кощаковское, д Званка, ул. Танцевальная, з/у 3",Частная,Для индивидуального жилищного строительства,ИЖС,0,нет,16:33:080709,1515057.69,1495.61,,,,,нет,да,нет,нет,нет,да,нет,да,55.813228569154305,49.367832362913916
16:33:080709:378,1002.0,Земли населенных пунктов,Учтенный,"Российская Федерация, Республика Татарстан (Татарстан), м.р-н Пестречинский, с.п. Кощаковское, д Званка, ул. Строительная, з/у 12",Частная,Для индивидуального жилищного строительства,ИЖС,0,нет,16:33:080709,1687940.64,1684.57,,,,,нет,да,нет,нет,нет,да,нет,да,55.81175873060812,49.35664122471592
16:33:080710:728,1006.0,Земли населенных пунктов,Учтенный,"Российская Федерация, Республика Татарстан (Татарстан), м.р-н Пестречинский, с.п. Кощаковское, д Званка, ул. Экологичная, з/у 17",Частная,Для индивидуального жилищного строительства,ИЖС,0,нет,16:33:080710,1577047.35,1567.64,,,,,нет,да,нет,нет,нет,да,нет,да,55.81225024949259,49.370839239525196
16:33:000000:5023,1005.0,Земли населенных пунктов,Учтенный,"Российская Федерация, Республика Татарстан, муниципальный район Пестречинский, сельское поселение Кощаковское, деревня Званка, улица Режиссерская, земельный участок 10",Частная,Для индивидуального жилищного строительства,ИЖС,0,нет,16:33:000000,1683894.99,1675.52,,,,,нет,да,нет,нет,нет,да,нет,да,55.80896548029214,49.3612015484772
16:33:000000:5122,1005.0,Земли населенных пунктов,Учтенный,"Российская Федерация, Республика Татарстан, муниципальный район Пестречинский, сельское поселение Кощаковское, деревня Званка, улица Поэтическая, земельный участок 12",Частная,Для индивидуального жилищного строительства,ИЖС,0,нет,16:33:000000,1732224.63,1723.61,,,,,нет,да,нет,нет,нет,да,нет,да,55.8079933584667,49.3585389259956
16:33:000000:5064,955.0,Земли населенных пунктов,Учтенный,"Российская Федерация, Республика Татарстан (Татарстан), м.р-н Пестречинский, с.п. Кощаковское, д Званка, ул. Творческая, з/у 6",Частная,Для индивидуального жилищного строительства,ИЖС,0,нет,16:33:000000,1696864.63,1776.82,,,,,нет,да,нет,нет,нет,да,нет,да,55.806909117874945,49.35749233775012
16:33:000000:5077,1019.0,Земли населенных пунктов,Учтенный,"Российская Федерация, Республика Татарстан (Татарстан), м.р-н Пестречинский, с.п. Кощаковское, д Званка, ул. Творческая, з/у 1",Частная,Для индивидуального жилищного строительства,ИЖС,0,нет,16:33:000000,1855843.76,1821.24,,,,,нет,да,нет,нет,нет,да,нет,да,55.80636602853667,49.356201210721565
16:33:000000:5091,1004.0,Земли населенных пунктов,Учтенный,"Российская Федерация, Республика Татарстан, муниципальный район Пестречинский, сельское поселение Кощаковское, деревня Званка, улица Литературная, земельный участок 8",Частная,Для индивидуального жилищного строительства,ИЖС,0,нет,16:33:000000,1780282.86,1773.19,,,,,нет,да,нет,нет,нет,да,нет,да,55.808543449507454,49.35672584869012
16:33:000000:5231,1389.0,Земли населенных пунктов,Учтенный,"Российская Федерация, Республика Татарстан, муниципальный район Пестречинский, сельское поселение Кощаковское, деревня Званка, улица Спортивная, земельный участок 11",Частная,Для индивидуального жилищного строительства,ИЖС,0,нет,16:33:000000,2166206.06,1559.54,,,,,нет,да,нет,нет,нет,да,нет,да,55.81145186908416,49.36373221119897
16:33:000000:5193,1114.0,Земли населенных пунктов,Учтенный,"Российская Федерация, Республика Татарстан (Татарстан), м.р-н Пестречинский, с.п. Кощаковское, д Званка, ул. Архитектурная, з/у 10А",,Площадка для занятий спортом,ДРУГОЕ,0,нет,16:33:000000,762420.26,684.4,,,,,да,нет,нет,нет,нет,нет,нет,да,55.81191585548703,49.367801235933165
16:33:000000:5232,1019.0,Земли населенных пунктов,Учтенный,"Российская Федерация, Республика Татарстан (Татарстан), м.р-н Пестречинский, с.п. Кощаковское, д Званка, ул. Спортивная, з/у 9",Частная,Для индивидуального жилищного строительства,ИЖС,0,нет,16:33:000000,1579685.39,1550.23,,,,,нет,да,нет,нет,нет,да,нет,да,55.811615215725936,49.36429385462552
16:33:000000:5222,1087.0,Земли населенных пунктов,Учтенный,"Российская Федерация, Республика Татарстан, муниципальный район Пестречинский, сельское поселение Кощаковское, деревня Званка, улица Экологичная, земельный участок 29",Частная,Для индивидуального жилищного строительства,ИЖС,0,нет,16:33:000000,1733059.54,1594.35,,,,,нет,да,нет,нет,нет,да,нет,да,55.81053359256811,49.370492052106314
16:33:000000:5178,1002.0,Земли населенных пунктов,Учтенный,"Российская Федерация, Республика Татарстан (Татарстан), м.р-н Пестречинский, с.п. Кощаковское, д Званка, ул. Спортивная, з/у 8",Частная,Для индивидуального жилищного строительства,ИЖС,0,нет,16:33:000000,1562806.57,1559.69,,,,,нет,да,нет,нет,нет,да,нет,да,55.81114480960361,49.364217719232585
16:33:080302:931,1471.0,Земли населенных пунктов,Учтенный,"Российская Федерация, Республика Татарстан, Пестречинский муниципальный район, д Званка, ул. Трудовая, д. 19а",Частная,(2.2) для ведения личного подсобного хозяйства,ЛПХ,0,нет,16:33:080302,2725001.46,1852.48,,,,,нет,нет,нет,нет,да,да,нет,да,55.80428605789694,49.36832111308135
16:33:080302:933,1548.0,Земли населенных пунктов,Учтенный,"Российская Федерация, Республика Татарстан, Пестречинский муниципальный район, Кощаковское сельское поселение, д Званка, ул. Приозерная, д. 35А",Частная,для индивидуального жилищного строительства,ИЖС,0,нет,16:33:080302,2791551.59,1803.33,,,,,нет,да,нет,нет,нет,да,нет,да,55.80585672677663,49.36819624621913
16:33:080710:790,2754.0,Земли сельскохозяйственного назначения,Учтенный,"Российская Федерация, Республика Татарстан, Пестречинский муниципальный район, Кощаковское сельское поселение",Муниципальная,для сельскохозяйственного производства,СХ,0,нет,16:33:080710,183418.88,66.6,,,,,да,нет,нет,нет,нет,нет,нет,нет,55.80529400566832,49.353611761365585
16:33:000000:5149,1021.0,Земли населенных пунктов,Учтенный,"Российская Федерация, Республика Татарстан (Татарстан), м.р-н Пестречинский, с.п. Кощаковское, д Званка, ул. Театральная, з/у 16",Частная,Для индивидуального жилищного строительства,ИЖС,0,нет,16:33:000000,1726304.86,1690.8,,,,,нет,да,нет,нет,нет,да,нет,да,55.80798620629182,49.36010693578514
16:33:000000:5155,1011.0,Земли населенных пунктов,Учтенный,"Российская Федерация, Республика Татарстан (Татарстан), м.р-н Пестречинский, с.п. Кощаковское, д Званка, ул. Творческая, з/у 12",Частная,Для индивидуального жилищного строительства,ИЖС,0,нет,16:33:000000,1716863.11,1698.18,,,,,нет,да,нет,нет,нет,да,нет,да,55.80724374764143,49.359787050034896
16:33:000000:5157,1540.0,Земли населенных пунктов,Учтенный,"Российская Федерация, Республика Татарстан, муниципальный район Пестречинский, сельское поселение Кощаковское, деревня Званка, улица Творческая, земельный участок 11",Частная,Для индивидуального жилищного строительства,ИЖС,0,нет,16:33:000000,2625280.81,1704.73,,,,,нет,да,нет,нет,нет,да,нет,да,55.80674430266632,49.35978431567858
16:33:080709:358,1006.0,Земли населенных пунктов,Учтенный,"Российская Федерация, Республика Татарстан (Татарстан), м.р-н Пестречинский, с.п. Кощаковское, д Званка, ул. Инженерная, з/у 16",Частная,Для индивидуального жилищного строительства,ИЖС,0,нет,16:33:080709,1715790.95,1705.56,,,,,нет,да,нет,нет,нет,да,нет,да,55.811909173622155,49.35528803131375
16:33:000000:5068,1000.0,Земли населенных пунктов,Учтенный,"Российская Федерация, Республика Татарстан, муниципальный район Пестречинский, сельское поселение Кощаковское, деревня Званка, улица Спортивная, земельный участок 29",Частная,Для индивидуального жилищного строительства,ИЖС,0,нет,16:33:000000,1686963.4,1686.96,,,,,нет,да,нет,нет,нет,да,нет,да,55.80994618243135,49.35831231504938
16:33:000000:5042,1662.0,Земли населенных пунктов,Учтенный,"Российская Федерация, Республика Татарстан, муниципальный район Пестречинский, сельское поселение Кощаковское, деревня Званка, улица Режиссерская, земельный участок 5",Частная,Для индивидуального жилищного строительства,ИЖС,0,нет,16:33:000000,2743645.39,1650.81,,,,,нет,да,нет,нет,нет,да,нет,да,55.809543438338565,49.36208220935947
16:33:000000:5117,1143.0,Земли населенных пунктов,Учтенный,"Российская Федерация, Республика Татарстан, муниципальный район Пестречинский, сельское поселение Кощаковское, деревня Званка, улица Поэтическая, земельный участок 8",Частная,для индивидуального жилищного строительства,ИЖС,0,нет,16:33:000000,1961530.99,1716.13,,,,,нет,да,нет,нет,нет,да,нет,да,55.80855138185317,49.35827719626194
16:33:000000:5026,1007.0,Земли населенных пунктов,Учтенный,"Российская Федерация, Республика Татарстан, муниципальный район Пестречинский, сельское поселение Кощаковское, деревня Званка, улица Музыкальная, земельный участок 11",Частная,Для индивидуального жилищного строительства,ИЖС,0,нет,16:33:000000,1848577.79,1835.73,,,,,нет,да,нет,нет,нет,да,нет,да,55.807487054311764,49.355020218131095
16:33:000000:5037,1006.0,Земли населенных пунктов,Учтенный,"Российская Федерация, Республика Татарстан, муниципальный район Пестречинский, сельское поселение Кощаковское, деревня Званка, улица Художественная, земельный участок 14",Частная,Для индивидуального жилищного строительства,ИЖС,0,нет,16:33:000000,1822886.99,1812.01,,,,,нет,да,нет,нет,нет,да,нет,да,55.80757531654643,49.35563521623829
16:33:000000:5034,1027.0,Земли населенных пунктов,Учтенный,"Российская Федерация, Республика Татарстан, муниципальный район Пестречинский, сельское поселение Кощаковское, деревня Званка, улица Режиссерская, земельный участок 20",Частная,Для индивидуального жилищного строительства,ИЖС,0,нет,16:33:000000,1741634.15,1695.85,,,,,нет,да,нет,нет,нет,да,нет,да,55.807759186619634,49.361766777760465
16:33:000000:5129,1005.0,Земли населенных пунктов,Учтенный,"Российская Федерация, Республика Татарстан (Татарстан), м.р-н Пестречинский, с.п. Кощаковское, д Званка, ул. Творческая, з/у 8",Частная,Для индивидуального жилищного строительства,ИЖС,0,нет,16:33:000000,1757854.44,1749.11,,,,,нет,да,нет,нет,нет,да,нет,да,55.80703401333584,49.35832504353263
16:33:000000:5128,1004.0,Земли населенных пунктов,Учтенный,"Российская Федерация, Республика Татарстан, муниципальный район Пестречинский, сельское поселение Кощаковское, деревня Званка, улица Поэтическая, земельный участок 18",Частная,Для индивидуального жилищного строительства,ИЖС,0,нет,16:33:000000,1735274.44,1728.36,,,,,нет,да,нет,нет,нет,да,нет,да,55.80734006429001,49.35884530691344
16:33:080709:420,130180.0,Земли населенных пунктов,Учтенный,"Российская Федерация, Республика Татарстан, Пестричинский муниципальный район, Кощаковское сельское поселение ",Частная,Для сельскохозяйственного производства,СХ,0,нет,16:33:080709,392909.28,3.02,,,,,нет,нет,нет,нет,нет,нет,нет,да,55.81242034098604,49.3548725445641
16:33:080301:1054,849.0,Земли населенных пунктов,Учтенный,"Российская Федерация, Республика Татарстан, Пестречинский муниципальный район, Кощаковское сельское поселение, д. Званка, ул. Овражная, з/у 31",Частная,для индивидуального жилищного строительства,ИЖС,0,нет,16:33:080301,1282666.91,1510.8,,,,,нет,да,нет,нет,нет,да,нет,да,55.809149943271564,49.38729399524781
16:33:080301:1062,1282.0,Земли населенных пунктов,Учтенный,"Российская Федерация, Республика Татарстан, Пестречинский муниципальный район, Кощаковское сельское поселение, д. Званка, ул. Каменная, д. 3",Частная,для индивидуального жилищного строительства,ИЖС,0,нет,16:33:080301,2061117.55,1607.74,,,,,нет,да,нет,нет,нет,да,нет,да,55.81055558371276,49.383354446078926
16:33:080301:1063,1121.0,Земли населенных пунктов,Учтенный,"Российская Федерация, Республика Татарстан, Пестречинский муниципальный район, Кощаковское сельское поселение, д.Званка, ул. Лесная, д. 28",Частная,для ведения личного подсобного хозяйства,ЛПХ,0,нет,16:33:080301,1845226.76,1646.05,,,,,нет,нет,нет,нет,да,да,нет,да,55.81198132225576,49.3795067975299
16:33:080301:536,698.0,Земли населенных пунктов,Учтенный,"Местоположение установлено относительно ориентира, расположенного в границах участка. Почтовый адрес ориентира: Российская Федерация, Республика Татарстан (Татарстан), м.р-н Пестречинский, с.п. Кощаковское, д Званка, ул Лесная, з/у 22А.",Частная,для ведения личного подсобного хозяйства,ЛПХ,0,нет,16:33:080301,1136085.18,1627.63,,,,,нет,нет,нет,нет,да,да,нет,да,55.8114763459223,49.38049809792561
16:33:080709:422,1008.0,Земли населенных пунктов,Учтенный,"Российская Федерация, Республика Татарстан (Татарстан), м.р-н Пестречинский, с.п. Кощаковское, д Званка, ул. Танцевальная, з/у 7",Частная,Для индивидуального жилищного строительства,ИЖС,0,нет,16:33:080709,1502451.22,1490.53,,,,,нет,да,нет,нет,нет,да,нет,да,55.813019682981185,49.367108211590406
16:33:000000:6014,1080.0,Земли населенных пунктов,Учтенный,"Российская Федерация, Республика Татарстан, муниципальный район Пестречинский, сельское поселение Кощаковское, деревня Званка, улица Инструментальная, земельный участок 5",Частная,Для индивидуального жилищного строительства,ИЖС,0,нет,16:33:000000,1650682.04,1528.41,,,,,нет,да,нет,нет,нет,да,нет,да,55.81213929335169,49.36435528716207
16:33:000000:6056,1191.0,Земли населенных пунктов,Учтенный,"Российская Федерация, Республика Татарстан, Пестречинский муниципальный район, Кощаковское сельское поселение ",Частная,Для индивидуального жилищного строительства,ИЖС,0,нет,16:33:000000,1847335.33,1551.08,,,,,нет,да,нет,нет,нет,да,нет,да,55.81291753326806,49.37128528726329
16:33:000000:6017,1480.0,Земли населенных пунктов,Учтенный,"Российская Федерация, Республика Татарстан (Татарстан), м.р-н Пестречинский, с.п. Кощаковское, д Званка, ул. Архитектурная, з/у 1",Частная,Для индивидуального жилищного строительства,ИЖС,0,нет,16:33:000000,2288031.31,1545.97,,,,,нет,да,нет,нет,нет,да,нет,да,55.81294161895586,49.370720004524046
16:33:000000:6034,1213.0,Земли населенных пунктов,Учтенный,"Российская Федерация, Республика Татарстан, муниципальный район Пестречинский, сельское поселение Кощаковское, деревня Званка, улица Инструментальная, земельный участок 3",Частная,Для индивидуального жилищного строительства,ИЖС,0,нет,16:33:000000,1853960.48,1528.41,,,,,нет,да,нет,нет,нет,да,нет,да,55.8120087442519,49.363895729344534
16:33:080710:796,1142.0,Земли населенных пунктов,Учтенный,"Российская Федерация, Республика Татарстан (Татарстан), м.р-н Пестречинский, с.п. Кощаковское, д Званка, ул. Образования, з/у 15",Частная,Для индивидуального жилищного строительства,ИЖС,0,нет,16:33:080710,1840796.88,1611.91,,,,,нет,да,нет,нет,нет,да,нет,да,55.80966315101576,49.36659501825545
16:33:000000:6065,1196.0,Земли населенных пунктов,Учтенный,"Российская Федерация, Республика Татарстан, муниципальный район Пестречинский, сельское поселение Кощаковское, деревня Званка, улица Режиссерская, земельный участок 17",Частная,Для индивидуального жилищного строительства,ИЖС,0,нет,16:33:000000,2020485.56,1689.37,,,,,нет,да,нет,нет,нет,да,нет,да,55.807800494104434,49.36245437183939
16:33:000000:6069,1011.0,Земли населенных пунктов,Учтенный,"Российская Федерация, Республика Татарстан, муниципальный район Пестречинский, сельское поселение Кощаковское, деревня Званка, улица Призвания, земельный участок 1",Частная,Благоустройство территории,ДРУГОЕ,0,нет,16:33:000000,17247.86,17.06,,,,,нет,нет,нет,нет,нет,нет,нет,да,55.809313041495194,49.354294233739324
16:33:000000:6004,1445.0,Земли населенных пунктов,Учтенный,"Российская Федерация, Республика Татарстан, муниципальный район Пестречинский, сельское поселение Кощаковское, деревня Званка, улица Призвания, земельный участок 9",Частная,Для индивидуального жилищного строительства,ИЖС,0,нет,16:33:000000,2505866.84,1734.16,,,,,нет,да,нет,нет,нет,да,нет,да,55.809825682978556,49.35665884636129
16:33:000000:6000,1006.0,Земли населенных пунктов,Учтенный,"Российская Федерация, Республика Татарстан, муниципальный район Пестречинский, сельское поселение Кощаковское, деревня Званка, улица Искусств, земельный участок 9",Частная,Для индивидуального жилищного строительства,ИЖС,0,нет,16:33:000000,1584483.8,1575.03,,,,,нет,да,нет,нет,нет,да,нет,да,55.810982560534576,49.36902774524362
16:33:000000:5994,1405.0,Земли населенных пунктов,Учтенный,"Российская Федерация, Республика Татарстан, муниципальный район Пестречинский, сельское поселение Кощаковское, деревня Званка, улица Архитектурная, земельный участок 23",Частная,Для индивидуального жилищного строительства,ИЖС,0,нет,16:33:000000,2212255.25,1574.56,,,,,нет,да,нет,нет,нет,да,нет,да,55.81101397510414,49.365491102966935
16:33:000000:5997,1092.0,Земли населенных пунктов,Учтенный,"Российская Федерация, Республика Татарстан (Татарстан), м.р-н Пестречинский, с.п. Кощаковское, д Званка, ул. Экологичная, з/у 6",Частная,Для индивидуального жилищного строительства,ИЖС,0,нет,16:33:000000,1715941.61,1571.38,,,,,нет,да,нет,нет,нет,да,нет,да,55.8119366657309,49.370153219835224
16:33:000000:6074,1025.0,Земли населенных пунктов,Учтенный,"Российская Федерация, Республика Татарстан (Татарстан), м.р-н Пестречинский, с.п. Кощаковское, д Званка, ул. Танцевальная, з/у 13",Частная,Для индивидуального жилищного строительства,ИЖС,0,нет,16:33:000000,1530899.31,1493.56,,,,,нет,да,нет,нет,нет,да,нет,да,55.81262163463294,49.36604131402249
16:33:080709:430,1000.0,Земли населенных пунктов,Учтенный,"Российская Федерация, Республика Татарстан (Татарстан), м.р-н Пестречинский, с.п. Кощаковское, д Званка, ул. Научная, з/у 7",Частная,Для индивидуального жилищного строительства,ИЖС,0,нет,16:33:080709,1478581.7,1478.58,,,,,нет,да,нет,нет,нет,да,нет,да,55.81379952207013,49.37240626445305
16:33:080709:429,1000.0,Земли населенных пунктов,Учтенный,"Российская Федерация, Республика Татарстан (Татарстан), м.р-н Пестречинский, с.п. Кощаковское, д Званка, ул. Научная, з/у 5",Частная,Для индивидуального жилищного строительства,ИЖС,0,нет,16:33:080709,1478581.7,1478.58,,,,,нет,да,нет,нет,нет,да,нет,да,55.81405567103707,49.37250188348117
16:33:080301:1075,619.0,Земли населенных пунктов,Учтенный,"Республика Татарстан, Пестречинский муниципальный район, Кощаковское сельское поселение, д. Званка",Муниципальная,земельные участки (территории) общего пользования; Религиозное использование,ОГП,0,нет,16:33:080301,331437.05,535.44,,,,,да,нет,нет,нет,нет,нет,да,да,55.80937632102378,49.38064293404377
16:33:000000:6078,1275.0,Земли населенных пунктов,Учтенный,"Российская Федерация, Республика Татарстан, муниципальный район Пестречинский, сельское поселение Кощаковское, деревня Званка, улица Призвания, земельный участок 7",Частная,Для индивидуального жилищного строительства,ИЖС,0,нет,16:33:000000,2257347.08,1770.47,,,,,нет,да,нет,нет,нет,да,нет,да,55.80972763150203,49.356235688251395
16:33:080702:928,1000.0,Земли населенных пунктов,Учтенный,"Российская Федерация, Республика Татарстан, Пестречинский муниципальный район, Кощаковское сельское поселение, д. Званка",Частная,для индивидуального жилищного строительства; для жилищного строительства; земельные участки (территории) общего пользования,ИЖС,0,нет,16:33:080702,1577531.8,1577.53,,,,,нет,да,нет,нет,нет,да,да,да,55.808472978833,49.38943173745837
16:33:080702:925,2199.0,Земли населенных пунктов,Учтенный,"Российская Федерация, Республика Татарстан, Пестречинский муниципальный район, Кощаковское сельское поселение, д. Званка",Частная,для индивидуального жилищного строительства; для жилищного строительства; земельные участки (территории) общего пользования,ИЖС,0,нет,16:33:080702,3574411.61,1625.47,,,,,нет,да,нет,нет,нет,да,да,да,55.80799728987977,49.38812100239906
16:33:080702:960,217.0,Земли населенных пунктов,Учтенный,"Российская Федерация, Республика Татарстан, Пестречинский муниципальный район, Кощаковское сельское поселение, д Званка",Частная,для жилищного строительства,ДРУГОЕ,0,нет,16:33:080702,368357.46,1697.5,,,,,нет,нет,нет,нет,нет,нет,нет,да,55.806042896372524,49.38927972578411
16:33:000000:6290,947.0,Земли населенных пунктов,Учтенный,"Российская Федерация, Республика Татарстан, Пестречинский муниципальный район, Кощаковское сельское поселение, д. Званка, ул. Овражная, з/у 31 А",Частная,для индивидуального жилищного строительства,ИЖС,0,нет,16:33:000000,1430725.04,1510.8,,,,,нет,да,нет,нет,нет,да,нет,да,55.80924915844713,49.38754340247696
16:33:080303:606,426.0,Земли населенных пунктов,Учтенный,"Российская Федерация, Республика Татарстан, Пестречинский муниципальный район, Кощаковское сельское поселение, д Званка",Муниципальная,для размещения водных объектов,ВОДНЫЙ,0,нет,16:33:080303,3601.83,8.46,,,,,да,нет,нет,нет,нет,нет,нет,да,55.805339857772516,49.376403986764124
16:33:080301:1094,1000.0,Земли населенных пунктов,Учтенный,"Российская Федерация, Республика Татарстан (Татарстан), м.р-н Пестречинский, с.п. Кощаковское, д Званка, ул Лесная, з/у 27А",Частная,Индивидуальные жилые дома с приусадебными земельными участками,ЖИЛОЙ,0,нет,16:33:080301,1576038.4,1576.04,,,,,нет,нет,нет,нет,нет,да,нет,да,55.81328849016949,49.37817460499989
16:33:080710:822,1001.0,Земли населенных пунктов,Учтенный,"Российская Федерация, Республика Татарстан (Татарстан), м.р-н Пестречинский, с.п. Кощаковское, д Званка, ул. Экологичная, з/у 25",Частная,Благоустройство территории,ДРУГОЕ,0,нет,16:33:080710,16137.72,16.12,,,,,нет,нет,нет,нет,нет,нет,нет,да,55.81127151207667,49.370541302780126
16:33:080303:609,1456.0,Земли населенных пунктов,Учтенный,"Республика Татарстан, Пестречинский муниципальный район, Кощаковское сельское поселение, д Званка, ул Придорожная, з/у 4А",Частная,Под жилую застройку Индивидуальную,ДРУГОЕ,0,нет,16:33:080303,2619767.11,1799.29,,,,,нет,нет,нет,нет,нет,нет,нет,да,55.80550345258282,49.37793217762003
16:33:080303:610,1000.0,Земли населенных пунктов,Учтенный,"Республика Татарстан, Пестречинский муниципальный район, Кощаковское сельское поселение, д Званка, ул Придорожная, з/у 4А",Частная,Под жилую застройку Индивидуальную,ДРУГОЕ,0,нет,16:33:080303,1788222.5,1788.22,,,,,нет,нет,нет,нет,нет,нет,нет,да,55.805648138997356,49.377907433203156
16:33:080303:611,1480.0,Земли населенных пунктов,Учтенный,"Российская Федерация, Республика Татарстан, Пестречинский муниципальный район, Кощаковское сельское поселение, д. Званка",Муниципальная,"земельные участки улиц, переулков, тупиков",ДРУГОЕ,0,нет,16:33:080303,793819.16,536.36,,,,,да,нет,нет,нет,нет,нет,нет,да,55.80725806600927,49.38261360946674
16:33:080302:952,2479.0,Земли населенных пунктов,Учтенный,"Российская Федерация, Республика Татарстан, Пестречинский муниципальный район, Кощаковское сельское поселение, д. Званка, улица Придорожная, земельный участок 16",Частная,для ведения личного подсобного хозяйства.,ЛПХ,0,нет,16:33:080302,4727181.55,1906.89,,,,,нет,нет,нет,нет,да,да,нет,да,55.80205472568841,49.37573675256003
16:33:000000:5823,990.0,Земли населенных пунктов,Ранее учтенный,"Респ. Республика Татарстан (Татарстан), Пестречинский р-н., д. Званка",Частная,Для индивидуального жилищного строительства,ИЖС,0,нет,16:33:080302,1826678.3,1845.13,,,,,нет,да,нет,нет,нет,да,нет,да,55.80426193374573,49.374274273976035
16:33:080710:833,1521.0,Земли населенных пунктов,Учтенный,"Российская Федерация, Республика Татарстан, Пестречинский муниципальный район, Кощаковское сельское поселение, д Званка, ул. Приозерная, з/у 18А",Частная,Для ведения личного подсобного хозяйства,ЛПХ,0,нет,16:33:080710,2425595.89,1594.74,,,,,нет,нет,нет,нет,да,да,нет,да,55.81147221871997,49.371241737964006
16:33:080702:984,3612.0,Земли населенных пунктов,Учтенный,"Российская Федерация, Республика Татарстан, Пестречинский муниципальный район, Кощаковское сельское поселение, д Званка",Частная,для жилищного строительства,ДРУГОЕ,0,нет,16:33:080702,5933444.32,1642.7,,,,,нет,нет,нет,нет,нет,нет,нет,да,55.80781348618902,49.38768538923712
16:33:080710:844,1035.0,Земли населенных пунктов,Учтенный,"Российская Федерация, Республика Татарстан, Пестречинский муниципальный район, Кощаковское сельское поселение, деревня Званка, улица Призвания",Частная,Для индивидуального жилищного строительства,ИЖС,0,нет,16:33:080710,1705568.53,1647.89,,,,,нет,да,нет,нет,нет,да,нет,да,55.810624395391905,49.35969783867309
16:33:080709:466,1336.0,Земли населенных пунктов,Учтенный,"Российская Федерация, Республика Татарстан, Пестречинский муниципальный район, Кощаковское сельское поселение, д Званка",Частная,Для индивидуального жилищного строительства,ИЖС,0,нет,16:33:080709,1965109.44,1470.89,,,,,нет,да,нет,нет,нет,да,нет,да,55.81429420534283,49.37272480079269
16:33:080301:189,9.0,Земли населенных пунктов,Ранее учтенный,"Местоположение установлено относительно ориентира, расположенного в границах участка. Почтовый адрес ориентира: Республика Татарстан, р-н Пестречинский муниципальный, с/п Званковское, д Званка.",Муниципальная,Коммунальное обслуживание,ДРУГОЕ,0,нет,16:33:080301,10113.32,1123.7019,,,,,да,нет,нет,нет,нет,нет,нет,да,55.80921912489225,49.38004341016559
16:33:080301:278,7357.0,Земли населенных пунктов,Учтенный,"Местоположение установлено относительно ориентира, расположенного в границах участка. Почтовый адрес ориентира: Республика Татарстан, Пестречинский муниципальный район, Званковское сельское поселение, д Званка.",,Дороги общего пользования,ОГП,0,нет,16:33:080301,3911431.45,531.66,,,,,да,нет,нет,нет,нет,нет,да,да,55.8104250827432,49.375815897923445
16:33:080301:217,635.0,Земли населенных пунктов,Ранее учтенный,"Российская Федерация, Республика Татарстан (Татарстан), м.р-н Пестречинский, с.п. Кощаковское, д Званка, ул Приозерная, з/у 27А",,Под жилую застройку Индивидуальную,ДРУГОЕ,0,нет,16:33:000000,984524.64,1550.43,,,,,да,нет,нет,нет,нет,нет,нет,да,55.80928320654349,49.37040034517237
16:33:080702:176,779.0,Земли населенных пунктов,Учтенный,"Местоположение установлено относительно ориентира, расположенного в границах участка. Почтовый адрес ориентира: Российская Федерация, Республика Татарстан (Татарстан), м.р-н Пестречинский, с.п. Кощаковское, д Званка, ул Романтика, з/у 2.",Частная,Для жилищного строительства,ДРУГОЕ,0,нет,16:33:080702,1257316.13,1614.013,,,,,нет,нет,нет,нет,нет,нет,нет,да,55.807720765738416,49.38568465703795
16:33:080702:822,525.0,Земли населенных пунктов,Учтенный,"Российская Федерация, Республика Татарстан (Татарстан), м.р-н Пестречинский, с.п. Кощаковское, д Званка, ул Лазурная, з/у 3",Частная,для жилищного строительства,ДРУГОЕ,0,нет,16:33:080702,866706.8,1650.8701,,,,,нет,нет,нет,нет,нет,нет,нет,да,55.80646480111841,49.393446023373336
16:33:080702:842,584.0,Земли населенных пунктов,Учтенный,"Местоположение установлено относительно ориентира, расположенного в границах участка. Почтовый адрес ориентира: Российская Федерация, Республика Татарстан (Татарстан), м.р-н Пестречинский, с.п. Кощаковское, д Званка, ул Сафари, з/у 32.",Частная,Для жилищного строительства,ДРУГОЕ,0,нет,16:33:080702,974296.66,1668.3162,,,,,нет,нет,нет,нет,нет,нет,нет,да,55.80687242026756,49.38782889932478
16:33:080702:840,577.0,Земли населенных пунктов,Учтенный,"Местоположение установлено относительно ориентира, расположенного в границах участка. Почтовый адрес ориентира: Российская Федерация, Республика Татарстан (Татарстан), м.р-н Пестречинский, с.п. Кощаковское, д Званка, ул Сафари, з/у 36.",Частная,Для жилищного строительства,ДРУГОЕ,0,нет,16:33:080702,954084.96,1653.5268,,,,,нет,нет,нет,нет,нет,нет,нет,да,55.80728498476712,49.387433480680194
16:33:080301:1034,1646.0,Земли населенных пунктов,Учтенный,"РФ, Республика Татарстан, Пестречинский муниципальный район, Кощаковское сельское поселение, д. Званка, ул. Приозерная, д. 23",Частная,Для индивидуального жилищного строителльства,ИЖС,0,нет,16:33:080301,2549367.93,1548.83,,,,,нет,да,нет,нет,нет,да,нет,да,55.80937250752851,49.37107059322191
16:33:080301:106,426.0,Земли населенных пунктов,Ранее учтенный,"Местоположение установлено относительно ориентира, расположенного в границах участка. Почтовый адрес ориентира: Российская Федерация, Республика Татарстан (Татарстан), м.р-н Пестречинский, с.п. Кощаковское, д Званка, ул Каменная, з/у 10/2.",,Для ведения личного садоводства,СНТ,0,нет,16:33:080301,275602.02,646.95,,,,,да,нет,да,нет,нет,да,нет,да,55.81086879704264,49.375338489127216
16:33:080301:67,624.0,Земли населенных пунктов,Ранее учтенный,"Российская Федерация, Республика Татарстан (Татарстан), м.р-н Пестречинский, с.п. Кощаковское, д Званка, ул Каменная, з/у 17А",Частная,Для индивидуального жилищного строительства,ИЖС,0,нет,16:33:080301,1035173.13,1658.93,,,,,нет,да,нет,нет,нет,да,нет,да,55.81134515339886,49.37790623612506
16:33:080302:394,867.0,Земли населенных пунктов,Учтенный,"Местоположение установлено относительно ориентира, расположенного в границах участка. Почтовый адрес ориентира: Российская Федерация, Республика Татарстан (Татарстан), м.р-н Пестречинский, с.п. Кощаковское, д Званка, ул Советская, з/у 14.",,Для ведения личного подсобного хозяйства,ЛПХ,0,нет,16:33:080302,1657151.55,1911.36,,,,,да,нет,нет,нет,да,да,нет,да,55.80246003617614,49.37274389197239
16:33:080301:1040,1083.0,Земли населенных пунктов,Учтенный,"РФ, Республика Татарстан, Пестречинский муниципальный район, Кощаковское сельское поселение, д. Званка, ул. Приозерная, 67 А",Частная,Для ведения личного подсобного хозяйства,ЛПХ,0,нет,16:33:080301,1753762.01,1619.36,,,,,нет,нет,нет,нет,да,да,нет,да,55.81057986898605,49.37313220119283
16:33:080302:153,1035.0,Земли населенных пунктов,Ранее учтенный,"Местоположение установлено относительно ориентира, расположенного в границах участка. Почтовый адрес ориентира: Российская Федерация, Республика Татарстан, Пестречинский муниципальный район, Кощаковское сельское поселение, д Званка, ул. Советская, з/у 18.",Частная,Под жилую застройку Индивидуальную,ДРУГОЕ,0,нет,16:33:080302,1946278.17,1880.462,,,,,нет,нет,нет,нет,нет,нет,нет,да,55.80358765171293,49.373201867365495
16:33:080301:672,840.0,Земли населенных пунктов,Учтенный,"Местоположение установлено относительно ориентира, расположенного в границах участка. Почтовый адрес ориентира: Республика Татарстан, Пестречинский муниципальный район, Кощаковское сельское поселение, д Званка, ул. Приозерная, д. 26 В.",Частная,"Индивидуальные жилые дома  с  приусадебными земельными участками;  отдельно стоящие или  встроенные  в жилые дома гаражи   или  открытые автостоянки: 2  машиноместа на индивидуальный участок; хозяйственные постройки; сады, огороды, палисадники; оранжереи, теплицы; постройки для содержания домашнего  скота и птицы частного использования (при условии соблюдения отношений добрососедства); индивидуальные резервуары для хранения воды; индивидуальные бани, надворные туалеты; площадки для хранения удобрений частного использования, компостные площадки, ямы или ящики; контейнерные площадки для сбора мусора",ЖИЛОЙ,0,нет,16:33:080301,1300038.18,1547.66,,,,,нет,нет,нет,нет,нет,да,нет,да,55.80902863585821,49.37190253114706
16:33:000000:4460,1305.0,Земли населенных пунктов,Учтенный,"Российская Федерация, Республика Татарстан, Пестречинский муниципальный район, Кощаковское сельское поселение, д Званка",Частная,для индивидуального жилищного строительства,ИЖС,0,нет,16:33:000000,2181252.82,1671.46,,,,,нет,да,нет,нет,нет,да,нет,да,55.80793674864241,49.38329685109581
16:33:080301:635,380.0,Земли населенных пунктов,Учтенный,"Российская Федерация, Республика Татарстан (Татарстан), м.р-н Пестречинский, с.п. Кощаковское, д Званка, ул Приозерная, з/у 6Б",Государственная федеральная;Муниципальная,под размещение фельдшерско-акушерского пункта,ДРУГОЕ,0,нет,16:33:080301,403136.64,1060.8859,,,,,да,нет,нет,нет,нет,нет,нет,да,55.810061752584545,49.37861164362683
16:33:000000:4248,65454.0,"Земли промышленности, энергетики, транспорта, связи, радиовещания, телевидения, информатики, земли для обеспечения космической деятельности, земли обороны, безопасности и земли иного специального назначения",Учтенный,"Республика Татарстан (Татарстан), м.р-н Пестречинский, с.п. Кощаковское, с Кощаково",Государственная субъекта РФ;Частная,Автомобильный транспорт,ТРАНСПОРТ,0,нет,16:33:000000,74235419.91,1134.1617,,,,,да,нет,нет,нет,нет,нет,нет,нет,55.80223256155767,49.37789889129283
16:33:080302:13,1539.0,Земли населенных пунктов,Ранее учтенный,"Местоположение установлено относительно ориентира, расположенного в границах участка. Почтовый адрес ориентира: Российская Федерация, Республика Татарстан (Татарстан), м.р-н Пестречинский, с.п. Кощаковское, д Званка, ул Советская, з/у 14Б.",Частная,Под жилую застройку индивидуальную,ДРУГОЕ,0,нет,16:33:080302,2905212.47,1887.73,,,,,нет,нет,нет,нет,нет,нет,нет,да,55.80299532229565,49.372950205400805
16:33:080302:180,1284.0,Земли населенных пунктов,Ранее учтенный,"Местоположение установлено относительно ориентира, расположенного в границах участка. Почтовый адрес ориентира: Российская Федерация, Республика Татарстан (Татарстан), м.р-н Пестречинский, с.п. Кощаковское, д Званка, ул Советская, з/у 2.",,Под жилую застройку Индивидуальную,ДРУГОЕ,0,нет,16:33:080302,2458976.33,1915.09,,,,,да,нет,нет,нет,нет,нет,нет,да,55.8014570892633,49.37228197287046
16:33:080303:62,1645.0,Земли населенных пунктов,Ранее учтенный,"Местоположение установлено относительно ориентира, расположенного в границах участка. Почтовый адрес ориентира: Российская Федерация, Республика Татарстан (Татарстан), м.р-н Пестречинский, с.п. Кощаковское, д Званка, ул Зеленая, з/у 21.",Частная,Для ведения личного подсобного хозяйства,ЛПХ,0,нет,16:33:080303,3006018.22,1827.37,,,,,нет,нет,нет,нет,да,да,нет,да,55.803050609113214,49.38094225372934
16:33:080702:885,316.0,"Земли промышленности, энергетики, транспорта, связи, радиовещания, телевидения, информатики, земли для обеспечения космической деятельности, земли обороны, безопасности и земли иного специального назначения",Учтенный,"Местоположение установлено относительно ориентира, расположенного в границах участка. Почтовый адрес ориентира: Российская Федерация, Республика Татарстан, Пестречинский муниципальный район, Кощаковское сельское поселение.",Государственная субъекта РФ,Сельскохозяйственное использование,СХ,0,нет,16:33:080702,616.2,1.95,,,,,да,нет,нет,нет,нет,нет,нет,нет,55.805850673796996,49.39393169426523
16:33:080702:83,980.0,Земли населенных пунктов,Учтенный,"Местоположение установлено относительно ориентира, расположенного в границах участка. Почтовый адрес ориентира: Российская Федерация, Республика Татарстан (Татарстан), м.р-н Пестречинский, с.п. Кощаковское, д Званка, ул Светлая, з/у 2.",,Жилищное строительство,ДРУГОЕ,0,нет,16:33:080702,1606752.14,1639.543,,,,,да,нет,нет,нет,нет,нет,нет,да,55.8071597105079,49.38713995796301
16:33:080702:159,142.0,Земли населенных пунктов,Учтенный,"Местоположение установлено относительно ориентира, расположенного в границах участка. Почтовый адрес ориентира: Республика Татарстан, Пестречинский муниципальный район, Кощаковское сельское поселение.",,"земельные участки улиц, переулков, тупиков",ДРУГОЕ,0,нет,16:33:080702,75790.21,533.7339,,,,,да,нет,нет,нет,нет,нет,нет,да,55.807553178866485,49.384913252531966
16:33:080702:212,725.0,Земли населенных пунктов,Учтенный,"Местоположение установлено относительно ориентира, расположенного в границах участка. Почтовый адрес ориентира: Российская Федерация, Республика Татарстан (Татарстан), м.р-н Пестречинский, с.п. Кощаковское, д Званка, ул Сафари, з/у 26.",Частная,Для жилищного строительства,ДРУГОЕ,0,нет,16:33:080702,1226986.08,1692.3946,,,,,нет,нет,нет,нет,нет,нет,нет,да,55.806336076218486,49.38846807699395
16:33:080702:849,1155.0,Земли населенных пунктов,Учтенный,"Местоположение установлено относительно ориентира, расположенного в границах участка. Почтовый адрес ориентира: Российская Федерация, Республика Татарстан, Пестречинский муниципальный район, Кощаковское сельское поселение, д. Званка.",Частная,Для жилищного строительства,ДРУГОЕ,0,нет,16:33:080702,1862560.97,1612.6069,,,,,нет,нет,нет,нет,нет,нет,нет,да,55.80772181581276,49.386703172606296
16:33:080702:841,573.0,Земли населенных пунктов,Учтенный,"Местоположение установлено относительно ориентира, расположенного в границах участка. Почтовый адрес ориентира: Российская Федерация, Республика Татарстан (Татарстан), м.р-н Пестречинский, с.п. Кощаковское, д Званка, ул Сафари, з/у 34.",Частная,Для жилищного строительства,ДРУГОЕ,0,нет,16:33:080702,948790.7,1655.8302,,,,,нет,нет,нет,нет,нет,нет,нет,да,55.807084613973615,49.38763771510716
16:33:080302:878,265.0,Земли населенных пунктов,Учтенный,"Местоположение установлено относительно ориентира, расположенного в границах участка. Почтовый адрес ориентира: Российская Федерация, Республика Татарстан (Татарстан), м.р-н Пестречинский, с.п. Кощаковское, д Званка, ул Просторная, з/у 1В.",Частная,блокированные односемейные дома с участками,ДРУГОЕ,0,нет,16:33:080302,507326.89,1914.4411,,,,,нет,нет,нет,нет,нет,нет,нет,да,55.80160698544523,49.37286788598664
16:33:080710:98,1418.0,Земли населенных пунктов,Учтенный,"Местоположение установлено относительно ориентира, расположенного в границах участка. Почтовый адрес ориентира: Республика Татарстан, Пестречинский муниципальный район  район,  Званковское сельское поселение.",,Дороги общего пользования,ОГП,0,нет,16:33:080710,748529.59,527.877,,,,,да,нет,нет,нет,нет,нет,да,да,55.810665668628715,49.37151432956906
16:33:080301:620,824.0,Земли населенных пунктов,Учтенный,"Местоположение установлено относительно ориентира, расположенного в границах участка. Почтовый адрес ориентира: Российская Федерация, Республика Татарстан (Татарстан), м.р-н Пестречинский, с.п. Кощаковское, д Званка, ул Овражная, з/у 27А.",Частная,Для ведения личного подсобного хозяйства,ЛПХ,0,нет,16:33:080301,1199847.82,1456.13,,,,,нет,нет,нет,нет,да,да,нет,да,55.8101142794625,49.38735880209986
16:33:080301:716,822.0,Земли населенных пунктов,Учтенный,"Местоположение установлено относительно ориентира, расположенного в границах участка. Почтовый адрес ориентира: Российская Федерация, Республика Татарстан (Татарстан), м.р-н Пестречинский, с.п. Кощаковское, д Званка, ул Овражная, з/у 38.",Частная,Для ведения личного подсобного хозяйства,ЛПХ,0,нет,16:33:080301,1202566.93,1462.98,,,,,нет,нет,нет,нет,да,да,нет,да,55.80996089807989,49.38904934955378
16:33:080702:491,550.0,Земли населенных пунктов,Учтенный,"Местоположение установлено относительно ориентира, расположенного в границах участка. Почтовый адрес ориентира: Российская Федерация, Республика Татарстан (Татарстан), м.р-н Пестречинский, с.п. Кощаковское, д Званка, ул Яшьлек, з/у 8А.",Частная,для жилищного строительства,ДРУГОЕ,0,нет,16:33:080702,903875.0,1643.4091,,,,,нет,нет,нет,нет,нет,нет,нет,да,55.80775149914922,49.39089318893058
16:33:080301:304,990.0,Земли населенных пунктов,Учтенный,"Местоположение установлено относительно ориентира, расположенного в границах участка. Почтовый адрес ориентира: Российская Федерация, Республика Татарстан (Татарстан), м.р-н Пестречинский, с.п. Кощаковское, д Званка, ул Каменная, з/у 4.",Частная,Для ведения личного подсобного хозяйства,ЛПХ,0,нет,16:33:080301,1607583.48,1623.82,,,,,нет,нет,нет,нет,да,да,нет,да,55.811022282099735,49.38227172609873
16:33:080702:396,832.0,Земли населенных пунктов,Учтенный,"Местоположение установлено относительно ориентира, расположенного в границах участка. Почтовый адрес ориентира: Российская Федерация, Республика Татарстан (Татарстан), м.р-н Пестречинский, с.п. Кощаковское, д Званка, ул Лазурная, з/у 5.",Частная,для жилищного строительства,ДРУГОЕ,0,нет,16:33:080702,1374932.75,1652.5634,,,,,нет,нет,нет,нет,нет,нет,нет,да,55.80633103659835,49.3931224542734
16:33:080301:56,128.0,Земли населенных пунктов,Ранее учтенный,"Местоположение установлено относительно ориентира, расположенного в границах участка. Почтовый адрес ориентира: Российская Федерация, Республика Татарстан (Татарстан), м.р-н Пестречинский, с.п. Кощаковское, д Званка, ул Каменная, з/у 21/4.",Частная,Для ведения личного подсобного хозяйства,ЛПХ,0,нет,16:33:080301,209853.72,1639.48,,,,,нет,нет,нет,нет,да,да,нет,да,55.811790156143125,49.376510564157535
16:33:080301:720,1460.0,Земли населенных пунктов,Учтенный,"Местоположение установлено относительно ориентира, расположенного в границах участка. Почтовый адрес ориентира: Российская Федерация, Республика Татарстан (Татарстан), м.р-н Пестречинский, с.п. Кощаковское, д Званка, ул Лесная, з/у 46.",Частная,Для индивидуального жилищного строителльства,ИЖС,0,нет,16:33:080301,2317072.27,1587.04,,,,,нет,да,нет,нет,нет,да,нет,да,55.812423732473604,49.37373373983588
16:33:080301:176,2116.0,Земли населенных пунктов,Ранее учтенный,"Местоположение установлено относительно ориентира, расположенного в границах участка. Почтовый адрес ориентира: Российская Федерация, Республика Татарстан (Татарстан), м.р-н Пестречинский, с.п. Кощаковское, д Званка, ул Приозерная, з/у 15.",Частная,Для ведения личного подсобного хозяйства,ЛПХ,0,нет,16:33:080301,3514165.41,1660.7587,,,,,нет,нет,нет,нет,да,да,нет,да,55.809202253223276,49.37719206455992
16:33:080301:715,533.0,Земли населенных пунктов,Учтенный,"Местоположение установлено относительно ориентира, расположенного в границах участка. Почтовый адрес ориентира: Российская Федерация, Республика Татарстан (Татарстан), м.р-н Пестречинский, с.п. Кощаковское, д Званка, ул Лесная, з/у 26А.",Частная,Для ведения личного подсобного хозяйства,ЛПХ,0,нет,16:33:080301,877346.89,1646.05,,,,,нет,нет,нет,нет,да,да,нет,да,55.811661132166485,49.37964362275729
16:33:080710:694,2081.0,Земли сельскохозяйственного назначения,Учтенный,"Местоположение установлено относительно ориентира, расположенного в границах участка. Почтовый адрес ориентира: Российская Федерация, Республика Татарстан, Пестречинский муниципальный район, Кощаковское сельское поселение.",Частная,Индивидуальное жилищное строительство,ДРУГОЕ,0,нет,16:33:080710,3295900.91,1583.8063,,,,,нет,нет,нет,нет,нет,нет,нет,нет,55.80999125139352,49.37143200081459
16:33:080301:711,515.0,Земли населенных пунктов,Учтенный,"Местоположение установлено относительно ориентира, расположенного в границах участка. Почтовый адрес ориентира: Республика Татарстан, Пестречинский муниципальный район, Кощаковское сельское поселение, д. Званка, ул. Лесная, д. 26.",Частная,для ведения личного подсобного хозяйства,ЛПХ,0,нет,16:33:080301,841809.78,1634.58,,,,,нет,нет,нет,нет,да,да,нет,да,55.81194764838923,49.38002120856672
16:33:080301:297,572.0,Земли населенных пунктов,Учтенный,"Местоположение установлено относительно ориентира, расположенного в границах участка. Почтовый адрес ориентира: Российская Федерация, Республика Татарстан (Татарстан), м.р-н Пестречинский, с.п. Кощаковское, д Званка, ул Лесная, з/у 30Б.",,Для ведения личного подсобного хозяйства,ЛПХ,0,нет,16:33:080301,941544.83,1646.06,,,,,да,нет,нет,нет,да,да,нет,да,55.81161134523027,49.37886201806436
16:33:080301:693,626.0,Земли населенных пунктов,Учтенный,"Местоположение установлено относительно ориентира, расположенного в границах участка. Почтовый адрес ориентира: Российская Федерация, Республика Татарстан (Татарстан), м.р-н Пестречинский, с.п. Кощаковское, д Званка, ул Лесная, з/у 52а.",Частная,Для ведения личного подсобного хозяйства,ЛПХ,0,нет,16:33:080301,998598.64,1595.21,,,,,нет,нет,нет,нет,да,да,нет,да,55.812448377538985,49.371791002375616
16:33:080702:503,500.0,Земли населенных пунктов,Учтенный,"Местоположение установлено относительно ориентира, расположенного в границах участка. Почтовый адрес ориентира: Российская Федерация, Республика Татарстан (Татарстан), м.р-н Пестречинский, с.п. Кощаковское, д Званка, ул Лазурная, з/у 13А.",Частная,для жилищного строительства,ДРУГОЕ,0,нет,16:33:080702,838250.75,1676.5015,,,,,нет,нет,нет,нет,нет,нет,нет,да,55.80594649006222,49.39158350110914
16:33:080301:647,892.0,Земли населенных пунктов,Учтенный,"Местоположение установлено относительно ориентира, расположенного в границах участка. Почтовый адрес ориентира: Российская Федерация, Республика Татарстан (Татарстан), м.р-н Пестречинский, с.п. Кощаковское, д Званка, ул Каменная, з/у 30.",Частная,Индивидуальные жилые дома с приусадебными земельными участками,ЖИЛОЙ,0,нет,16:33:080301,1456645.37,1633.01,,,,,нет,нет,нет,нет,нет,да,нет,да,55.81144471492155,49.374249621833094
16:33:080702:445,1239.0,Земли населенных пунктов,Учтенный,"Российская Федерация, Республика Татарстан (Татарстан), м.р-н Пестречинский, с.п. Кощаковское, д Званка, ул 70 лет Победы, з/у 10",Частная,Для жилищного строительства,ДРУГОЕ,0,нет,16:33:080702,2060142.05,1662.7458,,,,,нет,нет,нет,нет,нет,нет,нет,да,55.80695418391963,49.390809590601634
16:33:080301:30,889.0,Земли населенных пунктов,Ранее учтенный,"Местоположение установлено относительно ориентира, расположенного в границах участка. Почтовый адрес ориентира: Российская Федерация, Республика Татарстан (Татарстан), м.р-н Пестречинский, с.п. Кощаковское, д Званка, ул Лесная, з/у 44/2.",,Для индивидуального жилищного строительства,ИЖС,0,нет,16:33:080301,1439181.83,1618.88,,,,,да,да,нет,нет,нет,да,нет,да,55.81252846042872,49.37523817266994
16:33:080301:231,1444.0,Земли населенных пунктов,Ранее учтенный,"Российская Федерация, Республика Татарстан (Татарстан), м.р-н Пестречинский, с.п. Кощаковское, д Званка, ул Каменная, з/у 38",,Для ведения личного подсобного хозяйства,ЛПХ,0,нет,16:33:080301,2312738.7,1601.62,,,,,да,нет,нет,нет,да,да,нет,да,55.81179034702966,49.37193764925435
16:33:080702:331,843.0,Земли населенных пунктов,Учтенный,"Российская Федерация, Республика Татарстан (Татарстан), м.р-н Пестречинский, с.п. Кощаковское, д Званка, ул 70 лет Победы, з/у 9",Частная,для жилищного строительства,ДРУГОЕ,0,нет,16:33:080702,1392248.14,1651.5399,,,,,нет,нет,нет,нет,нет,нет,нет,да,55.806728243262626,49.391512971366964
16:33:080301:64,275.0,Земли населенных пунктов,Ранее учтенный,"Местоположение установлено относительно ориентира, расположенного в границах участка. Почтовый адрес ориентира: Российская Федерация, Республика Татарстан (Татарстан), м.р-н Пестречинский, с.п. Кощаковское, д Званка, ул Каменная, з/у 17/2.",,Для ведения личного подсобного хозяйства,ЛПХ,0,нет,16:33:080301,456206.11,1658.93,,,,,да,нет,нет,нет,да,да,нет,да,55.811612219107595,49.37767725596513
16:33:080301:689,789.0,Земли населенных пунктов,Учтенный,"Местоположение установлено относительно ориентира, расположенного в границах участка. Почтовый адрес ориентира: Российская Федерация, Республика Татарстан (Татарстан), м.р-н Пестречинский, с.п. Кощаковское, д Званка, ул Овражная, з/у 28.",Частная,для индивидуального жилищного строительства,ИЖС,0,нет,16:33:000000,1244540.59,1577.36,,,,,нет,да,нет,нет,нет,да,нет,да,55.80854952356863,49.38644883645197
16:33:080302:906,910.0,Земли населенных пунктов,Учтенный,"Российская Федерация, Республика Татарстан, Пестречинский муниципальный район, Кощаковское сельское поселение, д Званка, ул. Дачная, д. 39 а",Частная,для индивидуального жилищного строительства,ИЖС,0,нет,16:33:080302,1715197.67,1884.83,,,,,нет,да,нет,нет,нет,да,нет,да,55.80383853394206,49.36998870565365
16:33:080301:107,912.0,Земли населенных пунктов,Ранее учтенный,"Местоположение установлено относительно ориентира, расположенного в границах участка. Почтовый адрес ориентира: Российская Федерация, Республика Татарстан (Татарстан), м.р-н Пестречинский, с.п. Кощаковское, д Званка, ул Каменная, з/у 26.",Частная,Для индивидуального жилищного строительства,ИЖС,0,нет,16:33:080301,1504265.84,1649.41,,,,,нет,да,нет,нет,нет,да,нет,да,55.81124729595285,49.375835555691715
16:33:080301:980,1029.0,Земли населенных пунктов,Учтенный,"Российская Федерация, Республика Татарстан (Татарстан), м.р-н Пестречинский, с.п. Кощаковское, д Званка, ул Лесная, з/у 14",Частная,Для ведения личного подсобного хозяйства,ЛПХ,0,нет,16:33:080301,1649846.22,1603.35,,,,,нет,нет,нет,нет,да,да,нет,да,55.81168096711586,49.38260318491483
16:33:080301:526,1115.0,Земли населенных пунктов,Учтенный,"Местоположение установлено относительно ориентира, расположенного в границах участка. Почтовый адрес ориентира: Российская Федерация, Республика Татарстан (Татарстан), м.р-н Пестречинский, с.п. Кощаковское, д Званка, ул Лесная, з/у 14А.",,Для ведения личного подсобного хозяйства,ЛПХ,0,нет,16:33:080301,1784502.98,1600.45,,,,,да,нет,нет,нет,да,да,нет,да,55.81140667425852,49.382691804464095
16:33:080702:481,500.0,Земли населенных пунктов,Учтенный,"Местоположение установлено относительно ориентира, расположенного в границах участка. Почтовый адрес ориентира: Российская Федерация, Республика Татарстан (Татарстан), м.р-н Пестречинский, с.п. Кощаковское, д Званка, ул Лазурная, з/у 12.",Частная,Для жилищного строительства,ДРУГОЕ,0,нет,16:33:080702,837643.85,1675.2877,,,,,нет,нет,нет,нет,нет,нет,нет,да,55.806298723119546,49.39124634958898
16:33:080303:287,502.0,Земли населенных пунктов,Учтенный,"Местоположение установлено относительно ориентира, расположенного в границах участка. Почтовый адрес ориентира: Российская Федерация, Республика Татарстан (Татарстан), м.р-н Пестречинский, с.п. Кощаковское, д Званка, ул Придорожная, з/у 11.",Частная,Индивидуальные жилые дома с приусадебными земельными участками,ЖИЛОЙ,0,нет,16:33:080303,944004.12,1880.49,,,,,нет,нет,нет,нет,нет,да,нет,да,55.803183142159604,49.377080214300534
16:33:080303:241,516.0,Земли населенных пунктов,Учтенный,"Местоположение установлено относительно ориентира, расположенного в границах участка. Почтовый адрес ориентира: Республика Татарстан, Пестречинский муниципальный район, Кощаковское сельское поселение, д Званка, ул. Зеленая, 10В.",Частная,для ведения личного подсобного хозяйства (приусадебные участки),ЛПХ,0,нет,16:33:080303,949543.66,1840.2,,,,,нет,нет,нет,нет,да,да,нет,да,55.80292503644186,49.38001256725527
16:33:080303:36,1941.0,Земли населенных пунктов,Ранее учтенный,"Российская Федерация, Республика Татарстан (Татарстан), м.р-н Пестречинский, с.п. Кощаковское, д Званка, ул Новая, з/у 4",,Индивидуальные жилые дома с приусадебными земельными участками,ЖИЛОЙ,0,нет,16:33:080303,3538287.33,1822.92,,,,,да,нет,нет,нет,нет,да,нет,да,55.804429317789825,49.378385809026334
16:33:080302:628,495.0,Земли населенных пунктов,Учтенный,"Местоположение установлено относительно ориентира, расположенного в границах участка. Почтовый адрес ориентира: Российская Федерация, Республика Татарстан, Пестречинский муниципальный район, Кощаковское сельское поселение, д Званка, ул. Дачная, з/у 7Г.",Частная,для индивидуального жилищного строительства,ИЖС,0,нет,16:33:080302,957231.35,1933.8,,,,,нет,да,нет,нет,нет,да,нет,да,55.802599832757515,49.36993726260591
16:33:080302:533,1567.0,Земли населенных пунктов,Учтенный,"Местоположение установлено относительно ориентира, расположенного в границах участка. Почтовый адрес ориентира: Республика Татарстан, Пестречинский муниципальный район, Кощаковское сельское поселение, д Званка, ул. Приозерная, д. 48.",Частная,для индивидуального жилищного строительства,ИЖС,0,нет,16:33:080302,2916897.32,1861.45,,,,,нет,да,нет,нет,нет,да,нет,да,55.803597536928265,49.36727929953733
16:33:080302:64,1576.0,Земли населенных пунктов,Ранее учтенный,"Местоположение установлено относительно ориентира, расположенного в границах участка. Почтовый адрес ориентира: Российская Федерация, Республика Татарстан, Пестречинский муниципальный район,  д Званка, ул. Трудовая,  з/у 26.",,Под строительство жилого дома,ЖИЛОЙ,0,нет,16:33:080302,2917061.27,1850.93,,,,,да,нет,нет,нет,нет,да,нет,да,55.804980777951144,49.36952133904443
16:33:080302:531,741.0,Земли населенных пунктов,Учтенный,"Местоположение установлено относительно ориентира, расположенного в границах участка. Почтовый адрес ориентира: Российская Федерация, Республика Татарстан (Татарстан), м.р-н Пестречинский, с.п. Кощаковское, д Званка, ул Дачная, з/у 1А.",Частная,под строительство жилого дома,ЖИЛОЙ,0,нет,16:33:080302,1444349.64,1949.19,,,,,нет,нет,нет,нет,нет,да,нет,да,55.80155810633489,49.36955116934724
16:33:080302:583,109.0,Земли населенных пунктов,Учтенный,"Местоположение установлено относительно ориентира, расположенного в границах участка. Почтовый адрес ориентира: Российская Федерация, Республика Татарстан, Пестречинский муниципальный район, Кощаковское сельское поселение, д Званка, ул. Трудовая, з/у 1А.",Частная,Обслуживание жилой застройки,ДРУГОЕ,0,нет,16:33:080302,171500.06,1573.4,,,,,нет,нет,нет,нет,нет,нет,нет,да,55.80160159942588,49.36774716732618
16:33:080302:375,100.0,Земли населенных пунктов,Учтенный,"Местоположение установлено относительно ориентира, расположенного в границах участка. Почтовый адрес ориентира: Республика Татарстан, Пестречинский муниципальный район, Кощаковское сельское поселение, д Званка, ул. Просторная.",,для размещения оборудования связи,ДРУГОЕ,0,нет,16:33:080302,55134.38,551.3438,,,,,да,нет,нет,нет,нет,нет,нет,да,55.80127380661567,49.37306353826701
16:33:080710:59,720.0,Земли населенных пунктов,Ранее учтенный,"Местоположение установлено относительно ориентира, расположенного в границах участка. Почтовый адрес ориентира: Российская Федерация, Республика Татарстан (Татарстан), м.р-н Пестречинский, с.п. Кощаковское, д Званка, ул Приозерная, з/у 30А.",Частная,Для ведения личного подсобного хозяйства,ЛПХ,0,нет,16:33:080710,1133088.34,1573.73,,,,,нет,нет,нет,нет,да,да,нет,да,55.80966071912311,49.37006317780496
16:33:080702:274,385.0,Земли населенных пунктов,Учтенный,"Местоположение установлено относительно ориентира, расположенного в границах участка. Почтовый адрес ориентира: Российская Федерация, Республика Татарстан (Татарстан), м.р-н Пестречинский, с.п. Кощаковское, д Званка, ул Романтика, з/у 22.",Частная,Жилищное строительство,ДРУГОЕ,0,нет,16:33:080702,652565.34,1694.9749,,,,,нет,нет,нет,нет,нет,нет,нет,да,55.805984858826974,49.38242640385433
16:33:080302:636,1219.0,Земли населенных пунктов,Учтенный,"Местоположение установлено относительно ориентира, расположенного в границах участка. Почтовый адрес ориентира: Российская Федерация, Республика Татарстан, Пестречинский муниципальный район, Кощаковское сельское поселение, д Званка.",Частная,для ведения личного подсобного хозяйства,ЛПХ,0,нет,16:33:080302,2262881.26,1856.34,,,,,нет,нет,нет,нет,да,да,нет,да,55.80392551337682,49.37490982724905
16:33:080302:159,990.0,Земли населенных пунктов,Ранее учтенный,"Местоположение установлено относительно ориентира, расположенного в границах участка. Почтовый адрес ориентира: Российская Федерация, Республика Татарстан (Татарстан), м.р-н Пестречинский, с.п. Кощаковское, д Званка, ул Просторная, з/у 19.",,Под жилую застройку Индивидуальную,ДРУГОЕ,0,нет,16:33:080302,1851798.56,1870.5036,,,,,да,нет,нет,нет,нет,нет,нет,да,55.8040258765222,49.37426453193577
16:33:080301:252,2444.0,Земли населенных пунктов,Учтенный,"Российская Федерация, Республика Татарстан, муниципальный район Пестречинский, сельское поселение Кощаковское, деревня Званка, улица Приозерная, земельный участок 27",Частная,Ведение личного подсобного хозяйства,ЛПХ,0,нет,16:33:080301,3871302.35,1584.0,,,,,нет,нет,нет,нет,да,да,нет,да,55.80856244306226,49.3740295666013
16:33:080302:579,645.0,Земли населенных пунктов,Учтенный,"Местоположение установлено относительно ориентира, расположенного в границах участка. Почтовый адрес ориентира: Республика Татарстан, Пестречинский муниципальный район, Кощаковское сельское поселение, д Званка.",Частная,Для ведения личного подсобного хозяйства,ЛПХ,0,нет,16:33:080302,1190896.33,1846.35,,,,,нет,нет,нет,нет,да,да,нет,да,55.80404264883553,49.36660433902329
16:33:080302:597,493.0,Земли населенных пунктов,Учтенный,"Местоположение установлено относительно ориентира, расположенного в границах участка. Почтовый адрес ориентира: Российская Федерация, Республика Татарстан, Пестречинский муниципальный район, д. Званка, ул. Приозерная, 37.",Частная,Для ведения личного подсобного хозяйства,ЛПХ,0,нет,16:33:080302,879659.01,1784.3,,,,,нет,нет,нет,нет,да,да,нет,да,55.80586212019808,49.36670565486533
16:33:080302:467,639.0,Земли населенных пунктов,Учтенный,"Местоположение установлено относительно ориентира, расположенного в границах участка. Почтовый адрес ориентира: Российская Федерация, Республика Татарстан (Татарстан), м.р-н Пестречинский, с.п. Кощаковское, д Званка, ул Приозерная, з/у 52а.",Частная,для ведения личного подсобного хозяйства,ЛПХ,0,нет,16:33:080302,1196193.18,1871.98,,,,,нет,нет,нет,нет,да,да,нет,да,55.80291895636817,49.367076095342746
16:33:080302:289,560.0,Земли населенных пунктов,Учтенный,"Местоположение установлено относительно ориентира, расположенного в границах участка. Почтовый адрес ориентира: Российская Федерация, Республика Татарстан (Татарстан), м.р-н Пестречинский, с.п. Кощаковское, д Званка, ул Просторная, з/у 29Б.",,Для строительства жилого дома,ЖИЛОЙ,0,нет,16:33:080302,1017898.45,1817.68,,,,,да,нет,нет,нет,нет,да,нет,да,55.80529270061879,49.374043317816934
16:33:080302:440,317.0,Земли населенных пунктов,Учтенный,"Местоположение установлено относительно ориентира, расположенного в границах участка. Почтовый адрес ориентира: Республика Татарстан, Пестречинский муниципальный район, Кощаковское сельское поселение, д Званка, ул. Трудовая, 20А.",Частная,Под жилую застройку индивидуальную,ДРУГОЕ,0,нет,16:33:080302,596706.03,1882.3534,,,,,нет,нет,нет,нет,нет,нет,нет,да,55.80412319611056,49.369583537913854
16:33:080302:106,1000.0,Земли населенных пунктов,Ранее учтенный,"Местоположение установлено относительно ориентира, расположенного в границах участка. Почтовый адрес ориентира: Российская Федерация, Республика Татарстан, Пестречинский муниципальный район, Кощаковское сельское поселение, деревня Званка, ул. Советская, з/у 27.",Частная,Для ведения личного подсобного хозяйства,ЛПХ,0,нет,16:33:080302,1839930.8,1839.9308,,,,,нет,нет,нет,нет,да,да,нет,да,55.805035173144205,49.37276700340308
16:33:080302:125,1615.0,Земли населенных пунктов,Ранее учтенный,"Местоположение установлено относительно ориентира, расположенного в границах участка. Почтовый адрес ориентира: Российская Федерация, Республика Татарстан (Татарстан), м.р-н Пестречинский, с.п. Кощаковское, д Званка, ул Просторная, з/у 22.",Частная,Для строительства дома и сельхозпроизводства,ДРУГОЕ,0,нет,16:33:000000,2942710.72,1822.11,,,,,нет,нет,нет,нет,нет,нет,нет,да,55.80541536638437,49.37517955184097
16:33:080302:163,1500.0,Земли населенных пунктов,Ранее учтенный,"Местоположение установлено относительно ориентира, расположенного в границах участка. Почтовый адрес ориентира: Российская Федерация, Республика Татарстан (Татарстан), м.р-н Пестречинский, с.п. Кощаковское, д Званка, ул Просторная, з/у 20.",,под жилую застройку индивидуальную,ДРУГОЕ,0,нет,16:33:080302,2739625.05,1826.4167,,,,,да,нет,нет,нет,нет,нет,нет,да,55.80490343442482,49.375420758657675
16:33:080303:52,1458.0,Земли населенных пунктов,Ранее учтенный,"Местоположение установлено относительно ориентира, расположенного в границах участка. Почтовый адрес ориентира: Российская Федерация, Республика Татарстан (Татарстан), м.р-н Пестречинский, с.п. Кощаковское, д Званка, ул Зеленая, з/у 8.",,Для индивидуального жилищного строительства,ИЖС,0,нет,16:33:080303,2681672.57,1839.28,,,,,да,да,нет,нет,нет,да,нет,да,55.80315988621522,49.37943218848522
16:33:080302:638,500.0,Земли населенных пунктов,Учтенный,"Местоположение установлено относительно ориентира, расположенного в границах участка. Почтовый адрес ориентира: Российская Федерация, Республика Татарстан, Пестречинский муниципальный район, Кощаковское сельское поселение, д Званка, ул. Трудовая, з/у 18А.",Частная,для индивидуального жилищного строительства,ИЖС,0,нет,16:33:080302,940719.35,1881.44,,,,,нет,да,нет,нет,нет,да,нет,да,55.80399982922531,49.36911523886307
16:33:080302:92,1591.0,Земли населенных пунктов,Ранее учтенный,"Местоположение установлено относительно ориентира, расположенного в границах участка. Почтовый адрес ориентира: Российская Федерация, Республика Татарстан (Татарстан), м.р-н Пестречинский, с.п. Кощаковское, д Званка, ул Приозерная, з/у 40.",Частная,Для сельскохозяйственного производства и индивидуального строительства,СХ,0,нет,16:33:080302,2913588.75,1831.29,,,,,нет,нет,нет,нет,нет,нет,нет,да,55.80473769748194,49.36743714940125
16:33:080302:447,462.0,Земли населенных пунктов,Учтенный,"Местоположение установлено относительно ориентира, расположенного в границах участка. Почтовый адрес ориентира: Республика Татарстан, Пестречинский муниципальный район, Кощаковское сельское поселение, д Званка, ул. Трудовая, д. 24 А.",Частная,Для индивидуального жилищного строительства,ИЖС,0,нет,16:33:080302,855159.64,1850.9949,,,,,нет,да,нет,нет,нет,да,нет,да,55.80475633697414,49.36932057568647
16:33:080302:469,818.0,Земли населенных пунктов,Учтенный,"Местоположение установлено относительно ориентира, расположенного в границах участка. Почтовый адрес ориентира: Республика Татарстан, Пестречинский муниципальный район, Кощаковское сельское поселение, д Званка, ул. Советская, д. 5.",Частная,для ведения личного подсобного хозяйства,ЛПХ,0,нет,16:33:080302,1575463.42,1925.99,,,,,нет,нет,нет,нет,да,да,нет,да,55.801803506463685,49.37126922571667
16:33:080303:182,182.0,Земли населенных пунктов,Учтенный,"Местоположение установлено относительно ориентира, расположенного в границах участка. Почтовый адрес ориентира: Российская Федерация, Республика Татарстан (Татарстан), м.р-н Пестречинский, с.п. Кощаковское, д Званка, ул Овражная, з/у 6Ж.",Частная,для ведения личного подсобного хозяйства,ЛПХ,0,нет,16:33:080303,305548.44,1678.84,,,,,нет,нет,нет,нет,да,да,нет,да,55.80675856760092,49.38172563191332
16:33:080303:238,1509.0,Земли населенных пунктов,Учтенный,"Местоположение установлено относительно ориентира, расположенного в границах участка. Почтовый адрес ориентира: Республика Татарстан, Пестречинский муниципальный район, Кощаковское сельское поселение, д Званка, ул. Зеленая, д. 3 а.",Частная,Для ведения личного подсобного хозяйства,ЛПХ,0,нет,16:33:080303,2772932.82,1837.6,,,,,нет,нет,нет,нет,да,да,нет,да,55.80361470113357,49.37853624918402
16:33:080302:139,1287.0,Земли населенных пунктов,Ранее учтенный,"Местоположение установлено относительно ориентира, расположенного в границах участка. Почтовый адрес ориентира: Российская Федерация, Республика Татарстан (Татарстан), м.р-н Пестречинский, с.п. Кощаковское, д Званка, ул Просторная, з/у 12.",Частная,Для ведения личного подсобного хозяйства,ЛПХ,0,нет,16:33:080302,2411829.38,1873.99,,,,,нет,нет,нет,нет,да,да,нет,да,55.80368510139658,49.374961897673074
16:33:080302:370,799.0,Земли населенных пунктов,Учтенный,"Местоположение установлено относительно ориентира, расположенного в границах участка. Почтовый адрес ориентира: Республика Татарстан, Пестречинский муниципальный район, Званковское сельское поселение, д Званка, ул. Просторная, д. 9.",Частная,для ведения личного подсобного хозяйства,ЛПХ,0,нет,16:33:080302,1523947.72,1907.32,,,,,нет,нет,нет,нет,да,да,нет,да,55.802408297910986,49.373442980744514
16:33:080702:505,700.0,Земли населенных пунктов,Учтенный,"Местоположение установлено относительно ориентира, расположенного в границах участка. Почтовый адрес ориентира: Российская Федерация, Республика Татарстан, Пестречинский муниципальный район, Кощаковское сельское поселение, д Званка, ул. Овражная, з/у 3В.",Частная,для ведения личного подсобного хозяйства,ЛПХ,0,нет,16:33:080702,1206828.63,1724.0409,,,,,нет,нет,нет,нет,да,да,нет,да,55.80720932900571,49.38106717885012
16:33:080302:147,1035.0,Земли населенных пунктов,Ранее учтенный,"Местоположение установлено относительно ориентира, расположенного в границах участка. Почтовый адрес ориентира: Российская Федерация, Республика Татарстан (Татарстан), м.р-н Пестречинский, с.п. Кощаковское, д Званка, ул Советская, з/у 30.",,Под жилую застройку Индивидуальную,ДРУГОЕ,0,нет,16:33:080302,1908156.53,1843.6295,,,,,да,нет,нет,нет,нет,нет,нет,да,55.804740006815244,49.37369522897876
16:33:080302:178,2288.0,Земли населенных пунктов,Ранее учтенный,"Местоположение установлено относительно ориентира, расположенного в границах участка. Почтовый адрес ориентира: Республика Татарстан, р-н Пестречинский муниципальный, с/п Званковское, д Званка.",Частная,Для строительства и  ведения личного подсобного хозяйства,ЛПХ,0,нет,16:33:080302,4161416.23,1818.8,,,,,нет,нет,нет,нет,да,да,нет,да,55.805453930964624,49.3744989626394
16:33:080302:135,1005.0,Земли населенных пунктов,Ранее учтенный,"Местоположение установлено относительно ориентира, расположенного в границах участка. Почтовый адрес ориентира: Российская Федерация, Республика Татарстан (Татарстан), м.р-н Пестречинский, с.п. Кощаковское, д Званка, ул Советская, з/у 29.",Частная,Для ведения личного подсобного хозяйства,ЛПХ,0,нет,16:33:080302,1848608.86,1839.41,,,,,нет,нет,нет,нет,да,да,нет,да,55.8052314776476,49.3729372754865
16:33:080301:688,1276.0,Земли населенных пунктов,Учтенный,"Местоположение установлено относительно ориентира, расположенного в границах участка. Почтовый адрес ориентира: Российская Федерация, Республика Татарстан (Татарстан), м.р-н Пестречинский, с.п. Кощаковское, д Званка, ул Приозерная, з/у 32.",Частная,для ведения личного подсобного хозяйства,ЛПХ,0,нет,16:33:080301,2013005.35,1577.59,,,,,нет,нет,нет,нет,да,да,нет,да,55.80823994752139,49.37150059270579
16:33:080303:97,850.0,Земли населенных пунктов,Ранее учтенный,"Местоположение установлено относительно ориентира, расположенного в границах участка. Почтовый адрес ориентира: Российская Федерация, Республика Татарстан (Татарстан), м.р-н Пестречинский, с.п. Кощаковское, д Званка, ул Придорожная, з/у 19А.",,Под строительство и ведение личного подсобного хозяйства,ЛПХ,0,нет,16:33:000000,1492928.7,1756.39,,,,,да,нет,нет,нет,да,да,нет,да,55.80704639107379,49.378878104536525
16:33:080702:258,411.0,Земли населенных пунктов,Учтенный,"Местоположение установлено относительно ориентира, расположенного в границах участка. Почтовый адрес ориентира: Российская Федерация, Республика Татарстан (Татарстан), м.р-н Пестречинский, с.п. Кощаковское, д Званка, ул Романтика, з/у 24.",Частная,Для жилищного строительства,ДРУГОЕ,0,нет,16:33:080702,699153.95,1701.1,,,,,нет,нет,нет,нет,нет,нет,нет,да,55.80578708765889,49.38205081291949
16:33:080702:512,500.0,Земли населенных пунктов,Учтенный,"Местоположение установлено относительно ориентира, расположенного в границах участка. Почтовый адрес ориентира: Российская Федерация, Республика Татарстан (Татарстан), м.р-н Пестречинский, с.п. Кощаковское, д Званка, ул Овражная, з/у 8Б.",Частная,Для ведения личного подсобного хозяйства,ЛПХ,0,нет,16:33:080702,834919.6,1669.84,,,,,нет,нет,нет,нет,да,да,нет,да,55.806742144640936,49.38279809470823
16:33:080302:881,265.0,Земли населенных пунктов,Учтенный,"Местоположение установлено относительно ориентира, расположенного в границах участка. Почтовый адрес ориентира: Российская Федерация, Республика Татарстан, Пестречинский муниципальный район, Кощаковское сельское поселение, д Званка, ул. Просторная, з/у 1.",Частная,блокированные односемейные дома с участками,ДРУГОЕ,0,нет,16:33:080302,507325.41,1914.4355,,,,,нет,нет,нет,нет,нет,нет,нет,да,55.80151896404419,49.37338166752439
16:33:080702:508,637.0,Земли населенных пунктов,Учтенный,"Местоположение установлено относительно ориентира, расположенного в границах участка. Почтовый адрес ориентира: Российская Федерация, Республика Татарстан (Татарстан), м.р-н Пестречинский, с.п. Кощаковское, д Званка, ул Овражная, з/у 3Д.",Частная,для ведения личного подсобного хозяйства,ЛПХ,0,нет,16:33:080702,1095261.43,1719.4057,,,,,нет,нет,нет,нет,да,да,нет,да,55.80742027080524,49.38108822245533
16:33:080302:40,1627.0,Земли населенных пунктов,Ранее учтенный,"Местоположение установлено относительно ориентира, расположенного в границах участка. Почтовый адрес ориентира: Российская Федерация, Республика Татарстан (Татарстан), м.р-н Пестречинский, с.п. Кощаковское, д Званка, ул Дачная, з/у 22.",,Для ведения личного подсобного хозяйства,ЛПХ,0,нет,16:33:080302,3042505.94,1870.0098,,,,,да,нет,нет,нет,да,да,нет,да,55.80468796267699,49.37140713661127
16:33:080303:249,1700.0,Земли населенных пунктов,Учтенный,"Местоположение установлено относительно ориентира, расположенного в границах участка. Почтовый адрес ориентира: Республика Татарстан, Пестречинский муниципальный район, Кощаковское сельское поселение, д Званка, ул. Придорожная, д. 2 а.",Частная,Для ведения личного подсобного хозяйства,ЛПХ,0,нет,16:33:080303,3036889.69,1786.41,,,,,нет,нет,нет,нет,да,да,нет,да,55.80580807881431,49.37828811518411
16:33:080303:104,1056.0,Земли населенных пунктов,Учтенный,"Местоположение установлено относительно ориентира, расположенного в границах участка. Почтовый адрес ориентира: Республика Татарстан, Пестречинский муниципальный район, д Званка, ул.Зеленая, д.15.",,Для ведения личного подсобного хозяйства,ЛПХ,0,нет,16:33:080303,1978390.87,1873.48,,,,,да,нет,нет,нет,да,да,нет,да,55.80244422275875,49.37819540966626
16:33:080302:890,601.0,Земли населенных пунктов,Учтенный,"Местоположение установлено относительно ориентира, расположенного в границах участка. Почтовый адрес ориентира: Российская Федерация, Республика Татарстан, Пестречинский муниципальный район, Кощаковское сельское поселение, д Званка.",Частная,для индивидуального жилищного строительства,ИЖС,0,нет,16:33:080302,1146049.6,1906.9,,,,,нет,да,нет,нет,нет,да,нет,да,55.80255502742015,49.36800294659863
16:33:080302:36,789.0,Земли населенных пунктов,Ранее учтенный,"Местоположение установлено относительно ориентира, расположенного в границах участка. Почтовый адрес ориентира: Республика Татарстан, Пестречинский муниципальный район, Кощаковское сельское поселение, д Званка, ул.Дачная, 14 а.",,Для ведения личного подсобного хозяйства и выращивания сельхоз.продуктов,ЛПХ,0,нет,16:33:080302,1495666.75,1895.6486,,,,,да,нет,нет,нет,да,да,нет,да,55.803377308279714,49.37129505906642
16:33:080303:50,1468.0,Земли населенных пунктов,Ранее учтенный,"Местоположение установлено относительно ориентира, расположенного в границах участка. Почтовый адрес ориентира: Российская Федерация, Республика Татарстан (Татарстан), м.р-н Пестречинский, с.п. Кощаковское, д Званка, ул Зеленая, з/у 4.",Частная,Для строительства жилого дома,ЖИЛОЙ,0,нет,16:33:080303,2723662.9,1855.36,,,,,нет,нет,нет,нет,нет,да,нет,да,55.80291074116428,49.378501126538445
16:33:080303:224,895.0,Земли населенных пунктов,Учтенный,"Местоположение установлено относительно ориентира, расположенного в границах участка. Почтовый адрес ориентира: Республика Татарстан, Пестречинский муниципальный район, Кощаковское сельское поселение, д Званка, ул. Новая, д. 21.",,Для ведения личного подсобного хозяйства,ЛПХ,0,нет,16:33:080303,1580231.42,1765.62,,,,,да,нет,нет,нет,да,да,нет,да,55.80585392967212,49.379938657007706
16:33:080303:19,1222.0,Земли населенных пунктов,Ранее учтенный,"Местоположение установлено относительно ориентира, расположенного в границах участка. Почтовый адрес ориентира: Российская  Федерация, Республика Татарстан,  Пестречинский муниципальный район, Кощаковское  сельское поселение, д Званка, ул. Овражная, з/у  2.",,Под жилую застройку Индивидуальную,ДРУГОЕ,0,нет,16:33:080303,2149344.39,1758.87,,,,,да,нет,нет,нет,нет,нет,нет,да,55.80641726915093,49.3792786204989
16:33:080303:22,1154.0,Земли населенных пунктов,Ранее учтенный,"Местоположение установлено относительно ориентира, расположенного в границах участка. Почтовый адрес ориентира: Российская Федерация, Республика Татарстан (Татарстан), м.р-н Пестречинский, с.п. Кощаковское, д Званка, ул Овражная, з/у 5.",,Для ведения личного подсобного хозяйства,ЛПХ,0,нет,16:33:080303,1991395.6,1725.65,,,,,да,нет,нет,нет,да,да,нет,да,55.80665176380027,49.380606495640116
16:33:080303:41,1704.0,Земли населенных пунктов,Ранее учтенный,"Российская Федерация, Республика Татарстан (Татарстан), м.р-н Пестречинский, с.п. Кощаковское, д Званка, ул Новая, з/у 10",,индивидуальные жилые дома с приусадебными земельными участками,ЖИЛОЙ,0,нет,16:33:080303,3040553.53,1784.36,,,,,да,нет,нет,нет,нет,да,нет,да,55.80515303275467,49.37942413574727
16:33:080302:21,1781.0,Земли населенных пунктов,Ранее учтенный,"Местоположение установлено относительно ориентира, расположенного в границах участка. Почтовый адрес ориентира: Российская Федерация, Республика Татарстан, муниципальный район Пестречинский, сельское поселение Кощаковское, деревня Званка, улица Советская, земельный участок 7А.",Частная,Для ведения личного подсобного хозяйства,ЛПХ,0,нет,16:33:080302,3427909.4,1924.71,,,,,нет,нет,нет,нет,да,да,нет,да,55.802204629007065,49.37144114670758
16:33:080302:191,1490.0,Земли населенных пунктов,Ранее учтенный,"Местоположение установлено относительно ориентира, расположенного в границах участка. Почтовый адрес ориентира: Российская Федерация, Республика Татарстан (Татарстан), м.р-н Пестречинский, с.п. Кощаковское, д Званка, ул Приозерная, з/у 51.",,Ведение личного подсобного хозяйства,ЛПХ,0,нет,16:33:080302,2707995.28,1817.45,,,,,да,нет,нет,нет,да,да,нет,да,55.80464337404774,49.36660050250116
16:33:080301:222,562.0,Земли населенных пунктов,Ранее учтенный,"Местоположение установлено относительно ориентира, расположенного в границах участка. Почтовый адрес ориентира: Российская Федерация, Республика Татарстан, Пестречинский муниципальный район, Кощаковское сельское поселение, д Званка, ул. Приозерная, з/у 23 д.",Частная,Под жилую застройку Индивидуальную,ДРУГОЕ,0,нет,16:33:000000,883338.9,1571.78,,,,,нет,нет,нет,нет,нет,нет,нет,да,55.809458437245056,49.37024740581421
16:33:080302:491,1481.0,Земли населенных пунктов,Учтенный,"Местоположение установлено относительно ориентира, расположенного в границах участка. Почтовый адрес ориентира: Республика Татарстан, Пестречинский муниципальный район, Кощаковское сельское поселение, д Званка.",Частная,индивидуальное жилищное строительства,ДРУГОЕ,0,нет,16:33:080302,2570416.94,1735.6,,,,,нет,нет,нет,нет,нет,нет,нет,да,55.80642284969011,49.3670501480132
16:33:080302:446,441.0,Земли населенных пунктов,Учтенный,"Местоположение установлено относительно ориентира, расположенного в границах участка. Почтовый адрес ориентира: Республика Татарстан, Пестречинский муниципальный район, Кощаковское сельское поселение, д Званка, ул. Трудовая, д. 24.",Частная,Для индивидуального жилищного строительства,ИЖС,0,нет,16:33:080302,816258.9,1850.9272,,,,,нет,да,нет,нет,нет,да,нет,да,55.80472410889631,49.369676401653216
16:33:080702:516,396.0,Земли населенных пунктов,Учтенный,"Местоположение установлено относительно ориентира, расположенного в границах участка. Почтовый адрес ориентира: Российская Федерация, Республика Татарстан, Пестречинский муниципальный район, Кощаковское сельское поселение, д Званка, ул. Романтика, з/у 21.",Частная,для индивидуального жилищного строительства,ИЖС,0,нет,16:33:080702,673637.38,1701.1045,,,,,нет,да,нет,нет,нет,да,нет,да,55.80571889226004,49.38252252978017
16:33:080702:102,79.0,Земли населенных пунктов,Учтенный,"Местоположение установлено относительно ориентира, расположенного в границах участка. Почтовый адрес ориентира: Республика Татарстан, Пестречинский муниципальный район, Званковское сельское поселение.",,"земельные участки улиц, переулков, тупиков",ДРУГОЕ,0,нет,16:33:080702,42575.98,538.94,,,,,да,нет,нет,нет,нет,нет,нет,да,55.80698615062029,49.38080177947393
16:33:080302:216,524.0,Земли населенных пунктов,Учтенный,"Местоположение установлено относительно ориентира, расположенного в границах участка. Почтовый адрес ориентира: Республика Татарстан, Пестречинский муниципальный район, Кощаковское сельское поселение, д Званка, ул. Советская, 33 А.",,Для индивидуального жилищного строительства,ИЖС,0,нет,16:33:080302,952407.52,1817.57,,,,,да,да,нет,нет,нет,да,нет,да,55.80573838546044,49.37331170960131
16:33:080302:149,989.0,Земли населенных пунктов,Ранее учтенный,"Местоположение установлено относительно ориентира, расположенного в границах участка. Почтовый адрес ориентира: Российская Федерация, Республика Татарстан (Татарстан), м.р-н Пестречинский, с.п. Кощаковское, д Званка, ул Советская, з/у 26.",,Под жилую застройку Индивидуальную,ДРУГОЕ,0,нет,16:33:080302,1829061.74,1849.4052,,,,,да,нет,нет,нет,нет,нет,нет,да,55.80435082804453,49.37352678349843
16:33:080301:299,2152.0,Земли населенных пунктов,Учтенный,"Местоположение установлено относительно ориентира, расположенного в границах участка. Почтовый адрес ориентира: Республика Татарстан, Пестречинский муниципальный район, Кощаковское сельское поселение, д Званка, ул. Приозерная, д. 29.",Частная,Для ведения личного подсобного хозяйства,ЛПХ,0,нет,16:33:080301,3402353.96,1581.02,,,,,нет,нет,нет,нет,да,да,нет,да,55.80833354346792,49.373362039230216
16:33:080710:146,1000.0,Земли сельскохозяйственного назначения,Учтенный,"Российская Федерация, Республика Татарстан, муниципальный район Пестречинский, сельское поселение Кощаковское, деревня Званка, территория СНТ Алмаз, улица Сосновая, земельный участок 3",Частная,"Земельные участки, находящиеся в составе дачных, садоводческих и огороднических объединений",ДРУГОЕ,0,нет,16:33:080710,773505.7,773.5057,,,,,нет,нет,нет,нет,нет,нет,нет,нет,55.803421531563416,49.36506125377557
16:33:080303:98,1507.0,Земли населенных пунктов,Ранее учтенный,"Местоположение установлено относительно ориентира, расположенного в границах участка. Почтовый адрес ориентира: Российская Федерация, Республика Татарстан (Татарстан), м.р-н Пестречинский, с.п. Кощаковское, д Званка, ул Придорожная, з/у 2Б.",Частная,Для ведения личного подсобного хозяйства,ЛПХ,0,нет,16:33:080303,2692716.64,1786.81,,,,,нет,нет,нет,нет,да,да,нет,да,55.80614411799887,49.37804724781864
16:33:080303:70,787.0,Земли населенных пунктов,Ранее учтенный,"Местоположение установлено относительно ориентира, расположенного в границах участка. Почтовый адрес ориентира: Республика Татарстан, Пестречинский муниципальный район, Званковское сельское поселение, д Званка.",,Строительство магазина,ДРУГОЕ,0,нет,16:33:080303,1040436.98,1322.03,,,,,да,нет,нет,нет,нет,нет,нет,да,55.80526575095138,49.37679206452117
16:33:080303:34,1528.0,Земли населенных пунктов,Ранее учтенный,"Местоположение установлено относительно ориентира, расположенного в границах участка. Почтовый адрес ориентира: Республика Татарстан, Пестречинский муниципальный район, Званковское сельское поселение, д Званка, ул. Новая, д. 9.",,Для ведения личного подсобного хозяйства,ЛПХ,0,нет,16:33:080303,2724404.9,1782.99,,,,,да,нет,нет,нет,да,да,нет,да,55.805690099124654,49.379345371944524
16:33:080302:879,266.0,Земли населенных пунктов,Учтенный,"Местоположение установлено относительно ориентира, расположенного в границах участка. Почтовый адрес ориентира: Российская Федерация, Республика Татарстан (Татарстан), м.р-н Пестречинский, с.п. Кощаковское, д Званка, ул Просторная, з/у 1Б.",Частная,блокированные односемейные дома с участками,ДРУГОЕ,0,нет,16:33:080302,509241.33,1914.4411,,,,,нет,нет,нет,нет,нет,нет,нет,да,55.80159259611526,49.37309781645007
16:33:080302:860,779.0,Земли населенных пунктов,Учтенный,"Местоположение установлено относительно ориентира, расположенного в границах участка. Почтовый адрес ориентира: Российская Федерация, Республика Татарстан, Пестречинский муниципальный район, Кощаковское сельское поселение, д Званка, ул Дачная, з/у 4А.",Частная,Для строительства жилого дома,ЖИЛОЙ,0,нет,16:33:080302,1503056.04,1929.47,,,,,нет,нет,нет,нет,нет,да,нет,да,55.802019474782085,49.37056282698505
16:33:080302:565,907.0,Земли населенных пунктов,Учтенный,"Местоположение установлено относительно ориентира, расположенного в границах участка. Почтовый адрес ориентира: Российская Федерация, Республика Татарстан (Татарстан), м.р-н Пестречинский, с.п. Кощаковское, д Званка, ул Просторная, з/у 2А.",Частная,для индивидуального жилищного строительства,ИЖС,0,нет,16:33:080302,1738675.19,1916.95,,,,,нет,да,нет,нет,нет,да,нет,да,55.802032338569845,49.37442519991654
16:33:080302:523,607.0,Земли населенных пунктов,Учтенный,"Местоположение установлено относительно ориентира, расположенного в границах участка. Почтовый адрес ориентира: Российская Федерация,  Республика Татарстан, Пестречинский муниципальный район, Кощаковское сельское поселение, д Званка, ул. Дачная, з/у 1.",Частная,под строительство жилого дома,ЖИЛОЙ,0,нет,16:33:080302,1179289.43,1942.82,,,,,нет,нет,нет,нет,нет,да,нет,да,55.80157740969364,49.36911732754405
16:33:080303:75,1061.0,Земли населенных пунктов,Ранее учтенный,"Местоположение установлено относительно ориентира, расположенного в границах участка. Почтовый адрес ориентира: Российская  Федерация, Республика Татарстан,  Пестречинский муниципальный район, Кощаковское  сельское поселение, д Званка, ул. Новая, з/у 16.",,Для ведения личного подсобного хозяйства,ЛПХ,0,нет,16:33:000000,1899820.13,1790.59,,,,,да,нет,нет,нет,да,да,нет,да,55.80443334762927,49.380169081164304
16:33:080302:408,493.0,Земли населенных пунктов,Учтенный,"Местоположение установлено относительно ориентира, расположенного в границах участка. Почтовый адрес ориентира: Республика Татарстан, Пестречинский муниципальный район, Кощаковское сельское поселение, д Званка, ул. Трудовая, д. 8 б.",Частная,индивидуальные жилые дома с приусадебными земельными участками,ЖИЛОЙ,0,нет,16:33:080302,940657.95,1908.0283,,,,,нет,нет,нет,нет,нет,да,нет,да,55.8026898920252,49.368717740453036
16:33:080302:65,1568.0,Земли населенных пунктов,Ранее учтенный,"Местоположение установлено относительно ориентира, расположенного в границах участка. Почтовый адрес ориентира: Республика Татарстан, Пестречинский муниципальный район, Званковское сельское поселение, д Званка, ул. Трудовая, д. 28.",,для индивидуального жилищного строительства,ИЖС,0,нет,16:33:080302,2901353.03,1850.35,,,,,да,да,нет,нет,нет,да,нет,да,55.805344954273544,49.369807572996116
16:33:080302:540,627.0,Земли населенных пунктов,Учтенный,"Местоположение установлено относительно ориентира, расположенного в границах участка. Почтовый адрес ориентира: Республика Татарстан, Пестречинский муниципальный район, Кощаковское сельское поселение, д Званка, ул.Дачная, 5А.",Частная,для индивидуального жилищного строительства,ИЖС,0,нет,16:33:080302,1212493.04,1933.8,,,,,нет,да,нет,нет,нет,да,нет,да,55.8022138678565,49.36961330564803
16:33:080302:413,1.0,Земли населенных пунктов,Учтенный,"Местоположение установлено относительно ориентира, расположенного в границах участка. Почтовый адрес ориентира: Республика Татарстан, Пестречинский муниципальный район, Кощаковское сельское поселение, д Званка.",,Под объекты инженерного оборудования Газоснабжения,ДРУГОЕ,0,нет,16:33:080302,551.53,551.5261,,,,,да,нет,нет,нет,нет,нет,нет,да,55.801707869235486,49.375691240887974
16:33:080303:279,715.0,Земли населенных пунктов,Учтенный,"Местоположение установлено относительно ориентира, расположенного в границах участка. Почтовый адрес ориентира: Российская Федерация, Республика Татарстан (Татарстан), м.р-н Пестречинский, с.п. Кощаковское, д Званка, ул Придорожная, з/у 7А.",Частная,Для ведения личного подсобного хозяйства,ЛПХ,0,нет,16:33:080303,1306808.79,1827.7,,,,,нет,нет,нет,нет,да,да,нет,да,55.804391153569156,49.377322701253306
16:33:080302:6,1613.0,Земли населенных пунктов,Ранее учтенный,"Местоположение установлено относительно ориентира, расположенного в границах участка. Почтовый адрес ориентира: Российская Федерация, Республика Татарстан, Пестречинский муниципальный район, Кощаковское сельское поселение, д Званка, ул. Просторная, з/у 6.",Частная,Для ведения личного подсобного хозяйства,ЛПХ,0,нет,16:33:080302,3045263.19,1887.95,,,,,нет,нет,нет,нет,да,да,нет,да,55.80321761868794,49.37364159382651
16:33:080302:51,1503.0,Земли населенных пунктов,Ранее учтенный,"Российская Федерация, Республика Татарстан, муниципальный район Пестречинский, сельское поселение Кощаковское, деревня Званка, улица Дачная, земельный участок 21Б",Частная,индивидуальное жилищное строительство,ДРУГОЕ,0,нет,16:33:080302,2795919.68,1860.23,,,,,нет,нет,нет,нет,нет,нет,нет,да,55.80474553118665,49.370359463579106
16:33:080302:401,692.0,Земли населенных пунктов,Учтенный,"Местоположение установлено относительно ориентира, расположенного в границах участка. Почтовый адрес ориентира: Республика Татарстан, Пестречинский муниципальный район, Кощаковское сельское поселение, д Званка, ул. Трудовая, д.10 А.",Частная,для ведения личного подсобного хозяйства,ЛПХ,0,нет,16:33:080302,1320325.83,1907.99,,,,,нет,нет,нет,нет,да,да,нет,да,55.80277816437308,49.368993271951226
16:33:000000:2366,17352.0,Земли населенных пунктов,Учтенный,"Местоположение установлено относительно ориентира, расположенного в границах участка. Почтовый адрес ориентира: Республика Татарстан, Пестречинский муниципальный район, Кощаковское сельское поселение, д Званка.",Муниципальная,для размещения водных объектов,ВОДНЫЙ,0,нет,16:33:000000,146711.16,8.46,,,,,да,нет,нет,нет,нет,нет,нет,да,55.80393426696882,49.375760482389865
16:33:080302:195,1499.0,Земли населенных пунктов,Ранее учтенный,"Местоположение установлено относительно ориентира, расположенного в границах участка. Почтовый адрес ориентира: Республика Татарстан, Пестречинский муниципальный район, Званковское сельское поселение, д Званка, ул. Приозерная, д. 59.",Частная,Ведение личного подсобного хозяйства,ЛПХ,0,нет,16:33:080302,2803560.36,1870.29,,,,,нет,нет,нет,нет,да,да,нет,да,55.80283129379609,49.36601476964398
16:33:080301:674,289.0,Земли населенных пунктов,Учтенный,"Местоположение установлено относительно ориентира, расположенного в границах участка. Почтовый адрес ориентира: Республика Татарстан, Пестречинский муниципальный район, Кощаковское сельское поселение, д Званка.",Частная,для ведения личного садоводства,СНТ,0,нет,16:33:080301,178634.02,618.11,,,,,нет,нет,да,нет,нет,да,нет,да,55.80878233471234,49.370606773966166
16:33:080303:213,932.0,Земли населенных пунктов,Учтенный,"Местоположение установлено относительно ориентира, расположенного в границах участка. Почтовый адрес ориентира: Республика Татарстан, Пестречинский муниципальный район, Кощаковское сельское поселение, д Званка, ул. Зеленая, д. 1.",Частная,Для индивидуального жилищного строительства,ИЖС,0,нет,16:33:080303,1723939.23,1849.72,,,,,нет,да,нет,нет,нет,да,нет,да,55.80329527878124,49.37805181728117
16:33:080302:230,2713.0,Земли населенных пунктов,Учтенный,"Местоположение установлено относительно ориентира, расположенного в границах участка. Почтовый адрес ориентира: Республика Татарстан, Пестречинский муниципальный район, Кощаковское сельское поселение,  д Званка.",,"земельные участки улиц, переулков, тупиков",ДРУГОЕ,0,нет,16:33:080302,1480966.2,545.8777,,,,,да,нет,нет,нет,нет,нет,нет,да,55.80417568182453,49.366956419157134
16:33:080710:313,2194.0,Земли населенных пунктов,Учтенный,"Местоположение установлено относительно ориентира, расположенного в границах участка. Почтовый адрес ориентира: Республика Татарстан, Пестречинский муниципальный район, Кощаковское сельское поселение, д Званка.",,"Для размещения улиц, переулков, тупиков",ДРУГОЕ,0,нет,16:33:080710,1201292.89,547.54,,,,,да,нет,нет,нет,нет,нет,нет,да,55.802554123645194,49.364885542191715
16:33:080302:293,940.0,Земли населенных пунктов,Учтенный,"Местоположение установлено относительно ориентира, расположенного в границах участка. Почтовый адрес ориентира: Республика Татарстан, Пестречинский муниципальный район, Кощаковское сельское поселение, д Званка, ул. Трудовая, д. 2а.",Частная,Для ведения личного подсобного хозяйства,ЛПХ,0,нет,16:33:080302,1826041.74,1942.6,,,,,нет,нет,нет,нет,да,да,нет,да,55.80162485671344,49.36852894282875
16:33:080702:100,110744.0,Земли населенных пунктов,Учтенный,"Местоположение установлено относительно ориентира, расположенного в границах участка. Почтовый адрес ориентира: Республика Татарстан, Пестречинский муниципальный район, Званковское сельское поселение.",,Для размещения водных объектов,ВОДНЫЙ,0,нет,16:33:080702,936340.52,8.46,,,,,да,нет,нет,нет,нет,нет,нет,да,55.80778198976376,49.376523425897005
16:33:080702:441,491.0,Земли населенных пунктов,Учтенный,"Местоположение установлено относительно ориентира, расположенного в границах участка. Почтовый адрес ориентира: Российская Федерация, Республика Татарстан (Татарстан), м.р-н Пестречинский, с.п. Кощаковское, д Званка, ул 70 лет Победы, з/у 15А.",Частная,Для жилищного строительства,ДРУГОЕ,0,нет,16:33:080702,819878.72,1669.8141,,,,,нет,нет,нет,нет,нет,нет,нет,да,55.80641131650513,49.39039325678819
16:33:080702:400,845.0,Земли населенных пунктов,Учтенный,"Местоположение установлено относительно ориентира, расположенного в границах участка. Почтовый адрес ориентира: Российская Федерация, Республика Татарстан (Татарстан), м.р-н Пестречинский, с.п. Кощаковское, д Званка, ул Сафари, з/у 18.",Частная,для индивидуального жилищного строительства,ИЖС,0,нет,16:33:080702,1448090.1,1713.7161,,,,,нет,да,нет,нет,нет,да,нет,да,55.80558389781911,49.391215723542224
16:33:080702:429,394.0,Земли населенных пунктов,Учтенный,"Местоположение установлено относительно ориентира, расположенного в границах участка. Почтовый адрес ориентира: Российская Федерация, Республика Татарстан, Пестречинский муниципальный район, Кощаковское сельское поселение, д Званка, ул. Романтика, з/у 20.",Частная,для жилищного строительства,ДРУГОЕ,0,нет,16:33:080702,643381.59,1632.9482,,,,,нет,нет,нет,нет,нет,нет,нет,да,55.806254804186636,49.38298540040074
16:33:080702:156,105.0,Земли населенных пунктов,Учтенный,"Местоположение установлено относительно ориентира, расположенного в границах участка. Почтовый адрес ориентира: Республика Татарстан, Пестречинский муниципальный район, Кощаковское сельское поселение, д Званка.",,Для жилищного строительства,ДРУГОЕ,0,нет,16:33:080702,169907.17,1618.16,,,,,да,нет,нет,нет,нет,нет,нет,да,55.806520533211255,49.38529151871693
16:33:080702:419,823.0,Земли населенных пунктов,Учтенный,"Российская Федерация, Республика Татарстан (Татарстан), м.р-н Пестречинский, с.п. Кощаковское, д Званка, ул Сафари, з/у 41",Частная,для жилищного строительства,ДРУГОЕ,0,нет,16:33:080702,1360852.56,1653.5268,,,,,нет,нет,нет,нет,нет,нет,нет,да,55.80733752313324,49.38789059142222
16:33:080702:531,591.0,Земли населенных пунктов,Учтенный,"Местоположение установлено относительно ориентира, расположенного в границах участка. Почтовый адрес ориентира: Российская Федерация, Республика Татарстан (Татарстан), м.р-н Пестречинский, с.п. Кощаковское, д Званка, ул Светлая, з/у 5.",Частная,Индивидуальные жилые дома с приусадебными земельными участками,ЖИЛОЙ,0,нет,16:33:080702,961509.84,1626.9202,,,,,нет,нет,нет,нет,нет,да,нет,да,55.806366709771915,49.38549617482711
16:33:080702:325,825.0,Земли населенных пунктов,Учтенный,"Местоположение установлено относительно ориентира, расположенного в границах участка. Почтовый адрес ориентира: Российская Федерация, Республика Татарстан (Татарстан), м.р-н Пестречинский, с.п. Кощаковское, д Званка, ул 70 лет Победы, з/у 20.",Частная,для жилищного строительства,ДРУГОЕ,0,нет,16:33:080702,1394770.0,1690.6303,,,,,нет,нет,нет,нет,нет,нет,нет,да,55.80653356552932,49.389373444179164
16:33:080702:467,649.0,Земли населенных пунктов,Учтенный,"Российская Федерация, Республика Татарстан (Татарстан), м.р-н Пестречинский, с.п. Кощаковское, д Званка, ул Сафари, з/у 27",Частная,для жилищного строительства,ДРУГОЕ,0,нет,16:33:080702,1101677.37,1697.4998,,,,,нет,нет,нет,нет,нет,нет,нет,да,55.806373116386744,49.388940200863324
16:33:080702:170,375.0,Земли населенных пунктов,Учтенный,"Местоположение установлено относительно ориентира, расположенного в границах участка. Почтовый адрес ориентира: Российская Федерация, Республика Татарстан, Пестречинский муниципальный район,  д Званка, ул. Романтика,  з/у 11А.",Частная,Для жилищного строительства,ДРУГОЕ,0,нет,16:33:080702,606811.31,1618.1635,,,,,нет,нет,нет,нет,нет,нет,нет,да,55.80646648937037,49.38469138552511
16:33:080702:253,449.0,Земли населенных пунктов,Учтенный,"Местоположение установлено относительно ориентира, расположенного в границах участка. Почтовый адрес ориентира: Российская Федерация, Республика Татарстан (Татарстан), м.р-н Пестречинский, с.п. Кощаковское, д Званка, ул Романтика, з/у 15А.",Частная,для жилищного строительства,ДРУГОЕ,0,нет,16:33:080702,727499.75,1620.2667,,,,,нет,нет,нет,нет,нет,нет,нет,да,55.80632044853953,49.3840419828341
16:33:080702:375,356.0,Земли населенных пунктов,Учтенный,"Местоположение установлено относительно ориентира, расположенного в границах участка. Почтовый адрес ориентира: Российская Федерация, Республика Татарстан, Пестречинский муниципальный район, Кощаковское сельское поселение, д Званка, ул. Светлая, з/у 13 А.",Частная,индивидуальные жилые дома с приусадебными земельными участками,ЖИЛОЙ,0,нет,16:33:080702,576814.95,1620.2667,,,,,нет,нет,нет,нет,нет,да,нет,да,55.80599267577984,49.38383187108213
16:33:080301:992,538.0,Земли населенных пунктов,Учтенный,"Российская Федерация, Республика Татарстан, муниципальный район Пестречинский, сельское поселение Кощаковское, деревня Званка, улица Приозерная, земельный участок 24В",Частная,для ведения личного подсобного хозяйства,ЛПХ,0,нет,16:33:080301,833732.14,1549.69,,,,,нет,нет,нет,нет,да,да,нет,да,55.80878824162771,49.372999006802424
16:33:080702:146,80.0,Земли населенных пунктов,Учтенный,"Российская Федерация, Республика Татарстан (Татарстан), м.р-н Пестречинский, с.п. Кощаковское, д Званка, ул Романтика, з/у 12Б",Частная,Для жилищного строительства,ДРУГОЕ,0,нет,16:33:080702,129453.08,1618.1635,,,,,нет,нет,нет,нет,нет,нет,нет,да,55.80674611995472,49.38444166638225
16:33:080702:66,778.0,Земли населенных пунктов,Учтенный,"Российская Федерация, Республика Татарстан (Татарстан), м.р-н Пестречинский, с.п. Кощаковское, д Званка, ул Романтика, з/у 18",Частная,Жилищное строительство,ДРУГОЕ,0,нет,16:33:080702,1264492.58,1625.3118,,,,,нет,нет,нет,нет,нет,нет,нет,да,55.80641385362655,49.38321671021839
16:33:080702:886,724.0,"Земли промышленности, энергетики, транспорта, связи, радиовещания, телевидения, информатики, земли для обеспечения космической деятельности, земли обороны, безопасности и земли иного специального назначения",Учтенный,"Местоположение установлено относительно ориентира, расположенного в границах участка. Почтовый адрес ориентира: Российская Федерация, Республика Татарстан, Пестречинский муниципальный район, Кощаковское сельское поселение.",Государственная субъекта РФ,Сельскохозяйственное использование,СХ,0,нет,16:33:080702,1411.8,1.95,,,,,да,нет,нет,нет,нет,нет,нет,нет,55.80535128358042,49.39257962161006
16:33:080702:149,81.0,Земли населенных пунктов,Учтенный,"Местоположение установлено относительно ориентира, расположенного в границах участка. Почтовый адрес ориентира: Российская Федерация, Республика Татарстан, Пестречинский муниципальный район,  д Званка, ул. Романтика,  з/у 18А.",,Для жилищного строительства,ДРУГОЕ,0,нет,16:33:080702,131241.6,1620.2667,,,,,да,нет,нет,нет,нет,нет,нет,да,55.806279134718984,49.383387681731236
16:33:080702:235,505.0,Земли населенных пунктов,Учтенный,"Местоположение установлено относительно ориентира, расположенного в границах участка. Почтовый адрес ориентира: Российская Федерация, Республика Татарстан, Пестречинский муниципальный район,  д Званка, ул. Романтика,  з/у 11В.",Частная,для жилищного строительства,ДРУГОЕ,0,нет,16:33:080702,817172.57,1618.1635,,,,,нет,нет,нет,нет,нет,нет,нет,да,55.80662194032883,49.38460392628242
16:33:080702:324,827.0,Земли населенных пунктов,Учтенный,"Местоположение установлено относительно ориентира, расположенного в границах участка. Почтовый адрес ориентира: Российская Федерация, Республика Татарстан (Татарстан), м.р-н Пестречинский, с.п. Кощаковское, д Званка, ул 70 лет Победы, з/у 18.",Частная,для жилищного строительства,ДРУГОЕ,0,нет,16:33:080702,1380459.41,1669.2375,,,,,нет,нет,нет,нет,нет,нет,нет,да,55.80663369215131,49.38971535947831
16:33:080702:154,77.0,Земли населенных пунктов,Учтенный,"Местоположение установлено относительно ориентира, расположенного в границах участка. Почтовый адрес ориентира: Республика Татарстан, Пестречинский муниципальный район, Кощаковское сельское поселение, д Званка.",Частная,Для жилищного строительства,ДРУГОЕ,0,нет,16:33:080702,124618.35,1618.4201,,,,,нет,нет,нет,нет,нет,нет,нет,да,55.806299964029925,49.38440964947205
16:33:080702:533,598.0,Земли населенных пунктов,Учтенный,"Местоположение установлено относительно ориентира, расположенного в границах участка. Почтовый адрес ориентира: Российская Федерация, Республика Татарстан (Татарстан), м.р-н Пестречинский, с.п. Кощаковское, д Званка, ул Светлая, з/у 3.",Частная,Индивидуальные жилые дома с приусадебными земельными участками,ЖИЛОЙ,0,нет,16:33:080702,996521.67,1666.4242,,,,,нет,нет,нет,нет,нет,да,нет,да,55.80651626477463,49.3861174608379
16:33:080302:477,788.0,Земли населенных пунктов,Учтенный,"Местоположение установлено относительно ориентира, расположенного в границах участка. Почтовый адрес ориентира: Республика Татарстан, Пестречинский муниципальный район, Кощаковское сельское поселение, д Званка, ул. Трудовая, 25.",Частная,Для ведения личного подсобного хозяйства,ЛПХ,0,нет,16:33:080302,1436994.83,1823.6,,,,,нет,нет,нет,нет,да,да,нет,да,55.805298123806246,49.36851940857266
16:33:080702:79,717.0,Земли населенных пунктов,Учтенный,"Местоположение установлено относительно ориентира, расположенного в границах участка. Почтовый адрес ориентира: Российская Федерация, Республика Татарстан (Татарстан), м.р-н Пестречинский, с.п. Кощаковское, д Званка, ул Романтика, з/у 7.",Частная,Жилищное строительство,ДРУГОЕ,0,нет,16:33:080702,1164416.46,1624.0118,,,,,нет,нет,нет,нет,нет,нет,нет,да,55.806897638526245,49.38535459632245
16:33:080702:84,900.0,Земли населенных пунктов,Учтенный,"Российская Федерация, Республика Татарстан (Татарстан), м.р-н Пестречинский, с.п. Кощаковское, д Званка, ул Светлая, з/у 4",Частная,Жилищное строительство,ДРУГОЕ,0,нет,16:33:080702,1463225.94,1625.8066,,,,,нет,нет,нет,нет,нет,нет,нет,да,55.807129530120505,49.3867268681934
16:33:080702:794,621.0,Земли населенных пунктов,Учтенный,"Местоположение установлено относительно ориентира, расположенного в границах участка. Почтовый адрес ориентира: Российская Федерация, Республика Татарстан (Татарстан), м.р-н Пестречинский, с.п. Кощаковское, д Званка, ул Светлая, з/у 1А.",Частная,индивидуальные жилые дома с приусадебными земельными участками,ЖИЛОЙ,0,нет,16:33:080702,1033053.06,1663.5315,,,,,нет,нет,нет,нет,нет,да,нет,да,55.806732850029334,49.38708750161341
16:33:080702:142,57.0,Земли населенных пунктов,Учтенный,"Местоположение установлено относительно ориентира, расположенного в границах участка. Почтовый адрес ориентира: Российская Федерация, Республика Татарстан (Татарстан), м.р-н Пестречинский, с.п. Кощаковское, д Званка, ул Романтика, з/у 4Е.",,Для жилищного строительства,ДРУГОЕ,0,нет,16:33:080702,92642.86,1625.3134,,,,,да,нет,нет,нет,нет,нет,нет,да,55.80737859671094,49.385867335997844
16:33:080702:498,551.0,Земли населенных пунктов,Учтенный,"Местоположение установлено относительно ориентира, расположенного в границах участка. Почтовый адрес ориентира: Российская Федерация, Республика Татарстан (Татарстан), м.р-н Пестречинский, с.п. Кощаковское, д Званка, ул Лазурная, з/у 19А.",Частная,для жилищного строительства,ДРУГОЕ,0,нет,16:33:080702,938430.58,1703.1408,,,,,нет,нет,нет,нет,нет,нет,нет,да,55.805665042850805,49.39045716385609
16:33:080702:73,938.0,Земли населенных пунктов,Учтенный,"Местоположение установлено относительно ориентира, расположенного в границах участка. Почтовый адрес ориентира: Российская Федерация, Республика Татарстан, Пестречинский муниципальный район, Кощаковское сельское поселение, д Званка, ул. Романтика, з/у 19.",,Жилищное строительство,ДРУГОЕ,0,нет,16:33:080702,1552566.53,1655.1882,,,,,да,нет,нет,нет,нет,нет,нет,да,55.805830170109324,49.382868283868575
16:33:080702:147,80.0,Земли населенных пунктов,Учтенный,"Местоположение установлено относительно ориентира, расположенного в границах участка. Почтовый адрес ориентира: Российская Федерация, Республика Татарстан (Татарстан), м.р-н Пестречинский, с.п. Кощаковское, д Званка, ул Романтика, з/у 14В.",Частная,Для жилищного строительства,ДРУГОЕ,0,нет,16:33:080702,131082.79,1638.5349,,,,,нет,нет,нет,нет,нет,нет,нет,да,55.806590467752876,49.384090343033996
16:33:080702:33,14071.0,"Земли промышленности, энергетики, транспорта, связи, радиовещания, телевидения, информатики, земли для обеспечения космической деятельности, земли обороны, безопасности и земли иного специального назначения",Ранее учтенный,"Российская Федерация, Республика Татарстан (Татарстан), м.р-н Пестречинский, с.п. Кощаковское, д Званка, ул Зеленая, з/у 28",,Для производственной базы,ДРУГОЕ,0,нет,16:33:080702,8633891.02,613.59,,,,,да,нет,нет,нет,нет,нет,нет,нет,55.80525916360619,49.382995966537194
16:33:080702:537,501.0,Земли населенных пунктов,Учтенный,"Местоположение установлено относительно ориентира, расположенного в границах участка. Почтовый адрес ориентира: Республика Татарстан, Пестречинский муниципальный район, Кощаковское сельское поселение, д Званка.",Частная,Для жилищного строительства,ДРУГОЕ,0,нет,16:33:080702,825308.67,1647.3227,,,,,нет,нет,нет,нет,нет,нет,нет,да,55.80657932927419,49.38370776205441
16:33:080702:90,704.0,Земли населенных пунктов,Учтенный,"Местоположение установлено относительно ориентира, расположенного в границах участка. Почтовый адрес ориентира: Российская Федерация, Республика Татарстан, Пестречинский муниципальный район, Кощаковское сельское поселение, д Званка, ул. Светлая, з/у 11.",Частная,Жилищное строительство,ДРУГОЕ,0,нет,16:33:080702,1149907.12,1633.3908,,,,,нет,нет,нет,нет,нет,нет,нет,да,55.80611237097385,49.384397404889725
16:33:080302:924,1899.0,Земли населенных пунктов,Учтенный,"Российская Федерация, Республика Татарстан, Пестречинский муниципальный район,  Кощаковское сельское поселение, д Званка",Частная,Индивидуальные жилые дома с приусадебными земельными участками,ЖИЛОЙ,0,нет,16:33:080302,3443474.55,1813.31,,,,,нет,нет,нет,нет,нет,да,нет,да,55.805544829239736,49.36779019548444
16:33:080301:175,1507.0,Земли населенных пунктов,Ранее учтенный,"Местоположение установлено относительно ориентира, расположенного в границах участка. Почтовый адрес ориентира: Российская Федерация, Республика Татарстан (Татарстан), м.р-н Пестречинский, с.п. Кощаковское, д Званка, ул Приозерная, з/у 19.",,Индивидуальное жилищное строительство,ДРУГОЕ,0,нет,16:33:080301,2379120.79,1578.71,,,,,да,нет,нет,нет,нет,нет,нет,да,55.809466172677595,49.37384680164942
16:33:080302:205,760.0,Земли населенных пунктов,Учтенный,"Местоположение установлено относительно ориентира, расположенного в границах участка. Почтовый адрес ориентира: Российская Федерация, Республика Татарстан (Татарстан), м.р-н Пестречинский, с.п. Кощаковское, д Званка, ул Приозерная, з/у 56А.",,Строительство жилого дома,ЖИЛОЙ,0,нет,16:33:080302,1453672.82,1912.73,,,,,да,нет,нет,нет,нет,да,нет,да,55.80232758624869,49.36691575068389
16:33:080303:7,1620.0,Земли населенных пунктов,Ранее учтенный,"Местоположение установлено относительно ориентира, расположенного в границах участка. Почтовый адрес ориентира: Российская Федерация, Республика Татарстан, Пестречинский муниципальный район, Кощаковское сельское поселение, д Званка, ул. Придорожная, з/у 4.",,под строительство жилого дома,ЖИЛОЙ,0,нет,16:33:080303,2918744.6,1801.69,,,,,да,нет,нет,нет,нет,да,нет,да,55.805276575568655,49.377734153721924
16:33:080301:272,1234.0,Земли населенных пунктов,Учтенный,"Местоположение установлено относительно ориентира, расположенного в границах участка. Почтовый адрес ориентира: Российская Федерация, Республика Татарстан (Татарстан), м.р-н Пестречинский, с.п. Кощаковское, д Званка, ул Овражная, з/у 42.",Частная,Для индивидуального жилищного строительства,ИЖС,0,нет,16:33:080301,1946469.15,1577.37,,,,,нет,да,нет,нет,нет,да,нет,да,55.80888604857495,49.38663540008744
16:33:080302:920,1000.0,Земли населенных пунктов,Учтенный,"Местоположение установлено относительно ориентира, расположенного в границах участка. Почтовый адрес ориентира: Республика Татарстан, Пестречинский муниципальный район, Кощаковское сельское поселение, д. Званка, ул. Трудовая, з/у 1.",Частная,для индивидуального жилищного строительства,ИЖС,0,нет,16:33:080302,1947354.6,1947.35,,,,,нет,да,нет,нет,нет,да,нет,да,55.801692418774834,49.36778294393437
16:33:080301:1045,1063.0,Земли населенных пунктов,Учтенный,"Местоположение установлено относительно ориентира, расположенного в границах участка. Почтовый адрес ориентира: Российская Федерация, Республика Татарстан, Пестречинский муниципальный район, Кощаковское сельское поселение, д Званка, ул. Каменная, з/у 19/1.",Частная,Блокированная жилая застройка,ДРУГОЕ,0,нет,16:33:080301,1763437.91,1658.93,,,,,нет,нет,нет,нет,нет,нет,нет,да,55.81148485476358,49.377315857104804
16:33:080302:873,265.0,Земли населенных пунктов,Учтенный,"Местоположение установлено относительно ориентира, расположенного в границах участка. Почтовый адрес ориентира: Российская Федерация, Республика Татарстан (Татарстан), м.р-н Пестречинский, с.п. Кощаковское, д Званка, ул Просторная, з/у 1Ж.",Частная,блокированные односемейные дома с участками,ДРУГОЕ,0,нет,16:33:080302,507990.0,1916.9434,,,,,нет,нет,нет,нет,нет,нет,нет,да,55.80182810517809,49.37348798273785
16:33:080302:921,240.0,Земли населенных пунктов,Учтенный,"Местоположение установлено относительно ориентира, расположенного в границах участка. Почтовый адрес ориентира: Республика Татарстан, Пестречинский муниципальный район, Кощаковское сельское поселение, д. Званка, ул. Трудовая, з/у 1.",Частная,Обслуживание жилой застройки,ДРУГОЕ,0,нет,16:33:080302,378016.42,1575.07,,,,,нет,нет,нет,нет,нет,нет,нет,да,55.80161168345733,49.36767699446329
16:33:080710:753,1006.0,Земли населенных пунктов,Учтенный,"Российская Федерация, Республика Татарстан (Татарстан), м.р-н Пестречинский, с.п. Кощаковское, д Званка, ул. Образования, з/у 5",Частная,Для индивидуального жилищного строительства,ИЖС,0,нет,16:33:080710,1581918.2,1572.48,,,,,нет,да,нет,нет,нет,да,нет,да,55.8107125187815,49.36755764938407
16:33:080710:764,1032.0,Земли населенных пунктов,Учтенный,"Российская Федерация, Республика Татарстан (Татарстан), м.р-н Пестречинский, с.п. Кощаковское, д Званка, ул. Образования, з/у 16",Частная,Для индивидуального жилищного строительства,ИЖС,0,нет,16:33:080710,1661254.36,1609.74,,,,,нет,да,нет,нет,нет,да,нет,да,55.809924265006885,49.36596004073029
16:33:080710:743,4253.0,Земли населенных пунктов,Учтенный,"Российская Федерация, Республика Татарстан (Татарстан), м.р-н Пестречинский, с.п. Кощаковское, д Званка, ул Приозерная, з/у 78/1",Частная,Обслуживание жилой застройки,ДРУГОЕ,0,нет,16:33:080710,18027980.46,4238.89,,,,,нет,нет,нет,нет,нет,нет,нет,да,55.80989498042395,49.369287643294996
16:33:080710:777,1017.0,Земли населенных пунктов,Учтенный,"Российская Федерация,  Республика Татарстан, Пестречинский муниципальный район, Кощаковское сельское поселение",Частная,Улично-Дорожная сеть,ДРУГОЕ,0,нет,16:33:080710,440892.79,433.52,,,,,нет,нет,нет,нет,нет,нет,нет,да,55.81015112608074,49.36906954466347
16:33:080710:773,1383.0,Земли населенных пунктов,Учтенный,"Российская Федерация, Республика Татарстан, муниципальный район Пестречинский, сельское поселение Кощаковское, деревня Званка, улица Архитектурная, земельный участок 12",Частная,Для индивидуального жилищного строительства,ИЖС,0,нет,16:33:080710,2157144.48,1559.76,,,,,нет,да,нет,нет,нет,да,нет,да,55.81163959839794,49.366978909190536
16:33:080710:766,1020.0,Земли населенных пунктов,Учтенный,"Российская Федерация, Республика Татарстан, муниципальный район Пестречинский, сельское поселение Кощаковское, деревня Званка, улица Архитектурная, земельный участок 26",Частная,Для индивидуального жилищного строительства,ИЖС,0,нет,16:33:080710,1641937.45,1609.74,,,,,нет,да,нет,нет,нет,да,нет,да,55.81010489103712,49.365426218641105
16:33:080710:749,1082.0,Земли населенных пунктов,Учтенный,"Российская Федерация, Республика Татарстан (Татарстан), м.р-н Пестречинский, с.п. Кощаковское, д Званка, ул. Образования, з/у 13",Частная,Для индивидуального жилищного строительства,ИЖС,0,нет,16:33:080710,1741273.1,1609.31,,,,,нет,да,нет,нет,нет,да,нет,да,55.80981518759817,49.36683109550508
16:33:080710:774,569.0,Земли населенных пунктов,Учтенный,"Российская Федерация,  Республика Татарстан, Пестречинский муниципальный район, Кощаковское сельское поселение",Частная,Улично-дорожная сеть,ДРУГОЕ,0,нет,16:33:080710,246848.53,433.83,,,,,нет,нет,нет,нет,нет,нет,нет,да,55.811012234875314,49.36604390319228
16:33:080710:770,1005.0,Земли населенных пунктов,Учтенный,"Российская Федерация, Республика Татарстан, муниципальный район Пестречинский, сельское поселение Кощаковское, деревня Званка, улица Архитектурная, земельный участок 18",Частная,Для индивидуального жилищного строительства,ИЖС,0,нет,16:33:080710,1578280.74,1570.43,,,,,нет,да,нет,нет,нет,да,нет,да,55.81095293906664,49.36627883883597
16:33:080710:763,1003.0,Земли населенных пунктов,Учтенный,"Российская Федерация, Республика Татарстан (Татарстан), м.р-н Пестречинский, с.п. Кощаковское, д Званка, ул. Образования, з/у 14",Частная,Для индивидуального жилищного строительства,ИЖС,0,нет,16:33:080710,1599894.73,1595.11,,,,,нет,да,нет,нет,нет,да,нет,да,55.81014133689255,49.36617188161599
16:33:080710:755,1008.0,Земли населенных пунктов,Учтенный,"Российская Федерация, Республика Татарстан (Татарстан), м.р-н Пестречинский, с.п. Кощаковское, д Званка, ул. Образования, з/у 3",Частная,Для индивидуального жилищного строительства,ИЖС,0,нет,16:33:080710,1581297.58,1568.75,,,,,нет,да,нет,нет,нет,да,нет,да,55.810991665262705,49.36783051715996
16:33:080709:414,1004.0,Земли населенных пунктов,Учтенный,"Российская Федерация,  Республика Татарстан, Пестречинский муниципальный район, Кощаковское сельское поселение, деревня Званка, улица Ювелирная, земельный участок 1",Частная,Для индивидуального жилищного строительства,ИЖС,0,нет,16:33:080709,1810451.96,1803.24,,,,,нет,да,нет,нет,нет,да,нет,да,55.81005874359879,49.35487612135277
16:33:000000:5219,1433.0,Земли населенных пунктов,Учтенный,"Российская Федерация, Республика Татарстан (Татарстан), м.р-н Пестречинский, с.п. Кощаковское, д Званка, ул. Искусств, з/у 7",Частная,Для индивидуального жилищного строительства,ИЖС,0,нет,16:33:000000,2264527.63,1580.27,,,,,нет,да,нет,нет,нет,да,нет,да,55.81154382035912,49.369552882623864
16:33:080709:364,1001.0,Земли населенных пунктов,Учтенный,"Российская Федерация, Республика Татарстан (Татарстан), м.р-н Пестречинский, с.п. Кощаковское, д Званка, ул. Инженерная, з/у 4",Частная,Для индивидуального жилищного строительства,ИЖС,0,нет,16:33:080709,1766913.45,1765.15,,,,,нет,да,нет,нет,нет,да,нет,да,55.81044938326454,49.35535716705845
16:33:080709:386,1026.0,Земли населенных пунктов,Учтенный,"Российская Федерация, Республика Татарстан (Татарстан), м.р-н Пестречинский, с.п. Кощаковское, д Званка, ул. Строительная, з/у 5",Частная,Для индивидуального жилищного строительства,ИЖС,0,нет,16:33:080709,1724727.75,1681.02,,,,,нет,да,нет,нет,нет,да,нет,да,55.811370299962846,49.35765216446775
16:33:080709:385,1010.0,Земли населенных пунктов,Учтенный,"Российская Федерация, Республика Татарстан (Татарстан), м.р-н Пестречинский, с.п. Кощаковское, д Званка, ул. Строительная, з/у 7",Частная,Для индивидуального жилищного строительства,ИЖС,0,нет,16:33:080709,1700923.73,1684.08,,,,,нет,да,нет,нет,нет,да,нет,да,55.811574684989,49.35764623833578
16:33:080709:392,1730.0,Земли населенных пунктов,Учтенный,"Российская Федерация, Республика Татарстан, муниципальный район Пестречинский, сельское поселение Кощаковское, деревня Званка, улица Призвания, земельный участок 12",Частная,Для индивидуального жилищного строительства,ИЖС,0,нет,16:33:080709,2879387.61,1664.39,,,,,нет,да,нет,нет,нет,да,нет,да,55.81093546759251,49.35845648507196
16:33:080709:381,1004.0,Земли населенных пунктов,Учтенный,"Российская Федерация, Республика Татарстан (Татарстан), м.р-н Пестречинский, с.п. Кощаковское, д Званка, ул. Строительная, з/у 8",Частная,Для индивидуального жилищного строительства,ИЖС,0,нет,16:33:080709,1697460.09,1690.7,,,,,нет,да,нет,нет,нет,да,нет,да,55.81124659873827,49.35664694820093
16:33:080709:388,1002.0,Земли населенных пунктов,Учтенный,"Российская Федерация,  Республика Татарстан, Пестречинский муниципальный район, Кощаковское сельское поселение",Частная,Для индивидуального жилищного строительства,ИЖС,0,нет,16:33:080709,1648620.86,1645.33,,,,,нет,да,нет,нет,нет,да,нет,да,55.811734380060045,49.358380543683005
16:33:000000:5143,1003.0,Земли населенных пунктов,Учтенный,"Российская Федерация, Республика Татарстан (Татарстан), м.р-н Пестречинский, с.п. Кощаковское, д Званка, ул. Театральная, з/у 10",Частная,Для индивидуального жилищного строительства,ИЖС,0,нет,16:33:000000,1687706.48,1682.66,,,,,нет,да,нет,нет,нет,да,нет,да,55.808738639805064,49.35975454198625
16:33:000000:5015,1006.0,Земли населенных пунктов,Учтенный,"Российская Федерация, Республика Татарстан, муниципальный район Пестречинский, сельское поселение Кощаковское, деревня Званка, улица Художественная, земельный участок 12",Частная,Для индивидуального жилищного строительства,ИЖС,0,нет,16:33:000000,1832284.84,1821.36,,,,,нет,да,нет,нет,нет,да,нет,да,55.807899216896395,49.35548331629606
16:33:000000:5033,1029.0,Земли населенных пунктов,Учтенный,"Российская Федерация, Республика Татарстан (Татарстан), м.р-н Пестречинский, с.п. Кощаковское, д Званка, ул. Театральная, з/у 19",Частная,Для индивидуального жилищного строительства,ИЖС,0,нет,16:33:000000,1745025.84,1695.85,,,,,нет,да,нет,нет,нет,да,нет,да,55.80766779838224,49.36112969566594
16:33:000000:5106,1003.0,Земли населенных пунктов,Учтенный,"Российская Федерация, Республика Татарстан (Татарстан), м.р-н Пестречинский, с.п. Кощаковское, д Званка, ул. Творческая, з/у 5",Частная,Для индивидуального жилищного строительства,ИЖС,0,нет,16:33:000000,1790488.5,1785.13,,,,,нет,да,нет,нет,нет,да,нет,да,55.80648221573549,49.35733623441344
16:33:000000:5063,948.0,Земли населенных пунктов,Учтенный,"Российская Федерация, Республика Татарстан (Татарстан), м.р-н Пестречинский, с.п. Кощаковское, д Званка, ул. Творческая, з/у 2",Частная,Благоустройство территории,ДРУГОЕ,0,нет,16:33:000000,16173.07,17.06,,,,,нет,нет,нет,нет,нет,нет,нет,да,55.806702085093136,49.35604466809308
16:33:000000:5043,1523.0,Земли населенных пунктов,Учтенный,"Российская Федерация, Республика Татарстан, муниципальный район Пестречинский, сельское поселение Кощаковское, деревня Званка, улица Режиссерская, земельный участок 7",Частная,Для индивидуального жилищного строительства,ИЖС,0,нет,16:33:000000,2528488.71,1660.2,,,,,нет,да,нет,нет,нет,да,нет,да,55.80932449435538,49.362131658064705
16:33:000000:5071,1008.0,Земли населенных пунктов,Учтенный,"Российская Федерация, Республика Татарстан, муниципальный район Пестречинский, сельское поселение Кощаковское, деревня Званка, улица Художественная, земельный участок 18",Частная,Для индивидуального жилищного строительства,ИЖС,0,нет,16:33:000000,1828380.66,1813.87,,,,,нет,да,нет,нет,нет,да,нет,да,55.807136776579384,49.355840837598194
16:33:000000:5125,1009.0,Земли населенных пунктов,Учтенный,"Российская Федерация, Республика Татарстан, муниципальный район Пестречинский, сельское поселение Кощаковское, деревня Званка, улица Литературная, земельный участок 17",Частная,Для индивидуального жилищного строительства,ИЖС,0,нет,16:33:000000,1752320.21,1736.69,,,,,нет,да,нет,нет,нет,да,нет,да,55.80746820516462,49.35812139205132
16:33:000000:5139,1004.0,Земли населенных пунктов,Учтенный,"Российская Федерация, Республика Татарстан, муниципальный район Пестречинский, сельское поселение Кощаковское, деревня Званка, улица Поэтическая, земельный участок 7",Частная,Для индивидуального жилищного строительства,ИЖС,0,нет,16:33:000000,1712122.4,1705.3,,,,,нет,да,нет,нет,нет,да,нет,да,55.80886429634726,49.35902787209645
16:33:000000:5179,1003.0,Земли населенных пунктов,Учтенный,"Российская Федерация, Республика Татарстан (Татарстан), м.р-н Пестречинский, с.п. Кощаковское, д Званка, ул. Спортивная, з/у 6",Частная,Для индивидуального жилищного строительства,ИЖС,0,нет,16:33:000000,1564234.67,1559.56,,,,,нет,да,нет,нет,нет,да,нет,да,55.81125073302617,49.364659258114536
16:33:000000:5216,1230.0,Земли населенных пунктов,Учтенный,"Российская Федерация, Республика Татарстан (Татарстан), м.р-н Пестречинский, с.п. Кощаковское, д Званка, ул. Искусств, з/у 5",Частная,Для индивидуального жилищного строительства,ИЖС,0,нет,16:33:000000,1908358.78,1551.51,,,,,нет,да,нет,нет,нет,да,нет,да,55.811933801744516,49.3697975837619
16:33:000000:5186,1021.0,Земли населенных пунктов,Учтенный,"Российская Федерация, Республика Татарстан, муниципальный район Пестречинский, сельское поселение Кощаковское, деревня Званка, улица Спортивная, земельный участок 12",,Для индивидуального жилищного строительства,ИЖС,0,нет,16:33:000000,1621682.68,1588.33,,,,,да,да,нет,нет,нет,да,нет,да,55.81080660783164,49.363390934453214
16:33:000000:5198,1110.0,Земли населенных пунктов,Учтенный,"Российская Федерация, Республика Татарстан (Татарстан), м.р-н Пестречинский, с.п. Кощаковское, д Званка, ул. Архитектурная, з/у 8Б",Частная,Для индивидуального жилищного строительства,ИЖС,0,нет,16:33:000000,1730325.72,1558.85,,,,,нет,да,нет,нет,нет,да,нет,да,55.81178070977814,49.36851312511826
16:33:000000:5840,32455.0,"Земли промышленности, энергетики, транспорта, связи, радиовещания, телевидения, информатики, земли для обеспечения космической деятельности, земли обороны, безопасности и земли иного специального назначения",Учтенный,"Республика Татарстан, Пестречинский муниципальный район, Кощаковское сельское поселение",Частная,под производственные базы,ДРУГОЕ,0,нет,16:33:000000,19879229.5,612.52,,,,,нет,нет,нет,нет,нет,нет,нет,нет,55.80388256120566,49.38198328850636
16:33:080709:360,1015.0,Земли населенных пунктов,Учтенный,"Российская Федерация, Республика Татарстан (Татарстан), м.р-н Пестречинский, с.п. Кощаковское, д Званка, ул. Инженерная, з/у 12",Частная,Для индивидуального жилищного строительства,ИЖС,0,нет,16:33:080709,1766209.01,1740.11,,,,,нет,да,нет,нет,нет,да,нет,да,55.811429119280206,49.3553021277812
16:33:080709:362,1013.0,Земли населенных пунктов,Учтенный,"Российская Федерация, Республика Татарстан (Татарстан), м.р-н Пестречинский, с.п. Кощаковское, д Званка, ул. Инженерная, з/у 8",Частная,Для индивидуального жилищного строительства,ИЖС,0,нет,16:33:080709,1759097.6,1736.52,,,,,нет,да,нет,нет,нет,да,нет,да,55.81095598115214,49.355316089389945
16:33:000000:5016,1006.0,Земли населенных пунктов,Учтенный,"Российская Федерация, Республика Татарстан (Татарстан), м.р-н Пестречинский, с.п. Кощаковское, д Званка, ул. Театральная, з/у 3",Частная,Для индивидуального жилищного строительства,ИЖС,0,нет,16:33:000000,1680802.16,1670.78,,,,,нет,да,нет,нет,нет,да,нет,да,55.80950913069199,49.360267085914764
16:33:000000:5029,1039.0,Земли населенных пунктов,Учтенный,"Российская Федерация, Республика Татарстан, муниципальный район Пестречинский, сельское поселение Кощаковское, деревня Званка, улица Театральная, земельный участок 15",Частная,Для индивидуального жилищного строительства,ИЖС,0,нет,16:33:000000,1755283.9,1689.4,,,,,нет,да,нет,нет,нет,да,нет,да,55.808103648813486,49.36092554376154
16:33:000000:5017,1002.0,Земли населенных пунктов,Учтенный,"Российская Федерация, Республика Татарстан, муниципальный район Пестречинский, сельское поселение Кощаковское, деревня Званка, улица Режиссерская, земельный участок 4",Частная,Для индивидуального жилищного строительства,ИЖС,0,нет,16:33:000000,1671069.17,1667.73,,,,,нет,да,нет,нет,нет,да,нет,да,55.80960045190998,49.36090403600105
16:33:000000:5079,1052.0,Земли населенных пунктов,Учтенный,"Российская Федерация, Республика Татарстан (Татарстан), м.р-н Пестречинский, с.п. Кощаковское, д Званка, ул. Музыкальная, з/у 23",Частная,Для индивидуального жилищного строительства,ИЖС,0,нет,16:33:000000,1928763.73,1833.43,,,,,нет,да,нет,нет,нет,да,нет,да,55.80605416280288,49.35567461783713
16:33:080709:371,1017.0,Земли населенных пунктов,Учтенный,"Российская Федерация, Республика Татарстан (Татарстан), м.р-н Пестречинский, с.п. Кощаковское, д Званка, ул. Инженерная, з/у 7",Частная,Для индивидуального жилищного строительства,ИЖС,0,нет,16:33:080709,1764450.46,1734.96,,,,,нет,да,нет,нет,нет,да,нет,да,55.81130374747125,49.35615818227961
16:33:080709:357,1368.0,Земли населенных пунктов,Учтенный,"Российская Федерация, Республика Татарстан (Татарстан), м.р-н Пестречинский, с.п. Кощаковское, д Званка, ул. Ювелирная, з/у 17",Частная,Для индивидуального жилищного строительства,ИЖС,0,нет,16:33:080709,2378086.88,1738.37,,,,,нет,да,нет,нет,нет,да,нет,да,55.81196740250372,49.354679339282384
16:33:080709:370,1020.0,Земли населенных пунктов,Учтенный,"Российская Федерация, Республика Татарстан (Татарстан), м.р-н Пестречинский, с.п. Кощаковское, д Званка, ул. Инженерная, з/у 9",Частная,Для индивидуального жилищного строительства,ИЖС,0,нет,16:33:080709,1746137.39,1711.9,,,,,нет,да,нет,нет,нет,да,нет,да,55.81155279910937,49.356150831283394
16:33:000000:5044,1398.0,Земли населенных пунктов,Учтенный,"Российская Федерация, Республика Татарстан, муниципальный район Пестречинский, сельское поселение Кощаковское, деревня Званка, улица Режиссерская, земельный участок 9",Частная,Для индивидуального жилищного строительства,ИЖС,0,нет,16:33:000000,2320143.45,1659.62,,,,,нет,да,нет,нет,нет,да,нет,да,55.80911677310246,49.362239909326114
16:33:000000:5124,1014.0,Земли населенных пунктов,Учтенный,"Российская Федерация, Республика Татарстан (Татарстан), м.р-н Пестречинский, с.п. Кощаковское, д Званка, ул. Поэтическая, з/у 14",Частная,Для индивидуального жилищного строительства,ИЖС,0,нет,16:33:000000,1752558.05,1728.36,,,,,нет,да,нет,нет,нет,да,нет,да,55.80777589352455,49.358640939643905
16:33:000000:5107,1001.0,Земли населенных пунктов,Учтенный,"Российская Федерация, Республика Татарстан (Татарстан), м.р-н Пестречинский, с.п. Кощаковское, д Званка, ул. Творческая, з/у 7",Частная,Для индивидуального жилищного строительства,ИЖС,0,нет,16:33:000000,1781917.04,1780.14,,,,,нет,да,нет,нет,нет,да,нет,да,55.80649381241223,49.357815700104986
16:33:000000:5138,1010.0,Земли населенных пунктов,Учтенный,"Российская Федерация, Республика Татарстан (Татарстан), м.р-н Пестречинский, с.п. Кощаковское, д Званка, ул. Театральная, з/у 6",Частная,Для индивидуального жилищного строительства,ИЖС,0,нет,16:33:000000,1702997.06,1686.14,,,,,нет,да,нет,нет,нет,да,нет,да,55.80917018959197,49.35955227902568
16:33:000000:5130,1111.0,Земли населенных пунктов,Учтенный,"Российская Федерация, Республика Татарстан, муниципальный район Пестречинский, сельское поселение Кощаковское, деревня Званка, улица Музыкальная, земельный участок 7",Частная,Для индивидуального жилищного строительства,ИЖС,0,нет,16:33:000000,2049357.49,1844.61,,,,,нет,да,нет,нет,нет,да,нет,да,55.808044350544016,49.35475891394216
16:33:000000:5877,17103.0,Земли населенных пунктов,Учтенный,"Российская Федерация, Республика Татарстан, Пестречинский муниципальный район, Кощаковское сельское поселение",Частная,Для сельскохозяйственного производства,СХ,0,нет,16:33:000000,52848.27,3.09,,,,,нет,нет,нет,нет,нет,нет,нет,да,55.807651035784644,49.353190301759824
16:33:080702:944,9621.0,"Земли промышленности, энергетики, транспорта, связи, радиовещания, телевидения, информатики, земли для обеспечения космической деятельности, земли обороны, безопасности и земли иного специального назначения",Учтенный,"Российская Федерация, Республика Татарстан, Пестречинский муниципальный район, Кощаковское сельское поселение",Частная,Производственная деятельность; склады,ДРУГОЕ,0,нет,16:33:080702,5938669.04,617.26,,,,,нет,нет,нет,нет,нет,нет,нет,нет,55.80571028313094,49.39345283984904
16:33:080702:930,1010.0,Земли населенных пунктов,Учтенный,"Российская Федерация, Республика Татарстан, Пестречинский муниципальный район, Кощаковское сельское поселение, д. Званка",Частная,для индивидуального жилищного строительства; для жилищного строительства; земельные участки (территории) общего пользования,ИЖС,0,нет,16:33:080702,2020949.3,2000.94,,,,,нет,да,нет,нет,нет,да,да,да,55.80868681418535,49.390182681927335
16:33:000000:5982,2511.0,Земли населенных пунктов,Учтенный,"Российская Федерация, Республика Татарстан, Пестречинский муниципальный район, Званковское сельское поселение, около д Званка",Частная,Для ведения личного подсобного хозяйства,ЛПХ,0,нет,16:33:000000,4238325.69,1687.9,,,,,нет,нет,нет,нет,да,да,нет,да,55.80770262709785,49.382249766894034
16:33:000000:6033,1013.0,Земли населенных пунктов,Учтенный,"Российская Федерация, Республика Татарстан (Татарстан), м.р-н Пестречинский, с.п. Кощаковское, д Званка, ул. Искусств, з/у 3",Частная,Для индивидуального жилищного строительства,ИЖС,0,нет,16:33:000000,1547724.21,1527.86,,,,,нет,да,нет,нет,нет,да,нет,да,55.81324564360518,49.3695811031572
16:33:000000:6007,1007.0,Земли населенных пунктов,Учтенный,"Российская Федерация, Республика Татарстан (Татарстан), м.р-н Пестречинский, с.п. Кощаковское, д Званка, ул. Призвания, з/у 35",Частная,Для индивидуального жилищного строительства,ИЖС,0,нет,16:33:000000,1570681.95,1559.76,,,,,нет,да,нет,нет,нет,да,нет,да,55.81147355990884,49.362198209318954
16:33:000000:6042,1182.0,Земли населенных пунктов,Учтенный,"Российская Федерация, Республика Татарстан (Татарстан), м.р-н Пестречинский, с.п. Кощаковское, д Званка, ул. Призвания, з/у 18",Частная,Для индивидуального жилищного строительства,ИЖС,0,нет,16:33:000000,1922251.14,1626.27,,,,,нет,да,нет,нет,нет,да,нет,да,55.811244109005315,49.35978562130574
16:33:000000:6066,1167.0,Земли населенных пунктов,Учтенный,"Российская Федерация, Республика Татарстан, Пестречинский муниципальный район, Кощаковское сельское поселение, д Званка, ул. Творческая, з/у 17А",Частная,Для индивидуального жилищного строительства,ИЖС,0,нет,16:33:000000,1989228.64,1704.57,,,,,нет,да,нет,нет,нет,да,нет,да,55.80676635355776,49.36161714174029
16:33:000000:6070,52031.0,Земли населенных пунктов,Учтенный,"Российская Федерация, Республика Татарстан, Пестречинский муниципальный район, Кощаковское сельское поселение",Частная,Благоустройство территории,ДРУГОЕ,0,нет,16:33:000000,870910.49,16.74,,,,,нет,нет,нет,нет,нет,нет,нет,да,55.807563075208854,49.358000214066614
16:33:000000:5999,1025.0,Земли населенных пунктов,Учтенный,"Российская Федерация, Республика Татарстан (Татарстан), м.р-н Пестречинский, с.п. Кощаковское, д Званка, ул. Научная, з/у 12",Частная,Для индивидуального жилищного строительства,ИЖС,0,нет,16:33:000000,1556389.21,1518.43,,,,,нет,да,нет,нет,нет,да,нет,да,55.81340255020381,49.371507562870036
16:33:000000:6095,2500.0,Земли населенных пунктов,Учтенный,"Российская Федерация, Республика Татарстан, Пестречинский муниципальный район, Кощаковское сельское поселение",Частная,Для индивидуального жилищного строительства,ИЖС,0,нет,16:33:000000,4097339.5,1638.94,,,,,нет,да,нет,нет,нет,да,нет,да,55.81149282580094,49.35910218721207
16:33:080709:425,1039.0,Земли населенных пунктов,Учтенный,"Российская Федерация, Республика Татарстан, Пестречинский муниципальный район, Кощаковское сельское поселение",Частная,Для индивидуального жилищного строительства,ИЖС,0,нет,16:33:080709,1728706.07,1663.82,,,,,нет,да,нет,нет,нет,да,нет,да,55.81123753200408,49.358526336753506
16:33:080709:426,1000.0,Земли населенных пунктов,Учтенный,"Российская Федерация, Республика Татарстан, Пестречинский муниципальный район, Кощаковское сельское поселение",Частная,Для индивидуального жилищного строительства,ИЖС,0,нет,16:33:080709,1713023.0,1713.02,,,,,нет,да,нет,нет,нет,да,нет,да,55.810726022776514,49.35679210352725
16:33:080301:1076,363.0,Земли населенных пунктов,Учтенный,"Российская Федерация, Республика Татарстан, Пестречинский муниципальный район, Кощаковское сельское поселение, д. Званка, ул. Приозерная, д. 3 А",Частная,Магазины,ДРУГОЕ,0,нет,16:33:080301,460949.02,1269.83,,,,,нет,нет,нет,нет,нет,нет,нет,да,55.80957822362097,49.379507810880256
16:33:080702:927,1000.0,Земли населенных пунктов,Учтенный,"Российская Федерация, Республика Татарстан, Пестречинский муниципальный район, Кощаковское сельское поселение, д. Званка",Частная,для индивидуального жилищного строительства; для жилищного строительства; земельные участки (территории) общего пользования,ИЖС,0,нет,16:33:080702,1601255.7,1601.26,,,,,нет,да,нет,нет,нет,да,да,да,55.80836631772544,49.38905702025521
16:33:080702:926,1000.0,Земли населенных пунктов,Учтенный,"Российская Федерация, Республика Татарстан, Пестречинский муниципальный район, Кощаковское сельское поселение, д. Званка",Частная,для индивидуального жилищного строительства; для жилищного строительства; земельные участки (территории) общего пользования,ИЖС,0,нет,16:33:080702,1625536.2,1625.54,,,,,нет,да,нет,нет,нет,да,да,да,55.80824234735398,49.38876098608588
16:33:080302:948,780.0,Земли населенных пунктов,Учтенный,"Российская Федерация, Республика Татарстан, Пестречинский муниципальный район, Кощаковское сельское поселение, д. Званка, ул. Дачная, д. 2Б",Частная,для индивидуального жилищного строительства,ИЖС,0,нет,16:33:080302,1520368.04,1949.19,,,,,нет,да,нет,нет,нет,да,нет,да,55.80152278818299,49.37023130352469
16:33:080702:968,673.0,"Земли промышленности, энергетики, транспорта, связи, радиовещания, телевидения, информатики, земли для обеспечения космической деятельности, земли обороны, безопасности и земли иного специального назначения",Учтенный,"Республика Татарстан, Пестречинский муниципальный район, Кощаковское сельское поселение",Частная,склады; для сельскохозяйственного производства; для размещения промышленных объектов,ПРОМ,0,нет,16:33:080702,503418.2,748.02,,,,,нет,нет,нет,нет,нет,нет,нет,нет,55.805927238383546,49.38935407615934
16:33:080702:969,1546.0,"Земли промышленности, энергетики, транспорта, связи, радиовещания, телевидения, информатики, земли для обеспечения космической деятельности, земли обороны, безопасности и земли иного специального назначения",Учтенный,"Республика Татарстан, Пестречинский муниципальный район, Кощаковское сельское поселение",Частная,производственная деятельность; склады,ДРУГОЕ,0,нет,16:33:080702,953121.99,616.51,,,,,нет,нет,нет,нет,нет,нет,нет,нет,55.8057558151194,49.38874606512747
16:33:080710:820,1010.0,Земли населенных пунктов,Учтенный,"Российская Федерация, Республика Татарстан (Татарстан), м.р-н Пестречинский, с.п. Кощаковское, д Званка, ул. Экологичная, з/у 21",Частная,Благоустройство территории,ДРУГОЕ,0,нет,16:33:080710,16282.82,16.12,,,,,нет,нет,нет,нет,нет,нет,нет,да,55.811667819525795,49.37085342365459
16:33:080301:1097,1264.0,Земли населенных пунктов,Учтенный,"Российская Федерация, Республика Татарстан, Пестречинский муниципальный район, Кощаковское сельское поселение, д Званка, ул. Приозерная, з/у 69",Частная,Для ведения личного подсобного хозяйства,ЛПХ,0,нет,16:33:080301,2025684.38,1602.6,,,,,нет,нет,нет,нет,да,да,нет,да,55.80997473028019,49.37353749273885
16:33:000000:6370,2416.0,Земли населенных пунктов,Учтенный,"Республика Татарстан, Пестречинский муниципальный район, Кощаковское сельское поселение, д. Званка",,земельные участки ( территории ) общего пользования,ОГП,0,нет,16:33:000000,1275527.44,527.95,,,,,да,нет,нет,нет,нет,нет,да,да,55.809527345430155,49.37344539002402
16:33:080710:831,24974.0,Земли населенных пунктов,Учтенный,"Российская Федерация, Республика Татарстан, Пестречинский муниципальный район, Кощаковское сельское поселение",Муниципальная,"Для ведения крестьянского (фермерского) хозяйства ""Марсель""",ДРУГОЕ,0,нет,16:33:080710,73121.37,2.93,,,,,да,нет,нет,нет,нет,нет,нет,да,55.80906143413488,49.363369425184125
16:33:080710:832,58273.0,Земли населенных пунктов,Учтенный,"Российская Федерация, Республика Татарстан, Пестречинский муниципальный район, Кощаковское сельское поселение",Частная,"Для ведения крестьянского (фермерского) хозяйства ""Марсель""",ДРУГОЕ,0,нет,16:33:080710,170792.34,2.93,,,,,нет,нет,нет,нет,нет,нет,нет,да,55.8085892088676,49.366923403033596
16:33:080710:845,1398.0,Земли населенных пунктов,Учтенный,"Российская Федерация, Республика Татарстан, Пестречинский муниципальный район, Кощаковское сельское поселение, деревня Званка, улица Призвания",Частная,Для индивидуального жилищного строительства,ИЖС,0,нет,16:33:080710,2303753.44,1647.89,,,,,нет,да,нет,нет,нет,да,нет,да,55.81074580858421,49.360133936662066
16:33:080710:848,1566.0,Земли населенных пунктов,Учтенный,"Российская Федерация, Республика Татарстан, Пестречинский муниципальный район, Кощаковское сельское поселение, деревня Званка, улица Спортивная",Частная,Для индивидуального жилищного строительства,ИЖС,0,нет,16:33:080710,2573294.26,1643.23,,,,,нет,да,нет,нет,нет,да,нет,да,55.81033527266573,49.36052191622273
16:33:080710:846,1050.0,Земли населенных пунктов,Учтенный,"Российская Федерация, Республика Татарстан, Пестречинский муниципальный район, Кощаковское сельское поселение, деревня Званка, улица Спортивная",Частная,Для индивидуального жилищного строительства,ИЖС,0,нет,16:33:080710,1748847.76,1665.57,,,,,нет,да,нет,нет,нет,да,нет,да,55.81018704919693,49.35963139980612
16:33:080710:843,1001.0,Земли населенных пунктов,Учтенный,"Российская Федерация, Республика Татарстан, Пестречинский муниципальный район, Кощаковское сельское поселение, деревня Званка, улица Призвания",Частная,Для индивидуального жилищного строительства,ИЖС,0,нет,16:33:080710,1651267.92,1649.62,,,,,нет,да,нет,нет,нет,да,нет,да,55.81047432406324,49.359359701053386
16:33:080301:104,690.0,Земли населенных пунктов,Ранее учтенный,"Местоположение установлено относительно ориентира, расположенного в границах участка. Почтовый адрес ориентира: Российская Федерация, Республика Татарстан (Татарстан), м.р-н Пестречинский, с.п. Кощаковское, д Званка, ул Каменная, з/у 28А.",Частная,Для ведения личного подсобного хозяйства,ЛПХ,0,нет,16:33:080301,1134286.65,1643.89,,,,,нет,нет,нет,нет,да,да,нет,да,55.810994269986935,49.37500474741922
16:33:080301:136,1667.0,Земли населенных пунктов,Ранее учтенный,"Местоположение установлено относительно ориентира, расположенного в границах участка. Почтовый адрес ориентира: Российская Федерация, Республика Татарстан (Татарстан), м.р-н Пестречинский, с.п. Кощаковское, д Званка, ул Приозерная, з/у 5А.",Частная,Для ведения личного подсобного хозяйства,ЛПХ,0,нет,16:33:080301,2801677.89,1680.67,,,,,нет,нет,нет,нет,да,да,нет,да,55.810120820924084,49.379027421179174
16:33:080702:786,269.0,Земли населенных пунктов,Учтенный,"Местоположение установлено относительно ориентира, расположенного в границах участка. Почтовый адрес ориентира: Российская Федерация, Республика Татарстан (Татарстан), м.р-н Пестречинский, с.п. Кощаковское, д Званка, ул Лазурная, з/у 2Б.",Частная,Блокированные односемейные дома с участками,ДРУГОЕ,0,нет,16:33:080702,444084.06,1650.8701,,,,,нет,нет,нет,нет,нет,нет,нет,да,55.80685596906086,49.39304485077562
16:33:080301:156,3671.0,Земли населенных пунктов,Ранее учтенный,"Российская Федерация, Республика Татарстан (Татарстан), м.р-н Пестречинский, с.п. Кощаковское, д Званка, ул Приозерная, з/у 22",Частная,Для ведения личного подсобного хозяйства,ЛПХ,0,нет,16:33:080301,5726428.88,1559.91,,,,,нет,нет,нет,нет,да,да,нет,да,55.80906170664392,49.37236445820205
16:33:080702:903,1000.0,Земли населенных пунктов,Учтенный,"Российская Федерация, Республика Татарстан, муниципальный район Пестречинский, сельское поселение Кощаковское, д. Званка",Муниципальная,для индивидуального жилищного строительства,ИЖС,0,нет,16:33:080702,1665153.1,1665.15,,,,,да,да,нет,нет,нет,да,нет,да,55.80827192283053,49.38377254186198
16:33:080301:752,884.0,Земли населенных пунктов,Учтенный,"Местоположение установлено относительно ориентира, расположенного в границах участка. Почтовый адрес ориентира: Российская Федерация, Республика Татарстан (Татарстан), м.р-н Пестречинский, с.п. Кощаковское, д Званка, ул Приозерная, з/у 6/2.",Частная,для индивидуального жилищного строительства,ИЖС,0,нет,16:33:080301,1478219.58,1672.19,,,,,нет,да,нет,нет,нет,да,нет,да,55.81058091225873,49.377224105937046
16:33:080301:1009,512.0,Земли населенных пунктов,Учтенный,"Российская Федерация, Республика Татарстан (Татарстан), м.р-н Пестречинский, с.п. Кощаковское, д Званка, ул Каменная, з/у 20А",Частная,для ведения личного подсобного хозяйства,ЛПХ,0,нет,16:33:080301,857209.34,1674.24,,,,,нет,нет,нет,нет,да,да,нет,да,55.81081175708794,49.377792895365474
16:33:080702:852,402.0,Земли населенных пунктов,Учтенный,"Местоположение установлено относительно ориентира, расположенного в границах участка. Почтовый адрес ориентира: Российская Федерация, Республика Татарстан, Пестречинский муниципальный район, Кощаковское сельское поселение, д. Званка.",Частная,Для жилищного строительства,ДРУГОЕ,0,нет,16:33:080702,655391.05,1630.326,,,,,нет,нет,нет,нет,нет,нет,нет,да,55.807476549006815,49.386751202637676
16:33:080702:850,691.0,Земли населенных пунктов,Учтенный,"Местоположение установлено относительно ориентира, расположенного в границах участка. Почтовый адрес ориентира: Российская Федерация, Республика Татарстан, Пестречинский муниципальный район, Кощаковское сельское поселение, д. Званка.",Частная,Для жилищного строительства,ДРУГОЕ,0,нет,16:33:080702,1138108.58,1647.0457,,,,,нет,нет,нет,нет,нет,нет,нет,да,55.80757006885642,49.38696941437307
16:33:080301:671,794.0,Земли населенных пунктов,Учтенный,"Местоположение установлено относительно ориентира, расположенного в границах участка. Почтовый адрес ориентира: Республика Татарстан, Пестречинский муниципальный район, Кощаковское сельское поселение, д Званка, ул. Приозерная, д. 26 Б.",Частная,"Индивидуальные жилые дома с приусадебными земельными участками ; открытые автостоянки: 2 машиноместа на индивидуальный участок; хозяйственные постройки; сады, огороды, палисадники; оранжереи, теплицы; постройки для содержания домашнего скота и птицы частного использования (при условии соблюдения отношений добрососедства); индивидуальные резервуары для хранения воды; индивидуальные бани, надворные туалеты; объекты технического и инженерного обеспечения; площадки для хранения удобрений частного использования, компостные площадки, ямы или ящики; контейнерные площадки для сбора мусора; магазины товаров первой необходимости общей площадью не более 150 кв. м; аптеки",ЖИЛОЙ,0,нет,16:33:080301,1228793.61,1547.6,,,,,нет,нет,нет,нет,нет,да,нет,да,55.808968964421815,49.37146714779624
16:33:080702:452,1142.0,Земли населенных пунктов,Учтенный,"Местоположение установлено относительно ориентира, расположенного в границах участка. Почтовый адрес ориентира: Российская Федерация, Республика Татарстан (Татарстан), м.р-н Пестречинский, с.п. Кощаковское, д Званка, ул Овражная, з/у 19.",Частная,для ведения личного подсобного хозяйства,ЛПХ,0,нет,16:33:080702,1903314.87,1666.6505,,,,,нет,нет,нет,нет,да,да,нет,да,55.80778659504366,49.38403580250558
16:33:080702:414,735.0,Земли населенных пунктов,Учтенный,"Российская Федерация, Республика Татарстан (Татарстан), м.р-н Пестречинский, с.п. Кощаковское, д Званка, ул Яшьлек, з/у 3",Частная,Для индивидуального жилищного строительства,ИЖС,0,нет,16:33:080702,1191480.79,1621.0623,,,,,нет,да,нет,нет,нет,да,нет,да,55.80768055933779,49.392242176414605
16:33:080301:728,12266.0,Земли населенных пунктов,Учтенный,"Местоположение установлено относительно ориентира, расположенного в границах участка. Почтовый адрес ориентира: Республика Татарстан, Пестречинский муниципальный район, Кощаковское сельское поселение, д Званка.",Муниципальная,земельные участки (территории) общего пользования,ОГП,0,нет,16:33:000000,6480869.89,528.3605,,,,,да,нет,нет,нет,нет,нет,да,да,55.81134795482999,49.37885515370423
16:33:080302:17,1620.0,Земли населенных пунктов,Ранее учтенный,"Местоположение установлено относительно ориентира, расположенного в границах участка. Почтовый адрес ориентира: Российская Федерация, Республика Татарстан (Татарстан), м.р-н Пестречинский, с.п. Кощаковское, д Званка, ул Советская, з/у 6.",Частная,Индивидуальные жилые дома с приусадебными земельными участками,ЖИЛОЙ,0,нет,16:33:080302,3102536.36,1915.15,,,,,нет,нет,нет,нет,нет,да,нет,да,55.80178596825487,49.37264474732785
16:33:080702:471,2801.0,Земли населенных пунктов,Учтенный,"Местоположение установлено относительно ориентира, расположенного в границах участка. Почтовый адрес ориентира: Республика Татарстан, Пестречинский муниципальный район, Кощаковское сельское поселение.",Муниципальная,улично-дорожная сеть,ДРУГОЕ,0,нет,16:33:080702,1252861.53,447.29,,,,,да,нет,нет,нет,нет,нет,нет,да,55.80554363696862,49.39219392450814
16:33:080702:824,524.0,Земли населенных пунктов,Учтенный,"Российская Федерация, Республика Татарстан (Татарстан), м.р-н Пестречинский, с.п. Кощаковское, д Званка, ул Сафари, з/у 4",Частная,Для индивидуального жилищного строительства,ИЖС,0,нет,16:33:080702,907561.35,1731.9873,,,,,нет,да,нет,нет,нет,да,нет,да,55.80612478608979,49.39377755372201
16:33:080302:874,265.0,Земли населенных пунктов,Учтенный,"Местоположение установлено относительно ориентира, расположенного в границах участка. Почтовый адрес ориентира: Российская Федерация, Республика Татарстан (Татарстан), м.р-н Пестречинский, с.п. Кощаковское, д Званка, ул Просторная, з/у 1Е.",Частная,блокированные односемейные дома с участками,ДРУГОЕ,0,нет,16:33:080302,507730.22,1915.96,,,,,нет,нет,нет,нет,нет,нет,нет,да,55.80173372749427,49.373399457181414
16:33:080301:16,2199.0,Земли населенных пунктов,Ранее учтенный,"Местоположение установлено относительно ориентира, расположенного в границах участка. Почтовый адрес ориентира: Российская Федерация, Республика Татарстан (Татарстан), м.р-н Пестречинский, с.п. Кощаковское, д Званка, ул Лесная, з/у 19.",,Индивидуальные жилые дома с приусадебными земельными участками,ЖИЛОЙ,0,нет,16:33:080301,3514363.52,1598.16,,,,,да,нет,нет,нет,нет,да,нет,да,55.81277097036935,49.37979987288763
16:33:080301:185,1498.0,Земли населенных пунктов,Ранее учтенный,"Местоположение установлено относительно ориентира, расположенного в границах участка. Почтовый адрес ориентира: Российская Федерация, Республика Татарстан (Татарстан), м.р-н Пестречинский, с.п. Кощаковское, д Званка, ул Каменная, з/у 32.",,Для ведения личного подсобного хозяйства,ЛПХ,0,нет,16:33:080301,2431487.09,1623.16,,,,,да,нет,нет,нет,да,да,нет,да,55.811558352907795,49.373713822099496
16:33:080301:246,685.0,Земли населенных пунктов,Ранее учтенный,"Местоположение установлено относительно ориентира, расположенного в границах участка. Почтовый адрес ориентира: Российская Федерация, Республика Татарстан (Татарстан), м.р-н Пестречинский, с.п. Кощаковское, д Званка, ул Каменная, з/у 42.",,Для ведения личного подсобного хозяйства,ЛПХ,0,нет,16:33:080301,1121115.52,1636.66,,,,,да,нет,нет,нет,да,да,нет,да,55.811747017950886,49.37505309507452
16:33:080301:528,580.0,Земли населенных пунктов,Учтенный,"Местоположение установлено относительно ориентира, расположенного в границах участка. Почтовый адрес ориентира: Российская Федерация, Республика Татарстан (Татарстан), м.р-н Пестречинский, с.п. Кощаковское, д Званка, ул Каменная, з/у 18/1.",,Для ведения личного подсобного хозяйства,ЛПХ,0,нет,16:33:080301,960568.04,1656.15,,,,,да,нет,нет,нет,да,да,нет,да,55.81082610380349,49.378821321403024
16:33:080301:694,559.0,Земли населенных пунктов,Учтенный,"Местоположение установлено относительно ориентира, расположенного в границах участка. Почтовый адрес ориентира: Российская Федерация, Республика Татарстан (Татарстан), м.р-н Пестречинский, с.п. Кощаковское, д Званка, ул Лесная, з/у 52.",Частная,Для ведения личного подсобного хозяйства,ЛПХ,0,нет,16:33:080301,892196.93,1596.06,,,,,нет,нет,нет,нет,да,да,нет,да,55.81246088645092,49.37210052994292
16:33:080301:70,,Земли населенных пунктов,Ранее учтенный,"Местоположение установлено относительно ориентира, расположенного в границах участка. Почтовый адрес ориентира: Республика Татарстан, р-н Пестречинский муниципальный, с/п Званковское, д Званка.",,Для ведения личного подсобного хозяйства,ЛПХ,0,нет,16:33:080301,146662.05,1647.8882,,,,,да,нет,нет,нет,да,да,нет,да,55.81141047012641,49.378989502824176
16:33:080301:730,1567.0,Земли населенных пунктов,Учтенный,"Местоположение установлено относительно ориентира, расположенного в границах участка. Почтовый адрес ориентира: Российская Федерация, Республика Татарстан (Татарстан), м.р-н Пестречинский, с.п. Кощаковское, д Званка, ул Лесная, з/у 31А.",Частная,для ведения личного подсобного хозяйства,ЛПХ,0,нет,16:33:080301,2489250.17,1588.55,,,,,нет,нет,нет,нет,да,да,нет,да,55.812936173140564,49.37730723457019
16:33:080702:290,823.0,Земли населенных пунктов,Учтенный,"Местоположение установлено относительно ориентира, расположенного в границах участка. Почтовый адрес ориентира: Российская Федерация, Республика Татарстан (Татарстан), м.р-н Пестречинский, с.п. Кощаковское, д Званка, ул Сосновая, з/у 12.",Частная,для жилищного строительства,ДРУГОЕ,0,нет,16:33:080702,1341296.27,1629.7646,,,,,нет,нет,нет,нет,нет,нет,нет,да,55.808132471525504,49.389534818049825
16:33:080301:133,2099.0,Земли населенных пунктов,Ранее учтенный,"Местоположение установлено относительно ориентира, расположенного в границах участка. Почтовый адрес ориентира: Республика Татарстан, Пестречинский муниципальный район, Кощаковское сельское поселение, д Званка, ул. Каменная, д. 12.",,Для ведения личного подсобного хозяйства,ЛПХ,0,нет,16:33:080301,3465238.47,1650.9,,,,,да,нет,нет,нет,да,да,нет,да,55.81042293293222,49.380636082676396
16:33:080301:15,1933.0,Земли населенных пунктов,Ранее учтенный,"Местоположение установлено относительно ориентира, расположенного в границах участка. Почтовый адрес ориентира: Российская Федерация, Республика Татарстан (Татарстан), м.р-н Пестречинский, с.п. Кощаковское, д Званка, ул Лесная, з/у 21.",Частная,Под жилую застройку Индивидуальную,ДРУГОЕ,0,нет,16:33:080301,3110454.86,1609.13,,,,,нет,нет,нет,нет,нет,нет,нет,да,55.812842756679274,49.37944936151029
16:33:080702:434,663.0,Земли населенных пунктов,Учтенный,"Местоположение установлено относительно ориентира, расположенного в границах участка. Почтовый адрес ориентира: Российская Федерация, Республика Татарстан (Татарстан), м.р-н Пестречинский, с.п. Кощаковское, д Званка, ул Яшьлек, з/у 5А.",Частная,Для жилищного строительства,ДРУГОЕ,0,нет,16:33:080702,1088917.83,1642.41,,,,,нет,нет,нет,нет,нет,нет,нет,да,55.807456502453,49.391344826126286
16:33:080301:151,1700.0,Земли населенных пунктов,Ранее учтенный,"Местоположение установлено относительно ориентира, расположенного в границах участка. Почтовый адрес ориентира: Российская Федерация, Республика Татарстан (Татарстан), м.р-н Пестречинский, с.п. Кощаковское, д Званка, ул Приозерная, з/у 17.",,Индивидуальные жилые дома с приусадебными земельными участками,ЖИЛОЙ,0,нет,16:33:080301,2795254.75,1644.27,,,,,да,нет,нет,нет,нет,да,нет,да,55.8097362300808,49.37610964884757
16:33:080301:210,2008.0,Земли населенных пунктов,Ранее учтенный,"Местоположение установлено относительно ориентира, расположенного в границах участка. Почтовый адрес ориентира: Российская Федерация, Республика Татарстан (Татарстан), м.р-н Пестречинский, с.п. Кощаковское, д Званка, ул Лесная, з/у 1.",,Индивидуальные жилые дома с приусадебными земельными участками,ЖИЛОЙ,0,нет,16:33:080301,3114553.78,1551.07,,,,,да,нет,нет,нет,нет,да,нет,да,55.811904660381956,49.38409026603291
16:33:080301:590,994.0,Земли населенных пунктов,Учтенный,"Местоположение установлено относительно ориентира, расположенного в границах участка. Почтовый адрес ориентира: Российская Федерация, Республика Татарстан (Татарстан), м.р-н Пестречинский, с.п. Кощаковское, д Званка, ул Лесная, з/у 38А.",Частная,Для ведения личного подсобного хозяйства,ЛПХ,0,нет,16:33:080301,1629544.22,1639.38,,,,,нет,нет,нет,нет,да,да,нет,да,55.81199490467621,49.37694133094838
16:33:080301:193,1207.0,Земли населенных пунктов,Ранее учтенный,"Местоположение установлено относительно ориентира, расположенного в границах участка. Почтовый адрес ориентира: Российская Федерация, Республика Татарстан (Татарстан), м.р-н Пестречинский, с.п. Кощаковское, д Званка, ул Каменная, з/у 9/2.",,Для ведения личного подсобного хозяйства,ЛПХ,0,нет,16:33:080301,1987987.9,1647.05,,,,,да,нет,нет,нет,да,да,нет,да,55.81083173232498,49.38089169312005
16:33:080303:588,933.0,Земли населенных пунктов,Учтенный,"Российская Федерация, Республика Татарстан, Пестречинский муниципальный район, Кощаковское сельское поселение, д Званка",Частная,для индивидуального жилищного строительства,ИЖС,0,нет,16:33:080303,1664539.55,1784.0724,,,,,нет,да,нет,нет,нет,да,нет,да,55.80626344172909,49.3767920586215
16:33:080301:498,803.0,Земли населенных пунктов,Учтенный,"Местоположение установлено относительно ориентира, расположенного в границах участка. Почтовый адрес ориентира: Российская Федерация, Республика Татарстан (Татарстан), м.р-н Пестречинский, с.п. Кощаковское, д Званка, ул Овражная, з/у 22.",Частная,для ведения личного подсобного хозяйства,ЛПХ,0,нет,16:33:080301,1303285.38,1623.02,,,,,нет,нет,нет,нет,да,да,нет,да,55.80835957045567,49.38551347513104
16:33:080301:682,574.0,Земли населенных пунктов,Учтенный,"Местоположение установлено относительно ориентира, расположенного в границах участка. Почтовый адрес ориентира: Российская Федерация, Республика Татарстан (Татарстан), м.р-н Пестречинский, с.п. Кощаковское, д Званка, ул Лесная, з/у 16А.",Частная,для ведения личного подсобного хозяйства,ЛПХ,0,нет,16:33:080301,925974.39,1613.2,,,,,нет,нет,нет,нет,да,да,нет,да,55.81152861327616,49.38191674400637
16:33:080301:72,119.0,Земли населенных пунктов,Ранее учтенный,"Местоположение установлено относительно ориентира, расположенного в границах участка. Почтовый адрес ориентира: Республика Татарстан, Пестречинский муниципальный район, Кощаковское сельское поселение, д Званка, ул. Каменная.",,Для личного подсобного хозяйства,ЛПХ,0,нет,16:33:080301,196797.9,1653.76,,,,,да,нет,нет,нет,да,да,нет,да,55.811381526814856,49.379172855766186
16:33:080702:306,825.0,Земли населенных пунктов,Учтенный,"Местоположение установлено относительно ориентира, расположенного в границах участка. Почтовый адрес ориентира: Российская Федерация, Республика Татарстан (Татарстан), м.р-н Пестречинский, с.п. Кощаковское, д Званка, ул Яшьлек, з/у 12.",Частная,для жилищного строительства,ДРУГОЕ,0,нет,16:33:080702,1355812.51,1643.4091,,,,,нет,нет,нет,нет,нет,нет,нет,да,55.80753196894678,49.39014386526411
16:33:080301:139,1749.0,Земли населенных пунктов,Ранее учтенный,"Местоположение установлено относительно ориентира, расположенного в границах участка. Почтовый адрес ориентира: Российская Федерация, Республика Татарстан (Татарстан), м.р-н Пестречинский, с.п. Кощаковское, д Званка, ул Приозерная, з/у 3.",Частная,Индивидуальные жилые дома с приусадебными земельными участками,ЖИЛОЙ,0,нет,16:33:080301,2919042.35,1668.98,,,,,нет,нет,нет,нет,нет,да,нет,да,55.80992080500429,49.38036754655994
16:33:080301:198,1500.0,Земли населенных пунктов,Ранее учтенный,"Местоположение установлено относительно ориентира, расположенного в границах участка. Почтовый адрес ориентира: Российская Федерация, Республика Татарстан (Татарстан), м.р-н Пестречинский, с.п. Кощаковское, д Званка, ул Каменная, з/у 6Б.",,Для ведения личного подсобного хозяйства,ЛПХ,0,нет,16:33:080301,2427915.6,1618.6104,,,,,да,нет,нет,нет,да,да,нет,да,55.81001103744309,49.38351572117531
16:33:080303:594,500.0,Земли населенных пунктов,Учтенный,"Российская Федерация, Республика Татарстан (Татарстан), м.р-н Пестречинский, с.п. Кощаковское, д Званка, ул Придорожная, з/у 13Б",Частная,Благоустройство территории,ДРУГОЕ,0,нет,16:33:080303,160655.55,321.31,,,,,нет,нет,нет,нет,нет,нет,нет,да,55.80230138400723,49.37771196318313
16:33:080301:83,381.0,Земли населенных пунктов,Ранее учтенный,"Местоположение установлено относительно ориентира, расположенного в границах участка. Почтовый адрес ориентира: Республика Татарстан, Пестречинский муниципльный район, Званковское сельское поселение, д Званка.",,Для ведения личного подсобного хозяйства,ЛПХ,0,нет,16:33:080301,620126.73,1627.63,,,,,да,нет,нет,нет,да,да,нет,да,55.81113027108179,49.380748800861944
16:33:080702:779,550.0,Земли населенных пунктов,Учтенный,"Местоположение установлено относительно ориентира, расположенного в границах участка. Почтовый адрес ориентира: Российская Федерация, Республика Татарстан (Татарстан), м.р-н Пестречинский, с.п. Кощаковское, д Званка, ул Сосновая, з/у 9.",Частная,для жилищного строительства,ДРУГОЕ,0,нет,16:33:080702,896192.82,1629.4415,,,,,нет,нет,нет,нет,нет,нет,нет,да,55.807919345511394,49.39028175687533
16:33:080301:109,790.0,Земли населенных пунктов,Ранее учтенный,"Местоположение установлено относительно ориентира, расположенного в границах участка. Почтовый адрес ориентира: Российская Федерация, Республика Татарстан (Татарстан), м.р-н Пестречинский, с.п. Кощаковское, д Званка, ул Каменная, з/у 9/1.",,Ведение личного подсобного хозяйства,ЛПХ,0,нет,16:33:080301,1310265.72,1658.56,,,,,да,нет,нет,нет,да,да,нет,да,55.811159453804116,49.37653163780466
16:33:080301:668,475.0,Земли населенных пунктов,Учтенный,"Местоположение установлено относительно ориентира, расположенного в границах участка. Почтовый адрес ориентира: Республика Татарстан, Пестречинский муниципальный район, Кощаковское сельское поселение, д Званка.",Частная,для ведения личного подсобного хозяйства (приусадебные участки),ЛПХ,0,нет,16:33:080301,797231.21,1678.38,,,,,нет,нет,нет,нет,да,да,нет,да,55.80962647292503,49.37739783918689
16:33:080301:996,535.0,Земли населенных пунктов,Учтенный,"Местоположение установлено относительно ориентира, расположенного в границах участка. Почтовый адрес ориентира: Российская Федерация, Республика Татарстан (Татарстан), м.р-н Пестречинский, с.п. Кощаковское, д Званка, ул Овражная, з/у 31Б.",Частная,для индивидульного жилищного строительства,ДРУГОЕ,0,нет,16:33:080301,809278.66,1512.67,,,,,нет,нет,нет,нет,нет,нет,нет,да,55.8094512158059,49.387121617727956
16:33:080301:1000,500.0,Земли населенных пунктов,Учтенный,"Российская Федерация, Республика Татарстан (Татарстан), м.р-н Пестречинский, с.п. Кощаковское, д Званка, ул Каменная, з/у 34",Частная,Для ведения личного подсобного хозяйства,ЛПХ,0,нет,16:33:080301,811166.8,1622.3336,,,,,нет,нет,нет,нет,да,да,нет,да,55.811679215609765,49.37301909407166
16:33:080301:145,1369.0,Земли населенных пунктов,Ранее учтенный,"Местоположение установлено относительно ориентира, расположенного в границах участка. Почтовый адрес ориентира: Российская Федерация, Республика Татарстан (Татарстан), м.р-н Пестречинский, с.п. Кощаковское, д Званка, ул Приозерная, з/у 11/1.",Частная,Для индивидуального жилищного строительства,ИЖС,0,нет,16:33:080301,2273678.05,1660.83,,,,,нет,да,нет,нет,нет,да,нет,да,55.809984245420075,49.37650962696592
16:33:080301:52,2059.0,Земли населенных пунктов,Ранее учтенный,"Местоположение установлено относительно ориентира, расположенного в границах участка. Почтовый адрес ориентира: Российская Федерация, Республика Татарстан (Татарстан), м.р-н Пестречинский, с.п. Кощаковское, д Званка, ул Лесная, з/у 6А.",,Для индивидуального жилищного строительства,ИЖС,0,нет,16:33:080301,3228780.29,1568.13,,,,,да,да,нет,нет,нет,да,нет,да,55.811069530723955,49.385285650763926
16:33:080301:642,715.0,Земли населенных пунктов,Учтенный,"Местоположение установлено относительно ориентира, расположенного в границах участка. Почтовый адрес ориентира: Российская Федерация, Республика Татарстан (Татарстан), м.р-н Пестречинский, с.п. Кощаковское, д Званка, ул Каменная, з/у 7/2.",Частная,Для ведения личного подсобного хозяйства,ЛПХ,0,нет,16:33:080301,1170797.2,1637.48,,,,,нет,нет,нет,нет,да,да,нет,да,55.810754175738836,49.38125405876067
16:33:080301:277,329.0,Земли населенных пунктов,Учтенный,"Местоположение установлено относительно ориентира, расположенного в границах участка. Почтовый адрес ориентира: Российская Федерация, Республика Татарстан (Татарстан), м.р-н Пестречинский, с.п. Кощаковское, д Званка, ул Каменная, з/у 23/16.",,Для ведения личного садоводства,СНТ,0,нет,16:33:080301,260242.98,791.01,,,,,да,нет,да,нет,нет,да,нет,да,55.81204235363057,49.37521812744504
16:33:080301:981,1036.0,Земли населенных пунктов,Учтенный,"Российская Федерация, Республика Татарстан (Татарстан), м.р-н Пестречинский, с.п. Кощаковское, д Званка, ул Лесная, з/у 14В",Частная,Для ведения личного подсобного хозяйства,ЛПХ,0,нет,16:33:080301,1650904.64,1593.54,,,,,нет,нет,нет,нет,да,да,нет,да,55.811558905598986,49.383061065849844
16:33:080702:411,827.0,Земли населенных пунктов,Учтенный,"Местоположение установлено относительно ориентира, расположенного в границах участка. Почтовый адрес ориентира: Российская Федерация, Республика Татарстан (Татарстан), м.р-н Пестречинский, с.п. Кощаковское, д Званка, ул Яшьлек, з/у 4А.",Муниципальная,Культурное развитие,ДРУГОЕ,0,нет,16:33:080702,1044550.54,1263.0599,,,,,да,нет,нет,нет,нет,нет,нет,да,55.807931360125224,49.39150716797159
16:33:080702:427,826.0,Земли населенных пунктов,Учтенный,"Местоположение установлено относительно ориентира, расположенного в границах участка. Почтовый адрес ориентира: Российская Федерация, Республика Татарстан (Татарстан), м.р-н Пестречинский, с.п. Кощаковское, д Званка, ул Сосновая, з/у 3А.",Муниципальная,Спорт,ДРУГОЕ,0,нет,16:33:080702,790994.7,957.6207,,,,,да,нет,нет,нет,нет,нет,нет,да,55.80819906567857,49.39123654983054
16:33:080301:588,1126.0,Земли населенных пунктов,Учтенный,"Местоположение установлено относительно ориентира, расположенного в границах участка. Почтовый адрес ориентира: Российская Федерация, Республика Татарстан (Татарстан), м.р-н Пестречинский, с.п. Кощаковское, д Званка, ул Лесная, з/у 15.",Частная,для ведения личного подсобного хозяйства,ЛПХ,0,нет,16:33:080301,1803609.91,1601.78,,,,,нет,нет,нет,нет,да,да,нет,да,55.81257459043726,49.38044346936758
16:33:080301:708,855.0,Земли населенных пунктов,Учтенный,"Местоположение установлено относительно ориентира, расположенного в границах участка. Почтовый адрес ориентира: Российская Федерация, Республика Татарстан (Татарстан), м.р-н Пестречинский, с.п. Кощаковское, д Званка, ул Каменная, з/у 46.",Частная,Для ведения личного подсобного хозяйства,ЛПХ,0,нет,16:33:080301,1364630.36,1596.0589,,,,,нет,нет,нет,нет,да,да,нет,да,55.812133511405854,49.372276187917784
16:33:080301:89,422.0,Земли населенных пунктов,Ранее учтенный,"Местоположение установлено относительно ориентира, расположенного в границах участка. Почтовый адрес ориентира: Республика Татарстан, Пестречинский муниципальный район, Званковское сельское поселение, д Званка.",,Для ведения личного подсобного хозяйства,ЛПХ,0,нет,16:33:080301,685252.76,1623.82,,,,,да,нет,нет,нет,да,да,нет,да,55.810990196525495,49.381705151197885
16:33:080301:681,574.0,Земли населенных пунктов,Учтенный,"Местоположение установлено относительно ориентира, расположенного в границах участка. Почтовый адрес ориентира: Российская Федерация, Республика Татарстан (Татарстан), м.р-н Пестречинский, с.п. Кощаковское, д Званка, ул Лесная, з/у 16Б.",Частная,для ведения личного подсобного хозяйства,ЛПХ,0,нет,16:33:080301,932073.66,1623.82,,,,,нет,нет,нет,нет,да,да,нет,да,55.811263901657,49.381839548029994
16:33:080702:777,550.0,Земли населенных пунктов,Учтенный,"Местоположение установлено относительно ориентира, расположенного в границах участка. Почтовый адрес ориентира: Российская Федерация, Республика Татарстан (Татарстан), м.р-н Пестречинский, с.п. Кощаковское, д Званка, ул Сосновая, з/у 13.",Частная,для жилищного строительства,ДРУГОЕ,0,нет,16:33:080702,901212.29,1638.5678,,,,,нет,нет,нет,нет,нет,нет,нет,да,55.80778643780009,49.38982801701037
16:33:080301:108,838.0,Земли населенных пунктов,Ранее учтенный,"Российская Федерация, Республика Татарстан (Татарстан), м.р-н Пестречинский, с.п. Кощаковское, д Званка, ул Каменная, з/у 24/2",Частная,Ведение личного подсобного хозяйства,ЛПХ,0,нет,16:33:080301,1389876.8,1658.56,,,,,нет,нет,нет,нет,да,да,нет,да,55.81120698035456,49.37614309689906
16:33:080301:289,1461.0,Земли населенных пунктов,Учтенный,"Российская Федерация, Республика Татарстан (Татарстан), м.р-н Пестречинский, с.п. Кощаковское, д Званка, ул Лесная, з/у 33А",,Для ведения личного подсобного хозяйства,ЛПХ,0,нет,16:33:080301,2310821.77,1581.67,,,,,да,нет,нет,нет,да,да,нет,да,55.81293027516641,49.37664212194873
16:33:080301:533,692.0,Земли населенных пунктов,Учтенный,"Местоположение установлено относительно ориентира, расположенного в границах участка. Почтовый адрес ориентира: Российская Федерация, Республика Татарстан (Татарстан), м.р-н Пестречинский, с.п. Кощаковское, д Званка, ул Лесная, з/у 48А.",Частная,Для ведения личного подсобного хозяйства,ЛПХ,0,нет,16:33:080301,1105021.93,1596.85,,,,,нет,нет,нет,нет,да,да,нет,да,55.81212051723423,49.37285320257948
16:33:080301:765,733.0,Земли населенных пунктов,Учтенный,"Местоположение установлено относительно ориентира, расположенного в границах участка. Почтовый адрес ориентира: Российская Федерация, Республика Татарстан (Татарстан), м.р-н Пестречинский, с.п. Кощаковское, д Званка, ул Овражная, з/у 33А.",Частная,Для ведения личного подсобного хозяйства,ЛПХ,0,нет,16:33:080301,1067340.36,1456.13,,,,,нет,нет,нет,нет,да,да,нет,да,55.8103040547455,49.38780645376108
16:33:080702:553,539.0,Земли населенных пунктов,Учтенный,"Местоположение установлено относительно ориентира, расположенного в границах участка. Почтовый адрес ориентира: Российская Федерация, Республика Татарстан (Татарстан), м.р-н Пестречинский, с.п. Кощаковское, д Званка, ул Лазурная, з/у 11А.",Частная,для жилищного строительства,ДРУГОЕ,0,нет,16:33:080702,903634.31,1676.5015,,,,,нет,нет,нет,нет,нет,нет,нет,да,55.8060538355104,49.3920130383835
16:33:080301:286,2556.0,Земли населенных пунктов,Учтенный,"Местоположение установлено относительно ориентира, расположенного в границах участка. Почтовый адрес ориентира: Российская Федерация, Республика Татарстан (Татарстан), м.р-н Пестречинский, с.п. Кощаковское, д Званка, ул Каменная, з/у 50.",,для размещения водонапорной башни,ДРУГОЕ,0,нет,16:33:080301,1352383.69,529.1,,,,,да,нет,нет,нет,нет,нет,нет,да,55.81210253663883,49.374083706733295
16:33:080301:143,1300.0,Земли населенных пунктов,Ранее учтенный,"Местоположение установлено относительно ориентира, расположенного в границах участка. Почтовый адрес ориентира: Российская Федерация, Республика Татарстан (Татарстан), м.р-н Пестречинский, с.п. Кощаковское, д Званка, ул Приозерная, з/у 13/1.",Частная,Для ведения личного подсобного хозяйства,ЛПХ,0,нет,16:33:080301,2154913.67,1657.63,,,,,нет,нет,нет,нет,да,да,нет,да,55.81013964771023,49.37590913584363
16:33:080301:257,396.0,Земли населенных пунктов,Учтенный,"Российская Федерация, Республика Татарстан (Татарстан), м.р-н Пестречинский, с.п. Кощаковское, д Званка, ул Каменная, з/у 1А",Частная,Индивидуальное жилищное строительство,ДРУГОЕ,0,нет,16:33:080301,636663.46,1607.74,,,,,нет,нет,нет,нет,нет,нет,нет,да,55.81050761462903,49.383830493023545
16:33:080301:296,566.0,Земли населенных пунктов,Учтенный,"Местоположение установлено относительно ориентира, расположенного в границах участка. Почтовый адрес ориентира: Российская Федерация, Республика Татарстан (Татарстан), м.р-н Пестречинский, с.п. Кощаковское, д Званка, ул Лесная, з/у 30А.",Частная,Для ведения личного подсобного хозяйства,ЛПХ,0,нет,16:33:080301,931666.68,1646.05,,,,,нет,нет,нет,нет,да,да,нет,да,55.81177514731054,49.37893460583827
16:33:080303:589,758.0,Земли населенных пунктов,Учтенный,"Российская Федерация, Республика Татарстан, Пестречинский муниципальный район, Кощаковское сельское поселение, д Званка",Частная,для индивидуального жилищного строительства,ИЖС,0,нет,16:33:080303,1352354.93,1784.1094,,,,,нет,да,нет,нет,нет,да,нет,да,55.8061174849712,49.37685144060862
16:33:080702:333,846.0,Земли населенных пунктов,Учтенный,"Местоположение установлено относительно ориентира, расположенного в границах участка. Почтовый адрес ориентира: Российская Федерация, Республика Татарстан (Татарстан), м.р-н Пестречинский, с.п. Кощаковское, д Званка, ул 70 лет Победы, з/у 5.",Частная,для индивидуального жилищного строительства,ИЖС,0,нет,16:33:080702,1392782.74,1646.3153,,,,,нет,да,нет,нет,нет,да,нет,да,55.80691676979573,49.39217891212647
16:33:080702:490,550.0,Земли населенных пунктов,Учтенный,"Местоположение установлено относительно ориентира, расположенного в границах участка. Почтовый адрес ориентира: Республика Татарстан, Пестречинский муниципальный район, Кощаковское сельское поселение, д Званка.",Частная,для жилищного строительства,ДРУГОЕ,0,нет,16:33:080702,903875.0,1643.4091,,,,,нет,нет,нет,нет,нет,нет,нет,да,55.807618451189285,49.390439032982194
16:33:080702:803,548.0,Земли населенных пунктов,Учтенный,"Местоположение установлено относительно ориентира, расположенного в границах участка. Почтовый адрес ориентира: Российская Федерация, Республика Татарстан (Татарстан), м.р-н Пестречинский, с.п. Кощаковское, д Званка, ул Сосновая, з/у 2.",Частная,Для жилищного строительства,ДРУГОЕ,0,нет,16:33:080702,857705.05,1565.1552,,,,,нет,нет,нет,нет,нет,нет,нет,да,55.808644516775004,49.391312658964075
16:33:080301:91,2191.0,Земли населенных пунктов,Ранее учтенный,"Местоположение установлено относительно ориентира, расположенного в границах участка. Почтовый адрес ориентира: Российская Федерация, Республика Татарстан (Татарстан), м.р-н Пестречинский, с.п. Кощаковское, д Званка, ул Каменная, з/у 5.",,Под жилую застройку Индивидуальную,ДРУГОЕ,0,нет,16:33:080301,3545015.43,1617.99,,,,,да,нет,нет,нет,нет,нет,нет,да,55.810774836508855,49.38245517043789
16:33:080301:626,1358.0,Земли населенных пунктов,Учтенный,"Местоположение установлено относительно ориентира, расположенного в границах участка. Почтовый адрес ориентира: Российская Федерация, Республика Татарстан (Татарстан), м.р-н Пестречинский, с.п. Кощаковское, д Званка, ул Каменная, з/у 10.",Частная,Для ведения личного подсобного хозяйства,ЛПХ,0,нет,16:33:080301,2237111.35,1647.36,,,,,нет,нет,нет,нет,да,да,нет,да,55.81039382698292,49.381378468865854
16:33:080301:1028,1201.0,Земли населенных пунктов,Учтенный,"Местоположение установлено относительно ориентира, расположенного в границах участка. Почтовый адрес ориентира: Российская Федерация, Республика Татарстан (Татарстан), м.р-н Пестречинский, с.п. Кощаковское, д Званка, ул Лесная, з/у 20.",Частная,индивидуальные жилые дома с приусадебными земельными участками,ЖИЛОЙ,0,нет,16:33:080301,1948193.62,1622.14,,,,,нет,нет,нет,нет,нет,да,нет,да,55.81179515583117,49.38112390767404
16:33:080301:1029,1000.0,Земли населенных пунктов,Учтенный,"Российская Федерация, Республика Татарстан (Татарстан), м.р-н Пестречинский, с.п. Кощаковское, д Званка, ул Лесная, з/у 20А",Частная,индивидуальные жилые дома с приусадебными земельными участками,ЖИЛОЙ,0,нет,16:33:080301,1627629.2,1627.63,,,,,нет,нет,нет,нет,нет,да,нет,да,55.81144416663915,49.38091518812633
16:33:080301:649,1149.0,Земли населенных пунктов,Учтенный,"Местоположение установлено относительно ориентира, расположенного в границах участка. Почтовый адрес ориентира: Российская Федерация, Республика Татарстан (Татарстан), м.р-н Пестречинский, с.п. Кощаковское, д Званка, ул Каменная, з/у 24.",Частная,для ведения личного подсобного хозяйства,ЛПХ,0,нет,16:33:080301,1887070.26,1642.36,,,,,нет,нет,нет,нет,да,да,нет,да,55.81109974776179,49.37546274218369
16:33:080302:908,728.0,Земли населенных пунктов,Учтенный,Республика Татарстан,Частная,Для индивидуального жилищного строительства,ИЖС,0,нет,16:33:080302,1380429.45,1896.19,,,,,нет,да,нет,нет,нет,да,нет,да,55.80335188189504,49.37163513461174
16:33:080702:433,476.0,Земли населенных пунктов,Учтенный,"Местоположение установлено относительно ориентира, расположенного в границах участка. Почтовый адрес ориентира: Российская Федерация, Республика Татарстан (Татарстан), м.р-н Пестречинский, с.п. Кощаковское, д Званка, ул Яшьлек, з/у 5.",Частная,для жилищного строительства,ДРУГОЕ,0,нет,16:33:080702,777825.51,1634.0872,,,,,нет,нет,нет,нет,нет,нет,нет,да,55.807527952012585,49.391588695353875
16:33:080702:487,509.0,Земли населенных пунктов,Учтенный,"Местоположение установлено относительно ориентира, расположенного в границах участка. Почтовый адрес ориентира: Российская Федерация, Республика Татарстан (Татарстан), м.р-н Пестречинский, с.п. Кощаковское, д Званка, ул Лазурная, з/у 6А.",Частная,Для жилищного строительства,ДРУГОЕ,0,нет,16:33:080702,840084.39,1650.4605,,,,,нет,нет,нет,нет,нет,нет,нет,да,55.80662454382408,49.392448938472526
16:33:080702:488,518.0,Земли населенных пунктов,Учтенный,"Местоположение установлено относительно ориентира, расположенного в границах участка. Почтовый адрес ориентира: Российская Федерация, Республика Татарстан (Татарстан), м.р-н Пестречинский, с.п. Кощаковское, д Званка, ул Лазурная, з/у 4А.",Частная,Для жилищного строительства,ДРУГОЕ,0,нет,16:33:080702,855148.28,1650.8654,,,,,нет,нет,нет,нет,нет,нет,нет,да,55.80666980896715,49.392660020268295
16:33:080302:211,742.0,Земли населенных пунктов,Учтенный,"Местоположение установлено относительно ориентира, расположенного в границах участка. Почтовый адрес ориентира: Республика Татарстан, Пестречинский муниципальный район, Кощаковское сельское поселение, д Званка, ул. Просторная, д. 4.",Частная,Для индивидуального жилищного строительства,ИЖС,0,нет,16:33:080302,1422185.24,1916.6917,,,,,нет,да,нет,нет,нет,да,нет,да,55.80219945759884,49.374325159486204
16:33:080302:154,990.0,Земли населенных пунктов,Ранее учтенный,"Российская Федерация, Республика Татарстан, муниципальный район Пестречинский, сельское поселение Кощаковское, деревня Званка, улица Просторная, земельный участок 31",,Под жилую застройку Индивидуальную,ДРУГОЕ,0,нет,16:33:080302,1812302.02,1830.6081,,,,,да,нет,нет,нет,нет,нет,нет,да,55.80496662056722,49.37451737937155
16:33:080301:208,1587.0,Земли населенных пунктов,Ранее учтенный,"Местоположение установлено относительно ориентира, расположенного в границах участка. Почтовый адрес ориентира: Российская Федерация, Республика Татарстан, Пестречинский муниципальный район, Кощаковское сельское поселение, д Званка, ул. Приозерная, з/у 23Б .",,Для строительства и ведения личного подсобного хозяйства,ЛПХ,0,нет,16:33:000000,2491554.77,1569.98,,,,,да,нет,нет,нет,да,да,нет,да,55.80950606349746,49.37122597641078
16:33:080303:74,1031.0,Земли населенных пунктов,Ранее учтенный,"Местоположение установлено относительно ориентира, расположенного в границах участка. Почтовый адрес ориентира: Республика Татарстан, Пестречинский муниципальный район, Кощаковское сельское поселение, д Званка, ул Новая, д 16.",Частная,Для ведения личного подсобного хозяйства,ЛПХ,0,нет,16:33:080303,1844885.01,1789.41,,,,,нет,нет,нет,нет,да,да,нет,да,55.80448492233217,49.379854638985435
16:33:080303:581,542.0,Земли населенных пунктов,Учтенный,"Местоположение установлено относительно ориентира, расположенного в границах участка. Почтовый адрес ориентира: Российская Федерация, Республика Татарстан (Татарстан), м.р-н Пестречинский, с.п. Кощаковское, д Званка, ул Зеленая, з/у 5Б.",Частная,для ведения личного подсобного хозяйства,ЛПХ,0,нет,16:33:080303,987068.34,1821.16,,,,,нет,нет,нет,нет,да,да,нет,да,55.80361263216637,49.379023863358576
16:33:080303:15,1626.0,Земли населенных пунктов,Ранее учтенный,"Местоположение установлено относительно ориентира, расположенного в границах участка. Почтовый адрес ориентира: Российская Федерация, Республика Татарстан (Татарстан), м.р-н Пестречинский, с.п. Кощаковское, д Званка, ул Придорожная, з/у 12/1.",,Строительство жилого дома,ЖИЛОЙ,0,нет,16:33:080303,3056256.1,1879.62,,,,,да,нет,нет,нет,нет,да,нет,да,55.80281794496098,49.37730410066897
16:33:080302:870,1198.0,Земли населенных пунктов,Учтенный,"Местоположение установлено относительно ориентира, расположенного в границах участка. Почтовый адрес ориентира: Российская Федерация, Республика Татарстан, Пестречинский муниципальный район, Кощаковское сельское поселение, д Званка, ул. Приозерная, д. 50 а.",Частная,(2.1) для индивидуального жилищного строительства,ИЖС,0,нет,16:33:080302,2242628.21,1871.98,,,,,нет,да,нет,нет,нет,да,нет,да,55.80317875657563,49.36737614630638
16:33:080302:861,779.0,Земли населенных пунктов,Учтенный,"Российская Федерация, Республика Татарстан, Пестречинский муниципальный район, Кощаковское сельское поселение, д Званка, ул. Дачная, з/у 4",Частная,Для строительства жилого дома,ЖИЛОЙ,0,нет,16:33:080302,1503123.03,1929.55,,,,,нет,нет,нет,нет,нет,да,нет,да,55.80184335183317,49.370601945867286
16:33:080302:598,494.0,Земли населенных пунктов,Учтенный,"Местоположение установлено относительно ориентира, расположенного в границах участка. Почтовый адрес ориентира: Российская Федерация, Республика Татарстан (Татарстан), м.р-н Пестречинский, с.п. Кощаковское, д Званка, ул Приозерная, з/у 37А.",Частная,Для ведения личного подсобного хозяйства,ЛПХ,0,нет,16:33:080302,881443.31,1784.3,,,,,нет,нет,нет,нет,да,да,нет,да,55.80577546323413,49.36705999119219
16:33:080302:500,900.0,Земли населенных пунктов,Учтенный,"Местоположение установлено относительно ориентира, расположенного в границах участка. Почтовый адрес ориентира: Российская Федерация, Республика Татарстан, Пестречинский муниципальный район,  д Званка, ул. Трудовая,  з/у  6.",Частная,Под жилую застройку индивидуальную,ДРУГОЕ,0,нет,16:33:080302,1745180.46,1939.09,,,,,нет,нет,нет,нет,нет,нет,нет,да,55.802215681871424,49.36879116658182
16:33:080303:226,204.0,Земли населенных пунктов,Учтенный,"Местоположение установлено относительно ориентира, расположенного в границах участка. Почтовый адрес ориентира: Республика Татарстан, Пестречинский муниципальный район, Кощаковское сельское поселение, д Званка, ул. Новая, д. 17.",,Для ведения личного подсобного хозяйства,ЛПХ,0,нет,16:33:080303,355711.15,1743.68,,,,,да,нет,нет,нет,да,да,нет,да,55.805718305852665,49.3804965583513
16:33:080302:307,802.0,Земли населенных пунктов,Учтенный,"Местоположение установлено относительно ориентира, расположенного в границах участка. Почтовый адрес ориентира: Российская Федерация,  Республика Татарстан, Пестречинский муниципальный район, Кощаковское сельское поселение, деревня Званка, ул. Трудовая, з/у 4.",Частная,Для индивидуального жилищного строительства и личного подсобного хозяйства,ИЖС,0,нет,16:33:080302,1557963.28,1942.5976,,,,,нет,да,нет,нет,да,да,нет,да,55.80187556789423,49.36864920942546
16:33:080302:24,1453.0,Земли населенных пунктов,Ранее учтенный,"Местоположение установлено относительно ориентира, расположенного в границах участка. Почтовый адрес ориентира: Российская Федерация, Республика Татарстан (Татарстан), м.р-н Пестречинский, с.п. Кощаковское, д Званка, ул Советская, з/у 13.",,Для индивидуального жилищного строительства,ИЖС,0,нет,16:33:080302,2772693.79,1908.25,,,,,да,да,нет,нет,нет,да,нет,да,55.80307527307663,49.371816260665014
16:33:080302:212,742.0,Земли населенных пунктов,Учтенный,"Местоположение установлено относительно ориентира, расположенного в границах участка. Почтовый адрес ориентира: Российская Федерация, Республика Татарстан (Татарстан), м.р-н Пестречинский, с.п. Кощаковское, д Званка, ул Просторная, з/у 4А.",,Для индивидуального жилищного строительства,ИЖС,0,нет,16:33:080302,1415415.75,1907.5684,,,,,да,да,нет,нет,нет,да,нет,да,55.80234383549589,49.37438787744416
16:33:080301:284,1258.0,Земли населенных пунктов,Учтенный,"Российская Федерация, Республика Татарстан, муниципальный район Пестречинский, сельское поселение Кощаковское, деревня Званка, улица Приозерная, земельный участок 25В",Частная,Для ведения личного подсобного хозяйства,ЛПХ,0,нет,16:33:080301,2025600.9,1610.18,,,,,нет,нет,нет,нет,да,да,нет,да,55.80886852103255,49.374906275720825
16:33:080302:162,1003.0,Земли населенных пунктов,Ранее учтенный,"Российская Федерация, Республика Татарстан, муниципальный район Пестречинский, сельское поселение Кощаковское, деревня Званка, улица Просторная, земельный участок 20А",Частная,Под жилую застройку индивидуальную,ДРУГОЕ,0,нет,16:33:080302,1847185.58,1841.66,,,,,нет,нет,нет,нет,нет,нет,нет,да,55.80460972011787,49.37522432427698
16:33:080303:90,1503.0,Земли населенных пунктов,Ранее учтенный,"Местоположение установлено относительно ориентира, расположенного в границах участка. Почтовый адрес ориентира: Республика Татарстан, Пестречинский муниципальный район, Званковское сельское поселение, д Званка, ул. Овражная, д. 4а.",,Для ведения личного подсобного хозяйства,ЛПХ,0,нет,16:33:080303,2628279.42,1748.69,,,,,да,нет,нет,нет,да,да,нет,да,55.80696914070059,49.37947136866911
16:33:080303:223,3183.0,Земли населенных пунктов,Учтенный,"Местоположение установлено относительно ориентира, расположенного в границах участка. Почтовый адрес ориентира: Республика Татарстан, Пестречинский муниципальный район, Кощаковское сельское поселение, д Званка, ул. Новая, д. 13.",Частная,Для ведения личного подсобного хозяйства,ЛПХ,0,нет,16:33:080303,5556530.63,1745.69,,,,,нет,нет,нет,нет,да,да,нет,да,55.80583860398758,49.38070475877776
16:33:080303:181,1488.0,Земли населенных пунктов,Учтенный,"Местоположение установлено относительно ориентира, расположенного в границах участка. Почтовый адрес ориентира: Российская  Федерация, Республика Татарстан, Пестречинский муниципальный район, Кощаковское сельское поселение, д Званка, ул. Овражная, з/у  6в.",Частная,для ведения личного подсобного хозяйства,ЛПХ,0,нет,16:33:000000,2492612.78,1675.14,,,,,нет,нет,нет,нет,да,да,нет,да,55.80623830411237,49.382090459378645
16:33:080302:502,543.0,Земли населенных пунктов,Учтенный,"Местоположение установлено относительно ориентира, расположенного в границах участка. Почтовый адрес ориентира: Российская Федерация, Республика Татарстан, Пестречинский муниципальный район, Кощаковское сельское поселение, д Званка, ул. Советская, з/у 17 Б.",Частная,Для индивидуального жилищного строительства,ИЖС,0,нет,16:33:080302,1029337.19,1895.65,,,,,нет,да,нет,нет,нет,да,нет,да,55.80367296982137,49.37182945252458
16:33:080302:887,1356.0,Земли населенных пунктов,Учтенный,"Российская Федерация, Республика Татарстан, Пестречинский муниципальный район, Кощаковское сельское поселение, д Званка",Муниципальная,коммунальное обслуживание,ДРУГОЕ,0,нет,16:33:080302,1632918.25,1204.217,,,,,да,нет,нет,нет,нет,нет,нет,да,55.80631293646314,49.36845784688067
16:33:080302:871,998.0,Земли населенных пунктов,Учтенный,"Местоположение установлено относительно ориентира, расположенного в границах участка. Почтовый адрес ориентира: Российская Федерация, Республика Татарстан, Пестречинский муниципальный район, Кощаковское сельское поселение, д Званка, ул. Просторная.",Частная,для ведения личного подсобного хозяйства,ЛПХ,0,нет,16:33:080302,1913153.82,1916.9878,,,,,нет,нет,нет,нет,да,да,нет,да,55.80165820734655,49.3741657425798
16:33:080302:421,471.0,Земли населенных пунктов,Учтенный,"Местоположение установлено относительно ориентира, расположенного в границах участка. Почтовый адрес ориентира: Российская Федерация, Республика Татарстан (Татарстан), м.р-н Пестречинский, с.п. Кощаковское, д Званка, ул Приозерная, з/у 45Б.",Частная,Для индивидуального жилищного строительства,ИЖС,0,нет,16:33:080302,857449.14,1820.49,,,,,нет,да,нет,нет,нет,да,нет,да,55.80488680757902,49.36666028989175
16:33:080303:280,853.0,Земли населенных пунктов,Учтенный,"Местоположение установлено относительно ориентира, расположенного в границах участка. Почтовый адрес ориентира: Российская Федерация, Республика Татарстан (Татарстан), м.р-н Пестречинский, с.п. Кощаковское, д Званка, ул Придорожная, з/у 7.",Частная,Для ведения личного подсобного хозяйства,ЛПХ,0,нет,16:33:080303,1555700.72,1823.8,,,,,нет,нет,нет,нет,да,да,нет,да,55.80441912650795,49.3776136446588
16:33:080302:67,1478.0,Земли населенных пунктов,Ранее учтенный,"Местоположение установлено относительно ориентира, расположенного в границах участка. Почтовый адрес ориентира: Российская Федерация, Республика Татарстан, Пестречинский муниципальный район, д Званка, ул Трудовая, Дом 32, .",Частная,Под жилую застройку индивидуальную,ДРУГОЕ,0,нет,16:33:080302,2689164.69,1819.4619,,,,,нет,нет,нет,нет,нет,нет,нет,да,55.8058704670118,49.36982996071297
16:33:080302:177,904.0,Земли населенных пунктов,Ранее учтенный,"Российская Федерация, Республика Татарстан, Пестречинский муниципальный район, Кощаковское сельское поселение, деревня Званка, улица Просторная, земельный участок 29А",,Для строительства и ведения личного подсобного хозяйства,ЛПХ,0,нет,16:33:000000,1643178.92,1817.68,,,,,да,нет,нет,нет,да,да,нет,да,55.80570565316153,49.37398778167301
16:33:080302:136,1747.0,Земли населенных пунктов,Ранее учтенный,"Местоположение установлено относительно ориентира, расположенного в границах участка. Почтовый адрес ориентира: Российская Федерация, Республика Татарстан, Пестречинский муниципальный район, д Званка, ул. Просторная, з/у 10.",,Для ведения личного подсобного хозяйства,ЛПХ,0,нет,16:33:080302,3279993.9,1877.5,,,,,да,нет,нет,нет,да,да,нет,да,55.80342845833094,49.37493659521517
16:33:080303:579,1760.0,Земли населенных пунктов,Учтенный,"Российская Федерация, Республика Татарстан, Пестречинский муниципальный район, Кощаковское сельское поселение, д Званка, ул. Новая, з/у 8",Частная,Для ведения личного подсобного хозяйства,ЛПХ,0,нет,16:33:080303,3145265.02,1787.08,,,,,нет,нет,нет,нет,да,да,нет,да,55.804716141618506,49.37920138544225
16:33:080303:11,1536.0,Земли населенных пунктов,Ранее учтенный,"Местоположение установлено относительно ориентира, расположенного в границах участка. Почтовый адрес ориентира: Российская Федерация, Республика Татарстан, Пестречинский муниципальный район, Кощаковское сельское поселение, д Званка, ул. Придорожная, з/у 8.",,Для ведения личного подсобного хозяйства,ЛПХ,0,нет,16:33:080303,2818286.13,1834.82,,,,,да,нет,нет,нет,да,да,нет,да,55.804088853931695,49.377407925734055
16:33:080302:622,526.0,Земли населенных пунктов,Учтенный,"Местоположение установлено относительно ориентира, расположенного в границах участка. Почтовый адрес ориентира: Российская Федерация, Республика Татарстан, Пестречинский муниципальный район, Кощаковское сельское поселение, д Званка, ул. Дачная, з/у 20Б.",Частная,Ведение личного подсобного хозяйства,ЛПХ,0,нет,16:33:080302,983625.15,1870.0098,,,,,нет,нет,нет,нет,да,да,нет,да,55.804449307204,49.37145884408378
16:33:080302:308,809.0,Земли населенных пунктов,Учтенный,"Местоположение установлено относительно ориентира, расположенного в границах участка. Почтовый адрес ориентира: Республика Татарстан, Пестречинский муниципальный район, Кощаковское сельское поселение, д Званка, ул. Трудовая, д. 4а.",,Для индивидуального жилищного строительства и личного подсобного хозяйства,ИЖС,0,нет,16:33:080302,1571561.46,1942.6,,,,,да,да,нет,нет,да,да,нет,да,55.8020610443353,49.368588782814435
16:33:080303:9,1134.0,Земли населенных пунктов,Ранее учтенный,"Местоположение установлено относительно ориентира, расположенного в границах участка. Почтовый адрес ориентира: Российская Федерация, Республика Татарстан (Татарстан), м.р-н Пестречинский, с.п. Кощаковское, д Званка, ул Придорожная, з/у 6.",Частная,Для ведения личного подсобного хозяйства,ЛПХ,0,нет,16:33:080303,2056814.61,1813.77,,,,,нет,нет,нет,нет,да,да,нет,да,55.80478506815417,49.37771917938517
16:33:080303:99,1181.0,Земли населенных пунктов,Ранее учтенный,"Местоположение установлено относительно ориентира, расположенного в границах участка. Почтовый адрес ориентира: Республика Татарстан, Пестречинский муниципальный район, Званковское сельское поселение, д Званка, ул. Придорожная.",,Для ведения личного подсобного хозяйства,ЛПХ,0,нет,16:33:080303,2095832.83,1774.63,,,,,да,нет,нет,нет,да,да,нет,да,55.8060722392586,49.378949162746046
16:33:080303:270,601.0,Земли населенных пунктов,Учтенный,"Местоположение установлено относительно ориентира, расположенного в границах участка. Почтовый адрес ориентира: Республика Татарстан, Пестречинский муниципальный район, Кощаковское сельское поселение, д Званка, ул. Придорожная, 9Б.",Частная,для индивидуального жилищного строительства,ИЖС,0,нет,16:33:080303,1102951.35,1835.19,,,,,нет,да,нет,нет,нет,да,нет,да,55.80377613010235,49.37781281339951
16:33:080303:55,1218.0,Земли населенных пунктов,Ранее учтенный,"Местоположение установлено относительно ориентира, расположенного в границах участка. Почтовый адрес ориентира: Российская Федерация, Республика Татарстан (Татарстан), м.р-н Пестречинский, с.п. Кощаковское, д Званка, ул Зеленая, з/у 14.",,Для индивидуального жилищного строительства и ведения личного подсобного хозяйства,ИЖС,0,нет,16:33:080303,2214321.08,1818.0,,,,,да,да,нет,нет,да,да,нет,да,55.80335493250429,49.38076391887676
16:33:080302:637,400.0,Земли населенных пунктов,Учтенный,"Местоположение установлено относительно ориентира, расположенного в границах участка. Почтовый адрес ориентира: Российская Федерация, Республика Татарстан, Пестречинский муниципальный район, Кощаковское сельское поселение, д Званка, ул. Трудовая, з/у 18.",Частная,для индивидуального жилищного строительства,ИЖС,0,нет,16:33:080302,752941.36,1882.35,,,,,нет,да,нет,нет,нет,да,нет,да,55.803985618028804,49.3695664593318
16:33:080302:610,1637.0,Земли населенных пунктов,Учтенный,"Местоположение установлено относительно ориентира, расположенного в границах участка. Почтовый адрес ориентира: Российская Федерация, Республика Татарстан, Пестречинский муниципальный район, Кощаковское сельское поселение, д Званка.",Частная,Индивидуальные жилые дома с приусадебными земельными участками,ЖИЛОЙ,0,нет,16:33:080302,3099034.49,1893.12,,,,,нет,нет,нет,нет,нет,да,нет,да,55.80286744664879,49.37486242750438
16:33:080303:578,605.0,Земли населенных пунктов,Учтенный,"Российская Федерация, Республика Татарстан, Пестречинский муниципальный район, Кощаковское сельское поселение, д Званка, ул. Новая, з/у 8А",Частная,Для ведения личного подсобного хозяйства,ЛПХ,0,нет,16:33:080303,1082891.68,1789.9,,,,,нет,нет,нет,нет,да,да,нет,да,55.804887352122996,49.37885115670616
16:33:080303:274,769.0,Земли населенных пунктов,Учтенный,"Местоположение установлено относительно ориентира, расположенного в границах участка. Почтовый адрес ориентира: Российская Федерация, Республика Татарстан, Пестречинский муниципальный район, д. Званка, ул. Новая, 2А.",Частная,индивидуальные жилые дома с приусадебными земельными участками,ЖИЛОЙ,0,нет,16:33:080303,1402352.55,1823.61,,,,,нет,нет,нет,нет,нет,да,нет,да,55.80440423709689,49.377992138878504
16:33:080303:215,1399.0,Земли населенных пунктов,Учтенный,"Местоположение установлено относительно ориентира, расположенного в границах участка. Почтовый адрес ориентира: Республика Татарстан, Пестречинский муниципальный район, Кощаковское сельское поселение, д Званка, ул. Зеленая, д. 5.",,Для ведения личного подсобного хозяйства,ЛПХ,0,нет,16:33:080303,2549271.37,1822.21,,,,,да,нет,нет,нет,да,да,нет,да,55.803878754794006,49.37886476404891
16:33:080303:201,939.0,Земли населенных пунктов,Учтенный,"Местоположение установлено относительно ориентира, расположенного в границах участка. Почтовый адрес ориентира: Российская Федерация, Республика Татарстан (Татарстан), м.р-н Пестречинский, с.п. Кощаковское, д Званка, ул Придорожная, з/у 12А.",Частная,Для индивидуального жилищного строительства,ИЖС,0,нет,16:33:080303,1760090.71,1874.43,,,,,нет,да,нет,нет,нет,да,нет,да,55.802548565441114,49.37760833464563
16:33:080302:896,1756.0,Земли населенных пунктов,Учтенный,"Местоположение установлено относительно ориентира, расположенного в границах участка. Почтовый адрес ориентира: Российская Федерация, Республика Татарстан, Пестречинский муниципальный район, Кощаковское сельское поселение, д Званка, ул. Советская, з/у 31.",Частная,для индивидуального жилищного строительства,ИЖС,0,нет,16:33:080302,3230246.29,1839.55,,,,,нет,да,нет,нет,нет,да,нет,да,55.8052482982531,49.372368520587116
16:33:080302:168,1111.0,Земли населенных пунктов,Ранее учтенный,"Местоположение установлено относительно ориентира, расположенного в границах участка. Почтовый адрес ориентира: Российская Федерация, Республика Татарстан (Татарстан), м.р-н Пестречинский, с.п. Кощаковское, д Званка, ул Советская, з/у 23.",Частная,Индивидуальные жилые дома с приусадебными земельными участками,ЖИЛОЙ,0,нет,16:33:080302,2046370.56,1841.92,,,,,нет,нет,нет,нет,нет,да,нет,да,55.8047006656769,49.37245703053721
16:33:080302:131,2161.0,Земли населенных пунктов,Ранее учтенный,"Местоположение установлено относительно ориентира, расположенного в границах участка. Почтовый адрес ориентира: Российская Федерация, Республика Татарстан (Татарстан), м.р-н Пестречинский, с.п. Кощаковское, д Званка, ул Дачная, з/у 29.",,Для ведения личного подсобного хозяйства,ЛПХ,0,нет,16:33:080302,3959415.53,1832.21,,,,,да,нет,нет,нет,да,да,нет,да,55.80578955114045,49.37089084222656
16:33:080301:673,2019.0,Земли населенных пунктов,Учтенный,"Местоположение установлено относительно ориентира, расположенного в границах участка. Почтовый адрес ориентира: Республика Татарстан, Пестречинский муниципальный район, Кощаковское сельское поселение, д Званка, ул. Приозерная, д. 26.",Частная,"индивидуальные жилые дома с приусадебными земельными участками;    отдельно стоящие или встроенные в жилые дома гаражи или открытые автостоянки: 2 машино-места на индивидуальный участок;   хозяйственные постройки;  сады, огороды, палисадники;   оранжереи, теплицы; игровые площадки;  постройки для содержания домашнего скота и птицы частного пользования (при условии соблюдения отношений добрососедства);  индивидуальные резервуары для хранения воды;  скважины для забора воды, индивидуальные колодцы (при условии организации первого пояса зоны санитарной охраны не менее 30м.);  индивидуальные бани, надворные туалеты; объекты пожарной охраны (гидранты, резервуары, противопожарные водоемы);  площадки для хранения удобрений  частного пользования,  компостные площадки, ямы и ящики; объекты технического и инженерного обеспечения;  контейнерные площадки для сбора мусора; магазины товаров первой необходимости общей площадью не более 150 кв.м.",ЖИЛОЙ,0,нет,16:33:080301,3118497.13,1544.58,,,,,нет,нет,нет,нет,нет,да,нет,да,55.80867155174772,49.37187596443257
16:33:080302:209,874.0,Земли населенных пунктов,Учтенный,"Местоположение установлено относительно ориентира, расположенного в границах участка. Почтовый адрес ориентира: Российская Федерация, Республика Татарстан (Татарстан), м.р-н Пестречинский, с.п. Кощаковское, д Званка, ул Просторная, з/у 7.",,Для ведения личного подсобного хозяйства,ЛПХ,0,нет,16:33:080302,1658801.22,1897.94,,,,,да,нет,нет,нет,да,да,нет,да,55.80266266003033,49.373475452289846
16:33:080303:37,1583.0,Земли населенных пунктов,Ранее учтенный,"Местоположение установлено относительно ориентира, расположенного в границах участка. Почтовый адрес ориентира: Республика Татарстан, р-н. Пестречинский, с/п. Званковское, д. Званка, ул. Новая, д. 6.",,Для ведения личного подсобного хозяйства,ЛПХ,0,нет,16:33:080303,2860549.07,1807.04,,,,,да,нет,нет,нет,да,да,нет,да,55.804526167677814,49.37865223403947
16:33:080702:250,1874.0,"Земли промышленности, энергетики, транспорта, связи, радиовещания, телевидения, информатики, земли для обеспечения космической деятельности, земли обороны, безопасности и земли иного специального назначения",Учтенный,"Местоположение установлено относительно ориентира, расположенного в границах участка. Почтовый адрес ориентира: Республика Татарстан, Пестречинский муниципальный район, Кощаковское сельское поселение.",Частная,под производственные базы,ДРУГОЕ,0,нет,16:33:080702,1157230.23,617.5188,,,,,нет,нет,нет,нет,нет,нет,нет,нет,55.8052140008042,49.38165375421984
16:33:080702:510,527.0,Земли населенных пунктов,Учтенный,"Местоположение установлено относительно ориентира, расположенного в границах участка. Почтовый адрес ориентира: Российская Федерация, Республика Татарстан (Татарстан), м.р-н Пестречинский, с.п. Кощаковское, д Званка, ул Овражная, з/у 1Г.",Частная,для ведения личного подсобного хозяйства,ЛПХ,0,нет,16:33:080702,907292.11,1721.6169,,,,,нет,нет,нет,нет,да,да,нет,да,55.80745824795413,49.380725228778346
16:33:080302:377,491.0,Земли населенных пунктов,Учтенный,"Республика Татарстан, Пестречинский муниципальный район, Кощаковское сельское поселение, д Званка, ул. Советская, д. 15 Б",,Для строительства дома и сельскохозяйственного производства,СХ,0,нет,16:33:080302,926945.4,1887.87,,,,,да,нет,нет,нет,нет,нет,нет,да,55.80325705176532,49.3719771213982
16:33:080302:299,289.0,Земли населенных пунктов,Учтенный,"Местоположение установлено относительно ориентира, расположенного в границах участка. Почтовый адрес ориентира: Республика Татарстан, Пестречинский муниципальный район, Кощаковское сельское поселение, д Званка.",,Благоустройство территории,ДРУГОЕ,0,нет,16:33:080302,101787.88,352.21,,,,,да,нет,нет,нет,нет,нет,нет,да,55.80325664269662,49.37338455656766
16:33:080702:300,826.0,Земли населенных пунктов,Учтенный,"Российская Федерация, Республика Татарстан (Татарстан), м.р-н Пестречинский, с.п. Кощаковское, д Званка, ул Сосновая, з/у 7",Частная,для жилищного строительства,ДРУГОЕ,0,нет,16:33:080702,1335246.35,1616.52,,,,,нет,нет,нет,нет,нет,нет,нет,да,55.80799921012887,49.39055444365924
16:33:080302:886,1665.0,Земли населенных пунктов,Учтенный,"Местоположение установлено относительно ориентира, расположенного в границах участка. Почтовый адрес ориентира: Российская Федерация, Республика Татарстан, Пестречинский муниципальный район, Кощаковское сельское поселение, д Званка, ул. Дачная, з/у 8.",Частная,Для ведения личного подсобного хозяйства,ЛПХ,0,нет,16:33:080302,3197844.79,1920.63,,,,,нет,нет,нет,нет,да,да,нет,да,55.80250300629381,49.37086120893034
16:33:080302:60,1559.0,Земли населенных пунктов,Ранее учтенный,"Местоположение установлено относительно ориентира, расположенного в границах участка. Почтовый адрес ориентира: Республика Татарстан, Пестречинский муниципальный район, Кощаковское сельское поселение, д Званка, ул. Трудовая, д. 14.",,для строительства жилого дома,ЖИЛОЙ,0,нет,16:33:080302,2951836.01,1893.42,,,,,да,нет,нет,нет,нет,да,нет,да,55.80348063258496,49.36902767307028
16:33:080302:563,751.0,Земли населенных пунктов,Учтенный,"Местоположение установлено относительно ориентира, расположенного в границах участка. Почтовый адрес ориентира: Республика Татарстан, Пестречинский муниципальный район, Кощаковское сельское поселение, д Званка.",Частная,для ведения личного подсобного хозяйства,ЛПХ,0,нет,16:33:080302,1384571.31,1843.64,,,,,нет,нет,нет,нет,да,да,нет,да,55.80477382500098,49.3720444973486
16:33:080302:417,10.0,Земли населенных пунктов,Учтенный,"Местоположение установлено относительно ориентира, расположенного в границах участка. Почтовый адрес ориентира: Республика Татарстан, Пестречинский муниципальный район, Кощаковское сельское поселение, д Званка.",,Под объекты инженерного оборудования Газоснабжения,ДРУГОЕ,0,нет,16:33:080302,5510.17,551.02,,,,,да,нет,нет,нет,нет,нет,нет,да,55.80155242808386,49.373846965858036
16:33:080302:89,1109.0,Земли населенных пунктов,Ранее учтенный,"Российская Федерация, Республика Татарстан, муниципальный район Пестречинский, сельское поселение Кощаковское, деревня Званка, улица Приозерная, земельный участок 44",,Для индивидуального жилищного строительства,ИЖС,0,нет,16:33:080302,2048428.8,1847.1,,,,,да,да,нет,нет,нет,да,нет,да,55.80385055512508,49.3673681390224
16:33:080302:90,1650.0,Земли населенных пунктов,Ранее учтенный,"Местоположение установлено относительно ориентира, расположенного в границах участка. Почтовый адрес ориентира: Республика Татарстан, Пестречинский муниципальный район, Кощаковское сельское поселение, д Званка, ул. Приозерная, д. 46.",,Индивидуальные жилые дома с приусадебными земельными участками,ЖИЛОЙ,0,нет,16:33:080302,3046478.98,1846.35,,,,,да,нет,нет,нет,нет,да,нет,да,55.80405104843123,49.367418074052885
16:33:080301:977,1164.0,Земли населенных пунктов,Учтенный,"Российская Федерация, Республика Татарстан, Пестречинский муниципальный район, Кощаковское сельское поселение, д. Званка, ул. Приозерная",Частная,Для ведения личного подсобного хозяйства,ЛПХ,0,нет,16:33:080301,1829820.34,1572.01,,,,,нет,нет,нет,нет,да,да,нет,да,55.809230390165816,49.3739535647441
16:33:080302:581,574.0,Земли населенных пунктов,Учтенный,"Местоположение установлено относительно ориентира, расположенного в границах участка. Почтовый адрес ориентира: Республика Татарстан, Пестречинский муниципальный район, Кощаковское сельское поселение, д Званка, ул. Советская, д. 21 б.",Частная,Для индивидуального жилищного строительства,ИЖС,0,нет,16:33:080302,1070795.74,1865.5,,,,,нет,да,нет,нет,нет,да,нет,да,55.80449005295473,49.372096634997796
16:33:080302:445,893.0,Земли населенных пунктов,Учтенный,"Местоположение установлено относительно ориентира, расположенного в границах участка. Почтовый адрес ориентира: Республика Татарстан, Пестречинский муниципальный район, Кощаковское сельское поселение, д Званка, ул. Дачная, д. 39.",Частная,под жилую застройку индивидуальную,ДРУГОЕ,0,нет,16:33:080302,1686395.49,1888.46,,,,,нет,нет,нет,нет,нет,нет,нет,да,55.80381257631866,49.37034935224662
16:33:080710:289,15987.0,Земли сельскохозяйственного назначения,Учтенный,"Местоположение установлено относительно ориентира, расположенного в границах участка. Почтовый адрес ориентира: Республика Татарстан, Пестречинский муниципальный район, Кощаковское сельское поселение.",Муниципальная,для размещения водных объектов,ВОДНЫЙ,0,нет,16:33:080710,135170.08,8.455,,,,,да,нет,нет,нет,нет,нет,нет,нет,55.80690896177904,49.37058712823126
16:33:080302:174,1536.0,Земли населенных пунктов,Ранее учтенный,"Местоположение установлено относительно ориентира, расположенного в границах участка. Почтовый адрес ориентира: Республика Татарстан, р-н Пестречинский, с/п Званковское, д Званка.",,Для ведения личного подсобного хозяйства,ЛПХ,0,нет,16:33:080302,2718148.92,1769.63,,,,,да,нет,нет,нет,да,да,нет,да,55.806347197078495,49.37157375485279
16:33:080303:66,2531.0,Земли населенных пунктов,Ранее учтенный,"Местоположение установлено относительно ориентира, расположенного в границах участка. Почтовый адрес ориентира: Российская  Федерация, Республика Татарстан,  Пестречинский муниципальный район, Кощаковское  сельское поселение, д Званка, ул. Новая, з/у  11.",,Для ведения личного подсобного хозяйства,ЛПХ,0,нет,16:33:080303,4411549.96,1743.01,,,,,да,нет,нет,нет,да,да,нет,да,55.8062747337818,49.38086231674025
16:33:080303:58,1614.0,Земли населенных пунктов,Ранее учтенный,"Местоположение установлено относительно ориентира, расположенного в границах участка. Почтовый адрес ориентира: Российская Федерация, Республика Татарстан, Пестречинский муниципальный район, Кощаковское сельское поселение, д Званка, ул. Зеленая, з/у 17.",,Для индивидуального жилищного строительства,ИЖС,0,нет,16:33:080303,2980240.83,1846.49,,,,,да,да,нет,нет,нет,да,нет,да,55.80254070643522,49.37925181330998
16:33:080303:202,1194.0,Земли населенных пунктов,Учтенный,"Местоположение установлено относительно ориентира, расположенного в границах участка. Почтовый адрес ориентира: Российская Федерация, Республика Татарстан, Пестречинский муниципальный район, Кощаковское сельское поселение, д Званка, ул. Придорожная, з/у 12/2.",,Индивидуальные жилые дома с приусадебными земельными участками,ЖИЛОЙ,0,нет,16:33:080303,2246867.89,1881.8,,,,,да,нет,нет,нет,нет,да,нет,да,55.802594627169974,49.37711493512913
16:33:080303:47,1534.0,Земли населенных пунктов,Ранее учтенный,"Местоположение установлено относительно ориентира, расположенного в границах участка. Почтовый адрес ориентира: Российская Федерация, Республика Татарстан, Пестречинский муниципальный район, Званковское сельское поселение, д Званка, ул. Зеленая, з/у 11.",,Для индивидуального жилищного строительства,ИЖС,0,нет,16:33:080303,2784327.35,1815.08,,,,,да,да,нет,нет,нет,да,нет,да,55.80399004804826,49.380169017124395
16:33:080303:267,1770.0,Земли населенных пунктов,Учтенный,"Местоположение установлено относительно ориентира, расположенного в границах участка. Почтовый адрес ориентира: Российская Федерация, Республика Татарстан, Пестречинский муниципальный район, Кощаковское сельское поселение, д Званка, ул. Овражная, з/у 5А.",Частная,для ведения личного подсобного хозяйства,ЛПХ,0,нет,16:33:080303,3082987.24,1741.8,,,,,нет,нет,нет,нет,да,да,нет,да,55.80668214174475,49.38008442537146
16:33:080303:244,3588.0,Земли населенных пунктов,Учтенный,"Местоположение установлено относительно ориентира, расположенного в границах участка. Почтовый адрес ориентира: Республика Татарстан, Пестречинский муниципальный район, Кощаковское сельское поселение, д Званка.",Муниципальная,для размещения водных объектов,ВОДНЫЙ,0,нет,16:33:080303,30336.54,8.455,,,,,да,нет,нет,нет,нет,нет,нет,да,55.805271799822066,49.37612006184137
16:33:080302:402,665.0,Земли населенных пунктов,Учтенный,"Местоположение установлено относительно ориентира, расположенного в границах участка. Почтовый адрес ориентира: Республика Татарстан, Пестречинский муниципальный район, Кощаковское сельское поселение, д Званка, ул. Трудовая, д. 10 Б.",Частная,для ведения личного подсобного хозяйства,ЛПХ,0,нет,16:33:080302,1268624.22,1907.71,,,,,нет,нет,нет,нет,да,да,нет,да,55.802935657268975,49.369085475824534
16:33:080710:120,4454.0,Земли сельскохозяйственного назначения,Учтенный,"Местоположение установлено относительно ориентира, расположенного в границах участка. Почтовый адрес ориентира: Республика Татарстан, Пестречинский муниципальный район, Званковское сельское поселение.",,земельные участки для размещения водных объектов,ВОДНЫЙ,0,нет,16:33:080710,37658.57,8.455,,,,,да,нет,нет,нет,нет,нет,нет,нет,55.8067283589187,49.37182795097922
16:33:080702:44,1013.0,Земли сельскохозяйственного назначения,Ранее учтенный,"Российская Федерация, Республика Татарстан, муниципальный район Пестречинский, сельское поселение Кощаковское, деревня Званка, улица Советская, земельный участок 35",Частная,Для ведения личного подсобного хозяйства,ЛПХ,0,нет,16:33:080702,1989.53,1.964,,,,,нет,нет,нет,нет,да,нет,нет,нет,55.80595536131951,49.37327778422498
16:33:080303:222,657.0,Земли населенных пунктов,Учтенный,"Российская Федерация, Республика Татарстан, муниципальный район Пестречинский, сельское поселение Кощаковское, деревня Званка, улица Овражная, земельный участок 8В",Частная,для ведения личного подсобного хозяйства,ЛПХ,0,нет,16:33:080303,1101329.23,1676.3,,,,,нет,нет,нет,нет,да,да,нет,да,55.80687617205259,49.38187013725097
16:33:000000:3741,646.0,Земли населенных пунктов,Учтенный,"Местоположение установлено относительно ориентира, расположенного в границах участка. Почтовый адрес ориентира: Российская Федерация, Республика Татарстан, Пестречинский муниципальный район, Кощаковское сельское поселение, д Званка.",Частная,для жилищного строительства,ДРУГОЕ,0,нет,16:33:000000,1098913.51,1701.1,,,,,нет,нет,нет,нет,нет,нет,нет,да,55.805716527046485,49.38180222258432
16:33:080302:409,493.0,Земли населенных пунктов,Учтенный,"Местоположение установлено относительно ориентира, расположенного в границах участка. Почтовый адрес ориентира: Республика Татарстан, Пестречинский муниципальный район, Кощаковское сельское поселение, д Званка, ул. Трудовая, д. 8 в.",Частная,индивидуальные жилые дома с приусадебными земельными участками,ЖИЛОЙ,0,нет,16:33:080302,940684.92,1908.08,,,,,нет,нет,нет,нет,нет,да,нет,да,55.8025893066783,49.36906562520178
16:33:080302:418,500.0,Земли населенных пунктов,Учтенный,"Местоположение установлено относительно ориентира, расположенного в границах участка. Почтовый адрес ориентира: Российская Федерация, Республика Татарстан (Татарстан), м.р-н Пестречинский, с.п. Кощаковское, д Званка, ул Приозерная, з/у 45.",Частная,Для индивидуального жилищного строительства,ИЖС,0,нет,16:33:080302,909917.65,1819.84,,,,,нет,да,нет,нет,нет,да,нет,да,55.804913691574306,49.36638975957657
16:33:080302:378,513.0,Земли населенных пунктов,Учтенный,"Местоположение установлено относительно ориентира, расположенного в границах участка. Почтовый адрес ориентира: Российская Федерация, Республика Татарстан (Татарстан), м.р-н Пестречинский, с.п. Кощаковское, д Званка, ул Советская, з/у 15А.",Частная,Для строительства дома и сельскохозяйственного производства,СХ,0,нет,16:33:080302,969232.34,1889.34,,,,,нет,нет,нет,нет,нет,нет,нет,да,55.80341120213652,49.372027064017935
16:33:080302:156,990.0,Земли населенных пунктов,Ранее учтенный,"Местоположение установлено относительно ориентира, расположенного в границах участка. Почтовый адрес ориентира: Российская Федерация, Республика Татарстан (Татарстан), м.р-н Пестречинский, с.п. Кощаковское, д Званка, ул Просторная, з/у 25.",,Под жилую застройку Индивидуальную,ДРУГОЕ,0,нет,16:33:080302,1825246.47,1843.6833,,,,,да,нет,нет,нет,нет,нет,нет,да,55.80457148345483,49.37457240731224
16:33:080303:111,969.0,Земли населенных пунктов,Учтенный,"Местоположение установлено относительно ориентира, расположенного в границах участка. Почтовый адрес ориентира: Республика Татарстан, Пестречинский муниципальный район, Званковское сельское поселение, д Званка.",,"земельные участки улиц, переулков, тупиков",ДРУГОЕ,0,нет,16:33:080303,519598.25,536.2211,,,,,да,нет,нет,нет,нет,нет,нет,да,55.80714481954125,49.38233853437843
16:33:000000:3379,1514.0,Земли населенных пунктов,Учтенный,"Местоположение установлено относительно ориентира, расположенного в границах участка. Почтовый адрес ориентира: Республика Татарстан, Пестречинский муниципальный район, Кощаковское сельское поселение, д Званка, ул. Овражная, д. 9.",Частная,Для ведения личного подсобного хозяйства,ЛПХ,0,нет,16:33:000000,2575240.12,1700.95,,,,,нет,нет,нет,нет,да,да,нет,да,55.807384446160256,49.38158949367318
16:33:080303:83,1626.0,Земли населенных пунктов,Ранее учтенный,"Российская Федерация, Республика Татарстан (Татарстан), м.р-н Пестречинский, с.п. Кощаковское, д Званка, ул Овражная, з/у 14",Частная,Для ведения личного подсобного хозяйства,ЛПХ,0,нет,16:33:080303,2688961.73,1653.73,,,,,нет,нет,нет,нет,да,да,нет,да,55.80711476638609,49.3836333730672
16:33:080302:889,564.0,Земли населенных пунктов,Учтенный,"Местоположение установлено относительно ориентира, расположенного в границах участка. Почтовый адрес ориентира: Российская Федерация, Республика Татарстан, Пестречинский муниципальный район, Кощаковское сельское поселение, д Званка.",Частная,для индивидуального жилищного строительства,ИЖС,0,нет,16:33:080302,1076127.96,1908.0283,,,,,нет,да,нет,нет,нет,да,нет,да,55.802599307383694,49.36820245088591
16:33:080302:875,265.0,Земли населенных пунктов,Учтенный,"Местоположение установлено относительно ориентира, расположенного в границах участка. Почтовый адрес ориентира: Российская Федерация, Республика Татарстан (Татарстан), м.р-н Пестречинский, с.п. Кощаковское, д Званка, ул Просторная, з/у 1Д.",Частная,блокированные односемейные дома с участками,ДРУГОЕ,0,нет,16:33:080302,507324.16,1914.4308,,,,,нет,нет,нет,нет,нет,нет,нет,да,55.801798903237966,49.37317376939269
16:33:080702:178,526.0,Земли населенных пунктов,Учтенный,"Местоположение установлено относительно ориентира, расположенного в границах участка. Почтовый адрес ориентира: Российская Федерация, Республика Татарстан (Татарстан), м.р-н Пестречинский, с.п. Кощаковское, д Званка, ул Романтика, з/у 10.",,Для жилищного строительства,ДРУГОЕ,0,нет,16:33:080702,863910.18,1642.4148,,,,,да,нет,нет,нет,нет,нет,нет,да,55.80707704223089,49.384567443386445
16:33:080302:876,265.0,Земли населенных пунктов,Учтенный,"Местоположение установлено относительно ориентира, расположенного в границах участка. Почтовый адрес ориентира: Российская Федерация, Республика Татарстан (Татарстан), м.р-н Пестречинский, с.п. Кощаковское, д Званка, ул Просторная, з/у 1Г.",Частная,блокированные односемейные дома с участками,ДРУГОЕ,0,нет,16:33:080302,507289.76,1914.3,,,,,нет,нет,нет,нет,нет,нет,нет,да,55.80183154399679,49.37293658440205
16:33:080301:991,710.0,Земли населенных пунктов,Учтенный,"Российская Федерация, Республика Татарстан, муниципальный район Пестречинский, сельское поселение Кощаковское, деревня Званка, улица Приозерная, земельный участок 24Б",Частная,для ведения личного подсобного хозяйства,ЛПХ,0,нет,16:33:080301,1095570.12,1543.06,,,,,нет,нет,нет,нет,да,да,нет,да,55.8087506838849,49.372696884541014
16:33:080702:252,449.0,Земли населенных пунктов,Учтенный,"Местоположение установлено относительно ориентира, расположенного в границах участка. Почтовый адрес ориентира: Российская Федерация, Республика Татарстан (Татарстан), м.р-н Пестречинский, с.п. Кощаковское, д Званка, ул Романтика, з/у 15.",Частная,для жилищного строительства,ДРУГОЕ,0,нет,16:33:080702,727499.75,1620.2667,,,,,нет,нет,нет,нет,нет,нет,нет,да,55.80621315582491,49.38372091122569
16:33:080702:145,79.0,Земли населенных пунктов,Учтенный,"Местоположение установлено относительно ориентира, расположенного в границах участка. Почтовый адрес ориентира: Российская Федерация, Республика Татарстан (Татарстан), м.р-н Пестречинский, с.п. Кощаковское, д Званка, ул Романтика, з/у 10В.",,Для жилищного строительства,ДРУГОЕ,0,нет,16:33:080702,127853.66,1618.4008,,,,,да,нет,нет,нет,нет,нет,нет,да,55.806901771210605,49.38479296974958
16:33:080702:234,679.0,Земли населенных пунктов,Учтенный,"Местоположение установлено относительно ориентира, расположенного в границах участка. Почтовый адрес ориентира: Российская Федерация, Республика Татарстан (Татарстан), м.р-н Пестречинский, с.п. Кощаковское, д Званка, ул Романтика, з/у 9.",,для жилищного строительства,ДРУГОЕ,0,нет,16:33:080702,1098733.02,1618.16,,,,,да,нет,нет,нет,нет,нет,нет,да,55.80675675705402,49.38490636338217
16:33:080702:311,825.0,Земли населенных пунктов,Учтенный,"Местоположение установлено относительно ориентира, расположенного в границах участка. Почтовый адрес ориентира: Российская Федерация, Республика Татарстан (Татарстан), м.р-н Пестречинский, с.п. Кощаковское, д Званка, ул Яшьлек, з/у 17.",Частная,для жилищного строительства,ДРУГОЕ,0,нет,16:33:080702,1376567.12,1668.57,,,,,нет,нет,нет,нет,нет,нет,нет,да,55.80690146859716,49.3894499377887
16:33:080702:80,741.0,Земли населенных пунктов,Учтенный,"Местоположение установлено относительно ориентира, расположенного в границах участка. Почтовый адрес ориентира: Российская Федерация, Республика Татарстан (Татарстан), м.р-н Пестречинский, с.п. Кощаковское, д Званка, ул Романтика, з/у 5.",Частная,Жилищное строительство,ДРУГОЕ,0,нет,16:33:080702,1205054.88,1626.25,,,,,нет,нет,нет,нет,нет,нет,нет,да,55.807095852721645,49.38583585259839
16:33:080702:312,823.0,Земли населенных пунктов,Учтенный,"Местоположение установлено относительно ориентира, расположенного в границах участка. Почтовый адрес ориентира: Российская Федерация, Республика Татарстан (Татарстан), м.р-н Пестречинский, с.п. Кощаковское, д Званка, ул Яшьлек, з/у 15.",Частная,для жилищного строительства,ДРУГОЕ,0,нет,16:33:080702,1372899.88,1668.1651,,,,,нет,нет,нет,нет,нет,нет,нет,да,55.80700161296029,49.38979185667434
16:33:080702:266,778.0,Земли населенных пунктов,Учтенный,"Местоположение установлено относительно ориентира, расположенного в границах участка. Почтовый адрес ориентира: Российская Федерация, Республика Татарстан (Татарстан), м.р-н Пестречинский, с.п. Кощаковское, д Званка, ул Романтика, з/у 2А.",Частная,для жилищного строительства,ДРУГОЕ,0,нет,16:33:080702,1252836.27,1610.3294,,,,,нет,нет,нет,нет,нет,нет,нет,да,55.807529390694576,49.38612537205909
16:33:080702:323,824.0,Земли населенных пунктов,Учтенный,"Местоположение установлено относительно ориентира, расположенного в границах участка. Почтовый адрес ориентира: Российская Федерация, Республика Татарстан (Татарстан), м.р-н Пестречинский, с.п. Кощаковское, д Званка, ул 70 лет Победы, з/у 16.",Частная,для жилищного строительства,ДРУГОЕ,0,нет,16:33:080702,1375926.82,1669.81,,,,,нет,нет,нет,нет,нет,нет,нет,да,55.806733817820245,49.390057276528125
16:33:080702:502,500.0,Земли населенных пунктов,Учтенный,"Местоположение установлено относительно ориентира, расположенного в границах участка. Почтовый адрес ориентира: Российская Федерация, Республика Татарстан (Татарстан), м.р-н Пестречинский, с.п. Кощаковское, д Званка, ул Лазурная, з/у 15.",Частная,для жилищного строительства,ДРУГОЕ,0,нет,16:33:080702,838882.65,1677.7653,,,,,нет,нет,нет,нет,нет,нет,нет,да,55.80591935751097,49.3913438397365
16:33:080702:808,1000.0,Земли населенных пунктов,Учтенный,"Российская Федерация, Республика Татарстан (Татарстан), м.р-н Пестречинский, с.п. Кощаковское, д Званка, ул Яшьлек, з/у 18А",Частная,для жилищного строительства,ДРУГОЕ,0,нет,16:33:080702,1668578.9,1668.58,,,,,нет,нет,нет,нет,нет,нет,нет,да,55.807165330887926,49.388926159807205
16:33:080302:80,1479.0,Земли населенных пунктов,Ранее учтенный,"Местоположение установлено относительно ориентира, расположенного в границах участка. Почтовый адрес ориентира: Российская Федерация, Республика Татарстан (Татарстан), м.р-н Пестречинский, с.п. Кощаковское, д Званка, ул Трудовая, з/у 27.",,Для ведения личного подсобного хозяйства,ЛПХ,0,нет,16:33:080302,2696492.69,1823.19,,,,,да,нет,нет,нет,да,да,нет,да,55.80561157603478,49.3687387364254
16:33:080702:443,465.0,Земли населенных пунктов,Учтенный,"Местоположение установлено относительно ориентира, расположенного в границах участка. Почтовый адрес ориентира: Российская Федерация, Республика Татарстан (Татарстан), м.р-н Пестречинский, с.п. Кощаковское, д Званка, ул 70 лет Победы, з/у 15.",Частная,Для жилищного строительства,ДРУГОЕ,0,нет,16:33:080702,776463.56,1669.8141,,,,,нет,нет,нет,нет,нет,нет,нет,да,55.80647024377026,49.390601247667504
16:33:080702:182,497.0,Земли населенных пунктов,Учтенный,"Местоположение установлено относительно ориентира, расположенного в границах участка. Почтовый адрес ориентира: Республика Татарстан, Пестречинский муниципальный район, Кощаковское сельское поселение, д Званка, ул. Романтика, 12.",,Для жилищного строительства,ДРУГОЕ,0,нет,16:33:080702,816298.84,1642.4524,,,,,да,нет,нет,нет,нет,нет,нет,да,55.806914784530385,49.384237897194396
16:33:080702:254,463.0,Земли населенных пунктов,Учтенный,"Местоположение установлено относительно ориентира, расположенного в границах участка. Почтовый адрес ориентира: Российская Федерация, Республика Татарстан (Татарстан), м.р-н Пестречинский, с.п. Кощаковское, д Званка, ул Светлая, з/у 10А.",,для жилищного строительства,ДРУГОЕ,0,нет,16:33:080702,749209.7,1618.16,,,,,да,нет,нет,нет,нет,нет,нет,да,55.8066772285826,49.38550223366854
16:33:080702:370,182.0,Земли населенных пунктов,Учтенный,"Местоположение установлено относительно ориентира, расположенного в границах участка. Почтовый адрес ориентира: Российская Федерация, Республика Татарстан (Татарстан), м.р-н Пестречинский, с.п. Кощаковское, д Званка, ул Светлая, з/у 4А.",Частная,жилищное строительство,ДРУГОЕ,0,нет,16:33:080702,295896.8,1625.8066,,,,,нет,нет,нет,нет,нет,нет,нет,да,55.80714148724842,49.38647165835288
16:33:080702:501,500.0,Земли населенных пунктов,Учтенный,"Местоположение установлено относительно ориентира, расположенного в границах участка. Почтовый адрес ориентира: Российская Федерация, Республика Татарстан (Татарстан), м.р-н Пестречинский, с.п. Кощаковское, д Званка, ул Лазурная, з/у 15А.",Частная,для жилищного строительства,ДРУГОЕ,0,нет,16:33:080702,851221.6,1702.4432,,,,,нет,нет,нет,нет,нет,нет,нет,да,55.805843956004864,49.39117320082252
16:33:080702:793,623.0,Земли населенных пунктов,Учтенный,"Местоположение установлено относительно ориентира, расположенного в границах участка. Почтовый адрес ориентира: Российская Федерация, Республика Татарстан (Татарстан), м.р-н Пестречинский, с.п. Кощаковское, д Званка, ул Светлая, з/у 1Б.",Частная,индивидуальные жилые дома с приусадебными земельными участками,ЖИЛОЙ,0,нет,16:33:080702,1022564.35,1641.3553,,,,,нет,нет,нет,нет,нет,да,нет,да,55.80666019101178,49.38676127863082
16:33:080303:33,1349.0,Земли населенных пунктов,Ранее учтенный,"Местоположение установлено относительно ориентира, расположенного в границах участка. Почтовый адрес ориентира: Республика Татарстан, Пестречинский муниципальный район, Кощаковское сельское поселение, д Званка, ул. Новая, д. 7.",,под жилую застройку индивидуальную,ДРУГОЕ,0,нет,16:33:080303,2405496.2,1783.17,,,,,да,нет,нет,нет,нет,нет,нет,да,55.80556564325699,49.37914059090618
16:33:080302:68,1855.0,Земли населенных пунктов,Ранее учтенный,"Местоположение установлено относительно ориентира, расположенного в границах участка. Почтовый адрес ориентира: Российская Федерация, Республика Татарстан, Пестречинский муниципальный район,  д Званка, ул. Трудовая,  з/у 34.",Частная,Под жилую застройку индивидуальную,ДРУГОЕ,0,нет,16:33:080302,3355822.25,1809.0686,,,,,нет,нет,нет,нет,нет,нет,нет,да,55.80622182278956,49.36994876741552
16:33:080301:547,833.0,Земли населенных пунктов,Учтенный,"Местоположение установлено относительно ориентира, расположенного в границах участка. Почтовый адрес ориентира: Российская Федерация, Республика Татарстан (Татарстан), м.р-н Пестречинский, с.п. Кощаковское, д Званка, ул Лесная, з/у 32.",Частная,для ведения личного подсобного хозяйства,ЛПХ,0,нет,16:33:080301,1366728.84,1640.73,,,,,нет,нет,нет,нет,да,да,нет,да,55.81219348700959,49.37849954741439
16:33:080301:43,2010.0,Земли населенных пунктов,Ранее учтенный,"Российская Федерация, Республика Татарстан, Пестречинский муниципальный район, Кощаковское сельское поселение, д Званка, ул. Лесная, з/у 24",,Для ведения личного подсобного хозяйства,ЛПХ,0,нет,16:33:080301,3265786.49,1624.77,,,,,да,нет,нет,нет,да,да,нет,да,55.811780670111986,49.380309218574496
16:33:080301:190,1749.0,Земли населенных пунктов,Ранее учтенный,"Российская Федерация, Республика Татарстан (Татарстан), м.р-н Пестречинский, с.п. Кощаковское, д Званка, ул Каменная, з/у 16",Частная,Для ведения личного подсобного хозяйства,ЛПХ,0,нет,16:33:080301,2901952.52,1659.21,,,,,нет,нет,нет,нет,да,да,нет,да,55.810642743342484,49.37932563250842
16:33:080710:768,1179.0,Земли населенных пунктов,Учтенный,"Российская Федерация, Республика Татарстан, муниципальный район Пестречинский, сельское поселение Кощаковское, деревня Званка, улица Архитектурная, земельный участок 22",Частная,Для индивидуального жилищного строительства,ИЖС,0,нет,16:33:080710,1858836.39,1576.62,,,,,нет,да,нет,нет,нет,да,нет,да,55.81052934835049,49.36592512548873
16:33:080710:767,1081.0,Земли населенных пунктов,Учтенный,"Российская Федерация, Республика Татарстан, муниципальный район Пестречинский, сельское поселение Кощаковское, деревня Званка, улица Архитектурная, земельный участок 24",Частная,Для индивидуального жилищного строительства,ИЖС,0,нет,16:33:080710,1728499.54,1598.98,,,,,нет,да,нет,нет,нет,да,нет,да,55.81030978204475,49.36563237156762
16:33:080710:765,1076.0,Земли населенных пунктов,Учтенный,"Российская Федерация, Республика Татарстан, муниципальный район Пестречинский, сельское поселение Кощаковское, деревня Званка, улица Экологичная, земельный участок 12",Частная,Для индивидуального жилищного строительства,ИЖС,0,нет,16:33:080710,1701524.96,1581.34,,,,,нет,да,нет,нет,нет,да,нет,да,55.81055000538769,49.369068862396624
16:33:080710:745,1008.0,Земли населенных пунктов,Учтенный,"Российская Федерация, Республика Татарстан, муниципальный район Пестречинский, сельское поселение Кощаковское, деревня Званка, улица Искусств, земельный участок 16",Частная,Для индивидуального жилищного строительства,ИЖС,0,нет,16:33:080710,1581297.58,1568.75,,,,,нет,да,нет,нет,нет,да,нет,да,55.810868885505144,49.36822693447367
16:33:080710:744,1020.0,Земли населенных пунктов,Учтенный,"Российская Федерация, Республика Татарстан, муниципальный район Пестречинский, сельское поселение Кощаковское, деревня Званка, улица Искусств, земельный участок 14",Частная,Для индивидуального жилищного строительства,ИЖС,0,нет,16:33:080710,1600273.41,1568.9,,,,,нет,да,нет,нет,нет,да,нет,да,55.811151203419925,49.368502227867026
16:33:080710:757,1394.0,Земли населенных пунктов,Учтенный,"Российская Федерация, Республика Татарстан (Татарстан), м.р-н Пестречинский, с.п. Кощаковское, д Званка, ул. Образования, з/у 2",Частная,Для индивидуального жилищного строительства,ИЖС,0,нет,16:33:080710,2180267.02,1564.04,,,,,нет,да,нет,нет,нет,да,нет,да,55.811479518164845,49.367478755687365
16:33:080710:778,1069.0,Земли населенных пунктов,Учтенный,"Российская Федерация, Республика Татарстан, муниципальный район Пестречинский, сельское поселение Кощаковское, деревня Званка, улица Экологичная, земельный участок 16",Частная,Для индивидуального жилищного строительства,ИЖС,0,нет,16:33:080710,1690517.24,1581.4,,,,,нет,да,нет,нет,нет,да,нет,да,55.809927711254225,49.368458038332655
16:33:080710:756,1038.0,Земли населенных пунктов,Учтенный,"Российская Федерация, Республика Татарстан (Татарстан), м.р-н Пестречинский, с.п. Кощаковское, д Званка, ул. Образования, з/у 1",Частная,Для индивидуального жилищного строительства,ИЖС,0,нет,16:33:080710,1623806.3,1564.36,,,,,нет,да,нет,нет,нет,да,нет,да,55.81127709964096,49.36810950379065
16:33:080710:772,1011.0,Земли населенных пунктов,Учтенный,"Российская Федерация, Республика Татарстан, муниципальный район Пестречинский, сельское поселение Кощаковское, деревня Званка, улица Архитектурная, земельный участок 14",Частная,Для индивидуального жилищного строительства,ИЖС,0,нет,16:33:080710,1585746.42,1568.49,,,,,нет,да,нет,нет,нет,да,нет,да,55.8113752240141,49.366703074511506
16:33:000000:4650,1016.0,Земли населенных пунктов,Учтенный,"Российская Федерация, Республика Татарстан (Татарстан), м.р-н Пестречинский, с.п. Кощаковское, д Званка, ул. Научная, з/у 6",Частная,Для индивидуального жилищного строительства,ИЖС,0,нет,16:33:000000,1502239.01,1478.58,,,,,нет,да,нет,нет,нет,да,нет,да,55.814098274189554,49.371753363551086
16:33:000000:4643,1013.0,Земли населенных пунктов,Учтенный,"Российская Федерация, Республика Татарстан (Татарстан), м.р-н Пестречинский, с.п. Кощаковское, д Званка, ул. Экологичная, з/у 1",Частная,Для индивидуального жилищного строительства,ИЖС,0,нет,16:33:000000,1428789.8,1410.45,,,,,нет,да,нет,нет,нет,да,нет,да,55.814905941476475,49.37141350600268
16:33:000000:4647,1002.0,Земли населенных пунктов,Учтенный,"Российская Федерация, Республика Татарстан (Татарстан), м.р-н Пестречинский, с.п. Кощаковское, д Званка, ул. Экологичная, з/у 9",Частная,Для индивидуального жилищного строительства,ИЖС,0,нет,16:33:000000,1490333.52,1487.36,,,,,нет,да,нет,нет,нет,да,нет,да,55.8139496889122,49.371050578851325
16:33:080709:338,1008.0,Земли населенных пунктов,Учтенный,"Российская Федерация, Республика Татарстан (Татарстан), м.р-н Пестречинский, с.п. Кощаковское, д Званка, ул. Танцевальная, з/у 11",Частная,Для индивидуального жилищного строительства,ИЖС,0,нет,16:33:080709,1504834.83,1492.89,,,,,нет,да,нет,нет,нет,да,нет,да,55.812760825082094,49.366499192179575
16:33:000000:5187,1069.0,Земли населенных пунктов,Учтенный,"Российская Федерация, Республика Татарстан, муниципальный район Пестречинский, сельское поселение Кощаковское, деревня Званка, улица Спортивная, земельный участок 14",,Для индивидуального жилищного строительства,ИЖС,0,нет,16:33:000000,1700732.5,1590.96,,,,,да,да,нет,нет,нет,да,нет,да,55.81066315978101,49.36307975458591
16:33:000000:5196,1002.0,Земли населенных пунктов,Учтенный,"Российская Федерация, Республика Татарстан (Татарстан), м.р-н Пестречинский, с.п. Кощаковское, д Званка, ул. Архитектурная, з/у 8А",Частная,Для индивидуального жилищного строительства,ИЖС,0,нет,16:33:000000,1556722.93,1553.62,,,,,нет,да,нет,нет,нет,да,нет,да,55.81207581880509,49.3686657458907
16:33:000000:4667,176.0,Земли населенных пунктов,Учтенный,"Российская Федерация,  Республика Татарстан, Пестречинский муниципальный район, Кощаковское сельское поселение",Частная,Улично-дорожная сеть,ДРУГОЕ,0,нет,16:33:000000,77650.92,441.2,,,,,нет,нет,нет,нет,нет,нет,нет,да,55.81135297468097,49.35986409414459
16:33:000000:5217,1144.0,Земли населенных пунктов,Учтенный,"Российская Федерация, Республика Татарстан, муниципальный район Пестречинский, сельское поселение Кощаковское, деревня Званка, улица Спортивная, земельный участок 15",Частная,Для индивидуального жилищного строительства,ИЖС,0,нет,16:33:000000,1824466.99,1594.81,,,,,нет,да,нет,нет,нет,да,нет,да,55.810828290424034,49.362247338346315
16:33:080709:394,1369.0,Земли населенных пунктов,Учтенный,"Российская Федерация, Республика Татарстан (Татарстан), м.р-н Пестречинский, с.п. Кощаковское, д Званка, ул. Призвания, з/у 14",Частная,Для индивидуального жилищного строительства,ИЖС,0,нет,16:33:080709,2276309.27,1662.75,,,,,нет,да,нет,нет,нет,да,нет,да,55.81103215185724,49.35897733196433
16:33:080709:359,1016.0,Земли населенных пунктов,Учтенный,"Российская Федерация, Республика Татарстан (Татарстан), м.р-н Пестречинский, с.п. Кощаковское, д Званка, ул. Инженерная, з/у 14",Частная,Для индивидуального жилищного строительства,ИЖС,0,нет,16:33:080709,1742839.19,1715.39,,,,,нет,да,нет,нет,нет,да,нет,да,55.8116657151913,49.35529517898012
16:33:000000:5156,1016.0,Земли населенных пунктов,Учтенный,"Республика Татарстан (Татарстан), муниципальный район Пестречинский, сельское поселение Кощаковское, деревня Званка, улица Творческая, земельный участок 14",Частная,Для индивидуального жилищного строительства,ИЖС,0,нет,16:33:000000,1725353.62,1698.18,,,,,нет,да,нет,нет,нет,да,нет,да,55.807333519914245,49.36041294463467
16:33:080710:727,1972.0,Земли населенных пунктов,Учтенный,"Местоположение установлено относительно ориентира, расположенного в границах участка. Почтовый адрес ориентира: Российская Федерация,  Республика Татарстан, Пестречинский муниципальный район, Кощаковское сельское поселение.",Частная,Улично-дорожная сеть,ДРУГОЕ,0,нет,16:33:080710,853280.85,432.7,,,,,нет,нет,нет,нет,нет,нет,нет,да,55.81194240773775,49.37047230065203
16:33:080710:729,998.0,Земли населенных пунктов,Учтенный,"Российская Федерация, Республика Татарстан (Татарстан), м.р-н Пестречинский, с.п. Кощаковское, д Званка, ул. Экологичная, з/у 19",Частная,Для индивидуального жилищного строительства,ИЖС,0,нет,16:33:080710,1587634.17,1590.82,,,,,нет,да,нет,нет,нет,да,нет,да,55.81198613316866,49.37080014269893
16:33:000000:5059,1002.0,Земли населенных пунктов,Учтенный,"Российская Федерация, Республика Татарстан, муниципальный район Пестречинский, сельское поселение Кощаковское, деревня Званка, улица Художественная, земельный участок 16",Частная,Для индивидуального жилищного строительства,ИЖС,0,нет,16:33:000000,1815638.93,1812.01,,,,,нет,да,нет,нет,нет,да,нет,да,55.80735601949753,49.35573809106445
16:33:000000:5070,1009.0,Земли населенных пунктов,Учтенный,"Российская Федерация, Республика Татарстан, муниципальный район Пестречинский, сельское поселение Кощаковское, деревня Званка, улица Музыкальная, земельный участок 15",Частная,Для индивидуального жилищного строительства,ИЖС,0,нет,16:33:000000,1865138.82,1848.5,,,,,нет,да,нет,нет,нет,да,нет,да,55.80704853332172,49.35522584609497
16:33:000000:5115,1012.0,Земли населенных пунктов,Учтенный,"Российская Федерация, Республика Татарстан, муниципальный район Пестречинский, сельское поселение Кощаковское, деревня Званка, улица Поэтическая, земельный участок 6",Частная,Для индивидуального жилищного строительства,ИЖС,0,нет,16:33:000000,1747852.52,1727.13,,,,,нет,да,нет,нет,нет,да,нет,да,55.80878073491025,49.35816963158069
16:33:000000:5040,1132.0,Земли населенных пунктов,Учтенный,"Российская Федерация, Республика Татарстан, муниципальный район Пестречинский, сельское поселение Кощаковское, деревня Званка, улица Режиссерская, земельный участок 1",Частная,Благоустройство территории,ДРУГОЕ,0,нет,16:33:000000,18249.65,16.12,,,,,нет,нет,нет,нет,нет,нет,нет,да,55.80994362351425,49.36161357631524
16:33:000000:5083,1003.0,Земли населенных пунктов,Учтенный,"Российская Федерация, Республика Татарстан, муниципальный район Пестречинский, сельское поселение Кощаковское, деревня Званка, улица Художественная, земельный участок 1",Частная,Для индивидуального жилищного строительства,ИЖС,0,нет,16:33:000000,1788095.14,1782.75,,,,,нет,да,нет,нет,нет,да,нет,да,55.80911150287102,49.355802508514486
16:33:000000:5188,1277.0,Земли населенных пунктов,Учтенный,"Российская Федерация, Республика Татарстан (Татарстан), м.р-н Пестречинский, с.п. Кощаковское, д Званка, ул. Спортивная, з/у 12А",,Для индивидуального жилищного строительства,ИЖС,0,нет,16:33:000000,2032802.79,1591.86,,,,,да,да,нет,нет,нет,да,нет,да,55.81051448757802,49.363605040760575
16:33:080709:320,340.0,Земли населенных пунктов,Учтенный,"Российская Федерация, Республика Татарстан, Пестречинский муниципальный район, Кощаковское сельское поселение",Частная,Улично-дорожная сеть,ДРУГОЕ,0,нет,16:33:080709,149158.34,438.7,,,,,нет,нет,нет,нет,нет,нет,нет,да,55.81165612324172,49.361573487319006
16:33:080702:924,3614.0,Земли населенных пунктов,Учтенный,"Российская Федерация, Республика Татарстан, Пестречинский муниципальный район, Кощаковское сельское поселение, д. Званка",Муниципальная,для индивидуального жилищного строительства; для жилищного строительства; земельные участки (территории) общего пользования,ИЖС,0,нет,16:33:080702,8948961.5,2476.19,,,,,да,да,нет,нет,нет,да,да,да,55.808542072561906,49.38896204089548
16:33:080709:377,994.0,Земли населенных пунктов,Учтенный,"Российская Федерация, Республика Татарстан, муниципальный район Пестречинский, сельское поселение Кощаковское, деревня Званка, улица Призвания, земельный участок 6",Частная,Для индивидуального жилищного строительства,ИЖС,0,нет,16:33:080709,1751524.02,1762.1,,,,,нет,да,нет,нет,нет,да,нет,да,55.81029104679135,49.35634651954458
16:33:000000:5132,1215.0,Земли населенных пунктов,Учтенный,"Российская Федерация, Республика Татарстан (Татарстан), м.р-н Пестречинский, с.п. Кощаковское, д Званка, ул. Творческая, з/у 9",Частная,Для индивидуального жилищного строительства,ИЖС,0,нет,16:33:000000,2115274.42,1740.97,,,,,нет,да,нет,нет,нет,да,нет,да,55.806719699261265,49.35913863938472
16:33:080709:408,1685.0,Земли населенных пунктов,Учтенный,"Российская Федерация, Республика Татарстан, муниципальный район Пестречинский, сельское поселение Кощаковское, деревня Званка, улица Призвания, земельный участок 10",Частная,Для индивидуального жилищного строительства,ИЖС,0,нет,16:33:080709,2876685.92,1707.23,,,,,нет,да,нет,нет,нет,да,нет,да,55.81067838154604,49.357790315075206
16:33:080709:376,1012.0,Земли населенных пунктов,Учтенный,"Российская Федерация, Республика Татарстан, муниципальный район Пестречинский, сельское поселение Кощаковское, деревня Званка, улица Призвания, земельный участок 8",Частная,Для индивидуального жилищного строительства,ИЖС,0,нет,16:33:080709,1735644.46,1715.06,,,,,нет,да,нет,нет,нет,да,нет,да,55.810401381666146,49.35697311511065
16:33:080709:390,1009.0,Земли населенных пунктов,Учтенный,"Российская Федерация, Республика Татарстан, муниципальный район Пестречинский, сельское поселение Кощаковское, деревня Званка, улица Ювелирная, земельный участок 11",Частная,Для индивидуального жилищного строительства,ИЖС,0,нет,16:33:080709,1771905.91,1756.1,,,,,нет,да,нет,нет,нет,да,нет,да,55.81119408682056,49.354696962612685
16:33:080709:387,1027.0,Земли населенных пунктов,Учтенный,"Российская Федерация, Республика Татарстан, муниципальный район Пестречинский, сельское поселение Кощаковское, деревня Званка, улица Строительная, земельный участок 3",Частная,Для индивидуального жилищного строительства,ИЖС,0,нет,16:33:080709,1726741.83,1681.35,,,,,нет,да,нет,нет,нет,да,нет,да,55.811163812839155,49.35765823257429
16:33:000000:5154,1012.0,Земли населенных пунктов,Учтенный,"Российская Федерация, Республика Татарстан, муниципальный район Пестречинский, сельское поселение Кощаковское, деревня Званка, улица Театральная, земельный участок 20",Частная,Для индивидуального жилищного строительства,ИЖС,0,нет,16:33:000000,1715945.88,1695.6,,,,,нет,да,нет,нет,нет,да,нет,да,55.80755041049571,49.36031131995739
16:33:000000:5097,1009.0,Земли населенных пунктов,Учтенный,"Российская Федерация, Республика Татарстан (Татарстан), м.р-н Пестречинский, с.п. Кощаковское, д Званка, ул. Художественная, з/у 6",Частная,Для индивидуального жилищного строительства,ИЖС,0,нет,16:33:000000,1831334.29,1815.0,,,,,нет,да,нет,нет,нет,да,нет,да,55.808580200010226,49.355163993037515
16:33:000000:5075,1475.0,Земли населенных пунктов,Учтенный,"Российская Федерация, Республика Татарстан (Татарстан), м.р-н Пестречинский, с.п. Кощаковское, д Званка, ул. Художественная, з/у 4",Частная,Для индивидуального жилищного строительства,ИЖС,0,нет,16:33:000000,2701611.92,1831.6,,,,,нет,да,нет,нет,нет,да,нет,да,55.808757972685385,49.3549183406256
16:33:000000:5140,1006.0,Земли населенных пунктов,Учтенный,"Российская Федерация, Республика Татарстан (Татарстан), м.р-н Пестречинский, с.п. Кощаковское, д Званка, ул. Театральная, з/у 8",Частная,Для индивидуального жилищного строительства,ИЖС,0,нет,16:33:000000,1692754.45,1682.66,,,,,нет,да,нет,нет,нет,да,нет,да,55.80895400117164,49.35965356709649
16:33:000000:5094,1004.0,Земли населенных пунктов,Учтенный,"Российская Федерация, Республика Татарстан, муниципальный район Пестречинский, сельское поселение Кощаковское, деревня Званка, улица Художественная, земельный участок 11",Частная,Для индивидуального жилищного строительства,ИЖС,0,нет,16:33:000000,1799944.49,1792.77,,,,,нет,да,нет,нет,нет,да,нет,да,55.8080179479933,49.35631547538007
16:33:000000:5126,1011.0,Земли населенных пунктов,Учтенный,"Российская Федерация, Республика Татарстан (Татарстан), м.р-н Пестречинский, с.п. Кощаковское, д Званка, ул. Поэтическая, з/у 16",Частная,Для индивидуального жилищного строительства,ИЖС,0,нет,16:33:000000,1747372.97,1728.36,,,,,нет,да,нет,нет,нет,да,нет,да,55.807557475356575,49.35874335887654
16:33:080709:413,1000.0,Земли населенных пунктов,Учтенный,"Российская Федерация,  Республика Татарстан, Пестречинский муниципальный район, Кощаковское сельское поселение, деревня Званка, улица Ювелирная, земельный участок 3",Частная,Для индивидуального жилищного строительства,ИЖС,0,нет,16:33:080709,1782840.5,1782.84,,,,,нет,да,нет,нет,нет,да,нет,да,55.81027798442472,49.354800047743076
16:33:000000:5048,1003.0,Земли населенных пунктов,Учтенный,"Российская Федерация, Республика Татарстан, муниципальный район Пестречинский, сельское поселение Кощаковское, деревня Званка, улица Музыкальная, земельный участок 13",Частная,Для индивидуального жилищного строительства,ИЖС,0,нет,16:33:000000,1848228.7,1842.7,,,,,нет,да,нет,нет,нет,да,нет,да,55.807267775733195,49.35512309633344
16:33:000000:5121,1003.0,Земли населенных пунктов,Учтенный,"Российская Федерация, Республика Татарстан, муниципальный район Пестречинский, сельское поселение Кощаковское, деревня Званка, улица Литературная, земельный участок 13",Частная,Для индивидуального жилищного строительства,ИЖС,0,нет,16:33:000000,1764418.32,1759.14,,,,,нет,да,нет,нет,нет,да,нет,да,55.807904087339566,49.35791692078418
16:33:000000:5089,1004.0,Земли населенных пунктов,Учтенный,"Российская Федерация, Республика Татарстан, муниципальный район Пестречинский, сельское поселение Кощаковское, деревня Званка, улица Литературная, земельный участок 6",Частная,Для индивидуального жилищного строительства,ИЖС,0,нет,16:33:000000,1771128.39,1764.07,,,,,нет,да,нет,нет,нет,да,нет,да,55.8087624956036,49.35662306992428
16:33:000000:5123,1013.0,Земли населенных пунктов,Учтенный,"Российская Федерация, Республика Татарстан, муниципальный район Пестречинский, сельское поселение Кощаковское, деревня Званка, улица Литературная, земельный участок 15",Частная,Для индивидуального жилищного строительства,ИЖС,0,нет,16:33:000000,1762867.68,1740.24,,,,,нет,да,нет,нет,нет,да,нет,да,55.807686622990346,49.358018905773804
16:33:080302:934,1044.0,Земли населенных пунктов,Учтенный,"Российская Федерация, Республика Татарстан, Пестречинский муниципальный район, Кощаковское сельское поселение, д Званка, ул. Просторная, з/у 2",Частная,для индивидуального жилищного строительства,ИЖС,0,нет,16:33:080302,2001335.26,1916.99,,,,,нет,да,нет,нет,нет,да,нет,да,55.80186874487672,49.37444400439236
16:33:080302:937,1000.0,Земли населенных пунктов,Учтенный,"Российская Федерация, Республика Татарстан, Пестречинский муниципальный район, Кощаковское сельское поселение, д Званка, ул. Приозерная, д. 36 а",Частная,для ведения личного подсобного хозяйства,ЛПХ,0,нет,16:33:080302,1822309.1,1822.31,,,,,нет,нет,нет,нет,да,да,нет,да,55.80518666346872,49.36779412748465
16:33:000000:5944,1108.0,Земли населенных пунктов,Учтенный,"Российская Федерация, Республика Татарстан, Пестречинский муниципальный район, Кощаковское сельское поселение, д. Званка.",Частная,Для ведения личного подсобного хозяйства,ЛПХ,0,нет,16:33:000000,1743958.32,1573.97,,,,,нет,нет,нет,нет,да,да,нет,да,55.80964034396864,49.37054166887627
16:33:080302:941,1687.0,Земли населенных пунктов,Учтенный,"Российская Федерация, Республика Татарстан, Пестречинский муниципальный район, Кощаковское сельское поселение, д Званка, , ул. Трудовая, д. 21",Частная,Для ведения личного подсобного хозяйства,ЛПХ,0,нет,16:33:080302,3125137.64,1852.48,,,,,нет,нет,нет,нет,да,да,нет,да,55.80477865157059,49.36836050168177
16:33:080702:955,2089.0,Земли населенных пунктов,Учтенный,"Российская Федерация, Республика Татарстан, Пестречинский муниципальный район, Кощаковское сельское поселение, д Званка",Частная,Для ведения личного подсобного хозяйства,ЛПХ,0,нет,16:33:080702,3573391.59,1710.58,,,,,нет,нет,нет,нет,да,да,нет,да,55.80776235635926,49.38151627178668
16:33:000000:6012,1010.0,Земли населенных пунктов,Учтенный,"Российская Федерация, Республика Татарстан (Татарстан), м.р-н Пестречинский, с.п. Кощаковское, д Званка, ул. Призвания, з/у 33",Частная,Для индивидуального жилищного строительства,ИЖС,0,нет,16:33:000000,1610548.02,1594.6,,,,,нет,да,нет,нет,нет,да,нет,да,55.81136157115042,49.361890615478636
16:33:000000:6024,1019.0,Земли населенных пунктов,Учтенный,"Российская Федерация, Республика Татарстан (Татарстан), м.р-н Пестречинский, с.п. Кощаковское, д Званка, ул. Архитектурная, з/у 15",Частная,Для индивидуального жилищного строительства,ИЖС,0,нет,16:33:000000,1548045.44,1519.18,,,,,нет,да,нет,нет,нет,да,нет,да,55.81250746678465,49.36774572970299
16:33:000000:6016,1022.0,Земли населенных пунктов,Учтенный,"Российская Федерация, Республика Татарстан (Татарстан), м.р-н Пестречинский, с.п. Кощаковское, д Званка, ул. Спортивная, з/у 1",Частная,Для индивидуального жилищного строительства,ИЖС,0,нет,16:33:000000,1568191.45,1534.43,,,,,нет,да,нет,нет,нет,да,нет,да,55.81183082861254,49.366175210741126
16:33:080301:1073,1477.0,Земли населенных пунктов,Учтенный,"Российская Федерация, Республика Татарстан (Татарстан), м.р-н Пестречинский, с.п. Кощаковское, д Званка, ул Лесная, з/у 35Б",Частная,индивидуальные жилые дома с приусадебными земельными участками,ЖИЛОЙ,0,нет,16:33:080301,2328806.28,1576.71,,,,,нет,нет,нет,нет,нет,да,нет,да,55.81312139269904,49.3761856986657
16:33:000000:6022,1004.0,Земли населенных пунктов,Учтенный,"Российская Федерация, Республика Татарстан, муниципальный район Пестречинский, сельское поселение Кощаковское, деревня Званка, улица Призвания, земельный участок 27",Частная,Для индивидуального жилищного строительства,ИЖС,0,нет,16:33:000000,1609175.16,1602.76,,,,,нет,да,нет,нет,нет,да,нет,да,55.811035034805684,49.36099052696353
16:33:000000:6023,1034.0,Земли населенных пунктов,Учтенный,"Российская Федерация, Республика Татарстан (Татарстан), м.р-н Пестречинский, с.п. Кощаковское, д Званка, ул. Научная, з/у 11",Частная,Для индивидуального жилищного строительства,ИЖС,0,нет,16:33:000000,1597434.77,1544.91,,,,,нет,да,нет,нет,нет,да,нет,да,55.813257472452555,49.37226262434378
16:33:000000:6020,1010.0,Земли населенных пунктов,Учтенный,"Российская Федерация, Республика Татарстан, муниципальный район Пестречинский, сельское поселение Кощаковское, деревня Званка, улица Инструментальная, земельный участок 1",Частная,Для индивидуального жилищного строительства,ИЖС,0,нет,16:33:000000,1557491.2,1542.07,,,,,нет,да,нет,нет,нет,да,нет,да,55.81181232335516,49.3634029000539
16:33:000000:6009,2355.0,Земли населенных пунктов,Учтенный,"Российская Федерация, Республика Татарстан, муниципальный район Пестречинский, сельское поселение Кощаковское, деревня Званка, улица Призвания, земельный участок 22",Частная,Для индивидуального жилищного строительства,ИЖС,0,нет,16:33:000000,3784706.13,1607.09,,,,,нет,да,нет,нет,нет,да,нет,да,55.81162016745772,49.360744209249155
16:33:000000:6084,1074.0,Земли населенных пунктов,Учтенный,"Российская Федерация, Республика Татарстан (Татарстан), м.р-н Пестречинский, с.п. Кощаковское, д Званка, ул. Архитектурная, з/у 2",Частная,Для индивидуального жилищного строительства,ИЖС,0,нет,16:33:000000,1669265.36,1554.25,,,,,нет,да,нет,нет,нет,да,нет,да,55.81255191457916,49.37089115490122
16:33:080709:427,1017.0,Земли населенных пунктов,Учтенный,"Российская Федерация, Республика Татарстан, Пестречинский муниципальный район, Кощаковское сельское поселение",Частная,Для индивидуального жилищного строительства,ИЖС,0,нет,16:33:080709,1744158.86,1715.0,,,,,нет,да,нет,нет,нет,да,нет,да,55.81057450592878,49.35672965495454
16:33:000000:6079,1108.0,Земли населенных пунктов,Учтенный,"Российская Федерация, Республика Татарстан, муниципальный район Пестречинский, сельское поселение Кощаковское, деревня Званка, улица Призвания, земельный участок 5",Частная,Для индивидуального жилищного строительства,ИЖС,0,нет,16:33:000000,1974889.78,1782.39,,,,,нет,да,нет,нет,нет,да,нет,да,55.80961035120354,49.35573890791595
16:33:080302:946,48.0,Земли населенных пунктов,Учтенный,"Российская Федерация, Республика Татарстан, Пестречинский муниципальный район, Кощаковское сельское поселение, д Званка",Частная,Земельные участки (территории) общего пользования,ОГП,0,нет,16:33:080302,49562.0,1032.54,,,,,нет,нет,нет,нет,нет,нет,да,да,55.80168373715443,49.3729357887539
16:33:080710:821,1011.0,Земли населенных пунктов,Учтенный,"Российская Федерация, Республика Татарстан (Татарстан), м.р-н Пестречинский, с.п. Кощаковское, д Званка, ул. Экологичная, з/у 23",Частная,Благоустройство территории,ДРУГОЕ,0,нет,16:33:080710,16298.94,16.12,,,,,нет,нет,нет,нет,нет,нет,нет,да,55.81144821534276,49.37068038067637
16:33:080301:1105,2307.0,Земли населенных пунктов,Учтенный,"Республика Татарстан (Татарстан), м.р-н Пестречинский, с.п. Кощаковское, д Званка, ул Лесная",,Индивидуальные жилые дома с приусадебными земельными участками,ЖИЛОЙ,0,нет,16:33:080301,3695916.43,1602.04,,,,,да,нет,нет,нет,нет,да,нет,да,55.81262603764519,49.380998744347984
16:33:080301:1110,841.0,Земли населенных пунктов,Учтенный,"Российской Федерации, Республика Татарстан, Пестречинский муниципальный район, Кощаковское сельское поселение, деревня Званка, улица Овражная, земельный участок 31Г",Частная,для индивидуального жилищного строительства,ИЖС,0,нет,16:33:080301,1292759.13,1537.17,,,,,нет,да,нет,нет,нет,да,нет,да,55.809615772316384,49.38673595783518
