Кадастровый номер,"Площадь, м²",Категория земли,Статус,Адрес,Собственность,ВРИ,Тип ВРИ,Записей о правах,Обременения,Кадастровый квартал,"Кадастровая стоимость, руб.","Удельный показатель, руб./м²","Рыночная стоимость, руб.","Медианная цена, руб./м²",Сделок в выборке,Период сделок,Свободен,ИЖС,СНТ,ДНП,ЛПХ,Под застройку,Общего пользования,Земли НП,Широта,Долгота
16:24:110104:24,,Земли населенных пунктов,Ранее учтенный,"Местоположение установлено относительно ориентира, расположенного в границах участка. Почтовый адрес ориентира: Российская Федерация, Республика Татарстан (Татарстан), м.р-н Лаишевский, с.п. Кирбинское, с Кирби, ул Речная, з/у 4.",,Для ведения личного подсобного хозяйства,ЛПХ,0,нет,16:24:110104,2383262.59,813.4,,,,,да,нет,нет,нет,да,да,нет,да,55.559778681322534,49.324662022130816
16:24:110103:162,1176.0,Земли населенных пунктов,Учтенный,"Местоположение установлено относительно ориентира, расположенного в границах участка. Почтовый адрес ориентира: Российская Федерация, Республика Татарстан (Татарстан), м.р-н Лаишевский, с.п. Кирбинское, с Кирби, ул Ленина, з/у 4/1.",Частная,блокированные односемейные дома с участками,ДРУГОЕ,0,нет,16:24:110103,1008856.65,857.8713,,,,,нет,нет,нет,нет,нет,нет,нет,да,55.560982327381,49.32132074398834
16:24:110104:35,,Земли населенных пунктов,Ранее учтенный,"Местоположение установлено относительно ориентира, расположенного в границах участка. Почтовый адрес ориентира: Российская Федерация, Республика Татарстан (Татарстан), м.р-н Лаишевский, с.п. Кирбинское, с Кирби, ул Горького, з/у 2.",,Для личного подсобного хозяйства,ЛПХ,0,нет,16:24:110104,1274142.21,801.35,,,,,да,нет,нет,нет,да,да,нет,да,55.558218234893836,49.322968298895596
16:24:110104:153,104.0,Земли населенных пунктов,Учтенный,"Местоположение установлено относительно ориентира, расположенного в границах участка. Почтовый адрес ориентира: Российская Федерация, Республика Татарстан (Татарстан), м.р-н Лаишевский, с.п. Кирбинское, с Кирби, ул Горького, з/у 13Ж.",,Связь,СВЯЗЬ,0,нет,16:24:110104,73242.54,704.2552,,,,,да,нет,нет,нет,нет,нет,нет,да,55.56302449846686,49.32467211273566
16:24:110105:41,3050.0,Земли населенных пунктов,Ранее учтенный,"Местоположение установлено относительно ориентира, расположенного в границах участка. Почтовый адрес ориентира: Российская Федерация, Республика Татарстан (Татарстан), м.р-н Лаишевский, с.п. Кирбинское, с Кирби, ул Татарстан, з/у 31.",,Для ведения личного подсобного хозяйства,ЛПХ,0,нет,16:24:110105,2478409.26,812.5932,,,,,да,нет,нет,нет,да,да,нет,да,55.55828267203481,49.313167452162745
16:24:110101:32,5023.0,Земли населенных пунктов,Ранее учтенный,"Местоположение установлено относительно ориентира, расположенного в границах участка. Почтовый адрес ориентира: Российская Федерация, Республика Татарстан (Татарстан), м.р-н Лаишевский, с.п. Кирбинское, с Кирби, ул Чапаева, з/у 30.",,Личное подсобное хозяйство,ДРУГОЕ,0,нет,16:24:110101,4562178.43,908.26,,,,,да,нет,нет,нет,нет,нет,нет,да,55.56489909031685,49.31620927484593
16:24:110105:38,,Земли населенных пунктов,Ранее учтенный,"Местоположение установлено относительно ориентира, расположенного в границах участка. Почтовый адрес ориентира: Российская Федерация, Республика Татарстан (Татарстан), м.р-н Лаишевский, с.п. Кирбинское, с Кирби, ул Сельсоветская, з/у 7.",Частная,Для ведения личного подсобного хозяйства,ЛПХ,0,нет,16:24:110105,1096689.74,795.28,,,,,нет,нет,нет,нет,да,да,нет,да,55.55890965921894,49.32091898426997
16:24:110101:54,835.0,Земли населенных пунктов,Ранее учтенный,"Местоположение установлено относительно ориентира, расположенного в границах участка. Почтовый адрес ориентира: Российская Федерация, Республика Татарстан (Татарстан), м.р-н Лаишевский, с.п. Кирбинское, с Кирби, ул Молодежная, з/у 13.",,Для индивидуального жилищного строительства,ИЖС,0,нет,16:24:110101,781413.04,935.824,,,,,да,да,нет,нет,нет,да,нет,да,55.56540099969353,49.31766011546171
16:24:110103:180,417.0,Земли населенных пунктов,Учтенный,"Местоположение установлено относительно ориентира, расположенного в границах участка. Почтовый адрес ориентира: Российская Федерация, Республика Татарстан (Татарстан), м.р-н Лаишевский, с.п. Кирбинское, с Кирби, ул Ленина, з/у 2А.",Муниципальная,образование и просвещение,ДРУГОЕ,0,нет,16:24:110103,125890.67,301.8961,,,,,да,нет,нет,нет,нет,нет,нет,да,55.561017853176665,49.32147781449061
16:24:000000:5321,1738.0,Земли сельскохозяйственного назначения,Учтенный,"Местоположение установлено относительно ориентира, расположенного в границах участка. Почтовый адрес ориентира: Республика Татарстан, Лаишевский муниципальный район, Кирбинское сельское поселение.",Частная,для ведения сельскохозяйственного производства,СХ,0,нет,16:24:000000,7299.6,4.2,,,,,нет,нет,нет,нет,нет,нет,нет,нет,55.563353225938776,49.32514370688261
16:24:110102:691,900.0,Земли населенных пунктов,Учтенный,"Местоположение установлено относительно ориентира, расположенного в границах участка. Почтовый адрес ориентира: Российская Федерация, Республика Татарстан (Татарстан), м.р-н Лаишевский, с.п. Кирбинское, с Кирби, ул Спартаковская, з/у 30.",Частная,для индивидуального жилищного строительства,ИЖС,0,нет,16:24:110102,733426.29,814.9181,,,,,нет,да,нет,нет,нет,да,нет,да,55.55813717904216,49.29733613881875
16:24:110103:29,2383.0,Земли населенных пунктов,Ранее учтенный,"Местоположение установлено относительно ориентира, расположенного в границах участка. Почтовый адрес ориентира: Российская Федерация, Республика Татарстан (Татарстан), м.р-н Лаишевский, с.п. Кирбинское, с Кирби, ул Дальняя, з/у 3.",,Ведение личного подсобного хозяйства,ЛПХ,0,нет,16:24:110103,2122489.49,890.6796,,,,,да,нет,нет,нет,да,да,нет,да,55.56263745554289,49.32087808917543
16:24:110101:67,3077.0,Земли населенных пунктов,Ранее учтенный,"Местоположение установлено относительно ориентира, расположенного в границах участка. Почтовый адрес ориентира: Российская Федерация, Республика Татарстан (Татарстан), м.р-н Лаишевский, с.п. Кирбинское, с Кирби, ул Чапаева, з/у 18.",Частная,Для ведения личного подсобного хозяйства,ЛПХ,0,нет,16:24:110101,2775754.01,902.0975,,,,,нет,нет,нет,нет,да,да,нет,да,55.564550365738306,49.31891910899723
16:24:110101:449,565.0,Земли населенных пунктов,Учтенный,"Российская Федерация, Республика Татарстан (Татарстан), м.р-н Лаишевский, с.п. Кирбинское, с Кирби, ул Молодежная, з/у 19б",Частная,Для ведения личного подсобного хозяйства,ЛПХ,0,нет,16:24:110101,531550.19,940.7968,,,,,нет,нет,нет,нет,да,да,нет,да,55.56612354779674,49.31439199470987
16:24:110101:66,3235.0,Земли населенных пунктов,Ранее учтенный,"Местоположение установлено относительно ориентира, расположенного в границах участка. Почтовый адрес ориентира: Российская Федерация, Республика Татарстан (Татарстан), м.р-н Лаишевский, с.п. Кирбинское, с Кирби, ул Чапаева, з/у 22.",,Для ведения личного подсобного хозяйства,ЛПХ,0,нет,16:24:110101,2891156.38,893.7114,,,,,да,нет,нет,нет,да,да,нет,да,55.56458192963165,49.318118729014415
16:24:110102:29,2951.0,Земли населенных пунктов,Ранее учтенный,"Местоположение установлено относительно ориентира, расположенного в границах участка. Почтовый адрес ориентира: Российская Федерация, Республика Татарстан (Татарстан), м.р-н Лаишевский, с.п. Кирбинское, с Кирби, ул Гвардейская, з/у 29.",Частная,Ведение личного подсобного хозяйства,ЛПХ,0,нет,16:24:110102,2639854.53,894.5627,,,,,нет,нет,нет,нет,да,да,нет,да,55.56225761831967,49.311106345149135
16:24:110105:21,2504.0,Земли населенных пунктов,Ранее учтенный,"Местоположение установлено относительно ориентира, расположенного в границах участка. Почтовый адрес ориентира: Российская Федерация, Республика Татарстан (Татарстан), м.р-н Лаишевский, с.п. Кирбинское, с Кирби, ул Татарстан, з/у 18.",Частная,Ведение личного подсобного хозяйства,ЛПХ,0,нет,16:24:110105,2005882.79,801.0714,,,,,нет,нет,нет,нет,да,да,нет,да,55.558956624475705,49.31732516355433
16:24:110103:70,,Земли населенных пунктов,Ранее учтенный,"Местоположение установлено относительно ориентира, расположенного в границах участка. Почтовый адрес ориентира: Российская Федерация, Республика Татарстан (Татарстан), м.р-н Лаишевский, с.п. Кирбинское, с Кирби, ул Школьная, з/у 8.",,Для ведения личного подсобного хозяйства,ЛПХ,0,нет,16:24:110103,1182959.14,841.96,,,,,да,нет,нет,нет,да,да,нет,да,55.56035379226282,49.3197335285854
16:24:110105:51,2050.0,Земли населенных пунктов,Ранее учтенный,"Местоположение установлено относительно ориентира, расположенного в границах участка. Почтовый адрес ориентира: Российская Федерация, Республика Татарстан (Татарстан), м.р-н Лаишевский, с.п. Кирбинское, с Кирби, ул Татарстан, з/у 11.",Частная,Ведение личного подсобного хозяйства,ЛПХ,0,нет,16:24:110105,1610735.02,785.7244,,,,,нет,нет,нет,нет,да,да,нет,да,55.55836716870876,49.31764691169758
16:24:110102:238,1008.0,Земли населенных пунктов,Учтенный,"Местоположение установлено относительно ориентира, расположенного в границах участка. Почтовый адрес ориентира: Российская Федерация, Республика Татарстан (Татарстан), м.р-н Лаишевский, с.п. Кирбинское, с Кирби, ул Гвардейская, з/у 27.",Частная,Для ведения личного подсобного хозяйства,ЛПХ,0,нет,16:24:110102,892380.18,885.2978,,,,,нет,нет,нет,нет,да,да,нет,да,55.56201135512059,49.311509019574565
16:24:110102:123,936.0,Земли населенных пунктов,Учтенный,"Местоположение установлено относительно ориентира, расположенного в границах участка. Почтовый адрес ориентира: Российская Федерация, Республика Татарстан (Татарстан), м.р-н Лаишевский, с.п. Кирбинское, с Кирби, ул Гвардейская, з/у 22Б.",Частная,Для ведения личного подсобного хозяйства,ЛПХ,0,нет,16:24:110102,835173.14,892.28,,,,,нет,нет,нет,нет,да,да,нет,да,55.56267043326417,49.31249569359137
16:24:110103:151,1263.0,Земли населенных пунктов,Учтенный,"Местоположение установлено относительно ориентира, расположенного в границах участка. Почтовый адрес ориентира: Российская Федерация, Республика Татарстан (Татарстан), м.р-н Лаишевский, с.п. Кирбинское, с Кирби, ул Ленина, з/у 1А.",Частная,для ведения личного подсобного хозяйства,ЛПХ,0,нет,16:24:110103,1109757.05,878.6675,,,,,нет,нет,нет,нет,да,да,нет,да,55.56164015917913,49.32266960229701
16:24:110104:51,2106.0,Земли населенных пунктов,Ранее учтенный,"Местоположение установлено относительно ориентира, расположенного в границах участка. Почтовый адрес ориентира: Российская Федерация, Республика Татарстан (Татарстан), м.р-н Лаишевский, с.п. Кирбинское, с Кирби, ул Лесная, з/у 5.",,Ведение личного подсобного хозяйства,ЛПХ,0,нет,16:24:110104,1658839.55,787.6731,,,,,да,нет,нет,нет,да,да,нет,да,55.55773937840879,49.3238197409227
16:24:110103:32,1537.0,Земли населенных пунктов,Ранее учтенный,"Местоположение установлено относительно ориентира, расположенного в границах участка. Почтовый адрес ориентира: Российская Федерация, Республика Татарстан (Татарстан), м.р-н Лаишевский, с.п. Кирбинское, с Кирби, ул Ленина, з/у 11.",,Для ведения личного подсобного хозяйства,ЛПХ,0,нет,16:24:110103,1331926.7,866.58,,,,,да,нет,нет,нет,да,да,нет,да,55.56184031688168,49.319821501690924
16:24:110103:41,1649.0,Земли населенных пунктов,Ранее учтенный,"Местоположение установлено относительно ориентира, расположенного в границах участка. Почтовый адрес ориентира: Российская Федерация, Республика Татарстан (Татарстан), м.р-н Лаишевский, с.п. Кирбинское, с Кирби, ул Ленина, з/у 5.",,Для ведения личного подсобного хозяйства,ЛПХ,0,нет,16:24:110103,1445406.38,876.54,,,,,да,нет,нет,нет,да,да,нет,да,55.56170496796625,49.321288808376934
16:24:110104:52,1824.0,Земли населенных пунктов,Ранее учтенный,"Местоположение установлено относительно ориентира, расположенного в границах участка. Почтовый адрес ориентира: Российская Федерация, Республика Татарстан (Татарстан), м.р-н Лаишевский, с.п. Кирбинское, с Кирби, ул Лесная, з/у 7.",,Для ведения личного подсобного хозяйства,ЛПХ,0,нет,16:24:110104,1422517.35,779.89,,,,,да,нет,нет,нет,да,да,нет,да,55.55752531011279,49.3244891861067
16:24:000000:6863,50347.0,Земли сельскохозяйственного назначения,Учтенный,"Местоположение установлено относительно ориентира, расположенного в границах участка. Почтовый адрес ориентира: Российская Федерация, Республика Татарстан, Лаишевский муниципальный район, Кирбинское сельское поселение.",Частная,Для сельскохозяйственного производства,СХ,0,нет,16:24:000000,60748.69,1.21,,,,,нет,нет,нет,нет,нет,нет,нет,нет,55.56358836429254,49.32302779323811
16:24:110301:433,1214.0,Земли населенных пунктов,Учтенный,"Местоположение установлено относительно ориентира, расположенного в границах участка. Почтовый адрес ориентира: Российская Федерация, Республика Татарстан (Татарстан), м.р-н Лаишевский, с.п. Кирбинское, кв-л 301, з/у 433.",Частная,Под размещение семенохранилища №2,ДРУГОЕ,0,нет,16:24:110301,149899.5,123.4757,,,,,нет,нет,нет,нет,нет,нет,нет,да,55.56731529800985,49.312516429028406
16:24:110301:395,611.0,Земли населенных пунктов,Учтенный,"Местоположение установлено относительно ориентира, расположенного в границах участка. Почтовый адрес ориентира: Республика Татарстан, Лаишевский муниципальный район, Кирбинское сельское поселение.",,"Для размещения автомобильной дороги ""Сокуры-Кирби-Травкино""",ТРАНСПОРТ,0,нет,16:24:110301,436246.36,713.9875,,,,,да,нет,нет,нет,нет,нет,нет,да,55.56669336297312,49.31453021826282
16:24:110302:1623,1000.0,Земли населенных пунктов,Учтенный,"Местоположение установлено относительно ориентира, расположенного в границах участка. Почтовый адрес ориентира: Российская Федерация, Республика Татарстан, Лаишевский муниципальный район, Кирбинское сельское поселение, с Кирби.",Частная,Для индивидуального жилищного строительства,ИЖС,0,нет,16:24:110302,721785.1,721.79,,,,,нет,да,нет,нет,нет,да,нет,да,55.55343889334289,49.320523054456146
16:24:110102:458,862.0,Земли населенных пунктов,Учтенный,"Российская Федерация, Республика Татарстан (Татарстан), м.р-н Лаишевский, с.п. Кирбинское, с Кирби, ул Юности, з/у 19",Частная,Для индивидуального жилищного строительства,ИЖС,0,нет,16:24:110102,748753.46,868.6235,,,,,нет,да,нет,нет,нет,да,нет,да,55.56255502050091,49.30768137602123
16:24:110102:24,3846.0,Земли населенных пунктов,Ранее учтенный,"Местоположение установлено относительно ориентира, расположенного в границах участка. Почтовый адрес ориентира: Российская Федерация, Республика Татарстан (Татарстан), м.р-н Лаишевский, с.п. Кирбинское, с Кирби, ул Юности, з/у 2/2.",,ведение личного подсобного хозяйства,ЛПХ,0,нет,16:24:110102,3335573.11,867.2837,,,,,да,нет,нет,нет,да,да,нет,да,55.55982539458555,49.30749840685497
16:24:110102:216,1500.0,Земли населенных пунктов,Учтенный,"Местоположение установлено относительно ориентира, расположенного в границах участка. Почтовый адрес ориентира: Российская Федерация, Республика Татарстан (Татарстан), м.р-н Лаишевский, с.п. Кирбинское, с Кирби, ул Юности, з/у 29.",Частная,Для индивидуального жилищного строительства,ИЖС,0,нет,16:24:110102,1275405.3,850.2702,,,,,нет,да,нет,нет,нет,да,нет,да,55.56090810753456,49.30578232023638
16:24:000000:5324,29324.0,Земли сельскохозяйственного назначения,Учтенный,"Местоположение установлено относительно ориентира, расположенного в границах участка. Почтовый адрес ориентира: Республика Татарстан, Лаишевский муниципальный район, Кирбинское сельское поселение.",Частная,для ведения сельскохозяйственного производства,СХ,0,нет,16:24:000000,3225906.85,110.0091,,,,,нет,нет,нет,нет,нет,нет,нет,нет,55.56433530468924,49.32698516816029
16:24:110101:136,2217.0,Земли населенных пунктов,Учтенный,"Местоположение установлено относительно ориентира, расположенного в границах участка. Почтовый адрес ориентира: Российская Федерация, Республика Татарстан (Татарстан), м.р-н Лаишевский, с.п. Кирбинское, с Кирби, ул Молодежная, з/у 2А.",,Для личного подсобного хозяйства,ЛПХ,0,нет,16:24:110101,2096516.47,945.6547,,,,,да,нет,нет,нет,да,да,нет,да,55.565539028277726,49.32263445474128
16:24:110102:456,1540.0,Земли населенных пунктов,Учтенный,"Местоположение установлено относительно ориентира, расположенного в границах участка. Почтовый адрес ориентира: Российская Федерация, Республика Татарстан (Татарстан), м.р-н Лаишевский, с.п. Кирбинское, с Кирби, ул Юности, з/у 10.",Частная,ведение личного подсобного хозяйства,ЛПХ,0,нет,16:24:110102,1405982.27,912.9755,,,,,нет,нет,нет,нет,да,да,нет,да,55.5629627251981,49.30970055101663
16:24:110102:288,4142.0,Земли населенных пунктов,Учтенный,"Местоположение установлено относительно ориентира, расположенного в границах участка. Почтовый адрес ориентира: Российская Федерация, Республика Татарстан (Татарстан), м.р-н Лаишевский, с.п. Кирбинское, с Кирби, ул Юности, з/у 1.",Частная,для ведения личного подсобного хозяйства,ЛПХ,0,нет,16:24:110102,3586073.6,865.7831,,,,,нет,нет,нет,нет,да,да,нет,да,55.559261301666204,49.307041914921705
16:24:110102:120,1500.0,Земли населенных пунктов,Учтенный,"Местоположение установлено относительно ориентира, расположенного в границах участка. Почтовый адрес ориентира: Российская Федерация, Республика Татарстан (Татарстан), м.р-н Лаишевский, с.п. Кирбинское, с Кирби, ул Юности, з/у 18В.",,для индивидуального жилищного строительства,ИЖС,0,нет,16:24:110102,1324586.1,883.0574,,,,,да,да,нет,нет,нет,да,нет,да,55.56353848932016,49.30781011798231
16:24:000000:663,29127.0,Земли населенных пунктов,Учтенный,"Местоположение установлено относительно ориентира, расположенного в границах участка. Почтовый адрес ориентира: Российская Федерация, Республика Татарстан (Татарстан), м.р-н Лаишевский, с.п. Кирбинское, с Кирби, ул Горького, з/у 13А.",Муниципальная,Под размещение кладбища,ДРУГОЕ,0,нет,16:24:000000,26017986.93,893.2601,,,,,да,нет,нет,нет,нет,нет,нет,да,55.563637000650786,49.32309524059848
16:24:110301:1051,15000.0,Земли населенных пунктов,Учтенный,"Местоположение установлено относительно ориентира, расположенного в границах участка. Почтовый адрес ориентира: Республика Татарстан, Лаишевский муниципальный район, Кирбинское сельское поселение, з/у 27.",Муниципальная,Сельскохозяйственное использование,СХ,0,нет,16:24:110301,1097542.5,73.17,,,,,да,нет,нет,нет,нет,нет,нет,да,55.56888561121113,49.31015452967055
16:24:110101:48,578.0,Земли населенных пунктов,Ранее учтенный,"Местоположение установлено относительно ориентира, расположенного в границах участка. Почтовый адрес ориентира: Российская Федерация, Республика Татарстан (Татарстан), м.р-н Лаишевский, с.п. Кирбинское, с Кирби, ул Молодежная, з/у 7.",Частная,Для ведения личного подсобного хозяйства,ЛПХ,0,нет,16:24:110101,528595.16,914.5245,,,,,нет,нет,нет,нет,да,да,нет,да,55.5651090322075,49.32022772719684
16:24:110106:429,743.0,Земли населенных пунктов,Учтенный,"Российская Федерация, Республика Татарстан (Татарстан), м.р-н Лаишевский, с.п. Кирбинское, с Кирби, ул Овражная, з/у 7Б",Частная,личное подсобное хозяйство,ДРУГОЕ,0,нет,16:24:110106,639066.86,860.1169,,,,,нет,нет,нет,нет,нет,нет,нет,да,55.558442877415246,49.30615449327493
16:24:110101:139,500.0,Земли населенных пунктов,Учтенный,"Местоположение установлено относительно ориентира, расположенного в границах участка. Почтовый адрес ориентира: Российская Федерация, Республика Татарстан (Татарстан), м.р-н Лаишевский, с.п. Кирбинское, с Кирби, ул Молодежная, з/у 14Б.",,для ведения личного подсобного хозяйства,ЛПХ,0,нет,16:24:110101,477832.95,955.6659,,,,,да,нет,нет,нет,да,да,нет,да,55.56643411207259,49.316929989008614
16:24:110102:721,1076.0,Земли населенных пунктов,Учтенный,"Местоположение установлено относительно ориентира, расположенного в границах участка. Почтовый адрес ориентира: Российская Федерация, Республика Татарстан (Татарстан), м.р-н Лаишевский, с.п. Кирбинское, с Кирби, ул Пионерская, з/у 15б.",Частная,Для ведения личного подсобного хозяйства,ЛПХ,0,нет,16:24:110102,935824.21,869.73,,,,,нет,нет,нет,нет,да,да,нет,да,55.56234495307551,49.31368839605859
16:24:110102:450,650.0,Земли населенных пунктов,Учтенный,"Местоположение установлено относительно ориентира, расположенного в границах участка. Почтовый адрес ориентира: Российская Федерация, Республика Татарстан (Татарстан), м.р-н Лаишевский, с.п. Кирбинское, с Кирби, ул Юности, з/у 32Г.",Частная,Для ведения личного подсобного хозяйства,ЛПХ,0,нет,16:24:110102,536186.3,824.9,,,,,нет,нет,нет,нет,да,да,нет,да,55.55998790444425,49.3046713443963
16:24:110102:4,3950.0,Земли населенных пунктов,Ранее учтенный,"Местоположение установлено относительно ориентира, расположенного в границах участка. Почтовый адрес ориентира: Российская Федерация, Республика Татарстан (Татарстан), м.р-н Лаишевский, с.п. Кирбинское, с Кирби, ул Спартаковская, з/у 2.",,Для ведения личного подсобного хозяйства,ЛПХ,0,нет,16:24:110102,3341302.63,845.8994,,,,,да,нет,нет,нет,да,да,нет,да,55.55898550356614,49.305291436928336
16:24:110106:2,1435.0,Земли населенных пунктов,Ранее учтенный,"Местоположение установлено относительно ориентира, расположенного в границах участка. Почтовый адрес ориентира: Российская Федерация, Республика Татарстан (Татарстан), м.р-н Лаишевский, с.п. Кирбинское, с Кирби, ул Спартаковская, з/у 21.",Частная,Для ведения личного подсобного хозяйства,ЛПХ,0,нет,16:24:110106,1128097.84,786.1309,,,,,нет,нет,нет,нет,да,да,нет,да,55.557357461386104,49.29624207417346
16:24:110106:47,1000.0,Земли населенных пунктов,Ранее учтенный,"Местоположение установлено относительно ориентира, расположенного в границах участка. Почтовый адрес ориентира: Российская Федерация, Республика Татарстан (Татарстан), м.р-н Лаишевский, с.п. Кирбинское, с Кирби, ул Спартаковская, з/у 19Д.",Частная,Для ведения личного подсобного хозяйства,ЛПХ,0,нет,16:24:110106,768256.3,768.2563,,,,,нет,нет,нет,нет,да,да,нет,да,55.55728733032893,49.29884359983107
16:24:110302:1728,1000.0,Земли населенных пунктов,Учтенный,"Республика Татарстан, Лаишевский муниципальный район, Кирбинское сельское поселение, с Кирби",Частная,Для индивидуального жилищного строительства,ИЖС,0,нет,16:24:110302,737538.4,737.54,,,,,нет,да,нет,нет,нет,да,нет,да,55.55401689631003,49.32016411064199
16:24:110302:1740,1000.0,Земли населенных пунктов,Учтенный,"Республика Татарстан, Лаишевский муниципальный район, Кирбинское сельское поселение, с Кирби",Частная,Для индивидуального жилищного строительства,ИЖС,0,нет,16:24:110302,739283.4,739.28,,,,,нет,да,нет,нет,нет,да,нет,да,55.55414712431239,49.32217473976702
16:24:110106:445,1925.0,Земли населенных пунктов,Учтенный,"Российская Федерация, Республика Татарстан (Татарстан), м.р-н Лаишевский, с.п. Кирбинское, с Кирби, ул Гвардейская, з/у 2а",Частная,Ведение личного подсобного хозяйства,ЛПХ,0,нет,16:24:110106,1591249.66,826.62,,,,,нет,нет,нет,нет,да,да,нет,да,55.55787717877488,49.31052667015433
16:24:110101:472,1000.0,Земли населенных пунктов,Учтенный,"Российская Федерация, Республика Татарстан (Татарстан), м.р-н Лаишевский, с.п. Кирбинское, с Кирби, ул Молодежная, з/у 20г",Частная,Для ведения личного подсобного хозяйства,ЛПХ,0,нет,16:24:110101,936686.8,936.69,,,,,нет,нет,нет,нет,да,да,нет,да,55.56548014250945,49.31241896747061
16:24:110302:2997,1144.0,Земли населенных пунктов,Учтенный,"Российская Федерация, Республика Татарстан, Лаишевский муниципальный район, Кирбинское сельское поселение",Частная,Для индивидуального жилищного строительства,ИЖС,0,нет,16:24:110302,709597.92,620.28,,,,,нет,да,нет,нет,нет,да,нет,да,55.55504589039092,49.30092265386498
16:24:110102:753,1000.0,Земли населенных пунктов,Учтенный,"Российская Федерация, Республика Татарстан (Татарстан), м.р-н Лаишевский, с.п. Кирбинское, с Кирби, ул Юности, з/у 4а",Частная,Ведение личного подсобного хозяйства,ЛПХ,0,нет,16:24:110102,864467.9,864.47,,,,,нет,нет,нет,нет,да,да,нет,да,55.560565915595674,49.30683498801013
16:24:110301:1239,1000.0,Земли населенных пунктов,Учтенный,"Республика Татарстан, Лаишевский муниципальный район, Кирбинское сельское поселение",Частная,для индивидуального жилищного строительства,ИЖС,0,нет,16:24:110301,599959.1,599.96,,,,,нет,да,нет,нет,нет,да,нет,да,55.56756687259699,49.29138128289723
16:24:110301:1191,1273.0,Земли населенных пунктов,Учтенный,"Республика Татарстан, Лаишевский муниципальный район, Кирбинское сельское поселение",Частная,для индивидуального жилищного строительства,ИЖС,0,нет,16:24:110301,777636.36,610.87,,,,,нет,да,нет,нет,нет,да,нет,да,55.56944938979111,49.29452433281382
16:24:110301:1410,1000.0,Земли населенных пунктов,Учтенный,"Республика Татарстан, Лаишевский муниципальный район, Кирбинское сельское поселение",Частная,для индивидуального жилищного строительства,ИЖС,0,нет,16:24:110301,648915.5,648.92,,,,,нет,да,нет,нет,нет,да,нет,да,55.57228533103704,49.29886451903185
16:24:110301:1422,1000.0,Земли населенных пунктов,Учтенный,"Республика Татарстан, Лаишевский муниципальный район, Кирбинское сельское поселение",Частная,для индивидуального жилищного строительства,ИЖС,0,нет,16:24:110301,617362.3,617.36,,,,,нет,да,нет,нет,нет,да,нет,да,55.572326538226356,49.297391897888986
16:24:110302:3264,1000.0,Земли населенных пунктов,Учтенный,"Российская Федерация, Республика Татарстан, Лаишевский муниципальный район, Кирбинское сельское поселение, с Кирби",Частная,Для индивидуального жилищного строительства,ИЖС,0,нет,16:24:110302,667865.0,667.86,,,,,нет,да,нет,нет,нет,да,нет,да,55.55585353816512,49.29640361246351
16:24:110302:3277,1000.0,Земли населенных пунктов,Учтенный,"Российская Федерация, Республика Татарстан, Лаишевский муниципальный район, Кирбинское сельское поселение, с Кирби",Частная,Для индивидуального жилищного строительства,ИЖС,0,нет,16:24:110302,749187.7,749.19,,,,,нет,да,нет,нет,нет,да,нет,да,55.555667790805686,49.31861374959235
16:24:110302:3281,1000.0,Земли населенных пунктов,Учтенный,"Российская Федерация, Республика Татарстан, Лаишевский муниципальный район, Кирбинское сельское поселение, с Кирби",Частная,Для индивидуального жилищного строительства,ИЖС,0,нет,16:24:110302,798162.6,798.16,,,,,нет,да,нет,нет,нет,да,нет,да,55.555771463205566,49.314920562296706
16:24:110302:3333,1039.0,Земли населенных пунктов,Учтенный,"Республика Татарстан, Лаишевский муниципальный район, Кирбинское сельское поселение, с Кирби",Частная,Для индивидуального жилищного строительства,ИЖС,0,нет,16:24:110302,799050.64,769.06,,,,,нет,да,нет,нет,нет,да,нет,да,55.555095013683136,49.31202207503694
16:24:110302:3328,1000.0,Земли населенных пунктов,Учтенный,"Республика Татарстан, Лаишевский муниципальный район, Кирбинское сельское поселение, с Кирби",Частная,Для индивидуального жилищного строительства,ИЖС,0,нет,16:24:110302,733151.0,733.15,,,,,нет,да,нет,нет,нет,да,нет,да,55.55543843607281,49.31092876727818
16:24:110302:3383,1000.0,Земли населенных пунктов,Учтенный,"Российская Федерация, Республика Татарстан, Лаишевский муниципальный район, Кирбинское сельское поселение, с Кирби",Частная,Для индивидуального жилищного строительства,ИЖС,0,нет,16:24:110302,635532.9,635.53,,,,,нет,да,нет,нет,нет,да,нет,да,55.55546233005529,49.29890299359313
16:24:110302:3387,1000.0,Земли населенных пунктов,Учтенный,"Российская Федерация, Республика Татарстан, Лаишевский муниципальный район, Кирбинское сельское поселение, с Кирби",Частная,Для индивидуального жилищного строительства,ИЖС,0,нет,16:24:110302,640047.7,640.05,,,,,нет,да,нет,нет,нет,да,нет,да,55.555860223321005,49.30037290830022
16:24:110101:59,643.23,,Ранее учтенный,-,,,ДРУГОЕ,0,нет,16:24:110101,0.0,0.0,,,,,да,нет,нет,нет,нет,нет,нет,нет,55.56430840375879,49.315335562862
16:24:110102:92,639.0,,Ранее учтенный,-,,,ДРУГОЕ,0,нет,16:24:110102,0.0,0.0,,,,,да,нет,нет,нет,нет,нет,нет,нет,55.56408168126063,49.31505372487759
16:24:110301:120,1.0,,Ранее учтенный,-,,,ДРУГОЕ,0,нет,16:24:110301,0.0,0.0,,,,,да,нет,нет,нет,нет,нет,нет,нет,55.564514229320174,49.28407772446269
16:24:110102:445,29.0,Земли населенных пунктов,Учтенный,"Местоположение установлено относительно ориентира, расположенного в границах участка. Почтовый адрес ориентира: Республика Татарстан, Лаишевский муниципальный район, Кирбинское сельское поселение, с Кирби.",,предоставление коммунальных услуг,ДРУГОЕ,0,нет,16:24:110102,20282.02,699.3799,,,,,да,нет,нет,нет,нет,нет,нет,да,55.56132101762675,49.30671722829087
16:24:110102:52,2026.0,Земли населенных пунктов,Ранее учтенный,"Местоположение установлено относительно ориентира, расположенного в границах участка. Почтовый адрес ориентира: Российская Федерация, Республика Татарстан (Татарстан), м.р-н Лаишевский, с.п. Кирбинское, с Кирби, ул Гвардейская, з/у 18.",Частная,Для ведения личного подсобного хозяйства,ЛПХ,0,нет,16:24:110102,1727828.52,852.8275,,,,,нет,нет,нет,нет,да,да,нет,да,55.56127044849106,49.312439158587274
16:24:110105:71,50.0,Земли населенных пунктов,Учтенный,"Местоположение установлено относительно ориентира, расположенного в границах участка. Почтовый адрес ориентира: Российская Федерация, Республика Татарстан (Татарстан), м.р-н Лаишевский, с.п. Кирбинское, с Кирби, ул Сельсоветская, з/у 8а.",,Под строительство гаража,ДРУГОЕ,0,нет,16:24:110105,41901.88,838.0375,,,,,да,нет,нет,нет,нет,нет,нет,да,55.5592273479442,49.321686577502796
16:24:110302:1390,38010.0,Земли сельскохозяйственного назначения,Учтенный,"Республика Татарстан, Лаишевский муниципальный район, Кирбинское сельское поселение",Частная,Для сельскохозяйственного производства,СХ,0,нет,16:24:110302,128093.7,3.37,,,,,нет,нет,нет,нет,нет,нет,нет,нет,55.55220075416519,49.29820937855365
16:24:110105:62,120.0,Земли населенных пунктов,Ранее учтенный,"Местоположение установлено относительно ориентира, расположенного в границах участка. Почтовый адрес ориентира: Российская Федерация, Республика Татарстан (Татарстан), м.р-н Лаишевский, с.п. Кирбинское, с Кирби, ул Сельсоветская, з/у 6А.",Частная,Под размещение магазина,ДРУГОЕ,0,нет,16:24:110105,106194.6,884.955,,,,,нет,нет,нет,нет,нет,нет,нет,да,55.55889455348189,49.321591212707006
16:24:110102:65,1867.0,Земли населенных пунктов,Ранее учтенный,"Местоположение установлено относительно ориентира, расположенного в границах участка. Почтовый адрес ориентира: Российская Федерация, Республика Татарстан (Татарстан), м.р-н Лаишевский, с.п. Кирбинское, с Кирби, ул Пионерская, з/у 12.",,Ведение личного подсобного хозяйства,ЛПХ,0,нет,16:24:110102,1581855.89,847.2715,,,,,да,нет,нет,нет,да,да,нет,да,55.56133804939186,49.31400891615263
16:24:110103:14,,Земли населенных пунктов,Ранее учтенный,"Местоположение установлено относительно ориентира, расположенного в границах участка. Почтовый адрес ориентира: Российская Федерация, Республика Татарстан (Татарстан), м.р-н Лаишевский, с.п. Кирбинское, с Кирби, ул Отрадная, з/у 5.",,Для ведения личного подсобного хозяйства,ЛПХ,0,нет,16:24:110103,2752093.33,860.84,,,,,да,нет,нет,нет,да,да,нет,да,55.56287367098605,49.316121746286335
16:24:110103:157,1163.0,Земли населенных пунктов,Учтенный,"Местоположение установлено относительно ориентира, расположенного в границах участка. Почтовый адрес ориентира: Российская Федерация, Республика Татарстан (Татарстан), м.р-н Лаишевский, с.п. Кирбинское, с Кирби, ул Дальняя, з/у 1.",Частная,для личного подсобного хозяйства,ЛПХ,0,нет,16:24:110103,1026242.02,882.4093,,,,,нет,нет,нет,нет,да,да,нет,да,55.56230933170031,49.320683786892175
16:24:110101:70,510.0,Земли населенных пунктов,Учтенный,"Местоположение установлено относительно ориентира, расположенного в границах участка. Почтовый адрес ориентира: Российская Федерация, Республика Татарстан (Татарстан), м.р-н Лаишевский, с.п. Кирбинское, с Кирби, ул Молодежная, з/у 14А.",,Для ведения личного подсобного хозяйства,ЛПХ,0,нет,16:24:110101,487046.38,954.9929,,,,,да,нет,нет,нет,да,да,нет,да,55.56597961084787,49.31663620597265
16:24:110102:266,1592.0,Земли населенных пунктов,Учтенный,"Местоположение установлено относительно ориентира, расположенного в границах участка. Почтовый адрес ориентира: Российская Федерация, Республика Татарстан (Татарстан), м.р-н Лаишевский, с.п. Кирбинское, с Кирби, ул Пионерская, з/у 19А.",,для ведения личного подсобного хозяйства,ЛПХ,0,нет,16:24:110102,1407521.91,884.1218,,,,,да,нет,нет,нет,да,да,нет,да,55.56347979883737,49.31468438176418
16:24:110102:397,309.0,Земли населенных пунктов,Учтенный,"Местоположение установлено относительно ориентира, расположенного в границах участка. Почтовый адрес ориентира: Республика Татарстан, Лаишевский муниципальный район, Кирбинское сельское поселение, с Кирби, ул. Чапаева.",Частная,для ведения личного подсобного хозяйства,ЛПХ,0,нет,16:24:110102,280808.94,908.7668,,,,,нет,нет,нет,нет,да,да,нет,да,55.56430767951648,49.31296811931387
16:24:110104:9,,Земли населенных пунктов,Ранее учтенный,"Местоположение установлено относительно ориентира, расположенного в границах участка. Почтовый адрес ориентира: Российская Федерация, Республика Татарстан (Татарстан), м.р-н Лаишевский, с.п. Кирбинское, с Кирби, ул Степная, з/у 8.",Частная,Личное подсобное хозяйство,ДРУГОЕ,0,нет,16:24:110104,2503658.57,833.4416,,,,,нет,нет,нет,нет,нет,нет,нет,да,55.56136202030873,49.326326081612905
16:24:110102:27,1868.0,Земли населенных пунктов,Ранее учтенный,"Местоположение установлено относительно ориентира, расположенного в границах участка. Почтовый адрес ориентира: Российская Федерация, Республика Татарстан (Татарстан), м.р-н Лаишевский, с.п. Кирбинское, с Кирби, ул Гвардейская, з/у 33.",,Ведение личного подсобного хозяйства,ЛПХ,0,нет,16:24:110102,1704521.23,912.4846,,,,,да,нет,нет,нет,да,да,нет,да,55.5630418025568,49.311138990958874
16:24:110103:19,2312.0,Земли населенных пунктов,Ранее учтенный,"Местоположение установлено относительно ориентира, расположенного в границах участка. Почтовый адрес ориентира: Российская Федерация, Республика Татарстан (Татарстан), м.р-н Лаишевский, с.п. Кирбинское, с Кирби, ул Гарая, з/у 5.",Частная,Для ведения личного подсобного хозяйства,ЛПХ,0,нет,16:24:110103,2018478.65,873.0444,,,,,нет,нет,нет,нет,да,да,нет,да,55.562868621576925,49.31903307008746
16:24:110104:129,1051.0,Земли населенных пунктов,Учтенный,"Местоположение установлено относительно ориентира, расположенного в границах участка. Почтовый адрес ориентира: Российская Федерация, Республика Татарстан (Татарстан), м.р-н Лаишевский, с.п. Кирбинское, с Кирби, ул Степная, з/у 1А.",Частная,ведение личного подсобного хозяйства,ЛПХ,0,нет,16:24:110104,881313.74,838.5478,,,,,нет,нет,нет,нет,да,да,нет,да,55.5605938696042,49.32444257538519
16:24:110105:162,1076.0,Земли населенных пунктов,Учтенный,"Местоположение установлено относительно ориентира, расположенного в границах участка. Почтовый адрес ориентира: Республика Татарстан, Лаишевский муниципальный район, Кирбинское сельское поселение, с Кирби.",Частная,Для ведения личного подсобного хозяйства,ЛПХ,0,нет,16:24:110105,857590.94,797.0176,,,,,нет,нет,нет,нет,да,да,нет,да,55.55886057375563,49.317695419670514
16:24:110105:61,,Земли населенных пунктов,Ранее учтенный,"Местоположение установлено относительно ориентира, расположенного в границах участка. Почтовый адрес ориентира: Российская Федерация, Республика Татарстан (Татарстан), м.р-н Лаишевский, с.п. Кирбинское, с Кирби, ул Сельсоветская, з/у 6.",,Для ведения личного подсобного хозяйства,ЛПХ,0,нет,16:24:110105,272847.37,809.64,,,,,да,нет,нет,нет,да,да,нет,да,55.55905777800801,49.321669374425994
16:24:110102:379,600.0,Земли населенных пунктов,Учтенный,"Местоположение установлено относительно ориентира, расположенного в границах участка. Почтовый адрес ориентира: Республика Татарстан, Лаишевский муниципальный район, Кирбинское сельское поселение, с Кирби.",Частная,Для индивидуального жилищного строительства,ИЖС,0,нет,16:24:110102,552392.34,920.6539,,,,,нет,да,нет,нет,нет,да,нет,да,55.56559235249032,49.30892696781139
16:24:110102:690,600.0,Земли населенных пунктов,Учтенный,"Местоположение установлено относительно ориентира, расположенного в границах участка. Почтовый адрес ориентира: Российская Федерация, Республика Татарстан (Татарстан), м.р-н Лаишевский, с.п. Кирбинское, с Кирби, ул Спартаковская, з/у 30А.",Частная,для индивидуального жилищного строительства,ИЖС,0,нет,16:24:110102,484572.84,807.6214,,,,,нет,да,нет,нет,нет,да,нет,да,55.55810759320508,49.296959727214244
16:24:110106:124,1433.0,Земли населенных пунктов,Учтенный,"Местоположение установлено относительно ориентира, расположенного в границах участка. Почтовый адрес ориентира: Республика Татарстан, Лаишевский муниципальный район, Кирбинское сельское поселение, с Кирби, ул. Овражная.",Частная,Ведение личного подсобного хозяйства,ЛПХ,0,нет,16:24:110106,1187050.63,828.3675,,,,,нет,нет,нет,нет,да,да,нет,да,55.557033773807575,49.307403577108545
16:24:110104:34,1805.0,Земли населенных пунктов,Ранее учтенный,"Местоположение установлено относительно ориентира, расположенного в границах участка. Почтовый адрес ориентира: Российская Федерация, Республика Татарстан (Татарстан), м.р-н Лаишевский, с.п. Кирбинское, с Кирби, ул Горького, з/у 4.",Частная,Для ведения личного подсобного хозяйства,ЛПХ,0,нет,16:24:110104,1446715.98,801.5047,,,,,нет,нет,нет,нет,да,да,нет,да,55.558458078674434,49.32298288452061
16:24:110105:27,1659.0,Земли населенных пунктов,Ранее учтенный,"Местоположение установлено относительно ориентира, расположенного в границах участка. Почтовый адрес ориентира: Российская Федерация, Республика Татарстан (Татарстан), м.р-н Лаишевский, с.п. Кирбинское, с Кирби, ул Школьная, з/у 2.",Частная,Для ведения личного подсобного хозяйства,ЛПХ,0,нет,16:24:110105,1345533.44,811.0509,,,,,нет,нет,нет,нет,да,да,нет,да,55.559419622203656,49.31990941776504
16:24:110101:155,590.0,Земли населенных пунктов,Учтенный,"Местоположение установлено относительно ориентира, расположенного в границах участка. Почтовый адрес ориентира: Российская Федерация, Республика Татарстан (Татарстан), м.р-н Лаишевский, с.п. Кирбинское, с Кирби, ул Молодежная, з/у 14Г.",,для ведения личного подсобного хозяйства,ЛПХ,0,нет,16:24:110101,563445.81,954.9929,,,,,да,нет,нет,нет,да,да,нет,да,55.56591514306606,49.31695532330476
16:24:110104:39,1029.0,Земли населенных пунктов,Ранее учтенный,"Местоположение установлено относительно ориентира, расположенного в границах участка. Почтовый адрес ориентира: Российская Федерация, Республика Татарстан (Татарстан), м.р-н Лаишевский, с.п. Кирбинское, с Кирби, ул Речная, з/у 5А.",,Для ведения личного подсобного хозяйства,ЛПХ,0,нет,16:24:110104,819495.6,796.4,,,,,да,нет,нет,нет,да,да,нет,да,55.55898605036418,49.32529967910596
16:24:110103:143,691.0,Земли населенных пунктов,Учтенный,"Местоположение установлено относительно ориентира, расположенного в границах участка. Почтовый адрес ориентира: Российская Федерация, Республика Татарстан (Татарстан), м.р-н Лаишевский, с.п. Кирбинское, с Кирби, ул Школьная, з/у 4.",,Для ведения личного подсобного хозяйства,ЛПХ,0,нет,16:24:110103,581590.24,841.6646,,,,,да,нет,нет,нет,да,да,нет,да,55.56017558196497,49.32071876285085
16:24:110104:370,2413.0,Земли населенных пунктов,Учтенный,"Республика Татарстан, Лаишевский муниципальный район, Кирбинское сельское поселение, с Кирби, ул. Лесная",Частная,Для ведения личного подсобного хозяйства,ЛПХ,0,нет,16:24:110104,1897864.8,786.5167,,,,,нет,нет,нет,нет,да,да,нет,да,55.55819031410252,49.32526445042088
16:24:110102:222,2674.0,Земли населенных пунктов,Учтенный,"Местоположение установлено относительно ориентира, расположенного в границах участка. Почтовый адрес ориентира: Российская Федерация, Республика Татарстан (Татарстан), м.р-н Лаишевский, с.п. Кирбинское, с Кирби, ул Гвардейская, з/у 19.",Частная,Для ведения личного подсобного хозяйства,ЛПХ,0,нет,16:24:110102,2342013.27,875.8464,,,,,нет,нет,нет,нет,да,да,нет,да,55.56076488517949,49.310650783933205
16:24:110106:123,1198.0,Земли населенных пунктов,Учтенный,"Местоположение установлено относительно ориентира, расположенного в границах участка. Почтовый адрес ориентира: Республика Татарстан, Лаишевский муниципальный район, Кирбинское сельское поселение, с Кирби, ул. Пионерская, д. 4.",Частная,Ведение личного подсобного хозяйства,ЛПХ,0,нет,16:24:110106,992640.04,828.581,,,,,нет,нет,нет,нет,да,да,нет,да,55.55906138585006,49.31246204132267
16:24:110105:33,1688.0,Земли населенных пунктов,Ранее учтенный,"Российская Федерация, Республика Татарстан (Татарстан), м.р-н Лаишевский, с.п. Кирбинское, с Кирби, ул Татарстан, з/у 4",Частная,Для ведения личного подсобного хозяйства,ЛПХ,0,нет,16:24:110105,1335968.11,791.4503,,,,,нет,нет,нет,нет,да,да,нет,да,55.55869249124833,49.31989807889737
16:24:110102:701,1100.0,Земли населенных пунктов,Учтенный,"Российская Федерация, Республика Татарстан, муниципальный район Лаишевский, сельское поселение Кирбинское, село Кирби, улица Гвардейская, земельный участок 15а",Частная,для ведения личного подсобного хозяйства,ЛПХ,0,нет,16:24:110102,967921.13,879.9283,,,,,нет,нет,нет,нет,да,да,нет,да,55.5604522137816,49.30931997170485
16:24:110102:86,,Земли населенных пунктов,Ранее учтенный,"Местоположение установлено относительно ориентира, расположенного в границах участка. Почтовый адрес ориентира: Российская Федерация, Республика Татарстан (Татарстан), м.р-н Лаишевский, с.п. Кирбинское, с Кирби, ул Пионерская, з/у 7.",,Для ведения личного подсобного хозяйства,ЛПХ,0,нет,16:24:110102,1432752.71,834.4512,,,,,да,нет,нет,нет,да,да,нет,да,55.55980658490533,49.312839596546944
16:24:110101:51,841.0,Земли населенных пунктов,Ранее учтенный,"Местоположение установлено относительно ориентира, расположенного в границах участка. Почтовый адрес ориентира: Российская Федерация, Республика Татарстан (Татарстан), м.р-н Лаишевский, с.п. Кирбинское, с Кирби, ул Молодежная, з/у 10.",Частная,Для ведения личного подсобного хозяйства,ЛПХ,0,нет,16:24:110101,768741.78,914.0806,,,,,нет,нет,нет,нет,да,да,нет,да,55.56525403901282,49.31913718493096
16:24:110101:17,3230.0,Земли населенных пунктов,Ранее учтенный,"Российская Федерация, Республика Татарстан (Татарстан), м.р-н Лаишевский, с.п. Кирбинское, с Кирби, ул Молодежная, з/у 8А",,Ведение личного подсобного хозяйства,ЛПХ,0,нет,16:24:110101,3054066.42,945.5314,,,,,да,нет,нет,нет,да,да,нет,да,55.56600702980236,49.32020072875836
16:24:110102:423,1500.0,Земли населенных пунктов,Учтенный,"Местоположение установлено относительно ориентира, расположенного в границах участка. Почтовый адрес ориентира: Республика Татарстан, Лаишевский муниципальный район, Кирбинское сельское поселение, с Кирби, ул. Счастливая, д. 14.",Частная,для индивидуального жилищного строительства,ИЖС,0,нет,16:24:110102,1242209.7,828.1398,,,,,нет,да,нет,нет,нет,да,нет,да,55.56427296822849,49.30517730537436
16:24:110101:235,700.0,Земли населенных пунктов,Учтенный,"Местоположение установлено относительно ориентира, расположенного в границах участка. Почтовый адрес ориентира: Республика Татарстан, Лаишевский муниципальный район, Кирбинское сельское поселение, с Кирби, ул. Молодежная.",Частная,для ведения личного подсобного хозяйства,ЛПХ,0,нет,16:24:110101,668495.03,954.9929,,,,,нет,нет,нет,нет,да,да,нет,да,55.566349250299794,49.31640977000914
16:24:110101:228,715.0,Земли населенных пунктов,Учтенный,"Местоположение установлено относительно ориентира, расположенного в границах участка. Почтовый адрес ориентира: Республика Татарстан, Лаишевский муниципальный район, Кирбинское сельское поселение, с Кирби, ул. Молодежная.",Частная,Для ведения личного подсобного хозяйства,ЛПХ,0,нет,16:24:110101,689911.01,964.9105,,,,,нет,нет,нет,нет,да,да,нет,да,55.566058995903816,49.32237438691577
16:24:110101:211,246.0,Земли населенных пунктов,Учтенный,"Местоположение установлено относительно ориентира, расположенного в границах участка. Почтовый адрес ориентира: Республика Татарстан, Лаишевский муниципальный район, Кирбинское сельское поселение, с Кирби.",Частная,Ведение личного подсобного хозяйства,ЛПХ,0,нет,16:24:110101,235487.12,957.2647,,,,,нет,нет,нет,нет,да,да,нет,да,55.566203972757194,49.31788250724812
16:24:110103:31,1637.0,Земли населенных пунктов,Ранее учтенный,"Местоположение установлено относительно ориентира, расположенного в границах участка. Почтовый адрес ориентира: Российская Федерация, Республика Татарстан (Татарстан), м.р-н Лаишевский, с.п. Кирбинское, с Кирби, ул Ленина, з/у 13.",Частная,Для ведения личного подсобного хозяйства,ЛПХ,0,нет,16:24:110103,1417216.38,865.74,,,,,нет,нет,нет,нет,да,да,нет,да,55.56190599334589,49.319483994950566
16:24:110103:21,1868.0,Земли населенных пунктов,Ранее учтенный,"Местоположение установлено относительно ориентира, расположенного в границах участка. Почтовый адрес ориентира: Российская Федерация, Республика Татарстан (Татарстан), м.р-н Лаишевский, с.п. Кирбинское, с Кирби, ул Горького, з/у 18.",,Ведение личного подсобного хозяйства,ЛПХ,0,нет,16:24:110104,1568298.45,839.5602,,,,,да,нет,нет,нет,да,да,нет,да,55.560154590798334,49.32355784110768
16:24:110105:6,,Земли населенных пунктов,Ранее учтенный,"Местоположение установлено относительно ориентира, расположенного в границах участка. Почтовый адрес ориентира: Российская Федерация, Республика Татарстан (Татарстан), м.р-н Лаишевский, с.п. Кирбинское, с Кирби, ул Татарстан, з/у 34.",,Для ведения личного подсобного хозяйства,ЛПХ,0,нет,16:24:110105,1421116.7,815.33,,,,,да,нет,нет,нет,да,да,нет,да,55.55951329405002,49.31394525452936
16:24:110105:55,1858.0,Земли населенных пунктов,Ранее учтенный,"Местоположение установлено относительно ориентира, расположенного в границах участка. Почтовый адрес ориентира: Российская Федерация, Республика Татарстан (Татарстан), м.р-н Лаишевский, с.п. Кирбинское, с Кирби, ул Татарстан, з/у 3.",Частная,Ведение личного подсобного хозяйства,ЛПХ,0,нет,16:24:110105,1444025.89,777.1937,,,,,нет,нет,нет,нет,да,да,нет,да,55.558127936393646,49.31921305586187
16:24:110105:17,2237.0,Земли населенных пунктов,Ранее учтенный,"Местоположение установлено относительно ориентира, расположенного в границах участка. Почтовый адрес ориентира: Российская Федерация, Республика Татарстан (Татарстан), м.р-н Лаишевский, с.п. Кирбинское, с Кирби, ул Татарстан, з/у 26.",Частная,Личное подсобное хозяйство,ДРУГОЕ,0,нет,16:24:110105,1785621.05,798.2213,,,,,нет,нет,нет,нет,нет,нет,нет,да,55.55933716808933,49.31572130828416
16:24:110103:62,1280.0,Земли населенных пунктов,Ранее учтенный,"Местоположение установлено относительно ориентира, расположенного в границах участка. Почтовый адрес ориентира: Российская Федерация, Республика Татарстан (Татарстан), м.р-н Лаишевский, с.п. Кирбинское, с Кирби, ул Школьная, з/у 22А.",Частная,Личное подсобное хозяйство,ДРУГОЕ,0,нет,16:24:110103,1045080.96,816.4695,,,,,нет,нет,нет,нет,нет,нет,нет,да,55.56096788862559,49.31642698295256
16:24:110101:77,2092.0,Земли населенных пунктов,Ранее учтенный,"Местоположение установлено относительно ориентира, расположенного в границах участка. Почтовый адрес ориентира: Российская Федерация, Республика Татарстан (Татарстан), м.р-н Лаишевский, с.п. Кирбинское, с Кирби, ул Молодежная, з/у 6Б.",,под огородничество,ДРУГОЕ,0,нет,16:24:110101,988483.39,472.5064,,,,,да,нет,нет,нет,нет,нет,нет,да,55.566139739835634,49.32113265525625
16:24:110102:56,,Земли населенных пунктов,Ранее учтенный,"Местоположение установлено относительно ориентира, расположенного в границах участка. Почтовый адрес ориентира: Российская Федерация, Республика Татарстан (Татарстан), м.р-н Лаишевский, с.п. Кирбинское, с Кирби, ул Гвардейская, з/у 10.",Частная,Ведение личного подсобного хозяйства,ЛПХ,0,нет,16:24:110102,1837401.28,846.7287,,,,,нет,нет,нет,нет,да,да,нет,да,55.560331999266445,49.311646999895935
16:24:110106:439,1046.0,Земли населенных пунктов,Учтенный,"Республика Татарстан, Лаишевский муниципальный район, Кирбинское сельское поселение, с Кирби, ул. Овражная",Частная,Ведение личного подсобного хозяйства,ЛПХ,0,нет,16:24:110106,879017.29,840.3607,,,,,нет,нет,нет,нет,да,да,нет,да,55.55725118184935,49.30790368215398
16:24:110103:8,1638.0,Земли населенных пунктов,Ранее учтенный,"Местоположение установлено относительно ориентира, расположенного в границах участка. Почтовый адрес ориентира: Российская Федерация, Республика Татарстан (Татарстан), м.р-н Лаишевский, с.п. Кирбинское, с Кирби, ул Чапаева, з/у 5.",,Для ведения личного подсобного хозяйства,ЛПХ,0,нет,16:24:110103,1457938.1,890.07,,,,,да,нет,нет,нет,да,да,нет,да,55.56350044462381,49.31999046350121
16:24:110101:194,2188.0,Земли населенных пунктов,Учтенный,"Местоположение установлено относительно ориентира, расположенного в границах участка. Почтовый адрес ориентира: Российская Федерация, Республика Татарстан (Татарстан), м.р-н Лаишевский, с.п. Кирбинское, с Кирби, ул Чапаева, з/у 42.",Частная,для ведения личного подсобного хозяйства,ЛПХ,0,нет,16:24:110101,2005513.58,916.6,,,,,нет,нет,нет,нет,да,да,нет,да,55.56481452352826,49.31348548844754
16:24:110103:2,2658.0,Земли населенных пунктов,Ранее учтенный,"Местоположение установлено относительно ориентира, расположенного в границах участка. Почтовый адрес ориентира: Российская Федерация, Республика Татарстан (Татарстан), м.р-н Лаишевский, с.п. Кирбинское, с Кирби, ул Чапаева, з/у 17.",,Для ведения личного подсобного хозяйства,ЛПХ,0,нет,16:24:110103,2319100.22,872.4982,,,,,да,нет,нет,нет,да,да,нет,да,55.56374972283413,49.316329072341944
16:24:000000:5546,1668.0,Земли населенных пунктов,Ранее учтенный,"Местоположение установлено относительно ориентира, расположенного в границах участка. Почтовый адрес ориентира: Российская Федерация, Республика Татарстан (Татарстан), м.р-н Лаишевский, с.п. Кирбинское, с Кирби, ул Гарая, з/у 1.",Частная,Для личного подсобного хозяйства,ЛПХ,0,нет,16:24:110103,1451017.39,869.9145,,,,,нет,нет,нет,нет,да,да,нет,да,55.56247714383586,49.318844747146834
16:24:110102:59,3735.0,Земли населенных пунктов,Ранее учтенный,"Местоположение установлено относительно ориентира, расположенного в границах участка. Почтовый адрес ориентира: Российская Федерация, Республика Татарстан (Татарстан), м.р-н Лаишевский, с.п. Кирбинское, с Кирби, ул Пионерская, з/у 18.",Частная,Для ведения личного подсобного хозяйства,ЛПХ,0,нет,16:24:110102,3268613.54,875.1308,,,,,нет,нет,нет,нет,да,да,нет,да,55.56300013403771,49.31469939506579
16:24:110101:44,899.0,Земли населенных пунктов,Ранее учтенный,"Местоположение установлено относительно ориентира, расположенного в границах участка. Почтовый адрес ориентира: Российская Федерация, Республика Татарстан (Татарстан), м.р-н Лаишевский, с.п. Кирбинское, с Кирби, ул Молодежная, з/у 3.",,Ведение личного подсобного хозяйства,ЛПХ,0,нет,16:24:110101,837447.36,931.5321,,,,,да,нет,нет,нет,да,да,нет,да,55.56490992258033,49.321750808368535
16:24:110105:70,35.0,Земли населенных пунктов,Ранее учтенный,"Местоположение установлено относительно ориентира, расположенного в границах участка. Почтовый адрес ориентира: Российская Федерация, Республика Татарстан (Татарстан), м.р-н Лаишевский, с.п. Кирбинское, с Кирби, ул Татарстан, з/у 23А.",,Для строительства гаража,ДРУГОЕ,0,нет,16:24:110105,29076.79,830.7655,,,,,да,нет,нет,нет,нет,нет,нет,да,55.55887084698604,49.31466965108517
16:24:110105:137,1196.0,Земли населенных пунктов,Учтенный,"Местоположение установлено относительно ориентира, расположенного в границах участка. Почтовый адрес ориентира: Российская Федерация, Республика Татарстан (Татарстан), м.р-н Лаишевский, с.п. Кирбинское, с Кирби, ул Татарстан, з/у 36.",Частная,Ведение личного подсобного хозяйства,ЛПХ,0,нет,16:24:110105,982409.71,821.4128,,,,,нет,нет,нет,нет,да,да,нет,да,55.55949880595207,49.313567988731556
16:24:110102:688,1423.0,Земли населенных пунктов,Учтенный,"Местоположение установлено относительно ориентира, расположенного в границах участка. Почтовый адрес ориентира: Российская Федерация, Республика Татарстан, Лаишевский муниципальный район, Кирбинское сельское поселение, с Кирби, ул. Пионерская.",Частная,для ведения личного подсобного хозяйства,ЛПХ,0,нет,16:24:110102,1178918.36,828.4739,,,,,нет,нет,нет,нет,да,да,нет,да,55.55939678544244,49.31286352695434
16:24:110101:36,,Земли населенных пунктов,Ранее учтенный,"Местоположение установлено относительно ориентира, расположенного в границах участка. Почтовый адрес ориентира: Российская Федерация, Республика Татарстан (Татарстан), м.р-н Лаишевский, с.п. Кирбинское, с Кирби, ул Чапаева, з/у 16.",,Ведение личного подсобного хозяйства,ЛПХ,0,нет,16:24:110101,2427757.79,903.1837,,,,,да,нет,нет,нет,да,да,нет,да,55.56452845012159,49.319331789586634
16:24:110103:1,2423.0,Земли населенных пунктов,Ранее учтенный,"Местоположение установлено относительно ориентира, расположенного в границах участка. Почтовый адрес ориентира: Российская Федерация, Республика Татарстан (Татарстан), м.р-н Лаишевский, с.п. Кирбинское, с Кирби, ул Чапаева, з/у 19.",Частная,Для ведения личного подсобного хозяйства,ЛПХ,0,нет,16:24:110103,2134382.66,880.8843,,,,,нет,нет,нет,нет,да,да,нет,да,55.56378718267014,49.31556251051499
16:24:110103:73,2095.0,Земли населенных пунктов,Ранее учтенный,"Местоположение установлено относительно ориентира, расположенного в границах участка. Почтовый адрес ориентира: Российская Федерация, Республика Татарстан (Татарстан), м.р-н Лаишевский, с.п. Кирбинское, с Кирби, ул Школьная, з/у 4А.",,Ведение личного подсобного хозяйства,ЛПХ,0,нет,16:24:110103,1763287.34,841.6646,,,,,да,нет,нет,нет,да,да,нет,да,55.56046383753897,49.32092753563256
16:24:110102:124,923.0,Земли населенных пунктов,Учтенный,"Российская Федерация, Республика Татарстан (Татарстан), м.р-н Лаишевский, с.п. Кирбинское, с Кирби, ул Гвардейская, з/у 22а",Частная,Для ведения личного подсобного хозяйства,ЛПХ,0,нет,16:24:110102,823591.79,892.3,,,,,нет,нет,нет,нет,да,да,нет,да,55.56269627120703,49.312270857381094
16:24:110105:463,600.0,Земли населенных пунктов,Учтенный,"Местоположение установлено относительно ориентира, расположенного в границах участка. Почтовый адрес ориентира: Российская Федерация, Республика Татарстан (Татарстан), м.р-н Лаишевский, с.п. Кирбинское, с Кирби, ул Татарстан, з/у 2А.",Частная,Ведение личного подсобного хозяйства,ЛПХ,0,нет,16:24:110105,472710.06,787.8501,,,,,нет,нет,нет,нет,да,да,нет,да,55.558496583508926,49.32013946876183
16:24:110102:694,1653.0,Земли населенных пунктов,Учтенный,"Местоположение установлено относительно ориентира, расположенного в границах участка. Почтовый адрес ориентира: Российская Федерация, Республика Татарстан (Татарстан), м.р-н Лаишевский, с.п. Кирбинское, с Кирби, ул Гвардейская, з/у 21.",Частная,Для ведения личного подсобного хозяйства,ЛПХ,0,нет,16:24:110102,1430199.4,865.2144,,,,,нет,нет,нет,нет,да,да,нет,да,55.56099391154463,49.31100818108784
16:24:110106:56,2600.0,Земли населенных пунктов,Учтенный,"Местоположение установлено относительно ориентира, расположенного в границах участка. Почтовый адрес ориентира: Российская Федерация, Республика Татарстан (Татарстан), м.р-н Лаишевский, с.п. Кирбинское, с Кирби, ул Гвардейская, з/у 7.",Частная,Для ведения личного подсобного хозяйства,ЛПХ,0,нет,16:24:110106,2245813.44,863.7744,,,,,нет,нет,нет,нет,да,да,нет,да,55.55886090284543,49.309434280714754
16:24:110103:60,1843.0,Земли населенных пунктов,Ранее учтенный,"Местоположение установлено относительно ориентира, расположенного в границах участка. Почтовый адрес ориентира: Российская Федерация, Республика Татарстан (Татарстан), м.р-н Лаишевский, с.п. Кирбинское, с Кирби, ул Школьная, з/у 26.",,Ведение личного подсобного хозяйства,ЛПХ,0,нет,16:24:110103,1518237.41,823.7859,,,,,да,нет,нет,нет,да,да,нет,да,55.560948079788794,49.31531210282549
16:24:110105:52,1614.0,Земли населенных пунктов,Ранее учтенный,"Местоположение установлено относительно ориентира, расположенного в границах участка. Почтовый адрес ориентира: Российская Федерация, Республика Татарстан (Татарстан), м.р-н Лаишевский, с.п. Кирбинское, с Кирби, ул Татарстан, з/у 9.",Частная,Ведение личного подсобного хозяйства,ЛПХ,0,нет,16:24:110105,1259003.44,780.0517,,,,,нет,нет,нет,нет,да,да,нет,да,55.55835043127643,49.317944393147464
16:24:110105:32,1861.0,Земли населенных пунктов,Ранее учтенный,"Местоположение установлено относительно ориентира, расположенного в границах участка. Почтовый адрес ориентира: Российская Федерация, Республика Татарстан (Татарстан), м.р-н Лаишевский, с.п. Кирбинское, с Кирби, ул Татарстан, з/у 6.",Частная,Ведение личного подсобного хозяйства,ЛПХ,0,нет,16:24:110105,1474887.35,792.52,,,,,нет,нет,нет,нет,да,да,нет,да,55.558681415441185,49.31951986700511
16:24:110105:16,1676.0,Земли населенных пунктов,Ранее учтенный,"Местоположение установлено относительно ориентира, расположенного в границах участка. Почтовый адрес ориентира: Российская Федерация, Республика Татарстан (Татарстан), м.р-н Лаишевский, с.п. Кирбинское, с Кирби, ул Татарстан, з/у 26А.",,Ведение личного подсобного хозяйства,ЛПХ,0,нет,16:24:110105,1349292.46,805.0671,,,,,да,нет,нет,нет,да,да,нет,да,55.5596511267141,49.31617268267284
16:24:110103:179,1229.0,Земли населенных пунктов,Учтенный,"Местоположение установлено относительно ориентира, расположенного в границах участка. Почтовый адрес ориентира: Республика Татарстан, Лаишевский муниципальный район, Кирбинское сельское поселение, с Кирби.",Частная,Для ведения личного подсобного хозяйства,ЛПХ,0,нет,16:24:110103,1014454.33,825.4307,,,,,нет,нет,нет,нет,да,да,нет,да,55.561000742027005,49.31494468675745
16:24:110102:54,2117.0,Земли населенных пунктов,Ранее учтенный,"Местоположение установлено относительно ориентира, расположенного в границах участка. Почтовый адрес ориентира: Республика Татарстан, р-н. Лаишевский, с/п. Кирбинское, с. Кирби.",Частная,Для ведения личного подсобного хозяйства,ЛПХ,0,нет,16:24:110102,1805283.61,852.76,,,,,нет,нет,нет,нет,да,да,нет,да,55.560796212257266,49.31195306008205
16:24:110104:56,3897.0,Земли населенных пунктов,Ранее учтенный,"Местоположение установлено относительно ориентира, расположенного в границах участка. Почтовый адрес ориентира: Российская Федерация, Республика Татарстан (Татарстан), м.р-н Лаишевский, с.п. Кирбинское, с Кирби, ул Болотная, з/у 2.",,Ведение личного подсобного хозяйства,ЛПХ,0,нет,16:24:110104,3072873.74,788.5229,,,,,да,нет,нет,нет,да,да,нет,да,55.55709232763675,49.3224135101001
16:24:110104:374,18.0,Земли населенных пунктов,Учтенный,"Республика Татарстан, Лаишевский муниципальный район, Кирбинское сельское поселение, с Кирби",Муниципальная,коммунальное обслуживание(площадка ТКО),ДРУГОЕ,0,нет,16:24:110104,12617.9,700.9947,,,,,да,нет,нет,нет,нет,нет,нет,да,55.56112738999261,49.32398709589184
16:24:110103:27,1930.0,Земли населенных пунктов,Ранее учтенный,"Местоположение установлено относительно ориентира, расположенного в границах участка. Почтовый адрес ориентира: Российская Федерация, Республика Татарстан (Татарстан), м.р-н Лаишевский, с.п. Кирбинское, с Кирби, ул Ленина, з/у 15.",Частная,Для ведения личного подсобного хозяйства,ЛПХ,0,нет,16:24:110103,1666626.99,863.5373,,,,,нет,нет,нет,нет,да,да,нет,да,55.56200976323922,49.31888430469452
16:24:110103:81,2511.0,Земли населенных пунктов,Ранее учтенный,"Местоположение установлено относительно ориентира, расположенного в границах участка. Почтовый адрес ориентира: Российская Федерация, Республика Татарстан (Татарстан), м.р-н Лаишевский, с.п. Кирбинское, с Кирби, ул Ленина, з/у 2.",Муниципальная,Под размещение здания сельского дома культуры,ДРУГОЕ,0,нет,16:24:110103,754948.97,300.6567,,,,,да,нет,нет,нет,нет,нет,нет,да,55.560904333065636,49.32202879397188
16:24:110104:63,1650.0,Земли населенных пунктов,Ранее учтенный,"Местоположение установлено относительно ориентира, расположенного в границах участка. Почтовый адрес ориентира: Российская Федерация, Республика Татарстан (Татарстан), м.р-н Лаишевский, с.п. Кирбинское, с Кирби, ул Болотная, з/у 1.",Частная,Ведение личного подсобного хозяйства,ЛПХ,0,нет,16:24:110104,1270662.36,770.1,,,,,нет,нет,нет,нет,да,да,нет,да,55.55667981040545,49.321928282747315
16:24:110104:146,985.0,Земли населенных пунктов,Учтенный,"Местоположение установлено относительно ориентира, расположенного в границах участка. Почтовый адрес ориентира: Российская Федерация, Республика Татарстан (Татарстан), м.р-н Лаишевский, с.п. Кирбинское, с Кирби, ул Болотная, з/у 3А.",Частная,для ведения личного подсобного хозяйства,ЛПХ,0,нет,16:24:110104,753599.76,765.0759,,,,,нет,нет,нет,нет,да,да,нет,да,55.55640062873003,49.322829802799866
16:24:110104:11,3370.0,Земли населенных пунктов,Ранее учтенный,"Местоположение установлено относительно ориентира, расположенного в границах участка. Почтовый адрес ориентира: Российская Федерация, Республика Татарстан (Татарстан), м.р-н Лаишевский, с.п. Кирбинское, с Кирби, ул Степная, з/у 12.",Частная,Для ведения личного подсобного хозяйства,ЛПХ,0,нет,16:24:110104,2752272.93,816.6982,,,,,нет,нет,нет,нет,да,да,нет,да,55.56127147243567,49.32704991734954
16:24:110104:378,1454.0,Земли населенных пунктов,Учтенный,"Республика Татарстан (Татарстан), Лаишевский р-н, с Кирби, ул Степная, д 1Б",Частная,Для ведения личного подсобного хозяйства,ЛПХ,0,нет,16:24:110104,1206673.87,829.9,,,,,нет,нет,нет,нет,да,да,нет,да,55.5604834851183,49.325250600393055
16:24:110104:372,1500.0,Земли населенных пунктов,Учтенный,"Местоположение установлено относительно ориентира, расположенного в границах участка. Почтовый адрес ориентира: Российская Федерация, Республика Татарстан (Татарстан), м.р-н Лаишевский, с.п. Кирбинское, с Кирби, ул Болотная, з/у 14.",Частная,для ведения личного подсобного хозяйства,ЛПХ,0,нет,16:24:110104,1124630.4,749.7536,,,,,нет,нет,нет,нет,да,да,нет,да,55.556452771517584,49.32514733845248
16:24:000000:6636,49829.0,Земли населенных пунктов,Учтенный,"Республика Татарстан, Лаишевский муниципальный район, Кирбинское сельское поселение",Муниципальная,водные объекты,ВОДНЫЙ,0,нет,16:24:000000,421304.2,8.455,,,,,да,нет,нет,нет,нет,нет,нет,да,55.55721957643785,49.31538148485507
16:24:110101:68,1367.0,Земли населенных пунктов,Учтенный,"Местоположение установлено относительно ориентира, расположенного в границах участка. Почтовый адрес ориентира: Российская Федерация, Республика Татарстан (Татарстан), м.р-н Лаишевский, с.п. Кирбинское, с Кирби, ул Молодежная, з/у 1Б.",,Для ведения личного подсобного хозяйства,ЛПХ,0,нет,16:24:110101,1309061.21,957.6161,,,,,да,нет,нет,нет,да,да,нет,да,55.56590818299279,49.323178041042404
16:24:110102:432,981.0,Земли населенных пунктов,Учтенный,"Местоположение установлено относительно ориентира, расположенного в границах участка. Почтовый адрес ориентира: Российская Федерация, Республика Татарстан (Татарстан), м.р-н Лаишевский, с.п. Кирбинское, с Кирби, ул Юности, з/у 22Б.",Частная,Для ведения личного подсобного хозяйства,ЛПХ,0,нет,16:24:110102,844437.05,860.7921,,,,,нет,нет,нет,нет,да,да,нет,да,55.561742394682526,49.30660611730921
16:24:110101:122,851.0,Земли населенных пунктов,Учтенный,"Местоположение установлено относительно ориентира, расположенного в границах участка. Почтовый адрес ориентира: Российская Федерация, Республика Татарстан (Татарстан), м.р-н Лаишевский, с.п. Кирбинское, с Кирби, ул Молодежная, з/у 2.",,Для личного подсобного хозяйства,ЛПХ,0,нет,16:24:110101,789559.08,927.8015,,,,,да,нет,нет,нет,да,да,нет,да,55.5648329481639,49.32226497263436
16:24:110101:69,1367.0,Земли населенных пунктов,Учтенный,"Местоположение установлено относительно ориентира, расположенного в границах участка. Почтовый адрес ориентира: Российская Федерация, Республика Татарстан (Татарстан), м.р-н Лаишевский, с.п. Кирбинское, с Кирби, ул Молодежная, з/у 1А.",,Для ведения личного подсобного хозяйства,ЛПХ,0,нет,16:24:110101,1304524.14,954.2971,,,,,да,нет,нет,нет,да,да,нет,да,55.56554957775929,49.32304245148493
16:24:110103:58,1700.0,Земли населенных пунктов,Ранее учтенный,"Местоположение установлено относительно ориентира, расположенного в границах участка. Почтовый адрес ориентира: Российская Федерация, Республика Татарстан (Татарстан), м.р-н Лаишевский, с.п. Кирбинское, с Кирби, ул Школьная, з/у 30.",,Для ведения личного подсобного хозяйства,ЛПХ,0,нет,16:24:110103,1396472.96,827.78,,,,,да,нет,нет,нет,да,да,нет,да,55.56094958225297,49.31457736213114
16:24:110103:42,2168.0,Земли населенных пунктов,Ранее учтенный,"Российская Федерация, Республика Татарстан (Татарстан), м.р-н Лаишевский, с.п. Кирбинское, с Кирби, ул Ленина, з/у 3",Частная,Для ведения личного подсобного хозяйства,ЛПХ,0,нет,16:24:110103,1903857.82,878.16,,,,,нет,нет,нет,нет,да,да,нет,да,55.561642313675726,49.321624948125155
16:24:110102:113,1500.0,Земли населенных пунктов,Учтенный,"Местоположение установлено относительно ориентира, расположенного в границах участка. Почтовый адрес ориентира: Российская Федерация, Республика Татарстан (Татарстан), м.р-н Лаишевский, с.п. Кирбинское, с Кирби, ул Юности, з/у 15А.",,Для индивидуального жилищного строительства,ИЖС,0,нет,16:24:110102,1387699.8,925.1332,,,,,да,да,нет,нет,нет,да,нет,да,55.56410116460283,49.30808902834131
16:24:110302:1659,1000.0,Земли населенных пунктов,Учтенный,"Местоположение установлено относительно ориентира, расположенного в границах участка. Почтовый адрес ориентира: Российская Федерация, Республика Татарстан, Лаишевский муниципальный район, Кирбинское сельское поселение, с Кирби.",Частная,Для индивидуального жилищного строительства,ИЖС,0,нет,16:24:110302,757141.9,757.14,,,,,нет,да,нет,нет,нет,да,нет,да,55.55449442796921,49.319642138147266
16:24:110102:14,2228.0,Земли населенных пунктов,Ранее учтенный,"Местоположение установлено относительно ориентира, расположенного в границах участка. Почтовый адрес ориентира: Российская Федерация, Республика Татарстан (Татарстан), м.р-н Лаишевский, с.п. Кирбинское, с Кирби, ул Юности, з/у 7.",,Для ведения личного подсобного хозяйства,ЛПХ,0,нет,16:24:110102,1980874.47,889.0819,,,,,да,нет,нет,нет,да,да,нет,да,55.56211202961367,49.308917082109495
16:24:110106:33,3366.0,Земли населенных пунктов,Ранее учтенный,"Местоположение установлено относительно ориентира, расположенного в границах участка. Почтовый адрес ориентира: Российская Федерация, Республика Татарстан (Татарстан), м.р-н Лаишевский, с.п. Кирбинское, с Кирби, ул Овражная, з/у 8.",,Для ведения личного подсобного хозяйства,ЛПХ,0,нет,16:24:110106,2887184.82,857.7495,,,,,да,нет,нет,нет,да,да,нет,да,55.55818785749368,49.30769899644262
16:24:110101:5,2500.0,Земли населенных пунктов,Ранее учтенный,"Местоположение установлено относительно ориентира, расположенного в границах участка. Почтовый адрес ориентира: Российская Федерация, Республика Татарстан (Татарстан), м.р-н Лаишевский, с.п. Кирбинское, с Кирби, ул Юности, з/у 13Б.",Частная,Для ведения личного подсобного хозяйства,ЛПХ,0,нет,16:24:110101,2317362.75,926.9451,,,,,нет,нет,нет,нет,да,да,нет,да,55.56567502136505,49.31118825543776
16:24:110103:38,1597.0,Земли населенных пунктов,Ранее учтенный,"Местоположение установлено относительно ориентира, расположенного в границах участка. Почтовый адрес ориентира: Российская Федерация, Республика Татарстан (Татарстан), м.р-н Лаишевский, с.п. Кирбинское, с Кирби, ул Дальняя, з/у 2.",,Ведение личного подсобного хозяйства,ЛПХ,0,нет,16:24:110103,1412203.78,884.2854,,,,,да,нет,нет,нет,да,да,нет,да,55.562181610954035,49.32166755307396
16:24:110103:45,3097.0,Земли населенных пунктов,Ранее учтенный,"Местоположение установлено относительно ориентира, расположенного в границах участка. Почтовый адрес ориентира: Российская Федерация, Республика Татарстан (Татарстан), м.р-н Лаишевский, с.п. Кирбинское, с Кирби, ул Ленина, з/у 28.",,Для ведения личного подсобного хозяйства,ЛПХ,0,нет,16:24:110103,2591598.4,836.81,,,,,да,нет,нет,нет,да,да,нет,да,55.56163418833698,49.31525809957737
16:24:110102:40,3728.0,Земли населенных пунктов,Ранее учтенный,"Местоположение установлено относительно ориентира, расположенного в границах участка. Почтовый адрес ориентира: Российская Федерация, Республика Татарстан (Татарстан), м.р-н Лаишевский, с.п. Кирбинское, с Кирби, ул Чапаева, з/у 27.",Частная,Для ведения личного подсобного хозяйства,ЛПХ,0,нет,16:24:110102,3399979.62,912.0117,,,,,нет,нет,нет,нет,да,да,нет,да,55.56422021427018,49.31239425303758
16:24:110102:230,1000.0,Земли населенных пунктов,Учтенный,"Местоположение установлено относительно ориентира, расположенного в границах участка. Почтовый адрес ориентира: Российская Федерация, Республика Татарстан (Татарстан), м.р-н Лаишевский, с.п. Кирбинское, с Кирби, ул Юности, з/у 2В.",Частная,для ведения личного подсобного хозяйства,ЛПХ,0,нет,16:24:110102,854393.8,854.3938,,,,,нет,нет,нет,нет,да,да,нет,да,55.5596356667181,49.30624686921972
16:24:110103:406,706.0,Земли населенных пунктов,Учтенный,"Республика Татарстан, Лаишевский муниципальный район, Кирбинское сельское поселение, с Кирби",Частная,Для индивидуального жилищного строительства,ИЖС,0,нет,16:24:110103,594602.52,842.21,,,,,нет,да,нет,нет,нет,да,нет,да,55.56037599908487,49.32239923138567
16:24:110103:398,500.0,Земли населенных пунктов,Учтенный,"Российская Федерация, Республика Татарстан (Татарстан), м.р-н Лаишевский, с.п. Кирбинское, с Кирби, ул Школьная, з/у 6Б",Частная,Для ведения личного подсобного хозяйства,ЛПХ,0,нет,16:24:110103,422471.75,844.94,,,,,нет,нет,нет,нет,да,да,нет,да,55.56068500888391,49.32025742941806
16:24:110102:201,1000.0,Земли населенных пунктов,Учтенный,"Местоположение установлено относительно ориентира, расположенного в границах участка. Почтовый адрес ориентира: Российская Федерация, Республика Татарстан (Татарстан), м.р-н Лаишевский, с.п. Кирбинское, с Кирби, ул Ильфара Билалова, з/у 7.",Частная,Для индивидуального жилищного строительства,ИЖС,0,нет,16:24:110102,875014.6,875.0146,,,,,нет,да,нет,нет,нет,да,нет,да,55.564258599448124,49.30679548929082
16:24:110102:263,1000.0,Земли населенных пунктов,Учтенный,"Местоположение установлено относительно ориентира, расположенного в границах участка. Почтовый адрес ориентира: Российская Федерация, Республика Татарстан (Татарстан), м.р-н Лаишевский, с.п. Кирбинское, с Кирби, ул Счастливая, з/у 11.",Частная,Для индивидуального жилищного строительства,ИЖС,0,нет,16:24:110102,828139.8,828.1398,,,,,нет,да,нет,нет,нет,да,нет,да,55.564050146693376,49.30584962647055
16:24:110102:286,1500.0,Земли населенных пунктов,Учтенный,"Местоположение установлено относительно ориентира, расположенного в границах участка. Почтовый адрес ориентира: Республика Татарстан, Лаишевский муниципальный район, Кирбинское сельское поселение, с Кирби.",Частная,Для индивидуального жилищного строительства,ИЖС,0,нет,16:24:110102,1226296.65,817.5311,,,,,нет,да,нет,нет,нет,да,нет,да,55.5623012293766,49.30483736685711
16:24:110102:228,1000.0,Земли населенных пунктов,Учтенный,"Местоположение установлено относительно ориентира, расположенного в границах участка. Почтовый адрес ориентира: Российская Федерация, Республика Татарстан (Татарстан), м.р-н Лаишевский, с.п. Кирбинское, с Кирби, ул Юности, з/у 14Г.",,Для ведения личного подсобного хозяйства,ЛПХ,0,нет,16:24:110102,940894.8,940.8948,,,,,да,нет,нет,нет,да,да,нет,да,55.56504727945004,49.30878598996363
16:24:110102:200,1000.0,Земли населенных пунктов,Учтенный,"Местоположение установлено относительно ориентира, расположенного в границах участка. Почтовый адрес ориентира: Российская Федерация, Республика Татарстан (Татарстан), м.р-н Лаишевский, с.п. Кирбинское, с Кирби, ул Ильфара Билалова, з/у 3.",,Для индивидуального жилищного строительства,ИЖС,0,нет,16:24:110102,906009.1,906.0091,,,,,да,да,нет,нет,нет,да,нет,да,55.565035766602605,49.30759005542951
16:24:110102:292,2333.0,Земли населенных пунктов,Учтенный,"Местоположение установлено относительно ориентира, расположенного в границах участка. Почтовый адрес ориентира: Российская Федерация, Республика Татарстан (Татарстан), м.р-н Лаишевский, с.п. Кирбинское, с Кирби, ул Гвардейская, з/у 11.",,Для ведения личного подсобного хозяйства,ЛПХ,0,нет,16:24:110102,2022616.51,866.96,,,,,да,нет,нет,нет,да,да,нет,да,55.559755102652396,49.310192307075816
16:24:110102:243,1500.0,Земли населенных пунктов,Учтенный,"Местоположение установлено относительно ориентира, расположенного в границах участка. Почтовый адрес ориентира: Российская Федерация, Республика Татарстан (Татарстан), м.р-н Лаишевский, с.п. Кирбинское, с Кирби, ул Счастливая, з/у 5.",Частная,для ведения личного подсобного хозяйства,ЛПХ,0,нет,16:24:110102,1327842.75,885.2285,,,,,нет,нет,нет,нет,да,да,нет,да,55.564952799241105,49.30684432742851
16:24:110102:272,1500.0,Земли населенных пунктов,Учтенный,"Местоположение установлено относительно ориентира, расположенного в границах участка. Почтовый адрес ориентира: Российская Федерация, Республика Татарстан (Татарстан), м.р-н Лаишевский, с.п. Кирбинское, с Кирби, ул Ильфара Билалова, з/у 14.",Частная,Для индивидуального жилищного строительства,ИЖС,0,нет,16:24:110102,1224757.35,816.5049,,,,,нет,да,нет,нет,нет,да,нет,да,55.56258792601807,49.3051209001889
16:24:110102:256,1500.0,Земли населенных пунктов,Учтенный,"Местоположение установлено относительно ориентира, расположенного в границах участка. Почтовый адрес ориентира: Российская Федерация, Республика Татарстан (Татарстан), м.р-н Лаишевский, с.п. Кирбинское, с Кирби, ул Счастливая, з/у 7.",Частная,Для индивидуального жилищного строительства,ИЖС,0,нет,16:24:110102,1326153.9,884.1026,,,,,нет,да,нет,нет,нет,да,нет,да,55.564676285999695,49.30656260500144
16:24:110102:253,1000.0,Земли населенных пунктов,Учтенный,"Местоположение установлено относительно ориентира, расположенного в границах участка. Почтовый адрес ориентира: Российская Федерация, Республика Татарстан (Татарстан), м.р-н Лаишевский, с.п. Кирбинское, с Кирби, ул Ильфара Билалова, з/у 11.",Частная,Для индивидуального жилищного строительства,ИЖС,0,нет,16:24:110102,812193.3,812.1933,,,,,нет,да,нет,нет,нет,да,нет,да,55.56348142687076,49.30600101795227
16:24:110102:115,1700.0,Земли населенных пунктов,Учтенный,"Местоположение установлено относительно ориентира, расположенного в границах участка. Почтовый адрес ориентира: Российская Федерация, Республика Татарстан (Татарстан), м.р-н Лаишевский, с.п. Кирбинское, с Кирби, ул Юности, з/у 17.",,Для ведения личного подсобного хозяйства,ЛПХ,0,нет,16:24:110102,1551131.85,912.4305,,,,,да,нет,нет,нет,да,да,нет,да,55.56467892509909,49.30891646281762
16:24:110302:1691,776417.0,Земли сельскохозяйственного назначения,Учтенный,"Российская Федерация, Республика Татарстан, Лаишевский муниципальный район, с/п Кирбинское",,Для сельскохозяйственного производства,СХ,0,нет,16:24:110302,595356.56,0.77,,,,,да,нет,нет,нет,нет,нет,нет,нет,55.560284826843436,49.334280901289574
16:24:110102:718,1173.0,Земли населенных пунктов,Учтенный,"Местоположение установлено относительно ориентира, расположенного в границах участка. Почтовый адрес ориентира: Российская Федерация, Республика Татарстан (Татарстан), м.р-н Лаишевский, с.п. Кирбинское, с Кирби, ул Гвардейская, з/у 22Д.",Частная,для ведения личного подсобного хозяйства,ЛПХ,0,нет,16:24:110102,1027299.91,875.79,,,,,нет,нет,нет,нет,да,да,нет,да,55.562333731195814,49.312922445348086
16:24:110102:255,1500.0,Земли населенных пунктов,Учтенный,"Местоположение установлено относительно ориентира, расположенного в границах участка. Почтовый адрес ориентира: Российская Федерация, Республика Татарстан (Татарстан), м.р-н Лаишевский, с.п. Кирбинское, с Кирби, ул Счастливая, з/у 3.",Частная,Для ведения личного подсобного хозяйства,ЛПХ,0,нет,16:24:110102,1355020.05,903.3467,,,,,нет,нет,нет,нет,да,да,нет,да,55.56525967168263,49.30715931238978
16:24:110102:416,224.0,Земли населенных пунктов,Учтенный,"Местоположение установлено относительно ориентира, расположенного в границах участка. Почтовый адрес ориентира: Республика Татарстан, Лаишевский муниципальный район, Кирбинское сельское поселение, с Кирби, ул. Гвардейская, д.17.",Частная,Для ведения личного подсобного хозяйства,ЛПХ,0,нет,16:24:110102,199735.24,891.6752,,,,,нет,нет,нет,нет,да,да,нет,да,55.56076012494591,49.30967142863996
16:24:110103:55,,Земли населенных пунктов,Ранее учтенный,"Местоположение установлено относительно ориентира, расположенного в границах участка. Почтовый адрес ориентира: Российская Федерация, Республика Татарстан (Татарстан), м.р-н Лаишевский, с.п. Кирбинское, с Кирби, ул Ленина, з/у 8.",,Для ведения личного подсобного хозяйства,ЛПХ,0,нет,16:24:110103,1191015.14,850.7251,,,,,да,нет,нет,нет,да,да,нет,да,55.56122121671871,49.31961521577991
16:24:110103:51,1789.0,Земли населенных пунктов,Ранее учтенный,"Местоположение установлено относительно ориентира, расположенного в границах участка. Почтовый адрес ориентира: Российская Федерация, Республика Татарстан (Татарстан), м.р-н Лаишевский, с.п. Кирбинское, с Кирби, ул Ленина, з/у 16.",,Для ведения личного подсобного хозяйства,ЛПХ,0,нет,16:24:110103,1501644.74,839.3766,,,,,да,нет,нет,нет,да,да,нет,да,55.56135408986779,49.31787212071218
16:24:110103:173,1500.0,Земли населенных пунктов,Учтенный,"Местоположение установлено относительно ориентира, расположенного в границах участка. Почтовый адрес ориентира: Российская Федерация, Республика Татарстан (Татарстан), м.р-н Лаишевский, с.п. Кирбинское, с Кирби, ул Гарая, з/у 4.",Частная, Для ведения личного подсобного хозяйства,ЛПХ,0,нет,16:24:110103,1315786.35,877.1909,,,,,нет,нет,нет,нет,да,да,нет,да,55.562422908718965,49.319857861906925
16:24:110104:38,2789.0,Земли населенных пунктов,Ранее учтенный,"Местоположение установлено относительно ориентира, расположенного в границах участка. Почтовый адрес ориентира: Российская Федерация, Республика Татарстан (Татарстан), м.р-н Лаишевский, с.п. Кирбинское, с Кирби, ул Речная, з/у 5.",,Для ведения личного подсобного хозяйства,ЛПХ,0,нет,16:24:110104,2221246.62,796.4312,,,,,да,нет,нет,нет,да,да,нет,да,55.55898079185243,49.324926046708725
16:24:110102:63,2367.0,Земли населенных пунктов,Ранее учтенный,"Местоположение установлено относительно ориентира, расположенного в границах участка. Почтовый адрес ориентира: Российская Федерация, Республика Татарстан (Татарстан), м.р-н Лаишевский, с.п. Кирбинское, с Кирби, ул Пионерская, з/у 14.",Частная,личное подсобное хозяйство,ДРУГОЕ,0,нет,16:24:110102,2037171.1,860.6553,,,,,нет,нет,нет,нет,нет,нет,нет,да,55.562072134252205,49.31387257769132
16:24:110106:12,1000.0,Земли населенных пунктов,Ранее учтенный,"Местоположение установлено относительно ориентира, расположенного в границах участка. Почтовый адрес ориентира: Российская Федерация, Республика Татарстан (Татарстан), м.р-н Лаишевский, с.п. Кирбинское, с Кирби, ул Спартаковская, з/у 17А.",,Для индивидуального жилищного строительства,ИЖС,0,нет,16:24:110106,778222.5,778.2225,,,,,да,да,нет,нет,нет,да,нет,да,55.557502897275114,49.299285349565025
16:24:110106:6,1675.0,Земли населенных пунктов,Ранее учтенный,"Местоположение установлено относительно ориентира, расположенного в границах участка. Почтовый адрес ориентира: Российская Федерация, Республика Татарстан (Татарстан), м.р-н Лаишевский, с.п. Кирбинское, с Кирби, ул Спартаковская, з/у 21В.",,Для ведения личного подсобного хозяйства,ЛПХ,0,нет,16:24:110106,1302760.4,777.7674,,,,,да,нет,нет,нет,да,да,нет,да,55.55723003266951,49.297792950886866
16:24:110106:10,1405.0,Земли населенных пунктов,Ранее учтенный,"Местоположение установлено относительно ориентира, расположенного в границах участка. Почтовый адрес ориентира: Российская Федерация, Республика Татарстан (Татарстан), м.р-н Лаишевский, с.п. Кирбинское, с Кирби, ул Спартаковская, з/у 19Г.",Частная,Для ведения личного подсобного хозяйства,ЛПХ,0,нет,16:24:110106,1089917.23,775.74,,,,,нет,нет,нет,нет,да,да,нет,да,55.55752989456894,49.298838646247575
16:24:110102:89,491.0,Земли населенных пунктов,Ранее учтенный,"Российская Федерация, Республика Татарстан (Татарстан), м.р-н Лаишевский, с.п. Кирбинское, с Кирби, ул Спартаковская, з/у 2А",Муниципальная,Под размещение водонопорных башен и скважин,ДРУГОЕ,0,нет,16:24:110102,342346.02,697.2424,,,,,да,нет,нет,нет,нет,нет,нет,да,55.559189457684056,49.30561876909164
16:24:110106:15,2834.0,Земли населенных пунктов,Ранее учтенный,"Местоположение установлено относительно ориентира, расположенного в границах участка. Почтовый адрес ориентира: Российская Федерация, Республика Татарстан (Татарстан), м.р-н Лаишевский, с.п. Кирбинское, с Кирби, ул Спартаковская, з/у 15А.",,Личное подсобное хозяйство,ДРУГОЕ,0,нет,16:24:110106,2182267.57,770.0309,,,,,да,нет,нет,нет,нет,нет,нет,да,55.55730615576247,49.30031045911174
16:24:110102:78,2189.0,Земли населенных пунктов,Ранее учтенный,"Местоположение установлено относительно ориентира, расположенного в границах участка. Почтовый адрес ориентира: Российская Федерация, Республика Татарстан (Татарстан), м.р-н Лаишевский, с.п. Кирбинское, с Кирби, ул Спартаковская, з/у 16Б.",,Для ведения личного подсобного хозяйства,ЛПХ,0,нет,16:24:110102,1810415.51,827.05,,,,,да,нет,нет,нет,да,да,нет,да,55.55860643008659,49.29999778403921
16:24:110106:5,1000.0,Земли населенных пунктов,Ранее учтенный,"Местоположение установлено относительно ориентира, расположенного в границах участка. Почтовый адрес ориентира: Российская Федерация, Республика Татарстан (Татарстан), м.р-н Лаишевский, с.п. Кирбинское, с Кирби, ул Спартаковская, з/у 21Б.",,Для ведения личного подсобного хозяйства,ЛПХ,0,нет,16:24:110106,800259.9,800.2599,,,,,да,нет,нет,нет,да,да,нет,да,55.55749900905664,49.29747604068048
16:24:110102:79,2193.0,Земли населенных пунктов,Ранее учтенный,"Местоположение установлено относительно ориентира, расположенного в границах участка. Почтовый адрес ориентира: Российская Федерация, Республика Татарстан (Татарстан), м.р-н Лаишевский, с.п. Кирбинское, с Кирби, ул Спартаковская, з/у 20.",,Для ведения личного подсобного хозяйства,ЛПХ,0,нет,16:24:110102,1806601.95,823.8039,,,,,да,нет,нет,нет,да,да,нет,да,55.55843599787711,49.29967835237962
16:24:110106:4,2306.0,Земли населенных пунктов,Ранее учтенный,"Местоположение установлено относительно ориентира, расположенного в границах участка. Почтовый адрес ориентира: Российская Федерация, Республика Татарстан (Татарстан), м.р-н Лаишевский, с.п. Кирбинское, с Кирби, ул Спартаковская, з/у 19А.",Частная,Для ведения личного подсобного хозяйства,ЛПХ,0,нет,16:24:110106,1804438.77,782.5,,,,,нет,нет,нет,нет,да,да,нет,да,55.557358391379324,49.29715624180357
16:24:110106:77,1075.0,Земли населенных пунктов,Учтенный,"Местоположение установлено относительно ориентира, расположенного в границах участка. Почтовый адрес ориентира: Российская Федерация, Республика Татарстан (Татарстан), м.р-н Лаишевский, с.п. Кирбинское, с Кирби, ул Спартаковская, з/у 20Б.",,Для ведения личного подсобного хозяйства,ЛПХ,0,нет,16:24:110106,844885.28,785.9398,,,,,да,нет,нет,нет,да,да,нет,да,55.55738135053764,49.296804672696005
16:24:110302:1732,1000.0,Земли населенных пунктов,Учтенный,"Республика Татарстан, Лаишевский муниципальный район, Кирбинское сельское поселение, с Кирби",Частная,Для индивидуального жилищного строительства,ИЖС,0,нет,16:24:110302,736676.5,736.68,,,,,нет,да,нет,нет,нет,да,нет,да,55.554343172748325,49.32117863934334
16:24:110302:1752,1000.0,Земли населенных пунктов,Учтенный,"Республика Татарстан, Лаишевский муниципальный район, Кирбинское сельское поселение, с Кирби",Частная,Для индивидуального жилищного строительства,ИЖС,0,нет,16:24:110302,765606.4,765.61,,,,,нет,да,нет,нет,нет,да,нет,да,55.55457765040268,49.32081427776237
16:24:110302:1725,2474.0,Земли населенных пунктов,Учтенный,"Республика Татарстан, Лаишевский муниципальный район, Кирбинское сельское поселение, с Кирби",Частная,Для индивидуального жилищного строительства,ИЖС,0,нет,16:24:110302,1796058.19,725.97,,,,,нет,да,нет,нет,нет,да,нет,да,55.554775489203045,49.3205007646531
16:24:110302:1731,1000.0,Земли населенных пунктов,Учтенный,"Республика Татарстан, Лаишевский муниципальный район, Кирбинское сельское поселение, с Кирби",Частная,Для индивидуального жилищного строительства,ИЖС,0,нет,16:24:110302,736676.5,736.68,,,,,нет,да,нет,нет,нет,да,нет,да,55.55417884582854,49.32097658687868
16:24:110302:1729,1000.0,Земли населенных пунктов,Учтенный,"Республика Татарстан, Лаишевский муниципальный район, Кирбинское сельское поселение, с Кирби",Частная,Для индивидуального жилищного строительства,ИЖС,0,нет,16:24:110302,733052.2,733.05,,,,,нет,да,нет,нет,нет,да,нет,да,55.5538082814874,49.32060369653522
16:24:110101:466,1000.0,Земли населенных пунктов,Учтенный,"Российская Федерация, Республика Татарстан (Татарстан), м.р-н Лаишевский, с.п. Кирбинское, с Кирби, ул Чапаева, з/у 38",Частная,для ведения личного подсобного хозяйства,ЛПХ,0,нет,16:24:110101,911041.7,911.04,,,,,нет,нет,нет,нет,да,да,нет,да,55.56475666380133,49.31419036673311
16:24:110102:726,1066.0,Земли населенных пунктов,Учтенный,"Российская Федерация, Республика Татарстан (Татарстан), м.р-н Лаишевский, с.п. Кирбинское, с Кирби, ул Счастливая, з/у 26",Частная,для индивидуального жилищного строительства,ИЖС,0,нет,16:24:110102,832807.6,781.25,,,,,нет,да,нет,нет,нет,да,нет,да,55.563197302794414,49.30394158738004
16:24:110102:733,1067.0,Земли населенных пунктов,Учтенный,"Республика Татарстан, Лаишевский муниципальный район, Кирбинское сельское поселение, с Кирби",Муниципальная,для индивидуального жилищного строительства,ИЖС,0,нет,16:24:110102,841298.98,788.47,,,,,да,да,нет,нет,нет,да,нет,да,55.562009698310874,49.302716497336284
16:24:110102:728,1066.0,Земли населенных пунктов,Учтенный,"Республика Татарстан, Лаишевский муниципальный район, Кирбинское сельское поселение, с Кирби",Муниципальная,для индивидуального жилищного строительства,ИЖС,0,нет,16:24:110102,832117.25,780.6,,,,,да,да,нет,нет,нет,да,нет,да,55.56285393600332,49.30359052569697
16:24:110102:731,1067.0,Земли населенных пунктов,Учтенный,"Республика Татарстан, Лаишевский муниципальный район, Кирбинское сельское поселение, с Кирби",Муниципальная,для индивидуального жилищного строительства,ИЖС,0,нет,16:24:110102,839416.69,786.71,,,,,да,да,нет,нет,нет,да,нет,да,55.562338704811694,49.303063683098586
16:24:110102:727,1067.0,Земли населенных пунктов,Учтенный,"Республика Татарстан, Лаишевский муниципальный район, Кирбинское сельское поселение, с Кирби",Муниципальная,для индивидуального жилищного строительства,ИЖС,0,нет,16:24:110102,833238.23,780.92,,,,,да,да,нет,нет,нет,да,нет,да,55.56302563233445,49.30376606717859
16:24:110102:739,1500.0,Земли населенных пунктов,Учтенный,"Республика Татарстан, Лаишевский муниципальный район, Кирбинское сельское поселение",Муниципальная,для индивидуального жилищного строительства (2.1),ИЖС,0,нет,16:24:110102,1186528.35,791.02,,,,,да,да,нет,нет,нет,да,нет,да,55.562630070612784,49.30447121410858
16:24:110102:741,1857.0,Земли населенных пунктов,Учтенный,"Российская Федерация, Республика Татарстан, Лаишевский муниципальный район, с Кирби, ул. Гвардейская, д. 18а",Частная,Для ведения личного подсобного хозяйства,ЛПХ,0,нет,16:24:110102,1599602.9,861.39,,,,,нет,нет,нет,нет,да,да,нет,да,55.56158715492308,49.31254955425448
16:24:110102:743,1126.0,Земли населенных пунктов,Учтенный,"Местоположение установлено относительно ориентира, расположенного в границах участка. Почтовый адрес ориентира: Российская Федерация, Республика Татарстан, Лаишевский муниципальный район, Кирбинское сельское поселение, с Кирби, ул. Гвардейская.",Частная,Для ведения личного подсобного хозяйства,ЛПХ,0,нет,16:24:110102,982825.38,872.85,,,,,нет,нет,нет,нет,да,да,нет,да,55.561960888626075,49.312700651153854
16:24:110302:2885,1000.0,Земли населенных пунктов,Учтенный,"Республика Татарстан, Лаишевский муниципальный район, Кирбинское сельское поселение
",Частная,для индивидуального жилищного строительства (код 2.1),ИЖС,0,нет,16:24:110302,750986.2,750.99,,,,,нет,да,нет,нет,нет,да,нет,да,55.556095349715804,49.31701327460188
16:24:110302:2973,1420.0,Земли населенных пунктов,Учтенный,"Российская Федерация, Республика Татарстан, Лаишевский муниципальный район, Кирбинское сельское поселение",Частная,Для индивидуального жилищного строительства,ИЖС,0,нет,16:24:110302,1129702.73,795.57,,,,,нет,да,нет,нет,нет,да,нет,да,55.556951851015,49.29308695472355
16:24:110302:2935,1093.0,Земли населенных пунктов,Учтенный,"Республика Татарстан, Лаишевский муниципальный район, Кирбинское сельское поселение, с Кирби",Частная,Для индивидуального жилищного строительства,ИЖС,0,нет,16:24:110302,678387.06,620.67,,,,,нет,да,нет,нет,нет,да,нет,да,55.55417926372561,49.299445218068136
16:24:110302:2989,1000.0,Земли населенных пунктов,Учтенный,"Российская Федерация, Республика Татарстан, Лаишевский муниципальный район, Кирбинское сельское поселение",Частная,Для индивидуального жилищного строительства,ИЖС,0,нет,16:24:110302,618545.9,618.55,,,,,нет,да,нет,нет,нет,да,нет,да,55.55540245920238,49.302163926545674
16:24:110102:750,1000.0,Земли населенных пунктов,Учтенный,"Российская Федерация, Республика Татарстан (Татарстан), м.р-н Лаишевский, с.п. Кирбинское, с Кирби, ул Юности, з/у 19А",Частная,Для индивидуального жилищного строительства,ИЖС,0,нет,16:24:110102,854567.8,854.57,,,,,нет,да,нет,нет,нет,да,нет,да,55.562643369988756,49.30713154515161
16:24:110102:764,1212.0,Земли населенных пунктов,Учтенный,"Российская Федерация, Республика Татарстан, Лаишевский муниципальный район муниципальный район, с Кирби,  Кирбинское сельское поселение, ул. Юности, д. 22А",Частная,для ведения личного подсобного хозяйства,ЛПХ,0,нет,16:24:110102,1042257.82,859.9487,,,,,нет,нет,нет,нет,да,да,нет,да,55.56191858153407,49.306560840249
16:24:110105:475,2261.0,Земли населенных пунктов,Учтенный,"Республика Татарстан, Лаишевский муниципальный район, Кирбинское сельское поселение, с Кирби, ул. Татарстан, д. 30",Частная,для ведения личного подсобного хозяйства,ЛПХ,0,нет,16:24:110105,1818753.6,804.4,,,,,нет,нет,нет,нет,да,да,нет,да,55.559277762882594,49.31464185448152
16:24:110101:477,1090.0,Земли населенных пунктов,Учтенный,"Республика Татарстан, Лаишевский муниципальный район, Кирбинское сельское поселение, с Кирби, ул. Юности, д.14 а",Частная,Ведение личного подсобного хозяйства,ЛПХ,0,нет,16:24:110101,1008995.56,925.68,,,,,нет,нет,нет,нет,да,да,нет,да,55.56581885946957,49.31050339102122
16:24:110101:482,2500.0,Земли населенных пунктов,Учтенный,"Российская Федерация, Республика Татарстан, Лаишевский муниципальный район, Кирбинское сельское поселение, с Кирби, ул. Чапаева",Частная,Ведение личного подсобного хозяйства,ЛПХ,0,нет,16:24:110101,2259699.75,903.88,,,,,нет,нет,нет,нет,да,да,нет,да,55.56469613459659,49.315702000348715
16:24:110301:1094,175430.0,Земли населенных пунктов,Учтенный,"Республика Татарстан, Лаишевский муниципальный район, Кирбинское сельское поселение, с Кирби",Частная,Для сельскохозяйственного производства,СХ,0,нет,16:24:110301,653880.24,3.73,,,,,нет,нет,нет,нет,нет,нет,нет,да,55.572038604864346,49.294144641031835
16:24:110302:3219,3900.0,"Земли промышленности, энергетики, транспорта, связи, радиовещания, телевидения, информатики, земли для обеспечения космической деятельности, земли обороны, безопасности и земли иного специального назначения",Учтенный,"Российская Федерация, Республика Татарстан, Лаишевский муниципальный район, Кирбинское сельское поселение",,Автомобильный транспорт,ТРАНСПОРТ,0,нет,16:24:110302,16489810.35,4228.16,,,,,да,нет,нет,нет,нет,нет,нет,нет,55.55195025145446,49.29590393438381
16:24:110301:1162,1125.0,Земли населенных пунктов,Учтенный,"Республика Татарстан, Лаишевский муниципальный район, Кирбинское сельское поселение",Частная,для индивидуального жилищного строительства,ИЖС,0,нет,16:24:110301,642586.16,571.19,,,,,нет,да,нет,нет,нет,да,нет,да,55.57003526056307,49.29202654119767
16:24:110301:1235,1000.0,Земли населенных пунктов,Учтенный,"Республика Татарстан, Лаишевский муниципальный район, Кирбинское сельское поселение",Частная,для индивидуального жилищного строительства,ИЖС,0,нет,16:24:110301,543764.9,543.76,,,,,нет,да,нет,нет,нет,да,нет,да,55.567546298705636,49.2897696261552
16:24:110301:1179,1163.0,Земли населенных пунктов,Учтенный,"Республика Татарстан, Лаишевский муниципальный район, Кирбинское сельское поселение",Частная,для индивидуального жилищного строительства,ИЖС,0,нет,16:24:110301,683479.17,587.69,,,,,нет,да,нет,нет,нет,да,нет,да,55.56991824791269,49.29343078366234
16:24:110301:1355,1038.0,Земли населенных пунктов,Учтенный,"Республика Татарстан, Лаишевский муниципальный район, Кирбинское сельское поселение",Частная,для индивидуального жилищного строительства,ИЖС,0,нет,16:24:110301,646894.06,623.21,,,,,нет,да,нет,нет,нет,да,нет,да,55.575028239243274,49.300414603650005
16:24:110301:1357,1294.0,Земли населенных пунктов,Учтенный,"Республика Татарстан, Лаишевский муниципальный район, Кирбинское сельское поселение",Частная,для индивидуального жилищного строительства,ИЖС,0,нет,16:24:110301,680895.04,526.19,,,,,нет,да,нет,нет,нет,да,нет,да,55.56347450317935,49.28479983909737
16:24:110301:1260,1203.0,Земли населенных пунктов,Учтенный,"Республика Татарстан, Лаишевский муниципальный район, Кирбинское сельское поселение",Частная,для индивидуального жилищного строительства,ИЖС,0,нет,16:24:110301,621667.09,516.76,,,,,нет,да,нет,нет,нет,да,нет,да,55.566224581087,49.289158309776234
16:24:110301:1379,1260.0,Земли населенных пунктов,Учтенный,"Республика Татарстан, Лаишевский муниципальный район, Кирбинское сельское поселение",Частная,для индивидуального жилищного строительства,ИЖС,0,нет,16:24:110301,865146.37,686.62,,,,,нет,да,нет,нет,нет,да,нет,да,55.57315960424893,49.30111275657647
16:24:110301:1389,1000.0,Земли населенных пунктов,Учтенный,"Республика Татарстан, Лаишевский муниципальный район, Кирбинское сельское поселение",Частная,для индивидуального жилищного строительства,ИЖС,0,нет,16:24:110301,657183.8,657.18,,,,,нет,да,нет,нет,нет,да,нет,да,55.573230846154175,49.299198611781115
16:24:110301:1289,1000.0,Земли населенных пунктов,Учтенный,"Республика Татарстан, Лаишевский муниципальный район, Кирбинское сельское поселение",Частная,для индивидуального жилищного строительства,ИЖС,0,нет,16:24:110301,611617.9,611.62,,,,,нет,да,нет,нет,нет,да,нет,да,55.56652561988451,49.291447524919434
16:24:110301:1290,1000.0,Земли населенных пунктов,Учтенный,"Республика Татарстан, Лаишевский муниципальный район, Кирбинское сельское поселение",Частная,для индивидуального жилищного строительства,ИЖС,0,нет,16:24:110301,611617.9,611.62,,,,,нет,да,нет,нет,нет,да,нет,да,55.56669993846722,49.291697332394016
16:24:110301:1301,1262.0,Земли населенных пунктов,Учтенный,"Республика Татарстан, Лаишевский муниципальный район, Кирбинское сельское поселение",Частная,для индивидуального жилищного строительства,ИЖС,0,нет,16:24:110301,690451.94,547.11,,,,,нет,да,нет,нет,нет,да,нет,да,55.56530878529843,49.28541663190071
16:24:110301:1324,1000.0,Земли населенных пунктов,Учтенный,"Республика Татарстан, Лаишевский муниципальный район, Кирбинское сельское поселение",Частная,для индивидуального жилищного строительства,ИЖС,0,нет,16:24:110301,549646.7,549.65,,,,,нет,да,нет,нет,нет,да,нет,да,55.565309544207466,49.286949026917924
16:24:110301:1342,1000.0,Земли населенных пунктов,Учтенный,"Республика Татарстан, Лаишевский муниципальный район, Кирбинское сельское поселение",Частная,для индивидуального жилищного строительства,ИЖС,0,нет,16:24:110301,553420.7,553.42,,,,,нет,да,нет,нет,нет,да,нет,да,55.56442306917374,49.28761852279153
16:24:110301:1406,1000.0,Земли населенных пунктов,Учтенный,"Республика Татарстан, Лаишевский муниципальный район, Кирбинское сельское поселение",Частная,для индивидуального жилищного строительства,ИЖС,0,нет,16:24:110301,638154.4,638.15,,,,,нет,да,нет,нет,нет,да,нет,да,55.57256846278076,49.298249235901324
16:24:110301:1197,2270.0,Земли населенных пунктов,Учтенный,"Республика Татарстан, Лаишевский муниципальный район, Кирбинское сельское поселение",Частная,для индивидуального жилищного строительства,ИЖС,0,нет,16:24:110301,1407730.74,620.15,,,,,нет,да,нет,нет,нет,да,нет,да,55.5683725443694,49.293758811164686
16:24:110301:1358,1631.0,Земли населенных пунктов,Учтенный,"Республика Татарстан, Лаишевский муниципальный район, Кирбинское сельское поселение",Частная,для индивидуального жилищного строительства,ИЖС,0,нет,16:24:110301,858214.91,526.19,,,,,нет,да,нет,нет,нет,да,нет,да,55.5633937158403,49.28523276203246
16:24:110301:1356,1229.0,Земли населенных пунктов,Учтенный,"Республика Татарстан, Лаишевский муниципальный район, Кирбинское сельское поселение",Частная,для индивидуального жилищного строительства,ИЖС,0,нет,16:24:110301,641042.59,521.6,,,,,нет,да,нет,нет,нет,да,нет,да,55.563677755813686,49.28450541098259
16:24:110301:1264,1475.0,Земли населенных пунктов,Учтенный,"Республика Татарстан, Лаишевский муниципальный район, Кирбинское сельское поселение",Частная,для индивидуального жилищного строительства,ИЖС,0,нет,16:24:110301,805469.03,546.08,,,,,нет,да,нет,нет,нет,да,нет,да,55.567096753196445,49.29036806000445
16:24:110301:1258,1000.0,Земли населенных пунктов,Учтенный,"Республика Татарстан, Лаишевский муниципальный район, Кирбинское сельское поселение",Частная,для индивидуального жилищного строительства,ИЖС,0,нет,16:24:110301,543942.1,543.94,,,,,нет,да,нет,нет,нет,да,нет,да,55.56588503383339,49.288590104850655
16:24:110301:1271,1000.0,Земли населенных пунктов,Учтенный,"Республика Татарстан, Лаишевский муниципальный район, Кирбинское сельское поселение",Частная,для индивидуального жилищного строительства,ИЖС,0,нет,16:24:110301,520703.9,520.7,,,,,нет,да,нет,нет,нет,да,нет,да,55.56574795955241,49.289516618664585
16:24:110301:1366,1000.0,Земли населенных пунктов,Учтенный,"Республика Татарстан, Лаишевский муниципальный район, Кирбинское сельское поселение",Частная,для индивидуального жилищного строительства,ИЖС,0,нет,16:24:110301,642720.1,642.72,,,,,нет,да,нет,нет,нет,да,нет,да,55.574462421438284,49.30011785756864
16:24:110301:1382,1000.0,Земли населенных пунктов,Учтенный,"Республика Татарстан, Лаишевский муниципальный район, Кирбинское сельское поселение",Частная,для индивидуального жилищного строительства,ИЖС,0,нет,16:24:110301,628078.9,628.08,,,,,нет,да,нет,нет,нет,да,нет,да,55.57536539873299,49.30275230683297
16:24:110301:1391,1000.0,Земли населенных пунктов,Учтенный,"Республика Татарстан, Лаишевский муниципальный район, Кирбинское сельское поселение",Частная,для индивидуального жилищного строительства,ИЖС,0,нет,16:24:110301,659939.6,659.94,,,,,нет,да,нет,нет,нет,да,нет,да,55.57308926924941,49.299506287846555
16:24:110301:1308,1000.0,Земли населенных пунктов,Учтенный,"Республика Татарстан, Лаишевский муниципальный район, Кирбинское сельское поселение",Частная,для индивидуального жилищного строительства,ИЖС,0,нет,16:24:110301,546340.5,546.34,,,,,нет,да,нет,нет,нет,да,нет,да,55.565423492454535,49.286173165689476
16:24:110301:1306,1000.0,Земли населенных пунктов,Учтенный,"Республика Татарстан, Лаишевский муниципальный район, Кирбинское сельское поселение",Частная,для индивидуального жилищного строительства,ИЖС,0,нет,16:24:110301,528230.6,528.23,,,,,нет,да,нет,нет,нет,да,нет,да,55.56486564546502,49.28537401423243
16:24:110301:1309,1000.0,Земли населенных пунктов,Учтенный,"Республика Татарстан, Лаишевский муниципальный район, Кирбинское сельское поселение",Частная,для индивидуального жилищного строительства,ИЖС,0,нет,16:24:110301,568871.2,568.87,,,,,нет,да,нет,нет,нет,да,нет,да,55.56570244081587,49.286572797638044
16:24:110301:1296,2057.0,Земли населенных пунктов,Учтенный,"Республика Татарстан, Лаишевский муниципальный район, Кирбинское сельское поселение",Частная,для индивидуального жилищного строительства,ИЖС,0,нет,16:24:110301,1114361.65,541.74,,,,,нет,да,нет,нет,нет,да,нет,да,55.565068845603406,49.28472011430446
16:24:110301:1346,1656.0,Земли населенных пунктов,Учтенный,"Республика Татарстан, Лаишевский муниципальный район, Кирбинское сельское поселение",Частная,для индивидуального жилищного строительства,ИЖС,0,нет,16:24:110301,920327.63,555.75,,,,,нет,да,нет,нет,нет,да,нет,да,55.5637389006,49.287434272738054
16:24:110301:1335,2500.0,Земли населенных пунктов,Учтенный,"Республика Татарстан, Лаишевский муниципальный район, Кирбинское сельское поселение",Частная,для индивидуального жилищного строительства,ИЖС,0,нет,16:24:110301,1287692.5,515.08,,,,,нет,да,нет,нет,нет,да,нет,да,55.56402012018204,49.28448107208561
16:24:110301:1393,1000.0,Земли населенных пунктов,Учтенный,"Республика Татарстан, Лаишевский муниципальный район, Кирбинское сельское поселение",Частная,для индивидуального жилищного строительства,ИЖС,0,нет,16:24:110301,640187.7,640.19,,,,,нет,да,нет,нет,нет,да,нет,да,55.57517131399552,49.302973703328924
16:24:110301:1401,1000.0,Земли населенных пунктов,Учтенный,"Республика Татарстан, Лаишевский муниципальный район, Кирбинское сельское поселение",Частная,для индивидуального жилищного строительства,ИЖС,0,нет,16:24:110301,610352.2,610.35,,,,,нет,да,нет,нет,нет,да,нет,да,55.57285159156886,49.29763388050283
16:24:110301:1395,1078.0,Земли населенных пунктов,Учтенный,"Республика Татарстан, Лаишевский муниципальный район, Кирбинское сельское поселение",Частная,для индивидуального жилищного строительства,ИЖС,0,нет,16:24:110301,711736.78,660.24,,,,,нет,да,нет,нет,нет,да,нет,да,55.57322215480731,49.30022340715212
16:24:110301:1435,2264.0,Земли населенных пунктов,Учтенный,"Республика Татарстан, Лаишевский муниципальный район, Кирбинское сельское поселение",Частная,для индивидуального жилищного строительства,ИЖС,0,нет,16:24:110301,1497042.38,661.24,,,,,нет,да,нет,нет,нет,да,нет,да,55.57029562957515,49.29740590477997
16:24:110301:1211,2500.0,Земли населенных пунктов,Учтенный,"Республика Татарстан, Лаишевский муниципальный район, Кирбинское сельское поселение",Частная,для индивидуального жилищного строительства,ИЖС,0,нет,16:24:110301,1434304.25,573.72,,,,,нет,да,нет,нет,нет,да,нет,да,55.56623299305574,49.29164762467484
16:24:110301:1138,1731.0,Земли населенных пунктов,Учтенный,"Республика Татарстан, Лаишевский муниципальный район, Кирбинское сельское поселение",Частная,для индивидуального жилищного строительства,ИЖС,0,нет,16:24:110301,1034200.14,597.46,,,,,нет,да,нет,нет,нет,да,нет,да,55.57022567753238,49.29405635520107
16:24:110301:1221,2298.0,Земли населенных пунктов,Учтенный,"Республика Татарстан, Лаишевский муниципальный район, Кирбинское сельское поселение",Частная,для индивидуального жилищного строительства,ИЖС,0,нет,16:24:110301,1415747.47,616.08,,,,,нет,да,нет,нет,нет,да,нет,да,55.57565216514314,49.30154241818357
16:24:110301:1217,1652.0,Земли населенных пунктов,Учтенный,"Республика Татарстан, Лаишевский муниципальный район, Кирбинское сельское поселение",Частная,для индивидуального жилищного строительства,ИЖС,0,нет,16:24:110301,914056.39,553.3,,,,,нет,да,нет,нет,нет,да,нет,да,55.56689946804563,49.28759177426114
16:24:110301:1238,1000.0,Земли населенных пунктов,Учтенный,"Республика Татарстан, Лаишевский муниципальный район, Кирбинское сельское поселение",Частная,для индивидуального жилищного строительства,ИЖС,0,нет,16:24:110301,592890.1,592.89,,,,,нет,да,нет,нет,нет,да,нет,да,55.56756778838579,49.29094538506097
16:24:110301:1243,1004.0,Земли населенных пунктов,Учтенный,"Республика Татарстан, Лаишевский муниципальный район, Кирбинское сельское поселение",Частная,для индивидуального жилищного строительства,ИЖС,0,нет,16:24:110301,625469.51,622.98,,,,,нет,да,нет,нет,нет,да,нет,да,55.56752610900319,49.292964137200386
16:24:110301:1350,1000.0,Земли населенных пунктов,Учтенный,"Республика Татарстан, Лаишевский муниципальный район, Кирбинское сельское поселение",Частная,для индивидуального жилищного строительства,ИЖС,0,нет,16:24:110301,563906.7,563.91,,,,,нет,да,нет,нет,нет,да,нет,да,55.56454526771698,49.2886102423379
16:24:110301:1354,1165.0,Земли населенных пунктов,Учтенный,"Республика Татарстан, Лаишевский муниципальный район, Кирбинское сельское поселение",Частная,для индивидуального жилищного строительства,ИЖС,0,нет,16:24:110301,628035.19,539.09,,,,,нет,да,нет,нет,нет,да,нет,да,55.563837308125585,49.284182685018216
16:24:110301:1361,1798.0,Земли населенных пунктов,Учтенный,"Республика Татарстан, Лаишевский муниципальный район, Кирбинское сельское поселение",Частная,для индивидуального жилищного строительства,ИЖС,0,нет,16:24:110301,974214.66,541.83,,,,,нет,да,нет,нет,нет,да,нет,да,55.56321165690307,49.286272250683645
16:24:110301:1270,1000.0,Земли населенных пунктов,Учтенный,"Республика Татарстан, Лаишевский муниципальный район, Кирбинское сельское поселение",Частная,для индивидуального жилищного строительства,ИЖС,0,нет,16:24:110301,520703.9,520.7,,,,,нет,да,нет,нет,нет,да,нет,да,55.56557365431486,49.289266890403994
16:24:110301:1277,1516.0,Земли населенных пунктов,Учтенный,"Республика Татарстан, Лаишевский муниципальный район, Кирбинское сельское поселение",Частная,для индивидуального жилищного строительства,ИЖС,0,нет,16:24:110301,1043106.09,688.06,,,,,нет,да,нет,нет,нет,да,нет,да,55.57428428562489,49.30266500999972
16:24:110301:1278,1000.0,Земли населенных пунктов,Учтенный,"Республика Татарстан, Лаишевский муниципальный район, Кирбинское сельское поселение",Частная,для индивидуального жилищного строительства,ИЖС,0,нет,16:24:110301,602290.6,602.29,,,,,нет,да,нет,нет,нет,да,нет,да,55.56692642277805,49.29120509701801
16:24:110301:1385,1000.0,Земли населенных пунктов,Учтенный,"Республика Татарстан, Лаишевский муниципальный район, Кирбинское сельское поселение",Частная,для индивидуального жилищного строительства,ИЖС,0,нет,16:24:110301,619424.2,619.42,,,,,нет,да,нет,нет,нет,да,нет,да,55.57351396157926,49.29858331617782
16:24:110301:1381,2218.0,Земли населенных пунктов,Учтенный,"Республика Татарстан, Лаишевский муниципальный район, Кирбинское сельское поселение",Частная,для индивидуального жилищного строительства,ИЖС,0,нет,16:24:110301,1562371.84,704.41,,,,,нет,да,нет,нет,нет,да,нет,да,55.57303096572663,49.301270418362996
16:24:110301:1287,1000.0,Земли населенных пунктов,Учтенный,"Республика Татарстан, Лаишевский муниципальный район, Кирбинское сельское поселение",Частная,для индивидуального жилищного строительства,ИЖС,0,нет,16:24:110301,569367.9,569.37,,,,,нет,да,нет,нет,нет,да,нет,да,55.56635131861609,49.29119778317723
16:24:110301:1322,1000.0,Земли населенных пунктов,Учтенный,"Республика Татарстан, Лаишевский муниципальный район, Кирбинское сельское поселение",Частная,для индивидуального жилищного строительства,ИЖС,0,нет,16:24:110301,539927.6,539.93,,,,,нет,да,нет,нет,нет,да,нет,да,55.56496086894235,49.28644953714321
16:24:110301:1343,1000.0,Земли населенных пунктов,Учтенный,"Республика Татарстан, Лаишевский муниципальный район, Кирбинское сельское поселение",Частная,для индивидуального жилищного строительства,ИЖС,0,нет,16:24:110301,553420.7,553.42,,,,,нет,да,нет,нет,нет,да,нет,да,55.56459739564887,49.287868299964515
16:24:110301:1332,1473.0,Земли населенных пунктов,Учтенный,"Республика Татарстан, Лаишевский муниципальный район, Кирбинское сельское поселение",Частная,для индивидуального жилищного строительства,ИЖС,0,нет,16:24:110301,829488.87,563.13,,,,,нет,да,нет,нет,нет,да,нет,да,55.566271975641754,49.2867631764336
16:24:110301:1413,1000.0,Земли населенных пунктов,Учтенный,"Республика Татарстан, Лаишевский муниципальный район, Кирбинское сельское поселение",Частная,для индивидуального жилищного строительства,ИЖС,0,нет,16:24:110301,680593.6,680.59,,,,,нет,да,нет,нет,нет,да,нет,да,55.5724226786361,49.299571886249446
16:24:110301:1408,1000.0,Земли населенных пунктов,Учтенный,"Республика Татарстан, Лаишевский муниципальный район, Кирбинское сельское поселение",Частная,для индивидуального жилищного строительства,ИЖС,0,нет,16:24:110301,638154.4,638.15,,,,,нет,да,нет,нет,нет,да,нет,да,55.57242690634587,49.29855684692847
16:24:110301:1418,2497.0,Земли населенных пунктов,Учтенный,"Республика Татарстан, Лаишевский муниципальный район, Кирбинское сельское поселение",Частная,для индивидуального жилищного строительства,ИЖС,0,нет,16:24:110301,1598176.38,640.04,,,,,нет,да,нет,нет,нет,да,нет,да,55.572224867136,49.29819271915649
16:24:110301:1226,1000.0,Земли населенных пунктов,Учтенный,"Республика Татарстан, Лаишевский муниципальный район, Кирбинское сельское поселение",Частная,для индивидуального жилищного строительства,ИЖС,0,нет,16:24:110301,599959.1,599.96,,,,,нет,да,нет,нет,нет,да,нет,да,55.56778203996652,49.291775196023245
16:24:110301:1200,2351.0,Земли населенных пунктов,Учтенный,"Республика Татарстан, Лаишевский муниципальный район, Кирбинское сельское поселение",Частная,для индивидуального жилищного строительства,ИЖС,0,нет,16:24:110301,1382946.13,588.24,,,,,нет,да,нет,нет,нет,да,нет,да,55.568287264180526,49.29193438356943
16:24:110301:1128,2498.0,Земли населенных пунктов,Учтенный,"Республика Татарстан, Лаишевский муниципальный район, Кирбинское сельское поселение",Частная,для индивидуального жилищного строительства,ИЖС,0,нет,16:24:110301,1550130.4,620.55,,,,,нет,да,нет,нет,нет,да,нет,да,55.57063200285333,49.295916235145846
16:24:110301:1219,1518.0,Земли населенных пунктов,Учтенный,"Республика Татарстан, Лаишевский муниципальный район, Кирбинское сельское поселение",Частная,для индивидуального жилищного строительства,ИЖС,0,нет,16:24:110301,837013.36,551.39,,,,,нет,да,нет,нет,нет,да,нет,да,55.56748960892992,49.28846576532483
16:24:110301:1231,1118.0,Земли населенных пунктов,Учтенный,"Республика Татарстан, Лаишевский муниципальный район, Кирбинское сельское поселение",Частная,для индивидуального жилищного строительства,ИЖС,0,нет,16:24:110301,623713.86,557.88,,,,,нет,да,нет,нет,нет,да,нет,да,55.56701172892421,49.288448532982656
16:24:110301:1236,1000.0,Земли населенных пунктов,Учтенный,"Республика Татарстан, Лаишевский муниципальный район, Кирбинское сельское поселение",Частная,для индивидуального жилищного строительства,ИЖС,0,нет,16:24:110301,553669.8,553.67,,,,,нет,да,нет,нет,нет,да,нет,да,55.56753512569893,49.2902037357617
16:24:110301:1241,1000.0,Земли населенных пунктов,Учтенный,"Республика Татарстан, Лаишевский муниципальный район, Кирбинское сельское поселение",Частная,для индивидуального жилищного строительства,ИЖС,0,нет,16:24:110301,599959.1,599.96,,,,,нет,да,нет,нет,нет,да,нет,да,55.5675652593068,49.292147406014486
16:24:110301:1193,1506.0,Земли населенных пунктов,Учтенный,"Республика Татарстан, Лаишевский муниципальный район, Кирбинское сельское поселение",Частная,для индивидуального жилищного строительства,ИЖС,0,нет,16:24:110301,945660.02,627.93,,,,,нет,да,нет,нет,нет,да,нет,да,55.56870661921294,49.29439545998215
16:24:110301:1196,2249.0,Земли населенных пунктов,Учтенный,"Республика Татарстан, Лаишевский муниципальный район, Кирбинское сельское поселение",Частная,для индивидуального жилищного строительства,ИЖС,0,нет,16:24:110301,1337031.62,594.5,,,,,нет,да,нет,нет,нет,да,нет,да,55.56854124581011,49.29232274011781
16:24:110301:1352,1114.0,Земли населенных пунктов,Учтенный,"Республика Татарстан, Лаишевский муниципальный район, Кирбинское сельское поселение",Частная,для индивидуального жилищного строительства,ИЖС,0,нет,16:24:110301,600449.68,539.0,,,,,нет,да,нет,нет,нет,да,нет,да,55.56416413153342,49.28352117094686
16:24:110301:1349,1000.0,Земли населенных пунктов,Учтенный,"Республика Татарстан, Лаишевский муниципальный район, Кирбинское сельское поселение",Частная,для индивидуального жилищного строительства,ИЖС,0,нет,16:24:110301,555770.0,555.77,,,,,нет,да,нет,нет,нет,да,нет,да,55.564370960719046,49.28836046233204
16:24:110301:1256,1392.0,Земли населенных пунктов,Учтенный,"Республика Татарстан, Лаишевский муниципальный район, Кирбинское сельское поселение",Частная,для индивидуального жилищного строительства,ИЖС,0,нет,16:24:110301,752670.13,540.71,,,,,нет,да,нет,нет,нет,да,нет,да,55.56706920874854,49.2895517164288
16:24:110301:1377,1000.0,Земли населенных пунктов,Учтенный,"Республика Татарстан, Лаишевский муниципальный район, Кирбинское сельское поселение",Частная,для индивидуального жилищного строительства,ИЖС,0,нет,16:24:110301,682695.1,682.7,,,,,нет,да,нет,нет,нет,да,нет,да,55.573441679867834,49.300963758441505
16:24:110301:1390,1000.0,Земли населенных пунктов,Учтенный,"Республика Татарстан, Лаишевский муниципальный район, Кирбинское сельское поселение",Частная,для индивидуального жилищного строительства,ИЖС,0,нет,16:24:110301,653676.2,653.68,,,,,нет,да,нет,нет,нет,да,нет,да,55.57350973362238,49.29959838353203
16:24:110301:1298,1199.0,Земли населенных пунктов,Учтенный,"Республика Татарстан, Лаишевский муниципальный район, Кирбинское сельское поселение",Частная,для индивидуального жилищного строительства,ИЖС,0,нет,16:24:110301,655729.02,546.9,,,,,нет,да,нет,нет,нет,да,нет,да,55.564745555997796,49.284629251569754
16:24:110301:1285,1352.0,Земли населенных пунктов,Учтенный,"Республика Татарстан, Лаишевский муниципальный район, Кирбинское сельское поселение",Частная,для индивидуального жилищного строительства,ИЖС,0,нет,16:24:110301,756670.32,559.67,,,,,нет,да,нет,нет,нет,да,нет,да,55.565909046263414,49.290645774168304
16:24:110301:1329,1000.0,Земли населенных пунктов,Учтенный,"Республика Татарстан, Лаишевский муниципальный район, Кирбинское сельское поселение",Частная,для индивидуального жилищного строительства,ИЖС,0,нет,16:24:110301,539469.0,539.47,,,,,нет,да,нет,нет,нет,да,нет,да,55.56473443970977,49.2869417122261
16:24:110301:1333,1000.0,Земли населенных пунктов,Учтенный,"Республика Татарстан, Лаишевский муниципальный район, Кирбинское сельское поселение",Частная,для индивидуального жилищного строительства,ИЖС,0,нет,16:24:110301,622340.8,622.34,,,,,нет,да,нет,нет,нет,да,нет,да,55.575079242996615,49.29998151634879
16:24:110301:1412,1000.0,Земли населенных пунктов,Учтенный,"Республика Татарстан, Лаишевский муниципальный район, Кирбинское сельское поселение",Частная,для индивидуального жилищного строительства,ИЖС,0,нет,16:24:110301,675405.7,675.41,,,,,нет,да,нет,нет,нет,да,нет,да,55.57214377291905,49.299172189041954
16:24:110301:1420,1000.0,Земли населенных пунктов,Учтенный,"Республика Татарстан, Лаишевский муниципальный район, Кирбинское сельское поселение",Частная,для индивидуального жилищного строительства,ИЖС,0,нет,16:24:110301,616801.4,616.8,,,,,нет,да,нет,нет,нет,да,нет,да,55.572468091880445,49.29708422003462
16:24:110302:3245,1378.0,Земли населенных пунктов,Учтенный,"Российская Федерация, Республика Татарстан, Лаишевский муниципальный район, Кирбинское сельское поселение, с Кирби",Частная,Для индивидуального жилищного строительства,ИЖС,0,нет,16:24:110302,1084013.48,786.66,,,,,нет,да,нет,нет,нет,да,нет,да,55.556801358409174,49.29121899670938
16:24:110302:3255,1000.0,Земли населенных пунктов,Учтенный,"Российская Федерация, Республика Татарстан, Лаишевский муниципальный район, Кирбинское сельское поселение, с Кирби",Частная,Для индивидуального жилищного строительства,ИЖС,0,нет,16:24:110302,703881.0,703.88,,,,,нет,да,нет,нет,нет,да,нет,да,55.555172735514006,49.309547544101676
16:24:110302:3260,1210.0,Земли населенных пунктов,Учтенный,"Российская Федерация, Республика Татарстан, Лаишевский муниципальный район, Кирбинское сельское поселение, с Кирби",Частная,Для индивидуального жилищного строительства,ИЖС,0,нет,16:24:110302,834476.98,689.65,,,,,нет,да,нет,нет,нет,да,нет,да,55.553919035125254,49.309466650174116
16:24:110302:3267,1000.0,Земли населенных пунктов,Учтенный,"Российская Федерация, Республика Татарстан, Лаишевский муниципальный район, Кирбинское сельское поселение, с Кирби",Частная,Для индивидуального жилищного строительства,ИЖС,0,нет,16:24:110302,639537.1,639.54,,,,,нет,да,нет,нет,нет,да,нет,да,55.55543416376724,49.297814886023325
16:24:110302:3262,1788.0,Земли населенных пунктов,Учтенный,"Российская Федерация, Республика Татарстан, Лаишевский муниципальный район, Кирбинское сельское поселение, с Кирби",Частная,Для индивидуального жилищного строительства,ИЖС,0,нет,16:24:110302,1248911.38,698.5,,,,,нет,да,нет,нет,нет,да,нет,да,55.55593639232155,49.29526019375107
16:24:110302:3284,1000.0,Земли населенных пунктов,Учтенный,"Российская Федерация, Республика Татарстан, Лаишевский муниципальный район, Кирбинское сельское поселение, с Кирби",Частная,Для индивидуального жилищного строительства,ИЖС,0,нет,16:24:110302,798676.5,798.68,,,,,нет,да,нет,нет,нет,да,нет,да,55.55571557445031,49.316095867661026
16:24:110302:3280,1000.0,Земли населенных пунктов,Учтенный,"Российская Федерация, Республика Татарстан, Лаишевский муниципальный район, Кирбинское сельское поселение, с Кирби",Частная,Для индивидуального жилищного строительства,ИЖС,0,нет,16:24:110302,795976.8,795.98,,,,,нет,да,нет,нет,нет,да,нет,да,55.555742418219246,49.31451195890147
16:24:110302:3305,1000.0,Земли населенных пунктов,Учтенный,"Российская Федерация, Республика Татарстан, Лаишевский муниципальный район, Кирбинское сельское поселение",Частная,Для индивидуального жилищного строительства,ИЖС,0,нет,16:24:110302,742129.0,742.13,,,,,нет,да,нет,нет,нет,да,нет,да,55.554307787965065,49.31091837229117
16:24:110302:3319,1000.0,Земли населенных пунктов,Учтенный,"Российская Федерация, Республика Татарстан, Лаишевский муниципальный район, Кирбинское сельское поселение, с Кирби",Частная,Для индивидуального жилищного строительства,ИЖС,0,нет,16:24:110302,628230.4,628.23,,,,,нет,да,нет,нет,нет,да,нет,да,55.55543956335831,49.30375413106858
16:24:110302:3320,1000.0,Земли населенных пунктов,Учтенный,"Российская Федерация, Республика Татарстан, Лаишевский муниципальный район, Кирбинское сельское поселение, с Кирби",Частная,Для индивидуального жилищного строительства,ИЖС,0,нет,16:24:110302,615020.4,615.02,,,,,нет,да,нет,нет,нет,да,нет,да,55.55398141927492,49.302773323289365
16:24:110302:3330,1000.0,Земли населенных пунктов,Учтенный,"Республика Татарстан, Лаишевский муниципальный район, Кирбинское сельское поселение, с Кирби",Частная,Для индивидуального жилищного строительства,ИЖС,0,нет,16:24:110302,792021.2,792.02,,,,,нет,да,нет,нет,нет,да,нет,да,55.55582474785912,49.31241896629013
16:24:110302:3335,1000.0,Земли населенных пунктов,Учтенный,"Республика Татарстан, Лаишевский муниципальный район, Кирбинское сельское поселение, с Кирби",Частная,Для индивидуального жилищного строительства,ИЖС,0,нет,16:24:110302,786374.8,786.37,,,,,нет,да,нет,нет,нет,да,нет,да,55.5553867559811,49.312434658599194
16:24:110302:3332,1001.0,Земли населенных пунктов,Учтенный,"Республика Татарстан, Лаишевский муниципальный район, Кирбинское сельское поселение, с Кирби",Частная,Для индивидуального жилищного строительства,ИЖС,0,нет,16:24:110302,771402.93,770.63,,,,,нет,да,нет,нет,нет,да,нет,да,55.555077609965224,49.31138576162983
16:24:110302:3340,1021.0,Земли населенных пунктов,Учтенный,"Российская Федерация, Республика Татарстан, Лаишевский муниципальный район, Кирбинское сельское поселение, с Кирби",Частная,Для индивидуального жилищного строительства,ИЖС,0,нет,16:24:110302,787787.37,771.58,,,,,нет,да,нет,нет,нет,да,нет,да,55.55666089238217,49.315564816636105
16:24:110302:3339,1000.0,Земли населенных пунктов,Учтенный,"Российская Федерация, Республика Татарстан, Лаишевский муниципальный район, Кирбинское сельское поселение, с Кирби",Частная,Для индивидуального жилищного строительства,ИЖС,0,нет,16:24:110302,822623.0,822.62,,,,,нет,да,нет,нет,нет,да,нет,да,55.5565652292266,49.312613319293085
16:24:110302:3347,1000.0,Земли населенных пунктов,Учтенный,"Российская Федерация, Республика Татарстан, Лаишевский муниципальный район, Кирбинское сельское поселение, с Кирби",Частная,Для индивидуального жилищного строительства,ИЖС,0,нет,16:24:110302,753332.8,753.33,,,,,нет,да,нет,нет,нет,да,нет,да,55.55631812853615,49.318363299006805
16:24:110302:3356,1128.0,Земли населенных пунктов,Учтенный,"Российская Федерация, Республика Татарстан, Лаишевский муниципальный район, Кирбинское сельское поселение, с Кирби",Частная,Для индивидуального жилищного строительства,ИЖС,0,нет,16:24:110302,880284.88,780.39,,,,,нет,да,нет,нет,нет,да,нет,да,55.55675298630264,49.31456109964725
16:24:110302:3352,1000.0,Земли населенных пунктов,Учтенный,"Российская Федерация, Республика Татарстан, Лаишевский муниципальный район, Кирбинское сельское поселение, с Кирби",Частная,Для индивидуального жилищного строительства,ИЖС,0,нет,16:24:110302,822617.0,822.62,,,,,нет,да,нет,нет,нет,да,нет,да,55.55657383683179,49.3131439992765
16:24:110302:3372,1050.0,Земли населенных пунктов,Учтенный,"Республика Татарстан, Лаишевский муниципальный район, Кирбинское сельское поселение, с Кирби",Частная,Для индивидуального жилищного строительства,ИЖС,0,нет,16:24:110302,645915.06,615.16,,,,,нет,да,нет,нет,нет,да,нет,да,55.55449438521178,49.30227653817208
16:24:110302:3389,1000.0,Земли населенных пунктов,Учтенный,"Российская Федерация, Республика Татарстан, Лаишевский муниципальный район, Кирбинское сельское поселение, с Кирби",Частная,Для индивидуального жилищного строительства,ИЖС,0,нет,16:24:110302,636270.8,636.27,,,,,нет,да,нет,нет,нет,да,нет,да,55.555900406015624,49.30118654647329
16:24:110302:3384,1000.0,Земли населенных пунктов,Учтенный,"Российская Федерация, Республика Татарстан, Лаишевский муниципальный район, Кирбинское сельское поселение, с Кирби",Частная,Для индивидуального жилищного строительства,ИЖС,0,нет,16:24:110302,635532.9,635.53,,,,,нет,да,нет,нет,нет,да,нет,да,55.55556923458855,49.29925750039435
16:24:110103:416,1000.0,Земли населенных пунктов,Учтенный,"Российская Федерация, Республика Татарстан, Лаишевский муниципальный район, Кирбинское сельское поселение, с Кирби, ул. Чапаева",Частная,Для ведения личного подсобного хозяйства,ЛПХ,0,нет,16:24:110103,867166.5,867.17,,,,,нет,нет,нет,нет,да,да,нет,да,55.56329806053155,49.317239508846136
16:24:110302:3444,14686.0,Земли сельскохозяйственного назначения,Учтенный,"Российская Федерация, Республика Татарстан, Лаишевский муниципальный район, Кирбинское сельское поселение",Частная,для ведения сельскохозяйственного производства,СХ,0,нет,16:24:110302,1802846.02,122.76,,,,,нет,нет,нет,нет,нет,нет,нет,нет,55.56732099744247,49.324377826234716
16:24:110106:450,2500.0,Земли населенных пунктов,Учтенный,"Республика Татарстан, Лаишевский муниципальный район, Кирбинское сельское поселение, с Кирби, ул. Овражная",Частная,ведение личного подсобного хозяйства,ЛПХ,0,нет,16:24:110106,2166463.75,866.59,,,,,нет,нет,нет,нет,да,да,нет,да,55.55858787234664,49.30836625028793
16:24:110102:784,1331.0,Земли населенных пунктов,Учтенный,"Российская Федерация, Республика Татарстан, Лаишевский муниципальный район, Кирбинское сельское поселение, с Кирби, ул. Чапаева",Частная,Для ведения личного подсобного хозяйства,ЛПХ,0,нет,16:24:110102,1186820.22,891.68,,,,,нет,нет,нет,нет,да,да,нет,да,55.56381621550678,49.31348829607438
16:24:110101:496,1002.0,Земли населенных пунктов,Учтенный,"Российская Федерация,Республика Татарстан, Лаишевский муниципальный район, Кирбинское сельское поселение, с Кирби, ул. Молодежная, д. 7 г",Частная,Для ведения личного подсобного хозяйства,ЛПХ,0,нет,16:24:110101,969460.95,967.53,,,,,нет,нет,нет,нет,да,да,нет,да,55.566341495325226,49.32070571906947
16:24:110102:794,1200.0,Земли населенных пунктов,Учтенный,"Российская Федерация, Республика Татарстан, Лаишевский муниципальный район, Кирбинское сельское поселение, с Кирби, ул. Юности, з/у 9в",Частная,Для личного подсобного хозяйства,ЛПХ,0,нет,16:24:110102,1063553.88,886.29,,,,,нет,нет,нет,нет,да,да,нет,да,55.56286672235233,49.30834860185749
16:24:110102:796,1300.0,Земли населенных пунктов,Учтенный,"Российская Федерация, Республика Татарстан, Лаишевский муниципальный район, Кирбинское сельское поселение, с Кирби, ул. Юности, з/у 9д",Частная,Для личного подсобного хозяйства,ЛПХ,0,нет,16:24:110102,1159807.87,892.16,,,,,нет,нет,нет,нет,да,да,нет,да,55.56340785232141,49.308443758805765
16:24:110302:22,,,Ранее учтенный,"Российская Федерация, Республика Татарстан (Татарстан), м.р-н Лаишевский, с.п. Кирбинское, кв-л 302, з/у 22",,,ДРУГОЕ,0,нет,16:24:110302,0.0,0.0,,,,,да,нет,нет,нет,нет,нет,нет,нет,55.55479710246343,49.30221702373182
16:24:110302:25,,,Ранее учтенный,"Российская Федерация, Республика Татарстан (Татарстан), м.р-н Лаишевский, с.п. Кирбинское, кв-л 302, з/у 25",,,ДРУГОЕ,0,нет,16:24:110302,0.0,0.0,,,,,да,нет,нет,нет,нет,нет,нет,нет,55.551002453723406,49.31378277477254
16:24:110102:705,19.0,Земли населенных пунктов,Учтенный,"Местоположение установлено относительно ориентира, расположенного в границах участка. Почтовый адрес ориентира: Республика Татарстан, Лаишевский муниципальный район, Кирбинское сельское поселение, с Кирби.",Муниципальная,коммунальное обслуживание(площадка ТКО),ДРУГОЕ,0,нет,16:24:110102,13407.91,705.6793,,,,,да,нет,нет,нет,нет,нет,нет,да,55.5643095346584,49.314291154072826
16:24:110105:467,1000.0,Земли населенных пунктов,Учтенный,"Республика Татарстан, Лаишевский муниципальный район, Кирбинское сельское поселение, с Кирби",Частная,Ведение подсобного хозяйства,ДРУГОЕ,0,нет,16:24:110105,800911.7,800.9117,,,,,нет,нет,нет,нет,нет,нет,нет,да,55.55911372948516,49.31856152514046
16:24:110103:13,,Земли населенных пунктов,Ранее учтенный,"Местоположение установлено относительно ориентира, расположенного в границах участка. Почтовый адрес ориентира: Российская Федерация, Республика Татарстан (Татарстан), м.р-н Лаишевский, с.п. Кирбинское, с Кирби, ул Отрадная, з/у 7.",,Для ведения личного подсобного хозяйства,ЛПХ,0,нет,16:24:110103,1775950.46,866.32,,,,,да,нет,нет,нет,да,да,нет,да,55.56318300332025,49.31623665427401
16:24:110106:435,1602.0,Земли населенных пунктов,Учтенный,"Республика Татарстан, Лаишевский муниципальный район, Кирбинское сельское поселение, с Кирби, ул. Овражная",Частная,Для ведения личного подсобного хозяйства,ЛПХ,0,нет,16:24:110106,1368953.38,854.5277,,,,,нет,нет,нет,нет,да,да,нет,да,55.55770914678849,49.305651821129636
16:24:110102:700,1950.0,Земли населенных пунктов,Учтенный,"Российская Федерация, Республика Татарстан, муниципальный район Лаишевский, сельское поселение Кирбинское, село Кирби, улица Гвардейская, земельный участок 15",Частная,для ведения личного подсобного хозяйства,ЛПХ,0,нет,16:24:110102,1702885.66,873.2747,,,,,нет,нет,нет,нет,да,да,нет,да,55.56026641257757,49.31038815593997
16:24:110104:29,3001.0,Земли населенных пунктов,Ранее учтенный,"Местоположение установлено относительно ориентира, расположенного в границах участка. Почтовый адрес ориентира: Российская Федерация, Республика Татарстан (Татарстан), м.р-н Лаишевский, с.п. Кирбинское, с Кирби, ул Речная, з/у 6.",Частная,Ведение личного подсобного хозяйства,ЛПХ,0,нет,16:24:110104,2383327.28,794.18,,,,,нет,нет,нет,нет,да,да,нет,да,55.55956836292515,49.32599384581951
16:24:110102:398,1291.0,Земли населенных пунктов,Учтенный,"Местоположение установлено относительно ориентира, расположенного в границах участка. Почтовый адрес ориентира: Российская Федерация, Республика Татарстан (Татарстан), м.р-н Лаишевский, с.п. Кирбинское, с Кирби, ул Чапаева, з/у 25А.",Частная,для ведения личного подсобного хозяйства,ЛПХ,0,нет,16:24:110102,1170689.26,906.8081,,,,,нет,нет,нет,нет,да,да,нет,да,55.564021405658366,49.3129209960451
16:24:110101:172,1026.0,Земли населенных пунктов,Учтенный,"Местоположение установлено относительно ориентира, расположенного в границах участка. Почтовый адрес ориентира: Российская Федерация, Республика Татарстан (Татарстан), м.р-н Лаишевский, с.п. Кирбинское, с Кирби, ул Молодежная, з/у 7В.",Частная,Для ведения личного подсобного хозяйства,ЛПХ,0,нет,16:24:110101,965203.34,940.744,,,,,нет,нет,нет,нет,да,да,нет,да,55.565519778506506,49.32040929724048
16:24:110104:155,600.0,Земли населенных пунктов,Учтенный,"Местоположение установлено относительно ориентира, расположенного в границах участка. Почтовый адрес ориентира: Российская Федерация, Республика Татарстан, Лаишевский муниципальный район, Кирбинское сельское поселение,с Кирби, ул. Лесная, з/у 1 Б.",Частная,Для ведения личного подсобного хозяйства,ЛПХ,0,нет,16:24:110104,481090.98,801.8183,,,,,нет,нет,нет,нет,да,да,нет,да,55.55787166149199,49.32264987048516
16:24:110103:56,1720.0,Земли населенных пунктов,Ранее учтенный,"Местоположение установлено относительно ориентира, расположенного в границах участка. Почтовый адрес ориентира: Российская Федерация, Республика Татарстан (Татарстан), м.р-н Лаишевский, с.п. Кирбинское, с Кирби, ул Ленина, з/у 6.",Частная,Для ведения личного подсобного хозяйства,ЛПХ,0,нет,16:24:110103,1465785.55,852.2,,,,,нет,нет,нет,нет,да,да,нет,да,55.56112211784419,49.320024943688956
16:24:110103:40,2045.0,Земли населенных пунктов,Ранее учтенный,"Местоположение установлено относительно ориентира, расположенного в границах участка. Почтовый адрес ориентира: Российская Федерация, Республика Татарстан (Татарстан), м.р-н Лаишевский, с.п. Кирбинское, с Кирби, ул Горького, з/у 11.",,Для ведения личного подсобного хозяйства,ЛПХ,0,нет,16:24:110103,1801693.88,881.0239,,,,,да,нет,нет,нет,да,да,нет,да,55.56186032725641,49.32286904499471
16:24:110103:147,839.0,Земли населенных пунктов,Учтенный,"Местоположение установлено относительно ориентира, расположенного в границах участка. Почтовый адрес ориентира: Российская Федерация, Республика Татарстан (Татарстан), м.р-н Лаишевский, с.п. Кирбинское, с Кирби, ул Гарая, з/у 7.",Частная,для ведения личного подсобного хозяйства,ЛПХ,0,нет,16:24:110103,746044.09,889.2063,,,,,нет,нет,нет,нет,да,да,нет,да,55.563185307025336,49.319290881114426
16:24:110102:380,600.0,Земли населенных пунктов,Учтенный,"Местоположение установлено относительно ориентира, расположенного в границах участка. Почтовый адрес ориентира: Республика Татарстан, Лаишевский муниципальный район, Кирбинское сельское поселение, с Кирби.",Частная,Для индивидуального жилищного строительства,ИЖС,0,нет,16:24:110102,555844.8,926.408,,,,,нет,да,нет,нет,нет,да,нет,да,55.56550328045789,49.30936929508061
16:24:110302:1389,34912.0,"Земли промышленности, энергетики, транспорта, связи, радиовещания, телевидения, информатики, земли для обеспечения космической деятельности, земли обороны, безопасности и земли иного специального назначения",Учтенный,"Республика Татарстан, Лаишевский муниципальный район, Кирбинское сельское поселение",Государственная федеральная,Автомобильный транспорт,ТРАНСПОРТ,0,нет,16:24:110302,147613399.73,4228.1565,,,,,да,нет,нет,нет,нет,нет,нет,нет,55.5520757155515,49.2993891830747
16:24:110104:80,3297.0,Земли населенных пунктов,Учтенный,"Местоположение установлено относительно ориентира, расположенного в границах участка. Почтовый адрес ориентира: Российская Федерация, Республика Татарстан (Татарстан), м.р-н Лаишевский, с.п. Кирбинское, с Кирби, ул Лесная, з/у 11.",Частная,Для ведения личного подсобного хозяйства,ЛПХ,0,нет,16:24:110104,2493520.44,756.2998,,,,,нет,нет,нет,нет,да,да,нет,да,55.557385460088696,49.32623109722704
16:24:110104:53,1633.0,Земли населенных пунктов,Ранее учтенный,"Российская Федерация, Республика Татарстан (Татарстан), м.р-н Лаишевский, с.п. Кирбинское, с Кирби, ул Лесная, з/у 9",Частная,Ведение личного подсобного хозяйства,ЛПХ,0,нет,16:24:110104,1259775.73,771.45,,,,,нет,нет,нет,нет,да,да,нет,да,55.55741155284861,49.3247889671605
16:24:110101:200,1000.0,Земли населенных пунктов,Учтенный,"Местоположение установлено относительно ориентира, расположенного в границах участка. Почтовый адрес ориентира: Республика Татарстан, Лаишевский муниципальный район, Кирбинское сельское поселение, с Кирби, ул. Молодежная, д. 5 б.",Частная,Для ведения личного подсобного хозяйства,ЛПХ,0,нет,16:24:110101,959457.3,959.4573,,,,,нет,нет,нет,нет,да,да,нет,да,55.56597318984556,49.32151504991723
16:24:110101:218,37.0,Земли населенных пунктов,Учтенный,"Местоположение установлено относительно ориентира, расположенного в границах участка. Почтовый адрес ориентира: Российская Федерация, Республика Татарстан (Татарстан), м.р-н Лаишевский, с.п. Кирбинское, с Кирби, ул Молодежная, з/у 1Ж.",,связь,СВЯЗЬ,0,нет,16:24:110101,26639.86,719.9962,,,,,да,нет,нет,нет,нет,нет,нет,да,55.56644455146903,49.3236505938505
16:24:110101:181,800.0,Земли населенных пунктов,Учтенный,"Местоположение установлено относительно ориентира, расположенного в границах участка. Почтовый адрес ориентира: Российская Федерация, Республика Татарстан (Татарстан), м.р-н Лаишевский, с.п. Кирбинское, с Кирби, ул Молодежная, з/у 5В.",Частная,Для ведения личного подсобного хозяйства,ЛПХ,0,нет,16:24:110101,771928.4,964.9105,,,,,нет,нет,нет,нет,да,да,нет,да,55.566321809334546,49.32171278321302
16:24:110104:75,2200.0,Земли населенных пунктов,Учтенный,"Местоположение установлено относительно ориентира, расположенного в границах участка. Почтовый адрес ориентира: Российская Федерация, Республика Татарстан (Татарстан), м.р-н Лаишевский, с.п. Кирбинское, с Кирби, ул Лесная, з/у 6.",,Для ведения личного подсобного хозяйства,ЛПХ,0,нет,16:24:110104,1731353.8,786.979,,,,,да,нет,нет,нет,да,да,нет,да,55.558415467537834,49.324744338534224
16:24:110104:134,700.0,Земли населенных пунктов,Учтенный,"Российская Федерация, Республика Татарстан (Татарстан), м.р-н Лаишевский, с.п. Кирбинское, с Кирби, ул Лесная, з/у 8Б",,Для личного подсобного хозяйства,ЛПХ,0,нет,16:24:110104,545053.6,778.648,,,,,да,нет,нет,нет,да,да,нет,да,55.558485110906034,49.32583608267915
16:24:110102:110,1500.0,Земли населенных пунктов,Учтенный,"Местоположение установлено относительно ориентира, расположенного в границах участка. Почтовый адрес ориентира: Российская Федерация, Республика Татарстан (Татарстан), м.р-н Лаишевский, с.п. Кирбинское, с Кирби, ул Юности, з/у 18Б.",,Для индивидуального жилищного строительства,ИЖС,0,нет,16:24:110102,1287938.25,858.6255,,,,,да,да,нет,нет,нет,да,нет,да,55.56304530956369,49.307437490762155
16:24:110104:17,1843.0,Земли населенных пунктов,Ранее учтенный,"Местоположение установлено относительно ориентира, расположенного в границах участка. Почтовый адрес ориентира: Российская Федерация, Республика Татарстан (Татарстан), м.р-н Лаишевский, с.п. Кирбинское, с Кирби, ул Горького, з/у 22.",,Для ведения личного подсобного хозяйства,ЛПХ,0,нет,16:24:110104,1547281.07,839.5448,,,,,да,нет,нет,нет,да,да,нет,да,55.56068690341963,49.32372412520601
16:24:110103:137,1198.0,Земли населенных пунктов,Учтенный,"Местоположение установлено относительно ориентира, расположенного в границах участка. Почтовый адрес ориентира: Российская Федерация, Республика Татарстан (Татарстан), м.р-н Лаишевский, с.п. Кирбинское, с Кирби, ул Отрадная, з/у 4.",,Ведение личного подсобного хозяйства,ЛПХ,0,нет,16:24:110103,1034695.47,863.6857,,,,,да,нет,нет,нет,да,да,нет,да,55.562900162323935,49.317388050687754
16:24:110105:36,1157.0,Земли населенных пунктов,Ранее учтенный,"Местоположение установлено относительно ориентира, расположенного в границах участка. Почтовый адрес ориентира: Российская Федерация, Республика Татарстан (Татарстан), м.р-н Лаишевский, с.п. Кирбинское, с Кирби, ул Сельсоветская, з/у 11.",Частная,Для индивидуального жилищного строительства,ИЖС,0,нет,16:24:110105,938457.28,811.1126,,,,,нет,да,нет,нет,нет,да,нет,да,55.55932544584798,49.321054135193265
16:24:110103:47,2114.0,Земли населенных пунктов,Ранее учтенный,"Местоположение установлено относительно ориентира, расположенного в границах участка. Почтовый адрес ориентира: Российская Федерация, Республика Татарстан (Татарстан), м.р-н Лаишевский, с.п. Кирбинское, с Кирби, ул Ленина, з/у 24.",Частная,Ведение личного подсобного хозяйства,ЛПХ,0,нет,16:24:110103,1754462.93,829.9257,,,,,нет,нет,нет,нет,да,да,нет,да,55.56161774932068,49.31604463337457
16:24:110106:38,2800.0,Земли населенных пунктов,Ранее учтенный,"Местоположение установлено относительно ориентира, расположенного в границах участка. Почтовый адрес ориентира: Российская Федерация, Республика Татарстан (Татарстан), м.р-н Лаишевский, с.п. Кирбинское, с Кирби, ул Гвардейская, з/у 1.",,Ведение личного подсобного хозяйства,ЛПХ,0,нет,16:24:110106,2341347.12,836.1954,,,,,да,нет,нет,нет,да,да,нет,да,55.55762377270294,49.309567945040904
16:24:000000:5323,3220.0,Земли сельскохозяйственного назначения,Учтенный,"Местоположение установлено относительно ориентира, расположенного в границах участка. Почтовый адрес ориентира: Республика Татарстан, Лаишевский муниципальный район, Кирбинское сельское поселение.",Частная,для ведения сельскохозяйственного производства,СХ,0,нет,16:24:000000,397897.65,123.5707,,,,,нет,нет,нет,нет,нет,нет,нет,нет,55.563710297381135,49.32560193756574
16:24:110103:174,1049.0,Земли населенных пунктов,Учтенный,"Местоположение установлено относительно ориентира, расположенного в границах участка. Почтовый адрес ориентира: Российская Федерация, Республика Татарстан (Татарстан), м.р-н Лаишевский, с.п. Кирбинское, с Кирби, ул Дальняя, з/у 5.",Частная,Для ведения личного подсобного хозяйства,ЛПХ,0,нет,16:24:110103,940347.31,896.4226,,,,,нет,нет,нет,нет,да,да,нет,да,55.563025446716,49.32074311132801
16:24:110101:50,637.0,Земли населенных пунктов,Учтенный,"Местоположение установлено относительно ориентира, расположенного в границах участка. Почтовый адрес ориентира: Российская Федерация, Республика Татарстан (Татарстан), м.р-н Лаишевский, с.п. Кирбинское, с Кирби, ул Молодежная, з/у 9.",Частная,Ведение личного подсобного хозяйства,ЛПХ,0,нет,16:24:110101,582269.34,914.0806,,,,,нет,нет,нет,нет,да,да,нет,да,55.5651468656131,49.319479924316965
16:24:110101:232,700.0,Земли населенных пунктов,Учтенный,"Местоположение установлено относительно ориентира, расположенного в границах участка. Почтовый адрес ориентира: Республика Татарстан, Лаишевский муниципальный район, Кирбинское сельское поселение, с Кирби, ул. Молодежная.",Частная,для ведения личного подсобного хозяйства,ЛПХ,0,нет,16:24:110101,668671.36,955.2448,,,,,нет,нет,нет,нет,да,да,нет,да,55.56639222067833,49.31598491335341
16:24:110101:53,752.0,Земли населенных пунктов,Ранее учтенный,"Местоположение установлено относительно ориентира, расположенного в границах участка. Почтовый адрес ориентира: Российская Федерация, Республика Татарстан (Татарстан), м.р-н Лаишевский, с.п. Кирбинское, с Кирби, ул Молодежная, з/у 12.",,Личное подсобное хозяйство,ДРУГОЕ,0,нет,16:24:110101,703739.65,935.824,,,,,да,нет,нет,нет,нет,нет,нет,да,55.56534690669033,49.31819849841934
16:24:110103:167,676.0,Земли населенных пунктов,Учтенный,"Местоположение установлено относительно ориентира, расположенного в границах участка. Почтовый адрес ориентира: Российская Федерация, Республика Татарстан (Татарстан), м.р-н Лаишевский, с.п. Кирбинское, с Кирби, ул Школьная, з/у 24А.",Частная,Для ведения личного подсобного хозяйства,ЛПХ,0,нет,16:24:110103,557527.69,824.7451,,,,,нет,нет,нет,нет,да,да,нет,да,55.56111587439664,49.315904597376296
16:24:110105:149,496.0,Земли населенных пунктов,Учтенный,"Местоположение установлено относительно ориентира, расположенного в границах участка. Почтовый адрес ориентира: Российская Федерация, Республика Татарстан (Татарстан), м.р-н Лаишевский, с.п. Кирбинское, с Кирби, ул Татарстан, з/у 7.",Частная,Для ведения личного подсобного хозяйства,ЛПХ,0,нет,16:24:110105,388157.15,782.5749,,,,,нет,нет,нет,нет,да,да,нет,да,55.55830538313581,49.318310436943705
16:24:110105:161,400.0,Земли населенных пунктов,Учтенный,"Местоположение установлено относительно ориентира, расположенного в границах участка. Почтовый адрес ориентира: Республика Татарстан, Лаишевский муниципальный район, Кирбинское сельское поселение, с Кирби.",Частная,Для ведения личного подсобного хозяйства,ЛПХ,0,нет,16:24:110105,322214.56,805.5364,,,,,нет,нет,нет,нет,да,да,нет,да,55.55920716763418,49.317795314353376
16:24:110103:66,1741.0,Земли населенных пунктов,Ранее учтенный,"Местоположение установлено относительно ориентира, расположенного в границах участка. Почтовый адрес ориентира: Российская Федерация, Республика Татарстан (Татарстан), м.р-н Лаишевский, с.п. Кирбинское, с Кирби, ул Школьная, з/у 16.",,Ведение личного подсобного хозяйства,ЛПХ,0,нет,16:24:110103,1447001.16,831.1322,,,,,да,нет,нет,нет,да,да,нет,да,55.56058533079839,49.31810789968358
16:24:110103:49,1717.0,Земли населенных пунктов,Ранее учтенный,"Местоположение установлено относительно ориентира, расположенного в границах участка. Почтовый адрес ориентира: Российская Федерация, Республика Татарстан (Татарстан), м.р-н Лаишевский, с.п. Кирбинское, с Кирби, ул Ленина, з/у 20.",,Ведение личного подсобного хозяйства,ЛПХ,0,нет,16:24:110103,1426383.84,830.7419,,,,,да,нет,нет,нет,да,да,нет,да,55.56156949597732,49.31707802243305
16:24:110102:311,470.0,Земли населенных пунктов,Учтенный,"Местоположение установлено относительно ориентира, расположенного в границах участка. Почтовый адрес ориентира: Российская Федерация, Республика Татарстан (Татарстан), м.р-н Лаишевский, с.п. Кирбинское, с Кирби, ул Спартаковская, з/у 34.",Частная,малоэтажная жилая застройка (индивидуальное жилищное строительство),ДРУГОЕ,0,нет,16:24:110102,378197.86,804.6763,,,,,нет,нет,нет,нет,нет,нет,нет,да,55.55802390712032,49.29590006718918
16:24:110302:535,8141.0,Земли сельскохозяйственного назначения,Учтенный,"Местоположение установлено относительно ориентира, расположенного в границах участка. Почтовый адрес ориентира: Российская Федерация, Республика Татарстан (Татарстан), м.р-н Лаишевский, с.п. Кирбинское, кв-л 302, з/у 535.",Частная,для ведения сельскохозяйственного производства,СХ,0,нет,16:24:110302,34192.2,4.2,,,,,нет,нет,нет,нет,нет,нет,нет,нет,55.56491096250097,49.32392639022967
16:24:110104:26,2500.0,Земли населенных пунктов,Ранее учтенный,"Местоположение установлено относительно ориентира, расположенного в границах участка. Почтовый адрес ориентира: Российская Федерация, Республика Татарстан (Татарстан), м.р-н Лаишевский, с.п. Кирбинское, с Кирби, ул Степная, з/у 5.",Частная,Для ведения личного подсобного хозяйства,ЛПХ,0,нет,16:24:110104,2031363.0,812.5452,,,,,нет,нет,нет,нет,да,да,нет,да,55.56029434748027,49.326122353059404
16:24:110105:48,1625.0,Земли населенных пунктов,Ранее учтенный,"Местоположение установлено относительно ориентира, расположенного в границах участка. Почтовый адрес ориентира: Российская Федерация, Республика Татарстан (Татарстан), м.р-н Лаишевский, с.п. Кирбинское, с Кирби, ул Татарстан, з/у 17.",,Ведение личного подсобного хозяйства,ЛПХ,0,нет,16:24:110105,1287760.82,792.4682,,,,,да,нет,нет,нет,да,да,нет,да,55.55843608561548,49.31629583353987
16:24:110301:983,11589.0,"Земли промышленности, энергетики, транспорта, связи, радиовещания, телевидения, информатики, земли для обеспечения космической деятельности, земли обороны, безопасности и земли иного специального назначения",Учтенный,"Местоположение установлено относительно ориентира, расположенного в границах участка. Почтовый адрес ориентира: Республика Татарстан, Лаишевский муниципальный район, Кирбинское сельское поселение.",Государственная федеральная,Автомобильный транспорт,ТРАНСПОРТ,0,нет,16:24:110301,49000105.68,4228.1565,,,,,да,нет,нет,нет,нет,нет,нет,нет,55.55797799329865,49.2848512713923
16:24:110105:145,1396.0,Земли населенных пунктов,Учтенный,"Местоположение установлено относительно ориентира, расположенного в границах участка. Почтовый адрес ориентира: Российская Федерация, Республика Татарстан (Татарстан), м.р-н Лаишевский, с.п. Кирбинское, с Кирби, ул Сельсоветская, з/у 2.",Частная,Для ведения личного подсобного хозяйства,ЛПХ,0,нет,16:24:110105,1091168.18,781.6391,,,,,нет,нет,нет,нет,да,да,нет,да,55.55798098432274,49.32025110388349
16:24:110105:12,,Земли населенных пунктов,Ранее учтенный,"Местоположение установлено относительно ориентира, расположенного в границах участка. Почтовый адрес ориентира: Российская Федерация, Республика Татарстан (Татарстан), м.р-н Лаишевский, с.п. Кирбинское, с Кирби, ул Школьная, з/у 17.",,Для ведения личного подсобного хозяйства,ЛПХ,0,нет,16:24:110105,1456195.67,808.55,,,,,да,нет,нет,нет,да,да,нет,да,55.560141502235105,49.316928633034976
16:24:110101:234,700.0,Земли населенных пунктов,Учтенный,"Местоположение установлено относительно ориентира, расположенного в границах участка. Почтовый адрес ориентира: Республика Татарстан, Лаишевский муниципальный район, Кирбинское сельское поселение, с Кирби, ул. Молодежная.",Частная,для ведения личного подсобного хозяйства,ЛПХ,0,нет,16:24:110101,668495.03,954.9929,,,,,нет,нет,нет,нет,да,да,нет,да,55.56619453263676,49.31608588922109
16:24:110302:1507,129.0,Земли населенных пунктов,Учтенный,"Российская Федерация, Республика Татарстан, Лаишевский муниципальный район, Кирбинское сельское поселение, с Кирби",Государственная федеральная,12.0 Земельные участки (территории) общего пользования,ОГП,0,нет,16:24:110302,83342.51,646.066,,,,,да,нет,нет,нет,нет,нет,да,да,55.55195853887081,49.32368540422408
16:24:110104:58,,Земли населенных пунктов,Ранее учтенный,"Местоположение установлено относительно ориентира, расположенного в границах участка. Почтовый адрес ориентира: Российская Федерация, Республика Татарстан (Татарстан), м.р-н Лаишевский, с.п. Кирбинское, с Кирби, ул Болотная, з/у 6.",,Для ведения личного подсобного хозяйства,ЛПХ,0,нет,16:24:110104,1642324.78,773.59,,,,,да,нет,нет,нет,да,да,нет,да,55.55681364586648,49.32350750813769
16:24:110101:52,,Земли населенных пунктов,Ранее учтенный,"Местоположение установлено относительно ориентира, расположенного в границах участка. Почтовый адрес ориентира: Российская Федерация, Республика Татарстан (Татарстан), м.р-н Лаишевский, с.п. Кирбинское, с Кирби, ул Молодежная, з/у 11.",,Для ведения личного подсобного хозяйства,ЛПХ,0,нет,16:24:110101,936599.12,916.44,,,,,да,нет,нет,нет,да,да,нет,да,55.56530190011566,49.31854931569039
16:24:110101:204,1000.0,Земли населенных пунктов,Учтенный,"Российская Федерация, Республика Татарстан (Татарстан), м.р-н Лаишевский, с.п. Кирбинское, с Кирби, ул Молодежная, з/у 3В",Частная,Для ведения личного подсобного хозяйства,ЛПХ,0,нет,16:24:110101,940151.1,940.1511,,,,,нет,нет,нет,нет,да,да,нет,да,55.56519622947527,49.32192850787334
16:24:000000:5320,2256.0,Земли сельскохозяйственного назначения,Учтенный,"Местоположение установлено относительно ориентира, расположенного в границах участка. Почтовый адрес ориентира: Республика Татарстан, Лаишевский муниципальный район, Кирбинское сельское поселение.",Частная,для ведения сельскохозяйственного производства,СХ,0,нет,16:24:000000,279806.27,124.0276,,,,,нет,нет,нет,нет,нет,нет,нет,нет,55.56476665709967,49.32528048073185
16:24:110106:94,1397.0,Земли населенных пунктов,Учтенный,"Местоположение установлено относительно ориентира, расположенного в границах участка. Почтовый адрес ориентира: Российская Федерация, Республика Татарстан (Татарстан), м.р-н Лаишевский, с.п. Кирбинское, с Кирби, ул Пионерская, з/у 1Б.",,для ведения личного подсобного хозяйства,ЛПХ,0,нет,16:24:110106,1152813.2,825.2063,,,,,да,нет,нет,нет,да,да,нет,да,55.557913276895114,49.31101269514954
16:24:110106:100,837.0,Земли населенных пунктов,Учтенный,"Местоположение установлено относительно ориентира, расположенного в границах участка. Почтовый адрес ориентира: Российская Федерация, Республика Татарстан (Татарстан), м.р-н Лаишевский, с.п. Кирбинское, с Кирби, ул Спартаковская, з/у 25.",Частная,Для индивидуального жилищного строительства,ИЖС,0,нет,16:24:110106,639007.4,763.4497,,,,,нет,да,нет,нет,нет,да,нет,да,55.557175762391104,49.294935587973626
16:24:110102:699,707.0,Земли населенных пунктов,Учтенный,"Российская Федерация, Республика Татарстан (Татарстан), м.р-н Лаишевский, с.п. Кирбинское, с Кирби, ул Счастливая, з/у 23а",Частная,для индивидуального жилищного строительства,ИЖС,0,нет,16:24:110102,575233.65,813.6261,,,,,нет,да,нет,нет,нет,да,нет,да,55.562240031615275,49.30399917587695
16:24:110102:44,2990.0,Земли населенных пунктов,Ранее учтенный,"Российская Федерация, Республика Татарстан (Татарстан), м.р-н Лаишевский, с.п. Кирбинское, с Кирби, ул Пионерская, з/у 20",Частная,Для ведения личного подсобного хозяйства,ЛПХ,0,нет,16:24:110102,2663756.91,890.8886,,,,,нет,нет,нет,нет,да,да,нет,да,55.56406055156021,49.31466212352516
16:24:110105:63,532.0,Земли населенных пунктов,Ранее учтенный,"Местоположение установлено относительно ориентира, расположенного в границах участка. Почтовый адрес ориентира: Российская Федерация, Республика Татарстан (Татарстан), м.р-н Лаишевский, с.п. Кирбинское, с Кирби, ул Сельсоветская, з/у 4.",Частная,Для ведение личного подсобного хозяйства,ЛПХ,0,нет,16:24:110105,422454.28,794.087,,,,,нет,нет,нет,нет,да,да,нет,да,55.55870538207155,49.32162959045855
16:24:110105:150,1151.0,Земли населенных пунктов,Учтенный,"Местоположение установлено относительно ориентира, расположенного в границах участка. Почтовый адрес ориентира: Российская Федерация, Республика Татарстан (Татарстан), м.р-н Лаишевский, с.п. Кирбинское, с Кирби, ул Татарстан, з/у 7а.",Частная,Для ведения личного подсобного хозяйства,ЛПХ,0,нет,16:24:110105,888969.1,772.345,,,,,нет,нет,нет,нет,да,да,нет,да,55.55814904302059,49.31840130099488
16:24:110104:54,1785.0,Земли населенных пунктов,Ранее учтенный,"Местоположение установлено относительно ориентира, расположенного в границах участка. Почтовый адрес ориентира: Российская Федерация, Республика Татарстан (Татарстан), м.р-н Лаишевский, с.п. Кирбинское, с Кирби, ул Лесная, з/у 9а.",,Для ведения личного подсобного хозяйства,ЛПХ,0,нет,16:24:110104,1375569.19,770.627,,,,,да,нет,нет,нет,да,да,нет,да,55.55735756114547,49.32523015019318
16:24:110104:376,2390.0,Земли населенных пунктов,Учтенный,"Местоположение установлено относительно ориентира, расположенного в границах участка. Почтовый адрес ориентира: Российская Федерация, Республика Татарстан (Татарстан), м.р-н Лаишевский, с.п. Кирбинское, с Кирби, ул Лесная, з/у 8.",Частная,Для личного подсобного хозяйства,ЛПХ,0,нет,16:24:110104,1868882.97,781.9594,,,,,нет,нет,нет,нет,да,да,нет,да,55.55805413656644,49.32579352050756
16:24:110105:15,2106.0,Земли населенных пунктов,Ранее учтенный,"Местоположение установлено относительно ориентира, расположенного в границах участка. Почтовый адрес ориентира: Российская Федерация, Республика Татарстан (Татарстан), м.р-н Лаишевский, с.п. Кирбинское, с Кирби, ул Школьная, з/у 11.",,для личного подсобного хозяйства,ЛПХ,0,нет,16:24:110105,1721484.41,817.419,,,,,да,нет,нет,нет,да,да,нет,да,55.55999754891864,49.318263955475736
16:24:110105:50,1505.0,Земли населенных пунктов,Ранее учтенный,"Местоположение установлено относительно ориентира, расположенного в границах участка. Почтовый адрес ориентира: Российская Федерация, Республика Татарстан (Татарстан), м.р-н Лаишевский, с.п. Кирбинское, с Кирби, ул Татарстан, з/у 13.",Частная,Ведение личного подсобного хозяйства,ЛПХ,0,нет,16:24:110105,1185751.88,787.875,,,,,нет,нет,нет,нет,да,да,нет,да,55.55840712402857,49.31708687736139
16:24:110103:68,1691.0,Земли населенных пунктов,Ранее учтенный,"Местоположение установлено относительно ориентира, расположенного в границах участка. Почтовый адрес ориентира: Российская Федерация, Республика Татарстан (Татарстан), м.р-н Лаишевский, с.п. Кирбинское, с Кирби, ул Школьная, з/у 12.",Частная,Для ведения личного подсобного хозяйства,ЛПХ,0,нет,16:24:110103,1417010.82,837.97,,,,,нет,нет,нет,нет,да,да,нет,да,55.56050645396593,49.318950209873314
16:24:110103:67,1531.0,Земли населенных пунктов,Ранее учтенный,"Местоположение установлено относительно ориентира, расположенного в границах участка. Почтовый адрес ориентира: Российская Федерация, Республика Татарстан (Татарстан), м.р-н Лаишевский, с.п. Кирбинское, с Кирби, ул Школьная, з/у 14.",Частная,Для ведения личного подсобного хозяйства,ЛПХ,0,нет,16:24:110103,1271199.1,830.31,,,,,нет,нет,нет,нет,да,да,нет,да,55.56050150312935,49.31832938037483
16:24:110105:56,2895.0,Земли населенных пунктов,Ранее учтенный,"Местоположение установлено относительно ориентира, расположенного в границах участка. Почтовый адрес ориентира: Российская Федерация, Республика Татарстан (Татарстан), м.р-н Лаишевский, с.п. Кирбинское, с Кирби, ул Татарстан, з/у 1.",,ведение личного подсобного хозяйства,ЛПХ,0,нет,16:24:110105,2252471.54,778.0558,,,,,да,нет,нет,нет,да,да,нет,да,55.55801242029759,49.31961996844758
16:24:110105:26,1078.0,Земли населенных пунктов,Ранее учтенный,"Местоположение установлено относительно ориентира, расположенного в границах участка. Почтовый адрес ориентира: Российская Федерация, Республика Татарстан (Татарстан), м.р-н Лаишевский, с.п. Кирбинское, с Кирби, ул Школьная, з/у 3.",Частная,Для ведения личного подсобного хозяйства,ЛПХ,0,нет,16:24:110105,883158.81,824.61,,,,,нет,нет,нет,нет,да,да,нет,да,55.55985937863052,49.320077438236424
16:24:110105:39,,Земли населенных пунктов,Ранее учтенный,"Местоположение установлено относительно ориентира, расположенного в границах участка. Почтовый адрес ориентира: Российская Федерация, Республика Татарстан (Татарстан), м.р-н Лаишевский, с.п. Кирбинское, с Кирби, ул Сельсоветская, з/у 5.",,Ведение личного подсобного хозяйства,ЛПХ,0,нет,16:24:110105,1523793.98,793.6427,,,,,да,нет,нет,нет,да,да,нет,да,55.558667754636424,49.32061405340097
16:24:110105:25,,Земли населенных пунктов,Ранее учтенный,"Местоположение установлено относительно ориентира, расположенного в границах участка. Почтовый адрес ориентира: Российская Федерация, Республика Татарстан (Татарстан), м.р-н Лаишевский, с.п. Кирбинское, с Кирби, ул Школьная, з/у 5.",Частная,Для ведения личного подсобного хозяйства,ЛПХ,0,нет,16:24:110105,1319378.24,824.6114,,,,,нет,нет,нет,нет,да,да,нет,да,55.55982121913557,49.31965287811613
16:24:110105:139,1000.0,Земли населенных пунктов,Учтенный,"Местоположение установлено относительно ориентира, расположенного в границах участка. Почтовый адрес ориентира: Российская Федерация, Республика Татарстан (Татарстан), м.р-н Лаишевский, с.п. Кирбинское, с Кирби, ул Татарстан, з/у 21А.",Частная,Для ведения личного подсобного хозяйства,ЛПХ,0,нет,16:24:110105,794890.4,794.8904,,,,,нет,нет,нет,нет,да,да,нет,да,55.558591810260594,49.31509251944106
16:24:110104:3,1966.0,Земли населенных пунктов,Ранее учтенный,"Российская Федерация, Республика Татарстан (Татарстан), м.р-н Лаишевский, с.п. Кирбинское, с Кирби, ул Горького, з/у 28",,Для ведения личного подсобного хозяйства,ЛПХ,0,нет,16:24:110104,1709751.17,869.6598,,,,,да,нет,нет,нет,да,да,нет,да,55.561772101430876,49.323980041267376
16:24:110104:66,1611.0,Земли населенных пунктов,Ранее учтенный,"Местоположение установлено относительно ориентира, расположенного в границах участка. Почтовый адрес ориентира: Российская Федерация, Республика Татарстан (Татарстан), м.р-н Лаишевский, с.п. Кирбинское, с Кирби, ул Болотная, з/у 5.",Частная,Для ведения личного подсобного хозяйства,ЛПХ,0,нет,16:24:110104,1232978.04,765.3495,,,,,нет,нет,нет,нет,да,да,нет,да,55.556346737938775,49.32311174719956
16:24:110105:58,,Земли населенных пунктов,Ранее учтенный,"Российская Федерация, Республика Татарстан (Татарстан), м.р-н Лаишевский, с.п. Кирбинское, с Кирби, ул Сельсоветская, з/у 1",Частная,Для ведения личного подсобного хозяйства,ЛПХ,0,нет,16:24:110105,1715876.35,779.24,,,,,нет,нет,нет,нет,да,да,нет,да,55.5575370279566,49.32029182047296
16:24:110104:48,3410.0,Земли населенных пунктов,Ранее учтенный,"Местоположение установлено относительно ориентира, расположенного в границах участка. Почтовый адрес ориентира: Российская Федерация, Республика Татарстан (Татарстан), м.р-н Лаишевский, с.п. Кирбинское, с Кирби, ул Лесная, з/у 12.",Частная,Личное подсобное хозяйство,ДРУГОЕ,0,нет,16:24:110104,2573563.83,754.7108,,,,,нет,нет,нет,нет,нет,нет,нет,да,55.557848559896435,49.326873966214336
16:24:110104:50,2402.0,Земли населенных пунктов,Ранее учтенный,"Местоположение установлено относительно ориентира, расположенного в границах участка. Почтовый адрес ориентира: Российская Федерация, Республика Татарстан (Татарстан), м.р-н Лаишевский, с.п. Кирбинское, с Кирби, ул Лесная, з/у 3.",,Для ведения личного подсобного хозяйства,ЛПХ,0,нет,16:24:110104,1893104.35,788.1367,,,,,да,нет,нет,нет,да,да,нет,да,55.557632223448735,49.32296658646262
16:24:110104:21,,Земли населенных пунктов,Ранее учтенный,"Местоположение установлено относительно ориентира, расположенного в границах участка. Почтовый адрес ориентира: Российская Федерация, Республика Татарстан (Татарстан), м.р-н Лаишевский, с.п. Кирбинское, с Кирби, ул Горького, з/у 14.",Частная,Для личного подсобного хозяйства,ЛПХ,0,нет,16:24:110104,1133385.8,817.15,,,,,нет,нет,нет,нет,да,да,нет,да,55.559703096809386,49.3232564740167
16:24:110103:164,1260.0,Земли населенных пунктов,Учтенный,"Местоположение установлено относительно ориентира, расположенного в границах участка. Почтовый адрес ориентира: Российская Федерация, Республика Татарстан (Татарстан), м.р-н Лаишевский, с.п. Кирбинское, с Кирби, ул Ленина, з/у 7.",Частная,Для ведения личного подсобного хозяйства,ЛПХ,0,нет,16:24:110103,1105006.9,876.9896,,,,,нет,нет,нет,нет,да,да,нет,да,55.561630154042994,49.32060923710713
16:24:110103:26,1620.0,Земли населенных пунктов,Ранее учтенный,"Местоположение установлено относительно ориентира, расположенного в границах участка. Почтовый адрес ориентира: Российская Федерация, Республика Татарстан (Татарстан), м.р-н Лаишевский, с.п. Кирбинское, с Кирби, ул Ленина, з/у 17.",,Ведение личного подсобного хозяйства,ЛПХ,0,нет,16:24:110103,1383621.91,854.0876,,,,,да,нет,нет,нет,да,да,нет,да,55.56192783163681,49.31847571283008
16:24:110302:1660,1000.0,Земли населенных пунктов,Учтенный,"Местоположение установлено относительно ориентира, расположенного в границах участка. Почтовый адрес ориентира: Российская Федерация, Республика Татарстан, Лаишевский муниципальный район, Кирбинское сельское поселение, с Кирби.",Частная,Для индивидуального жилищного строительства,ИЖС,0,нет,16:24:110302,757141.9,757.14,,,,,нет,да,нет,нет,нет,да,нет,да,55.55428944354603,49.3195313141291
16:24:110301:984,29300.0,Земли населенных пунктов,Учтенный,"Местоположение установлено относительно ориентира, расположенного в границах участка. Почтовый адрес ориентира: Республика Татарстан, Лаишевский муниципальный район, Кирбинское сельское поселение.",Частная,Для сельскохозяйственного производства,СХ,0,нет,16:24:110301,114683.13,3.9141,,,,,нет,нет,нет,нет,нет,нет,нет,да,55.557686554650395,49.28329779737618
16:24:110106:97,1107.0,Земли населенных пунктов,Учтенный,"Местоположение установлено относительно ориентира, расположенного в границах участка. Почтовый адрес ориентира: Российская Федерация, Республика Татарстан (Татарстан), м.р-н Лаишевский, с.п. Кирбинское, с Кирби, ул Овражная, з/у 7А.",Частная,Ведение личного подсобного хозяйства,ЛПХ,0,нет,16:24:110106,950792.12,858.8908,,,,,нет,нет,нет,нет,да,да,нет,да,55.558402385894084,49.30560062794033
16:24:110103:37,1857.0,Земли населенных пунктов,Ранее учтенный,"Местоположение установлено относительно ориентира, расположенного в границах участка. Почтовый адрес ориентира: Республика Татарстан, Лаишевский муниципальный район, Кирбинское сельское поселение, с Кирби.",Частная,Для ведения личного подсобного хозяйства,ЛПХ,0,нет,16:24:110103,1662318.81,895.1636,,,,,нет,нет,нет,нет,да,да,нет,да,55.5623643472083,49.32164399437404
16:24:000000:6646,11142.0,Земли сельскохозяйственного назначения,Учтенный,"Российская Федерация, Республика Татарстан, Лаишевский муниципальный район, Кирбинское сельское поселение",Частная,Для иных видов сельскохозяйственного использования,СХ,0,нет,16:24:000000,43880.54,3.9383,,,,,нет,нет,нет,нет,нет,нет,нет,нет,55.55715613134905,49.29199999450637
16:24:110106:440,1000.0,Земли населенных пунктов,Учтенный,"Местоположение установлено относительно ориентира, расположенного в границах участка. Почтовый адрес ориентира: Российская Федерация, Республика Татарстан, Лаишевский муниципальный район, Кирбинское сельское поселение, с Кирби, ул. Овражная.",Частная,Ведение личного подсобного хозяйства,ЛПХ,0,нет,16:24:110106,850012.8,850.01,,,,,нет,нет,нет,нет,да,да,нет,да,55.557246253977205,49.30715795920637
16:24:110301:696,47292.0,Земли населенных пунктов,Учтенный,"Местоположение установлено относительно ориентира, расположенного в границах участка. Почтовый адрес ориентира: Российская Федерация, Республика Татарстан (Татарстан), м.р-н Лаишевский, с.п. Кирбинское, с Кирби, ул Молодежная, з/у 24.",Муниципальная,Сельскохозяйственное использование,СХ,0,нет,16:24:110301,3012675.38,63.7037,,,,,да,нет,нет,нет,нет,нет,нет,да,55.56799704574778,49.31005799300809
16:24:110102:285,1250.0,Земли населенных пунктов,Учтенный,"Российская Федерация, Республика Татарстан, муниципальный район Лаишевский, сельское поселение Кирбинское, село Кирби, улица Юности, земельный участок 31",Частная,Для индивидуального жилищного строительства,ИЖС,0,нет,16:24:110102,1060651.12,848.52,,,,,нет,да,нет,нет,нет,да,нет,да,55.56027337570379,49.30551853198244
16:24:110104:157,1333.0,Земли населенных пунктов,Учтенный,"Местоположение установлено относительно ориентира, расположенного в границах участка. Почтовый адрес ориентира: Российская Федерация, Республика Татарстан (Татарстан), м.р-н Лаишевский, с.п. Кирбинское, с Кирби, ул Лесная, з/у 4А.",Частная,Для ведения личного подсобного хозяйства,ЛПХ,0,нет,16:24:110104,1054171.99,790.8267,,,,,нет,нет,нет,нет,да,да,нет,да,55.5582740779041,49.32440891516013
16:24:110106:39,4227.0,Земли населенных пунктов,Ранее учтенный,"Местоположение установлено относительно ориентира, расположенного в границах участка. Почтовый адрес ориентира: Российская Федерация, Республика Татарстан (Татарстан), м.р-н Лаишевский, с.п. Кирбинское, с Кирби, ул Гвардейская, з/у 4.",,Ведение личного подсобного хозяйства,ЛПХ,0,нет,16:24:110106,3565916.64,843.6,,,,,да,нет,нет,нет,да,да,нет,да,55.55897784778085,49.31088309305844
16:24:110102:425,1499.0,Земли населенных пунктов,Учтенный,"Российская Федерация, Республика Татарстан (Татарстан), м.р-н Лаишевский, с.п. Кирбинское, с Кирби, ул Спартаковская, з/у 26",Частная,для индивидуального жилищного строительства,ИЖС,0,нет,16:24:110102,1233464.59,822.8583,,,,,нет,да,нет,нет,нет,да,нет,да,55.55846698053606,49.29857377805509
16:24:110102:74,2346.0,Земли населенных пунктов,Ранее учтенный,"Местоположение установлено относительно ориентира, расположенного в границах участка. Почтовый адрес ориентира: Российская Федерация, Республика Татарстан (Татарстан), м.р-н Лаишевский, с.п. Кирбинское, с Кирби, ул Спартаковская, з/у 12.",Частная,Для ведения личного подсобного хозяйства,ЛПХ,0,нет,16:24:110102,1948653.76,830.6282,,,,,нет,нет,нет,нет,да,да,нет,да,55.558763296272986,49.30202551987234
16:24:110106:9,1495.0,Земли населенных пунктов,Ранее учтенный,"Российская Федерация, Республика Татарстан (Татарстан), м.р-н Лаишевский, с.п. Кирбинское, с Кирби, ул Спартаковская, з/у 17Б",Муниципальная,Для ведения личного подсобного хозяйства,ЛПХ,0,нет,16:24:110106,1156390.57,773.51,,,,,да,нет,нет,нет,да,да,нет,да,55.55735447737618,49.29853444989707
16:24:110106:78,1579.0,Земли населенных пунктов,Учтенный,"Местоположение установлено относительно ориентира, расположенного в границах участка. Почтовый адрес ориентира: Российская Федерация, Республика Татарстан (Татарстан), м.р-н Лаишевский, с.п. Кирбинское, с Кирби, ул Спартаковская, з/у 20А.",,Для ведения личного подсобного хозяйства,ЛПХ,0,нет,16:24:110106,1241300.69,786.1309,,,,,да,нет,нет,нет,да,да,нет,да,55.557365720643574,49.29651219225966
16:24:110106:11,1000.0,Земли населенных пунктов,Ранее учтенный,"Местоположение установлено относительно ориентира, расположенного в границах участка. Почтовый адрес ориентира: Российская Федерация, Республика Татарстан (Татарстан), м.р-н Лаишевский, с.п. Кирбинское, с Кирби, ул Спартаковская, з/у 17.",Частная,Для индивидуального жилищного строительства,ИЖС,0,нет,16:24:110106,778026.9,778.0269,,,,,нет,да,нет,нет,нет,да,нет,да,55.55737437777573,49.29913102521224
16:24:110102:96,1534.0,Земли населенных пунктов,Ранее учтенный,"Российская Федерация, Республика Татарстан (Татарстан), м.р-н Лаишевский, с.п. Кирбинское, с Кирби, ул Спартаковская, з/у 28",,Ведение личного подсобного хозяйства,ЛПХ,0,нет,16:24:110102,1251470.64,815.8218,,,,,да,нет,нет,нет,да,да,нет,да,55.55814565028506,49.298098290095524
16:24:110102:75,2252.0,Земли населенных пунктов,Ранее учтенный,"Местоположение установлено относительно ориентира, расположенного в границах участка. Почтовый адрес ориентира: Российская Федерация, Республика Татарстан (Татарстан), м.р-н Лаишевский, с.п. Кирбинское, с Кирби, ул Спартаковская, з/у 12А.",Частная,Ведение личного подсобного хозяйства,ЛПХ,0,нет,16:24:110102,1874332.17,832.2967,,,,,нет,нет,нет,нет,да,да,нет,да,55.55870286492016,49.301501850538045
16:24:110106:19,2100.0,Земли населенных пунктов,Ранее учтенный,"Местоположение установлено относительно ориентира, расположенного в границах участка. Почтовый адрес ориентира: Российская Федерация, Республика Татарстан (Татарстан), м.р-н Лаишевский, с.п. Кирбинское, с Кирби, ул Спартаковская, з/у 11А.",,Ведение личного подсобного хозяйства,ЛПХ,0,нет,16:24:110106,1621437.72,772.1132,,,,,да,нет,нет,нет,да,да,нет,да,55.55749233273629,49.301961504530986
16:24:110302:1744,1000.0,Земли населенных пунктов,Учтенный,"Республика Татарстан, Лаишевский муниципальный район, Кирбинское сельское поселение, с Кирби",Частная,Для индивидуального жилищного строительства,ИЖС,0,нет,16:24:110302,705136.1,705.14,,,,,нет,да,нет,нет,нет,да,нет,да,55.55348368092446,49.32122605973477
16:24:110302:1749,1111.0,Земли населенных пунктов,Учтенный,"Республика Татарстан, Лаишевский муниципальный район, Кирбинское сельское поселение, с Кирби",Частная,Для индивидуального жилищного строительства,ИЖС,0,нет,16:24:110302,799362.72,719.5,,,,,нет,да,нет,нет,нет,да,нет,да,55.55491496298998,49.32212892487685
16:24:110302:1726,1000.0,Земли населенных пунктов,Учтенный,"Республика Татарстан, Лаишевский муниципальный район, Кирбинское сельское поселение, с Кирби",Частная,Для индивидуального жилищного строительства,ИЖС,0,нет,16:24:110302,748422.7,748.42,,,,,нет,да,нет,нет,нет,да,нет,да,55.55439860040386,49.320617294588665
16:24:110302:1747,1100.0,Земли населенных пунктов,Учтенный,"Республика Татарстан, Лаишевский муниципальный район, Кирбинское сельское поселение, с Кирби",Частная,Для индивидуального жилищного строительства,ИЖС,0,нет,16:24:110302,806947.46,733.59,,,,,нет,да,нет,нет,нет,да,нет,да,55.55523943364724,49.32132624224519
16:24:110302:1738,1000.0,Земли населенных пунктов,Учтенный,"Республика Татарстан, Лаишевский муниципальный район, Кирбинское сельское поселение, с Кирби",Частная,Для индивидуального жилищного строительства,ИЖС,0,нет,16:24:110302,750394.2,750.39,,,,,нет,да,нет,нет,нет,да,нет,да,55.55444836837523,49.32260555257834
16:24:110302:1730,1000.0,Земли населенных пунктов,Учтенный,"Республика Татарстан, Лаишевский муниципальный район, Кирбинское сельское поселение, с Кирби",Частная,Для индивидуального жилищного строительства,ИЖС,0,нет,16:24:110302,736676.5,736.68,,,,,нет,да,нет,нет,нет,да,нет,да,55.55400869703456,49.32076736314049
16:24:110302:1737,1091.0,Земли населенных пунктов,Учтенный,"Республика Татарстан, Лаишевский муниципальный район, Кирбинское сельское поселение, с Кирби",Частная,Для индивидуального жилищного строительства,ИЖС,0,нет,16:24:110302,818680.07,750.39,,,,,нет,да,нет,нет,нет,да,нет,да,55.55462408797494,49.32282172196831
16:24:110302:1743,1000.0,Земли населенных пунктов,Учтенный,"Республика Татарстан, Лаишевский муниципальный район, Кирбинское сельское поселение, с Кирби",Частная,Для индивидуального жилищного строительства,ИЖС,0,нет,16:24:110302,722672.8,722.67,,,,,нет,да,нет,нет,нет,да,нет,да,55.55365844973752,49.32147595122673
16:24:110302:1727,1000.0,Земли населенных пунктов,Учтенный,"Республика Татарстан, Лаишевский муниципальный район, Кирбинское сельское поселение, с Кирби",Частная,Для индивидуального жилищного строительства,ИЖС,0,нет,16:24:110302,749274.3,749.27,,,,,нет,да,нет,нет,нет,да,нет,да,55.55421278109464,49.320412851663576
16:24:110302:1746,2500.0,Земли населенных пунктов,Учтенный,"Республика Татарстан, Лаишевский муниципальный район, Кирбинское сельское поселение, с Кирби",Частная,Для индивидуального жилищного строительства,ИЖС,0,нет,16:24:110302,1850242.25,740.1,,,,,нет,да,нет,нет,нет,да,нет,да,55.55416590077515,49.32169807867155
16:24:110101:468,1319.0,Земли населенных пунктов,Учтенный,"Российская Федерация, Республика Татарстан, Лаишевский муниципальный район, Кирбинское сельское поселение, с Кирби, ул. Чапаева, д. 34",Частная,Для ведения личного подсобного хозяйства,ЛПХ,0,нет,16:24:110101,1222274.83,926.67,,,,,нет,нет,нет,нет,да,да,нет,да,55.56545262347394,49.31519262171929
16:24:110302:1813,47681.0,Земли населенных пунктов,Учтенный,"Республика Татарстан, Лаишевский муниципальный район, Кирбинское сельское поселение
",Частная,Для сельскохозяйственного производства,СХ,0,нет,16:24:110302,160718.35,3.37,,,,,нет,нет,нет,нет,нет,нет,нет,да,55.55412321664178,49.295741427656104
16:24:110301:1070,13407.0,Земли сельскохозяйственного назначения,Учтенный,"Российская Федерация, Республика Татарстан, Лаишевский муниципальный район, с/с Кирбинское",Муниципальная,Для сельскохозяйственного производства,СХ,0,нет,16:24:110301,921233.85,68.71,,,,,да,нет,нет,нет,нет,нет,нет,нет,55.56979040417334,49.31427066855295
16:24:110101:470,2074.0,Земли населенных пунктов,Учтенный,"Российская Федерация, Республика Татарстан (Татарстан), м.р-н Лаишевский, с.п. Кирбинское, с Кирби, ул Чапаева, з/у 48",Частная,Для ведения личного подсобного хозяйства,ЛПХ,0,нет,16:24:110101,1913818.55,922.77,,,,,нет,нет,нет,нет,да,да,нет,да,55.56480130618445,49.31219342293007
16:24:000000:7273,49599.0,Земли сельскохозяйственного назначения,Учтенный,"Республика Татарстан, Лаишевский муниципальный район",,для сельскохозяйственного производства,СХ,0,нет,16:24:000000,3070277.3,61.9,,,,,да,нет,нет,нет,нет,нет,нет,нет,55.56767771965687,49.31607622342302
16:24:110102:742,1000.0,Земли населенных пунктов,Учтенный,"Российская Федерация, Республика Татарстан, Лаишевский муниципальный район, Кирбинское сельское поселение, с Кирби, ул. Юности, д.13Ж",Частная,Для ведения личного подсобного хозяйства,ЛПХ,0,нет,16:24:110102,917938.9,917.94,,,,,нет,нет,нет,нет,да,да,нет,да,55.56471325658506,49.30995940340128
16:24:110105:472,175.0,Земли населенных пунктов,Учтенный,"Республика Татарстан, Лаишевский муниципальный район, Кирбинское сельское поселение, с. Кирби",,земельные участки (территории) общего пользования (12.0),ОГП,0,нет,16:24:110105,121771.2,695.84,,,,,да,нет,нет,нет,нет,нет,да,да,55.559794066098775,49.32201426778465
16:24:110302:2974,2175.0,Земли населенных пунктов,Учтенный,"Российская Федерация, Республика Татарстан, Лаишевский муниципальный район, Кирбинское сельское поселение",Частная,Предоставление коммунальных услуг (код 3.1.1),ДРУГОЕ,0,нет,16:24:110302,1221297.08,561.52,,,,,нет,нет,нет,нет,нет,нет,нет,да,55.557060903375934,49.2942676643659
16:24:110302:2937,2094.0,Земли населенных пунктов,Учтенный,"Республика Татарстан, Лаишевский муниципальный район, Кирбинское сельское поселение, с Кирби",Частная,улично-дорожная сеть ( 12.0.1),ДРУГОЕ,0,нет,16:24:110302,1100461.91,525.53,,,,,нет,нет,нет,нет,нет,нет,нет,да,55.5538758778459,49.29953718301327
16:24:110302:2959,302.0,Земли населенных пунктов,Учтенный,"Российская Федерация, Республика Татарстан, Лаишевский муниципальный район, Кирбинское сельское поселение",Частная,Благоустройство территории (код 12.0.2),ДРУГОЕ,0,нет,16:24:110302,5619.04,18.61,,,,,нет,нет,нет,нет,нет,нет,нет,да,55.55539249377011,49.2983871785274
16:24:110302:2996,1000.0,Земли населенных пунктов,Учтенный,"Российская Федерация, Республика Татарстан, Лаишевский муниципальный район, Кирбинское сельское поселение",Частная,Для индивидуального жилищного строительства,ИЖС,0,нет,16:24:110302,617222.3,617.22,,,,,нет,да,нет,нет,нет,да,нет,да,55.55504491582563,49.30136918797875
16:24:110302:3008,19252.0,Земли населенных пунктов,Учтенный,"Российская Федерация, Республика Татарстан, Лаишевский муниципальный район, Кирбинское сельское поселение",Частная,улично-дорожная сеть ( 12.0.1),ДРУГОЕ,0,нет,16:24:110302,10237023.83,531.74,,,,,нет,нет,нет,нет,нет,нет,нет,да,55.5557323977673,49.29724294773632
16:24:110302:2936,1064.0,Земли населенных пунктов,Учтенный,"Республика Татарстан, Лаишевский муниципальный район, Кирбинское сельское поселение, с Кирби",Частная,Для индивидуального жилищного строительства,ИЖС,0,нет,16:24:110302,661128.53,621.36,,,,,нет,да,нет,нет,нет,да,нет,да,55.55413629990049,49.29996346002805
16:24:110302:2990,1000.0,Земли населенных пунктов,Учтенный,"Российская Федерация, Республика Татарстан, Лаишевский муниципальный район, Кирбинское сельское поселение",Частная,Для индивидуального жилищного строительства,ИЖС,0,нет,16:24:110302,621497.7,621.5,,,,,нет,да,нет,нет,нет,да,нет,да,55.55540159060301,49.302560074420306
16:24:110302:2854,1075.0,Земли населенных пунктов,Учтенный,"Республика Татарстан, Лаишевский муниципальный район, Кирбинское сельское поселение
",Частная,Для индивидуального жилищного строительства,ИЖС,0,нет,16:24:110302,802789.79,746.78,,,,,нет,да,нет,нет,нет,да,нет,да,55.55552698633625,49.31964388048647
16:24:110302:2994,1000.0,Земли населенных пунктов,Учтенный,"Российская Федерация, Республика Татарстан, Лаишевский муниципальный район, Кирбинское сельское поселение",Частная,Для индивидуального жилищного строительства,ИЖС,0,нет,16:24:110302,615684.6,615.68,,,,,нет,да,нет,нет,нет,да,нет,да,55.555043182491055,49.302161476564905
16:24:110102:769,1328.0,Земли населенных пунктов,Учтенный,"Российская Федерация, Республика Татарстан, Лаишевский муниципальный район муниципальный район, с Кирби, с/с Кирбинское сельское поселение, ул. Юности, з/у 22Б",,Для ведения личного подсобного хозяйства,ЛПХ,0,нет,16:24:110102,1139492.66,858.05,,,,,да,нет,нет,нет,да,да,нет,да,55.561750667297225,49.30645627676039
16:24:110101:478,834.0,Земли населенных пунктов,Учтенный,"Республика Татарстан, Лаишевский муниципальный район, Кирбинское сельское поселение, с Кирби, ул. Юности, 14 Е",Частная,Ведение личного подсобного хозяйства,ЛПХ,0,нет,16:24:110101,769421.13,922.57,,,,,нет,нет,нет,нет,да,да,нет,да,55.565661335421005,49.310508495432394
16:24:110102:772,1000.0,Земли населенных пунктов,Учтенный,"Российская Федерация, Республика Татарстан (Татарстан), м.р-н Лаишевский, с.п. Кирбинское, с Кирби, ул Юности, з/у 30",Частная,Для индивидуального жилищного строительства,ИЖС,0,нет,16:24:110102,850192.2,850.19,,,,,нет,да,нет,нет,нет,да,нет,да,55.56075876167438,49.30539874259977
16:24:110101:481,1704.0,Земли населенных пунктов,Учтенный,"Российская Федерация, Республика Татарстан, Лаишевский муниципальный район, Кирбинское сельское поселение, с Кирби, ул. Чапаева",Частная,Ведение личного подсобного хозяйства,ЛПХ,0,нет,16:24:110101,1537368.91,902.21,,,,,нет,нет,нет,нет,да,да,нет,да,55.564737826104064,49.31532843130627
16:24:110101:480,1100.0,Земли населенных пунктов,Учтенный,"Российская Федерация, Республика Татарстан, Лаишевский муниципальный район, Кирбинское сельское поселение, с Кирби, ул. Чапаева",Частная,Ведение личного подсобного хозяйства,ЛПХ,0,нет,16:24:110101,1016929.21,924.48,,,,,нет,нет,нет,нет,да,да,нет,да,55.56537116978148,49.31561533371666
16:24:110302:3239,1088.0,Земли населенных пунктов,Учтенный,"Российская Федерация, Республика Татарстан, Лаишевский муниципальный район, Кирбинское сельское поселение",Частная,Для индивидуального жилищного строительства,ИЖС,0,нет,16:24:110302,674869.43,620.28,,,,,нет,да,нет,нет,нет,да,нет,да,55.55536789379064,49.300559088092214
16:24:110302:3241,1006.0,Земли населенных пунктов,Учтенный,"Российская Федерация, Республика Татарстан, Лаишевский муниципальный район, Кирбинское сельское поселение",Частная,Для индивидуального жилищного строительства,ИЖС,0,нет,16:24:110302,630927.49,627.16,,,,,нет,да,нет,нет,нет,да,нет,да,55.55478431386954,49.29971884792829
16:24:110301:1225,1000.0,Земли населенных пунктов,Учтенный,"Республика Татарстан, Лаишевский муниципальный район, Кирбинское сельское поселение",Частная,для индивидуального жилищного строительства,ИЖС,0,нет,16:24:110301,591064.0,591.06,,,,,нет,да,нет,нет,нет,да,нет,да,55.56779940472408,49.29114503845995
16:24:110301:1220,2208.0,Земли населенных пунктов,Учтенный,"Республика Татарстан, Лаишевский муниципальный район, Кирбинское сельское поселение",Частная,для индивидуального жилищного строительства,ИЖС,0,нет,16:24:110301,1181097.62,534.92,,,,,нет,да,нет,нет,нет,да,нет,да,55.56774758629835,49.28901043967578
16:24:110301:1234,1388.0,Земли населенных пунктов,Учтенный,"Республика Татарстан, Лаишевский муниципальный район, Кирбинское сельское поселение",Частная,для индивидуального жилищного строительства,ИЖС,0,нет,16:24:110301,732797.51,527.95,,,,,нет,да,нет,нет,нет,да,нет,да,55.56753484695812,49.28929613434815
16:24:110301:1142,1012.0,Земли населенных пунктов,Учтенный,"Республика Татарстан, Лаишевский муниципальный район, Кирбинское сельское поселение",Частная,для индивидуального жилищного строительства,ИЖС,0,нет,16:24:110301,621379.94,614.01,,,,,нет,да,нет,нет,нет,да,нет,да,55.57078232956396,49.29517873897527
16:24:110301:1187,1214.0,Земли населенных пунктов,Учтенный,"Республика Татарстан, Лаишевский муниципальный район, Кирбинское сельское поселение",Частная,для индивидуального жилищного строительства,ИЖС,0,нет,16:24:110301,741595.09,610.87,,,,,нет,да,нет,нет,нет,да,нет,да,55.56956580861197,49.294231686663906
16:24:110301:1188,1000.0,Земли населенных пунктов,Учтенный,"Республика Татарстан, Лаишевский муниципальный район, Кирбинское сельское поселение",Частная,для индивидуального жилищного строительства,ИЖС,0,нет,16:24:110301,644926.4,644.93,,,,,нет,да,нет,нет,нет,да,нет,да,55.57516503237396,49.301955250431035
16:24:110301:1268,1000.0,Земли населенных пунктов,Учтенный,"Республика Татарстан, Лаишевский муниципальный район, Кирбинское сельское поселение",Частная,для индивидуального жилищного строительства,ИЖС,0,нет,16:24:110301,564450.5,564.45,,,,,нет,да,нет,нет,нет,да,нет,да,55.56522498846656,49.2887674084703
16:24:110301:1275,1000.0,Земли населенных пунктов,Учтенный,"Республика Татарстан, Лаишевский муниципальный район, Кирбинское сельское поселение",Частная,для индивидуального жилищного строительства,ИЖС,0,нет,16:24:110301,553499.1,553.5,,,,,нет,да,нет,нет,нет,да,нет,да,55.56657776500474,49.29070554903943
16:24:110301:1364,1000.0,Земли населенных пунктов,Учтенный,"Республика Татарстан, Лаишевский муниципальный район, Кирбинское сельское поселение",Частная,для индивидуального жилищного строительства,ИЖС,0,нет,16:24:110301,621672.7,621.67,,,,,нет,да,нет,нет,нет,да,нет,да,55.574673149447776,49.29999901162468
16:24:110301:1305,1000.0,Земли населенных пунктов,Учтенный,"Республика Татарстан, Лаишевский муниципальный район, Кирбинское сельское поселение",Частная,для индивидуального жилищного строительства,ИЖС,0,нет,16:24:110301,552052.5,552.05,,,,,нет,да,нет,нет,нет,да,нет,да,55.56458312289579,49.28502033036609
16:24:110301:1315,1111.0,Земли населенных пунктов,Учтенный,"Республика Татарстан, Лаишевский муниципальный район, Кирбинское сельское поселение",Частная,для индивидуального жилищного строительства,ИЖС,0,нет,16:24:110301,590905.46,531.87,,,,,нет,да,нет,нет,нет,да,нет,да,55.563748240867355,49.285661741628736
16:24:110301:1405,1000.0,Земли населенных пунктов,Учтенный,"Республика Татарстан, Лаишевский муниципальный район, Кирбинское сельское поселение",Частная,для индивидуального жилищного строительства,ИЖС,0,нет,16:24:110301,635558.9,635.56,,,,,нет,да,нет,нет,нет,да,нет,да,55.57298892808026,49.298341348629364
16:24:110301:1419,1000.0,Земли населенных пунктов,Учтенный,"Республика Татарстан, Лаишевский муниципальный район, Кирбинское сельское поселение",Частная,для индивидуального жилищного строительства,ИЖС,0,нет,16:24:110301,617362.3,617.36,,,,,нет,да,нет,нет,нет,да,нет,да,55.57218919600173,49.29668454008897
16:24:110301:1415,2138.0,Земли населенных пунктов,Учтенный,"Республика Татарстан, Лаишевский муниципальный район, Кирбинское сельское поселение",Частная,для индивидуального жилищного строительства,ИЖС,0,нет,16:24:110301,1354445.45,633.51,,,,,нет,да,нет,нет,нет,да,нет,да,55.57509245354254,49.303661890734254
16:24:110301:1427,1000.0,Земли населенных пунктов,Учтенный,"Республика Татарстан, Лаишевский муниципальный район, Кирбинское сельское поселение",Частная,для индивидуального жилищного строительства,ИЖС,0,нет,16:24:110301,650392.3,650.39,,,,,нет,да,нет,нет,нет,да,нет,да,55.572043410771855,49.298007183424076
16:24:110301:1140,1325.0,Земли населенных пунктов,Учтенный,"Республика Татарстан, Лаишевский муниципальный район, Кирбинское сельское поселение",Частная,для индивидуального жилищного строительства,ИЖС,0,нет,16:24:110301,791890.22,597.65,,,,,нет,да,нет,нет,нет,да,нет,да,55.57047575744313,49.29473937112194
16:24:110301:1127,2404.0,Земли населенных пунктов,Учтенный,"Республика Татарстан, Лаишевский муниципальный район, Кирбинское сельское поселение",Частная,для индивидуального жилищного строительства,ИЖС,0,нет,16:24:110301,1573344.2,654.47,,,,,нет,да,нет,нет,нет,да,нет,да,55.57021174516286,49.29684726611985
16:24:110301:1222,1000.0,Земли населенных пунктов,Учтенный,"Республика Татарстан, Лаишевский муниципальный район, Кирбинское сельское поселение",Частная,для индивидуального жилищного строительства,ИЖС,0,нет,16:24:110301,654151.8,654.15,,,,,нет,да,нет,нет,нет,да,нет,да,55.57460880138454,49.30169716122295
16:24:110301:1246,2500.0,Земли населенных пунктов,Учтенный,"Республика Татарстан, Лаишевский муниципальный район, Кирбинское сельское поселение",Частная,для индивидуального жилищного строительства,ИЖС,0,нет,16:24:110301,1343694.0,537.48,,,,,нет,да,нет,нет,нет,да,нет,да,55.56703484415309,49.289209166641214
16:24:110301:1237,1000.0,Земли населенных пунктов,Учтенный,"Республика Татарстан, Лаишевский муниципальный район, Кирбинское сельское поселение",Частная,для индивидуального жилищного строительства,ИЖС,0,нет,16:24:110301,553808.9,553.81,,,,,нет,да,нет,нет,нет,да,нет,да,55.56754464010392,49.29056216707859
16:24:110301:1242,1000.0,Земли населенных пунктов,Учтенный,"Республика Татарстан, Лаишевский муниципальный район, Кирбинское сельское поселение",Частная,для индивидуального жилищного строительства,ИЖС,0,нет,16:24:110301,611662.6,611.66,,,,,нет,да,нет,нет,нет,да,нет,да,55.567540471183705,49.292543519024925
16:24:110301:1141,1271.0,Земли населенных пунктов,Учтенный,"Республика Татарстан, Лаишевский муниципальный район, Кирбинское сельское поселение",Частная,для индивидуального жилищного строительства,ИЖС,0,нет,16:24:110301,750422.17,590.42,,,,,нет,да,нет,нет,нет,да,нет,да,55.57096013528436,49.29475740810454
16:24:110301:1272,1206.0,Земли населенных пунктов,Учтенный,"Республика Татарстан, Лаишевский муниципальный район, Кирбинское сельское поселение",Частная,для индивидуального жилищного строительства,ИЖС,0,нет,16:24:110301,632192.44,524.21,,,,,нет,да,нет,нет,нет,да,нет,да,55.56593170589333,49.28972549025904
16:24:110301:1279,1254.0,Земли населенных пунктов,Учтенный,"Республика Татарстан, Лаишевский муниципальный район, Кирбинское сельское поселение",Частная,для индивидуального жилищного строительства,ИЖС,0,нет,16:24:110301,759106.64,605.35,,,,,нет,да,нет,нет,нет,да,нет,да,55.56707542461706,49.29150024833231
16:24:110301:1369,1000.0,Земли населенных пунктов,Учтенный,"Республика Татарстан, Лаишевский муниципальный район, Кирбинское сельское поселение",Частная,для индивидуального жилищного строительства,ИЖС,0,нет,16:24:110301,659158.2,659.16,,,,,нет,да,нет,нет,нет,да,нет,да,55.57440837395213,49.30090025197088
16:24:110301:1156,1050.0,Земли населенных пунктов,Учтенный,"Республика Татарстан, Лаишевский муниципальный район, Кирбинское сельское поселение",Частная,для индивидуального жилищного строительства,ИЖС,0,нет,16:24:110301,594374.86,566.07,,,,,нет,да,нет,нет,нет,да,нет,да,55.56899083155751,49.29065025773099
16:24:110301:1321,2459.0,Земли населенных пунктов,Учтенный,"Республика Татарстан, Лаишевский муниципальный район, Кирбинское сельское поселение",Частная,для индивидуального жилищного строительства,ИЖС,0,нет,16:24:110301,1529502.67,622.0,,,,,нет,да,нет,нет,нет,да,нет,да,55.574857571420985,49.299700258474864
16:24:110301:1326,1000.0,Земли населенных пунктов,Учтенный,"Республика Татарстан, Лаишевский муниципальный район, Кирбинское сельское поселение",Частная,для индивидуального жилищного строительства,ИЖС,0,нет,16:24:110301,536611.8,536.61,,,,,нет,да,нет,нет,нет,да,нет,да,55.56418091948958,49.28623049915871
16:24:110301:1432,1000.0,Земли населенных пунктов,Учтенный,"Республика Татарстан, Лаишевский муниципальный район, Кирбинское сельское поселение",Частная,для индивидуального жилищного строительства,ИЖС,0,нет,16:24:110301,664691.7,664.69,,,,,нет,да,нет,нет,нет,да,нет,да,55.57130584850827,49.2985038034735
16:24:110301:1201,1961.0,Земли населенных пунктов,Учтенный,"Республика Татарстан, Лаишевский муниципальный район, Кирбинское сельское поселение",Частная,для индивидуального жилищного строительства,ИЖС,0,нет,16:24:110301,1199193.86,611.52,,,,,нет,да,нет,нет,нет,да,нет,да,55.56830873708356,49.29279693815128
16:24:110301:1130,1909.0,Земли населенных пунктов,Учтенный,"Республика Татарстан, Лаишевский муниципальный район, Кирбинское сельское поселение",Частная,для индивидуального жилищного строительства,ИЖС,0,нет,16:24:110301,1181469.98,618.89,,,,,нет,да,нет,нет,нет,да,нет,да,55.569927895336804,49.29497689122754
16:24:110301:1112,1000.0,Земли населенных пунктов,Учтенный,"Республика Татарстан, Лаишевский муниципальный район, Кирбинское сельское поселение",Частная,для индивидуального жилищного строительства,ИЖС,0,нет,16:24:110301,597632.5,597.63,,,,,нет,да,нет,нет,нет,да,нет,да,55.57180570996054,49.296134898249214
16:24:110301:1158,1075.0,Земли населенных пунктов,Учтенный,"Республика Татарстан, Лаишевский муниципальный район, Кирбинское сельское поселение",Частная,для индивидуального жилищного строительства,ИЖС,0,нет,16:24:110301,619024.24,575.84,,,,,нет,да,нет,нет,нет,да,нет,да,55.56929854314851,49.29114538849762
16:24:110301:1180,1000.0,Земли населенных пунктов,Учтенный,"Республика Татарстан, Лаишевский муниципальный район, Кирбинское сельское поселение",Частная,для индивидуального жилищного строительства,ИЖС,0,нет,16:24:110301,598163.7,598.16,,,,,нет,да,нет,нет,нет,да,нет,да,55.56885382238797,49.29246613792953
16:24:110301:1348,1000.0,Земли населенных пунктов,Учтенный,"Республика Татарстан, Лаишевский муниципальный район, Кирбинское сельское поселение",Частная,для индивидуального жилищного строительства,ИЖС,0,нет,16:24:110301,553660.6,553.66,,,,,нет,да,нет,нет,нет,да,нет,да,55.56419659918182,49.288110747588306
16:24:110301:1269,1000.0,Земли населенных пунктов,Учтенный,"Республика Татарстан, Лаишевский муниципальный район, Кирбинское сельское поселение",Частная,для индивидуального жилищного строительства,ИЖС,0,нет,16:24:110301,556835.6,556.84,,,,,нет,да,нет,нет,нет,да,нет,да,55.565399312699775,49.28901713242251
16:24:110301:1249,1000.0,Земли населенных пунктов,Учтенный,"Республика Татарстан, Лаишевский муниципальный район, Кирбинское сельское поселение",Частная,для индивидуального жилищного строительства,ИЖС,0,нет,16:24:110301,550133.0,550.13,,,,,нет,да,нет,нет,нет,да,нет,да,55.56593714369258,49.287848137088545
16:24:110301:1368,1000.0,Земли населенных пунктов,Учтенный,"Республика Татарстан, Лаишевский муниципальный район, Кирбинское сельское поселение",Частная,для индивидуального жилищного строительства,ИЖС,0,нет,16:24:110301,650383.6,650.38,,,,,нет,да,нет,нет,нет,да,нет,да,55.574262654464164,49.30032060055378
16:24:110301:1374,1000.0,Земли населенных пунктов,Учтенный,"Республика Татарстан, Лаишевский муниципальный район, Кирбинское сельское поселение",Частная,для индивидуального жилищного строительства,ИЖС,0,нет,16:24:110301,671190.7,671.19,,,,,нет,да,нет,нет,нет,да,нет,да,55.57399791266478,49.30122176616773
16:24:110301:1302,1293.0,Земли населенных пунктов,Учтенный,"Республика Татарстан, Лаишевский муниципальный район, Кирбинское сельское поселение",Частная,для индивидуального жилищного строительства,ИЖС,0,нет,16:24:110301,730117.02,564.67,,,,,нет,да,нет,нет,нет,да,нет,да,55.56559038900964,49.28581034631059
16:24:110301:1303,1326.0,Земли населенных пунктов,Учтенный,"Республика Татарстан, Лаишевский муниципальный район, Кирбинское сельское поселение",Частная,для индивидуального жилищного строительства,ИЖС,0,нет,16:24:110301,754323.21,568.87,,,,,нет,да,нет,нет,нет,да,нет,да,55.56587202730001,49.286204098285815
16:24:110301:1334,1000.0,Земли населенных пунктов,Учтенный,"Республика Татарстан, Лаишевский муниципальный район, Кирбинское сельское поселение",Частная,для индивидуального жилищного строительства,ИЖС,0,нет,16:24:110301,554550.0,554.55,,,,,нет,да,нет,нет,нет,да,нет,да,55.56525743979521,49.28769098406051
16:24:110301:1337,2500.0,Земли населенных пунктов,Учтенный,"Республика Татарстан, Лаишевский муниципальный район, Кирбинское сельское поселение",Частная,для индивидуального жилищного строительства,ИЖС,0,нет,16:24:110301,1372171.5,548.87,,,,,нет,да,нет,нет,нет,да,нет,да,55.56452946377633,49.28727206994727
16:24:110301:1402,1000.0,Земли населенных пунктов,Учтенный,"Республика Татарстан, Лаишевский муниципальный район, Кирбинское сельское поселение",Частная,для индивидуального жилищного строительства,ИЖС,0,нет,16:24:110301,619769.2,619.77,,,,,нет,да,нет,нет,нет,да,нет,да,55.57313048417179,49.29803363732047
16:24:110301:1433,1000.0,Земли населенных пунктов,Учтенный,"Республика Татарстан, Лаишевский муниципальный район, Кирбинское сельское поселение",Частная,для индивидуального жилищного строительства,ИЖС,0,нет,16:24:110301,657666.9,657.67,,,,,нет,да,нет,нет,нет,да,нет,да,55.57163111170109,49.29897034411587
16:24:110301:1429,1000.0,Земли населенных пунктов,Учтенный,"Республика Татарстан, Лаишевский муниципальный район, Кирбинское сельское поселение",Частная,для индивидуального жилищного строительства,ИЖС,0,нет,16:24:110301,657666.9,657.67,,,,,нет,да,нет,нет,нет,да,нет,да,55.5719018547984,49.29831485463632
16:24:110301:1135,2266.0,Земли населенных пунктов,Учтенный,"Республика Татарстан, Лаишевский муниципальный район, Кирбинское сельское поселение",Частная,для индивидуального жилищного строительства,ИЖС,0,нет,16:24:110301,1433334.05,632.54,,,,,нет,да,нет,нет,нет,да,нет,да,55.56991454085057,49.29604086764912
16:24:110301:1169,1000.0,Земли населенных пунктов,Учтенный,"Республика Татарстан, Лаишевский муниципальный район, Кирбинское сельское поселение",Частная,для индивидуального жилищного строительства,ИЖС,0,нет,16:24:110301,576254.1,576.25,,,,,нет,да,нет,нет,нет,да,нет,да,55.56953351686952,49.29200346934605
16:24:110301:1353,1100.0,Земли населенных пунктов,Учтенный,"Республика Татарстан, Лаишевский муниципальный район, Кирбинское сельское поселение",Частная,для индивидуального жилищного строительства,ИЖС,0,нет,16:24:110301,592994.6,539.09,,,,,нет,да,нет,нет,нет,да,нет,да,55.56399684155667,49.283859988027515
16:24:110301:1387,1000.0,Земли населенных пунктов,Учтенный,"Республика Татарстан, Лаишевский муниципальный район, Кирбинское сельское поселение",Частная,для индивидуального жилищного строительства,ИЖС,0,нет,16:24:110301,620072.5,620.07,,,,,нет,да,нет,нет,нет,да,нет,да,55.57337240418467,49.29889099679279
16:24:110301:1392,1000.0,Земли населенных пунктов,Учтенный,"Республика Татарстан, Лаишевский муниципальный район, Кирбинское сельское поселение",Частная,для индивидуального жилищного строительства,ИЖС,0,нет,16:24:110301,659901.5,659.9,,,,,нет,да,нет,нет,нет,да,нет,да,55.573368173615094,49.29990609216107
16:24:110301:1297,1164.0,Земли населенных пунктов,Учтенный,"Республика Татарстан, Лаишевский муниципальный район, Кирбинское сельское поселение",Частная,для индивидуального жилищного строительства,ИЖС,0,нет,16:24:110301,629503.19,540.81,,,,,нет,да,нет,нет,нет,да,нет,да,55.56447035495452,49.28414706120097
16:24:110301:1394,1078.0,Земли населенных пунктов,Учтенный,"Республика Татарстан, Лаишевский муниципальный район, Кирбинское сельское поселение",Частная,для индивидуального жилищного строительства,ИЖС,0,нет,16:24:110301,711414.89,659.94,,,,,нет,да,нет,нет,нет,да,нет,да,55.57294326943429,49.299823602200355
16:24:110301:1423,1000.0,Земли населенных пунктов,Учтенный,"Республика Татарстан, Лаишевский муниципальный район, Кирбинское сельское поселение",Частная,для индивидуального жилищного строительства,ИЖС,0,нет,16:24:110301,617645.3,617.65,,,,,нет,да,нет,нет,нет,да,нет,да,55.571906072087685,49.297299828579966
16:24:110301:1428,1000.0,Земли населенных пунктов,Учтенный,"Республика Татарстан, Лаишевский муниципальный район, Кирбинское сельское поселение",Частная,для индивидуального жилищного строительства,ИЖС,0,нет,16:24:110301,653971.9,653.97,,,,,нет,да,нет,нет,нет,да,нет,да,55.57162298100932,49.29791510845638
16:24:110302:3248,1033.0,Земли населенных пунктов,Учтенный,"Российская Федерация, Республика Татарстан, Лаишевский муниципальный район, Кирбинское сельское поселение, с Кирби",Частная,Для индивидуального жилищного строительства,ИЖС,0,нет,16:24:110302,785768.29,760.67,,,,,нет,да,нет,нет,нет,да,нет,да,55.5562899909104,49.29157614564586
16:24:110302:3257,1061.0,Земли населенных пунктов,Учтенный,"Российская Федерация, Республика Татарстан, Лаишевский муниципальный район, Кирбинское сельское поселение, с Кирби",Частная,Для индивидуального жилищного строительства,ИЖС,0,нет,16:24:110302,728570.45,686.68,,,,,нет,да,нет,нет,нет,да,нет,да,55.554436649410476,49.309035671031666
16:24:110302:3258,1056.0,Земли населенных пунктов,Учтенный,"Российская Федерация, Республика Татарстан, Лаишевский муниципальный район, Кирбинское сельское поселение, с Кирби",Частная,Для индивидуального жилищного строительства,ИЖС,0,нет,16:24:110302,724908.31,686.47,,,,,нет,да,нет,нет,нет,да,нет,да,55.55428812848478,49.309180222862054
16:24:110302:3251,1000.0,Земли населенных пунктов,Учтенный,"Российская Федерация, Республика Татарстан, Лаишевский муниципальный район, Кирбинское сельское поселение, с Кирби",Частная,Для индивидуального жилищного строительства,ИЖС,0,нет,16:24:110302,724988.0,724.99,,,,,нет,да,нет,нет,нет,да,нет,да,55.55386320249226,49.31102579818054
16:24:110302:3261,1000.0,Земли населенных пунктов,Учтенный,"Российская Федерация, Республика Татарстан, Лаишевский муниципальный район, Кирбинское сельское поселение, с Кирби",Частная,Для индивидуального жилищного строительства,ИЖС,0,нет,16:24:110302,725489.8,725.49,,,,,нет,да,нет,нет,нет,да,нет,да,55.553855541817036,49.309908630892245
16:24:110302:3250,1000.0,Земли населенных пунктов,Учтенный,"Российская Федерация, Республика Татарстан, Лаишевский муниципальный район, Кирбинское сельское поселение, с Кирби",Частная,Для индивидуального жилищного строительства,ИЖС,0,нет,16:24:110302,725719.5,725.72,,,,,нет,да,нет,нет,нет,да,нет,да,55.55386778150372,49.3104534216773
16:24:110302:3252,1000.0,Земли населенных пунктов,Учтенный,"Российская Федерация, Республика Татарстан, Лаишевский муниципальный район, Кирбинское сельское поселение, с Кирби",Частная,Для индивидуального жилищного строительства,ИЖС,0,нет,16:24:110302,724524.6,724.52,,,,,нет,да,нет,нет,нет,да,нет,да,55.55385869583319,49.31158771701349
16:24:110302:3253,1000.0,Земли населенных пунктов,Учтенный,"Российская Федерация, Республика Татарстан, Лаишевский муниципальный район, Кирбинское сельское поселение, с Кирби",Частная,Для индивидуального жилищного строительства,ИЖС,0,нет,16:24:110302,728366.0,728.37,,,,,нет,да,нет,нет,нет,да,нет,да,55.553862912910326,49.31205210249631
16:24:110302:3263,1000.0,Земли населенных пунктов,Учтенный,"Российская Федерация, Республика Татарстан, Лаишевский муниципальный район, Кирбинское сельское поселение, с Кирби",Частная,Для индивидуального жилищного строительства,ИЖС,0,нет,16:24:110302,682688.6,682.69,,,,,нет,да,нет,нет,нет,да,нет,да,55.55593437600668,49.29602659471768
16:24:110302:3271,1101.0,Земли населенных пунктов,Учтенный,"Российская Федерация, Республика Татарстан, Лаишевский муниципальный район, Кирбинское сельское поселение, с Кирби",Частная,Для индивидуального жилищного строительства,ИЖС,0,нет,16:24:110302,882414.84,801.47,,,,,нет,да,нет,нет,нет,да,нет,да,55.556053162080495,49.31110236895874
16:24:110302:3272,1291.0,Земли населенных пунктов,Учтенный,"Российская Федерация, Республика Татарстан, Лаишевский муниципальный район, Кирбинское сельское поселение, с Кирби",Частная,Для индивидуального жилищного строительства,ИЖС,0,нет,16:24:110302,1034693.51,801.47,,,,,нет,да,нет,нет,нет,да,нет,да,55.55615634044641,49.31145485348582
16:24:110302:3269,1000.0,Земли населенных пунктов,Учтенный,"Российская Федерация, Республика Татарстан, Лаишевский муниципальный район, Кирбинское сельское поселение, с Кирби",Частная,Для индивидуального жилищного строительства,ИЖС,0,нет,16:24:110302,730089.8,730.09,,,,,нет,да,нет,нет,нет,да,нет,да,55.55587814649965,49.310528874587284
16:24:110302:3274,1294.0,Земли населенных пунктов,Учтенный,"Российская Федерация, Республика Татарстан, Лаишевский муниципальный район, Кирбинское сельское поселение, с Кирби",Частная,Для индивидуального жилищного строительства,ИЖС,0,нет,16:24:110302,1038549.91,802.59,,,,,нет,да,нет,нет,нет,да,нет,да,55.55618672726985,49.31213104581957
16:24:110302:3270,1000.0,Земли населенных пунктов,Учтенный,"Российская Федерация, Республика Татарстан, Лаишевский муниципальный район, Кирбинское сельское поселение, с Кирби",Частная,Для индивидуального жилищного строительства,ИЖС,0,нет,16:24:110302,752626.9,752.63,,,,,нет,да,нет,нет,нет,да,нет,да,55.55601112285844,49.31082026356659
16:24:110302:3288,1000.0,Земли населенных пунктов,Учтенный,"Российская Федерация, Республика Татарстан, Лаишевский муниципальный район, Кирбинское сельское поселение, с Кирби",Частная,Для индивидуального жилищного строительства,ИЖС,0,нет,16:24:110302,748828.1,748.83,,,,,нет,да,нет,нет,нет,да,нет,да,55.555724960433785,49.31728057053327
16:24:110302:3282,1000.0,Земли населенных пунктов,Учтенный,"Российская Федерация, Республика Татарстан, Лаишевский муниципальный район, Кирбинское сельское поселение, с Кирби",Частная,Для индивидуального жилищного строительства,ИЖС,0,нет,16:24:110302,798706.7,798.71,,,,,нет,да,нет,нет,нет,да,нет,да,55.55572898398375,49.31530388704255
16:24:110302:3275,1084.0,Земли населенных пунктов,Учтенный,"Российская Федерация, Республика Татарстан, Лаишевский муниципальный район, Кирбинское сельское поселение, с Кирби",Частная,Для индивидуального жилищного строительства,ИЖС,0,нет,16:24:110302,879605.19,811.44,,,,,нет,да,нет,нет,нет,да,нет,да,55.55610516146549,49.31409318605665
16:24:110302:3292,1000.0,Земли населенных пунктов,Учтенный,"Российская Федерация, Республика Татарстан, Лаишевский муниципальный район, Кирбинское сельское поселение, с Кирби",Частная,Для индивидуального жилищного строительства,ИЖС,0,нет,16:24:110302,760984.3,760.98,,,,,нет,да,нет,нет,нет,да,нет,да,55.55611709705822,49.31573151696903
16:24:110302:3296,1000.0,Земли населенных пунктов,Учтенный,"Российская Федерация, Республика Татарстан, Лаишевский муниципальный район, Кирбинское сельское поселение, с Кирби",Частная,Для индивидуального жилищного строительства,ИЖС,0,нет,16:24:110302,749219.7,749.22,,,,,нет,да,нет,нет,нет,да,нет,да,55.55589336835306,49.31781812939547
16:24:110302:3290,1000.0,Земли населенных пунктов,Учтенный,"Российская Федерация, Республика Татарстан, Лаишевский муниципальный район, Кирбинское сельское поселение, с Кирби",Частная,Для индивидуального жилищного строительства,ИЖС,0,нет,16:24:110302,773141.6,773.14,,,,,нет,да,нет,нет,нет,да,нет,да,55.556130522173,49.31493954411893
16:24:110302:3307,1061.0,Земли населенных пунктов,Учтенный,"Российская Федерация, Республика Татарстан, Лаишевский муниципальный район, Кирбинское сельское поселение",Частная,Для индивидуального жилищного строительства,ИЖС,0,нет,16:24:110302,790909.51,745.44,,,,,нет,да,нет,нет,нет,да,нет,да,55.55461700492699,49.311353276772266
16:24:110302:3306,1000.0,Земли населенных пунктов,Учтенный,"Российская Федерация, Республика Татарстан, Лаишевский муниципальный район, Кирбинское сельское поселение",Частная,Для индивидуального жилищного строительства,ИЖС,0,нет,16:24:110302,744418.7,744.42,,,,,нет,да,нет,нет,нет,да,нет,да,55.55428239116492,49.3112966981686
16:24:110302:3301,1010.0,Земли населенных пунктов,Учтенный,"Российская Федерация, Республика Татарстан, Лаишевский муниципальный район, Кирбинское сельское поселение",Частная,Для индивидуального жилищного строительства,ИЖС,0,нет,16:24:110302,726789.44,719.59,,,,,нет,да,нет,нет,нет,да,нет,да,55.55476748041142,49.31006553743635
16:24:110302:3302,1006.0,Земли населенных пунктов,Учтенный,"Российская Федерация, Республика Татарстан, Лаишевский муниципальный район, Кирбинское сельское поселение",Частная,Для индивидуального жилищного строительства,ИЖС,0,нет,16:24:110302,723842.75,719.53,,,,,нет,да,нет,нет,нет,да,нет,да,55.55462870233117,49.30982893558484
16:24:110302:3297,1002.0,Земли населенных пунктов,Учтенный,"Российская Федерация, Республика Татарстан, Лаишевский муниципальный район, Кирбинское сельское поселение",Частная,Для индивидуального жилищного строительства,ИЖС,0,нет,16:24:110302,718207.95,716.77,,,,,нет,да,нет,нет,нет,да,нет,да,55.55518533311914,49.31044032532524
16:24:110302:3298,1087.0,Земли населенных пунктов,Учтенный,"Российская Федерация, Республика Татарстан, Лаишевский муниципальный район, Кирбинское сельское поселение",Частная,Для индивидуального жилищного строительства,ИЖС,0,нет,16:24:110302,781997.26,719.41,,,,,нет,да,нет,нет,нет,да,нет,да,55.55467878424317,49.310969880802894
16:24:110302:3300,1010.0,Земли населенных пунктов,Учтенный,"Российская Федерация, Республика Татарстан, Лаишевский муниципальный район, Кирбинское сельское поселение",Частная,Для индивидуального жилищного строительства,ИЖС,0,нет,16:24:110302,726789.44,719.59,,,,,нет,да,нет,нет,нет,да,нет,да,55.554989942976135,49.31019516122594
16:24:110302:3310,1087.0,Земли населенных пунктов,Учтенный,"Российская Федерация, Республика Татарстан, Лаишевский муниципальный район, Кирбинское сельское поселение",Частная,Для индивидуального жилищного строительства,ИЖС,0,нет,16:24:110302,828930.87,762.59,,,,,нет,да,нет,нет,нет,да,нет,да,55.554912320551345,49.3130670657902
16:24:110302:3308,1100.0,Земли населенных пунктов,Учтенный,"Российская Федерация, Республика Татарстан, Лаишевский муниципальный район, Кирбинское сельское поселение",Частная,Для индивидуального жилищного строительства,ИЖС,0,нет,16:24:110302,863685.57,785.17,,,,,нет,да,нет,нет,нет,да,нет,да,55.55535427209882,49.31333170078086
16:24:110302:3315,1285.0,Земли населенных пунктов,Учтенный,"Российская Федерация, Республика Татарстан, Лаишевский муниципальный район, Кирбинское сельское поселение",Частная,Для индивидуального жилищного строительства,ИЖС,0,нет,16:24:110302,946832.46,736.83,,,,,нет,да,нет,нет,нет,да,нет,да,55.55388345231038,49.31281128108007
16:24:110302:3311,1087.0,Земли населенных пунктов,Учтенный,"Российская Федерация, Республика Татарстан, Лаишевский муниципальный район, Кирбинское сельское поселение",Частная,Для индивидуального жилищного строительства,ИЖС,0,нет,16:24:110302,828930.87,762.59,,,,,нет,да,нет,нет,нет,да,нет,да,55.554745423897316,49.31299268680667
16:24:110302:3313,1000.0,Земли населенных пунктов,Учтенный,"Российская Федерация, Республика Татарстан, Лаишевский муниципальный район, Кирбинское сельское поселение",Частная,Для индивидуального жилищного строительства,ИЖС,0,нет,16:24:110302,742656.7,742.66,,,,,нет,да,нет,нет,нет,да,нет,да,55.55430299177628,49.31291822299207
16:24:110302:3324,1001.0,Земли населенных пунктов,Учтенный,"Российская Федерация, Республика Татарстан, Лаишевский муниципальный район, Кирбинское сельское поселение, с Кирби",Частная,Для индивидуального жилищного строительства,ИЖС,0,нет,16:24:110302,614701.59,614.09,,,,,нет,да,нет,нет,нет,да,нет,да,55.55438367017601,49.303742464804415
16:24:110302:3317,1000.0,Земли населенных пунктов,Учтенный,"Российская Федерация, Республика Татарстан, Лаишевский муниципальный район, Кирбинское сельское поселение, с Кирби",Частная,Для индивидуального жилищного строительства,ИЖС,0,нет,16:24:110302,618088.7,618.09,,,,,нет,да,нет,нет,нет,да,нет,да,55.554017305166816,49.30226023453882
16:24:110302:3322,1113.0,Земли населенных пунктов,Учтенный,"Российская Федерация, Республика Татарстан, Лаишевский муниципальный район, Кирбинское сельское поселение, с Кирби",Частная,Для индивидуального жилищного строительства,ИЖС,0,нет,16:24:110302,683581.89,614.18,,,,,нет,да,нет,нет,нет,да,нет,да,55.553977020310384,49.30352768040199
16:24:110302:3326,1000.0,Земли населенных пунктов,Учтенный,"Российская Федерация, Республика Татарстан, Лаишевский муниципальный район, Кирбинское сельское поселение, с Кирби",Частная,Для индивидуального жилищного строительства,ИЖС,0,нет,16:24:110302,625630.8,625.63,,,,,нет,да,нет,нет,нет,да,нет,да,55.55480058741116,49.30375083088543
16:24:110302:3338,1000.0,Земли населенных пунктов,Учтенный,"Республика Татарстан, Лаишевский муниципальный район, Кирбинское сельское поселение, с Кирби",Частная,Для индивидуального жилищного строительства,ИЖС,0,нет,16:24:110302,773901.0,773.9,,,,,нет,да,нет,нет,нет,да,нет,да,55.555597706207784,49.3117597667789
16:24:110302:3331,1001.0,Земли населенных пунктов,Учтенный,"Республика Татарстан, Лаишевский муниципальный район, Кирбинское сельское поселение, с Кирби",Частная,Для индивидуального жилищного строительства,ИЖС,0,нет,16:24:110302,771402.93,770.63,,,,,нет,да,нет,нет,нет,да,нет,да,55.555234277081446,49.311132425558
16:24:110302:3329,1000.0,Земли населенных пунктов,Учтенный,"Республика Татарстан, Лаишевский муниципальный район, Кирбинское сельское поселение, с Кирби",Частная,Для индивидуального жилищного строительства,ИЖС,0,нет,16:24:110302,788175.5,788.18,,,,,нет,да,нет,нет,нет,да,нет,да,55.555706372054146,49.31208936742759
16:24:110302:3334,1000.0,Земли населенных пунктов,Учтенный,"Республика Татарстан, Лаишевский муниципальный район, Кирбинское сельское поселение, с Кирби",Частная,Для индивидуального жилищного строительства,ИЖС,0,нет,16:24:110302,768453.0,768.45,,,,,нет,да,нет,нет,нет,да,нет,да,55.55527444233159,49.312075978885964
16:24:110302:3336,1000.0,Земли населенных пунктов,Учтенный,"Республика Татарстан, Лаишевский муниципальный район, Кирбинское сельское поселение, с Кирби",Частная,Для индивидуального жилищного строительства,ИЖС,0,нет,16:24:110302,792021.2,792.02,,,,,нет,да,нет,нет,нет,да,нет,да,55.5555887188051,49.31264462548833
16:24:110302:3345,1000.0,Земли населенных пунктов,Учтенный,"Российская Федерация, Республика Татарстан, Лаишевский муниципальный район, Кирбинское сельское поселение, с Кирби",Частная,Для индивидуального жилищного строительства,ИЖС,0,нет,16:24:110302,752235.5,752.24,,,,,нет,да,нет,нет,нет,да,нет,да,55.55651036614606,49.317530061251695
16:24:110302:3346,1000.0,Земли населенных пунктов,Учтенный,"Российская Федерация, Республика Татарстан, Лаишевский муниципальный район, Кирбинское сельское поселение, с Кирби",Частная,Для индивидуального жилищного строительства,ИЖС,0,нет,16:24:110302,756348.0,756.35,,,,,нет,да,нет,нет,нет,да,нет,да,55.55640477826325,49.317988064833514
16:24:110302:3342,1000.0,Земли населенных пунктов,Учтенный,"Российская Федерация, Республика Татарстан, Лаишевский муниципальный район, Кирбинское сельское поселение, с Кирби",Частная,Для индивидуального жилищного строительства,ИЖС,0,нет,16:24:110302,769953.8,769.95,,,,,нет,да,нет,нет,нет,да,нет,да,55.556614060498305,49.316159704052254
16:24:110302:3348,1000.0,Земли населенных пунктов,Учтенный,"Российская Федерация, Республика Татарстан, Лаишевский муниципальный район, Кирбинское сельское поселение, с Кирби",Частная,Для индивидуального жилищного строительства,ИЖС,0,нет,16:24:110302,750265.5,750.27,,,,,нет,да,нет,нет,нет,да,нет,да,55.556225229442006,49.31871200278295
16:24:110302:3353,1100.0,Земли населенных пунктов,Учтенный,"Российская Федерация, Республика Татарстан, Лаишевский муниципальный район, Кирбинское сельское поселение, с Кирби",Частная,Для индивидуального жилищного строительства,ИЖС,0,нет,16:24:110302,863778.3,785.25,,,,,нет,да,нет,нет,нет,да,нет,да,55.556664421576734,49.31349792403543
16:24:110302:3363,1000.0,Земли населенных пунктов,Учтенный,"Республика Татарстан, Лаишевский муниципальный район, Кирбинское сельское поселение, с Кирби",Частная,Для индивидуального жилищного строительства,ИЖС,0,нет,16:24:110302,615460.3,615.46,,,,,нет,да,нет,нет,нет,да,нет,да,55.55363285432605,49.29989085609358
16:24:110302:3366,1491.0,Земли населенных пунктов,Учтенный,"Республика Татарстан, Лаишевский муниципальный район, Кирбинское сельское поселение, с Кирби",Частная,Для индивидуального жилищного строительства,ИЖС,0,нет,16:24:110302,919483.45,616.69,,,,,нет,да,нет,нет,нет,да,нет,да,55.55378115634249,49.30087511615196
16:24:110302:3359,1000.0,Земли населенных пунктов,Учтенный,"Республика Татарстан, Лаишевский муниципальный район, Кирбинское сельское поселение, с Кирби",Частная,Для индивидуального жилищного строительства,ИЖС,0,нет,16:24:110302,613095.0,613.1,,,,,нет,да,нет,нет,нет,да,нет,да,55.55348973500938,49.29851155204627
16:24:110302:3361,1000.0,Земли населенных пунктов,Учтенный,"Республика Татарстан, Лаишевский муниципальный район, Кирбинское сельское поселение, с Кирби",Частная,Для индивидуального жилищного строительства,ИЖС,0,нет,16:24:110302,616619.1,616.62,,,,,нет,да,нет,нет,нет,да,нет,да,55.553595141305884,49.29919027364492
16:24:110302:3367,1447.0,Земли населенных пунктов,Учтенный,"Республика Татарстан, Лаишевский муниципальный район, Кирбинское сельское поселение, с Кирби",Частная,Для индивидуального жилищного строительства,ИЖС,0,нет,16:24:110302,893299.37,617.35,,,,,нет,да,нет,нет,нет,да,нет,да,55.5536239625459,49.30161778513023
16:24:110302:3373,1017.0,Земли населенных пунктов,Учтенный,"Республика Татарстан, Лаишевский муниципальный район, Кирбинское сельское поселение, с Кирби",Частная,Для индивидуального жилищного строительства,ИЖС,0,нет,16:24:110302,625141.26,614.69,,,,,нет,да,нет,нет,нет,да,нет,да,55.55451619126574,49.30265360743524
16:24:110302:3370,1060.0,Земли населенных пунктов,Учтенный,"Республика Татарстан, Лаишевский муниципальный район, Кирбинское сельское поселение, с Кирби",Частная,Для индивидуального жилищного строительства,ИЖС,0,нет,16:24:110302,652063.35,615.15,,,,,нет,да,нет,нет,нет,да,нет,да,55.55462277290165,49.301773782324155
16:24:110302:3374,1011.0,Земли населенных пунктов,Учтенный,"Республика Татарстан, Лаишевский муниципальный район, Кирбинское сельское поселение, с Кирби",Частная,Для индивидуального жилищного строительства,ИЖС,0,нет,16:24:110302,620846.41,614.09,,,,,нет,да,нет,нет,нет,да,нет,да,55.55453959791464,49.303035900548544
16:24:110302:3371,1060.0,Земли населенных пунктов,Учтенный,"Республика Татарстан, Лаишевский муниципальный район, Кирбинское сельское поселение, с Кирби",Частная,Для индивидуального жилищного строительства,ИЖС,0,нет,16:24:110302,652481.41,615.55,,,,,нет,да,нет,нет,нет,да,нет,да,55.55430290119529,49.30177155905563
16:24:110302:3388,1000.0,Земли населенных пунктов,Учтенный,"Российская Федерация, Республика Татарстан, Лаишевский муниципальный район, Кирбинское сельское поселение, с Кирби",Частная,Для индивидуального жилищного строительства,ИЖС,0,нет,16:24:110302,640047.7,640.05,,,,,нет,да,нет,нет,нет,да,нет,да,55.555865384392135,49.30079669214748
16:24:110302:3380,1000.0,Земли населенных пунктов,Учтенный,"Российская Федерация, Республика Татарстан, Лаишевский муниципальный район, Кирбинское сельское поселение, с Кирби",Частная,Для индивидуального жилищного строительства,ИЖС,0,нет,16:24:110302,630867.6,630.87,,,,,нет,да,нет,нет,нет,да,нет,да,55.55592640815734,49.30285987271184
16:24:110302:3379,1000.0,Земли населенных пунктов,Учтенный,"Российская Федерация, Республика Татарстан, Лаишевский муниципальный район, Кирбинское сельское поселение, с Кирби",Частная,Для индивидуального жилищного строительства,ИЖС,0,нет,16:24:110302,625975.3,625.98,,,,,нет,да,нет,нет,нет,да,нет,да,55.555927172940265,49.30251148433405
16:24:110302:3381,1000.0,Земли населенных пунктов,Учтенный,"Российская Федерация, Республика Татарстан, Лаишевский муниципальный район, Кирбинское сельское поселение, с Кирби",Частная,Для индивидуального жилищного строительства,ИЖС,0,нет,16:24:110302,630943.7,630.94,,,,,нет,да,нет,нет,нет,да,нет,да,55.555942079885554,49.30319643213676
16:24:110302:3386,1000.0,Земли населенных пунктов,Учтенный,"Российская Федерация, Республика Татарстан, Лаишевский муниципальный район, Кирбинское сельское поселение, с Кирби",Частная,Для индивидуального жилищного строительства,ИЖС,0,нет,16:24:110302,639016.8,639.02,,,,,нет,да,нет,нет,нет,да,нет,да,55.55577426476411,49.29998822922174
16:24:110302:3376,1000.0,Земли населенных пунктов,Учтенный,"Российская Федерация, Республика Татарстан, Лаишевский муниципальный район, Кирбинское сельское поселение, с Кирби",Частная,Для индивидуального жилищного строительства,ИЖС,0,нет,16:24:110302,635840.2,635.84,,,,,нет,да,нет,нет,нет,да,нет,да,55.55540126411972,49.29856525746056
16:24:110101:488,1345.0,Земли населенных пунктов,Учтенный,"Республика Татарстан, Лаишевский муниципальный район, Кирбинское сельское поселение, с Кирби",Частная,Для ведения личного подсобного хозяйства,ЛПХ,0,нет,16:24:110101,1206474.42,897.01,,,,,нет,нет,нет,нет,да,да,нет,да,55.564782261444655,49.31709546134124
16:24:110101:487,1354.0,Земли населенных пунктов,Учтенный,"Республика Татарстан, Лаишевский муниципальный район, Кирбинское сельское поселение, с Кирби ",Частная,Для ведения личного подсобного хозяйства,ЛПХ,0,нет,16:24:110101,1241998.2,917.28,,,,,нет,нет,нет,нет,да,да,нет,да,55.5652120231864,49.31725406845285
16:24:110101:492,2165.0,Земли населенных пунктов,Учтенный,"Российская Федерация, Республика Татарстан, Лаишевский муниципальный район, Кирбинское сельское поселение, с Кирби, ул. Чапаева, 24",Частная,Для ведения личного подсобного хозяйства,ЛПХ,0,нет,16:24:110101,1932507.14,892.61,,,,,нет,нет,нет,нет,да,да,нет,да,55.56452631794082,49.3175547853552
16:24:110101:491,1003.0,Земли населенных пунктов,Учтенный,"Российская Федерация, Республика Татарстан, Лаишевский муниципальный район, Кирбинское сельское поселение, с Кирби",Частная,Для ведения личного подсобного хозяйства,ЛПХ,0,нет,16:24:110101,901215.16,898.52,,,,,нет,нет,нет,нет,да,да,нет,да,55.56494339037702,49.317670962141555
16:24:110103:415,1469.0,Земли населенных пунктов,Учтенный,"Российская Федерация, Республика Татарстан, Лаишевский муниципальный район, Кирбинское сельское поселение, с Кирби, ул. Чапаева",Частная,Для ведения личного подсобного хозяйства,ЛПХ,0,нет,16:24:110103,1285745.48,875.25,,,,,нет,нет,нет,нет,да,да,нет,да,55.56373271058726,49.31735554266361
16:24:110301:1449,45558.0,Земли сельскохозяйственного назначения,Учтенный,"Республика Татарстан, Лаишевский муниципальный район, Кирбинское сельское поселение",Частная,для ведения сельскохозяйственного производства,СХ,0,нет,16:24:110301,167052.07,3.67,,,,,нет,нет,нет,нет,нет,нет,нет,нет,55.56792125025548,49.31854692299324
16:24:110102:781,1000.0,Земли населенных пунктов,Учтенный,"Российская Федерация, Республика Татарстан, Лаишевский муниципальный район, Кирбинское сельское поселение, с Кирби, ул. Чапаева",Частная,Для ведения личного подсобного хозяйства,ЛПХ,0,нет,16:24:110102,902004.3,902.0,,,,,нет,нет,нет,нет,да,да,нет,да,55.56418839098758,49.31335092871934
16:24:110106:452,2500.0,Земли населенных пунктов,Учтенный,"Российская Федерация, Республика Татарстан, Лаишевский муниципальный район, Кирбинское сельское поселение, с Кирби, ул. Пионерская",Частная,Для ведения личного подсобного хозяйства,ЛПХ,0,нет,16:24:110106,2092722.0,837.09,,,,,нет,нет,нет,нет,да,да,нет,да,55.55851002001324,49.31176686511848
16:24:110102:788,1000.0,Земли населенных пунктов,Учтенный,"Российская Федерация, Республика Татарстан, Лаишевский муниципальный район, Кирбинское сельское поселение, с Кирби, ул. Юности, д. 5.",Частная,Для ведения личного подсобного хозяйства,ЛПХ,0,нет,16:24:110102,877158.7,877.16,,,,,нет,нет,нет,нет,да,да,нет,да,55.56098252772928,49.30783219242758
16:24:110103:417,2312.0,Земли населенных пунктов,Учтенный,"Республика Татарстан, Лаишевский муниципальный район, Кирбинское сельское поселение, с Кирби, ул Гарая, д. 5",,Для ведения личного подсобного хозяйства,ЛПХ,0,нет,16:24:110103,2019682.05,873.56,,,,,да,нет,нет,нет,да,да,нет,да,55.562934241999,49.31876151869653
16:24:110301:1473,18974.0,Земли населенных пунктов,Учтенный,"Российская Федерация, Республика Татарстан, Лаишевский муниципальный район, Кирбинское сельское поселение, с Кирби, ул. Молодежная, д. 23",Частная,"""фармацевтическая промышленность"", ""склады""",ПРОМ,0,нет,16:24:110301,18213979.35,959.94,,,,,нет,нет,нет,нет,нет,нет,нет,да,55.568658626539985,49.31345589466697
16:24:110103:80,842.0,,Ранее учтенный,-,,,ДРУГОЕ,0,нет,16:24:110103,0.0,0.0,,,,,да,нет,нет,нет,нет,нет,нет,нет,55.56407472910912,49.31550150961832
16:24:110104:79,1500.0,Земли населенных пунктов,Учтенный,"Местоположение установлено относительно ориентира, расположенного в границах участка. Почтовый адрес ориентира: Российская Федерация, Республика Татарстан (Татарстан), м.р-н Лаишевский, с.п. Кирбинское, с Кирби, ул Лесная, з/у 11а.",,Для ведения личного подсобного хозяйства,ЛПХ,0,нет,16:24:110104,1155587.7,770.3918,,,,,да,нет,нет,нет,да,да,нет,да,55.55730667798497,49.32556694232663
16:24:110101:225,1697.0,Земли населенных пунктов,Учтенный,"Местоположение установлено относительно ориентира, расположенного в границах участка. Почтовый адрес ориентира: Российская Федерация, Республика Татарстан (Татарстан), м.р-н Лаишевский, с.п. Кирбинское, с Кирби, ул Молодежная, з/у 11Б.",Частная,для ведения личного подсобного хозяйства,ЛПХ,0,нет,16:24:110101,1613148.01,950.5881,,,,,нет,нет,нет,нет,да,да,нет,да,55.56593464507195,49.318952610081986
16:24:110302:602,21639.0,Земли сельскохозяйственного назначения,Учтенный,"Местоположение установлено относительно ориентира, расположенного в границах участка. Почтовый адрес ориентира: Российская Федерация, Республика Татарстан (Татарстан), м.р-н Лаишевский, с.п. Кирбинское, кв-л 302, з/у 602.",Частная,Для сельскохозяйственного производства,СХ,0,нет,16:24:110302,73786.83,3.4099,,,,,нет,нет,нет,нет,нет,нет,нет,нет,55.55523837764745,49.295522837547125
16:24:110302:1506,44652.0,Земли населенных пунктов,Учтенный,"Российская Федерация, Республика Татарстан, Лаишевский муниципальный район, Кирбинское сельское поселение, с Кирби",Частная,"Дошкольное, начальное и среднее образование",ДРУГОЕ,0,нет,16:24:110302,8317002.08,186.26,,,,,нет,нет,нет,нет,нет,нет,нет,да,55.55361979454085,49.32383574993516
16:24:110103:44,551.0,Земли населенных пунктов,Ранее учтенный,"Местоположение установлено относительно ориентира, расположенного в границах участка. Почтовый адрес ориентира: Российская Федерация, Республика Татарстан (Татарстан), м.р-н Лаишевский, с.п. Кирбинское, с Кирби, ул Горького, з/у 11А.",,Под размещение магазина,ДРУГОЕ,0,нет,16:24:110103,496855.38,901.7339,,,,,да,нет,нет,нет,нет,нет,нет,да,55.56140995879744,49.323016615792774
16:24:110104:37,2023.0,Земли населенных пунктов,Ранее учтенный,"Местоположение установлено относительно ориентира, расположенного в границах участка. Почтовый адрес ориентира: Российская Федерация, Республика Татарстан (Татарстан), м.р-н Лаишевский, с.п. Кирбинское, с Кирби, ул Речная, з/у 3.",,Для ведения личного подсобного хозяйства,ЛПХ,0,нет,16:24:110104,1618604.53,800.1011,,,,,да,нет,нет,нет,да,да,нет,да,55.55902117798649,49.324390123057036
16:24:110104:159,1440.0,Земли населенных пунктов,Учтенный,"Местоположение установлено относительно ориентира, расположенного в границах участка. Почтовый адрес ориентира: Республика Татарстан, Лаишевский муниципальный район, Кирбинское сельское поселение, с Кирби.",Частная,Для ведения личного подсобного хозяйства,ЛПХ,0,нет,16:24:110104,1123188.62,779.9921,,,,,нет,нет,нет,нет,да,да,нет,да,55.55705560058981,49.32313943826046
16:24:110101:57,783.0,Земли населенных пунктов,Ранее учтенный,"Местоположение установлено относительно ориентира, расположенного в границах участка. Почтовый адрес ориентира: Российская Федерация, Республика Татарстан (Татарстан), м.р-н Лаишевский, с.п. Кирбинское, с Кирби, ул Молодежная, з/у 13Д.",Частная,Для индивидуального жилищного строительства,ИЖС,0,нет,16:24:110101,727558.59,929.1936,,,,,нет,да,нет,нет,нет,да,нет,да,55.565455353309474,49.31716801154244
16:24:110104:16,1426.0,Земли населенных пунктов,Ранее учтенный,"Местоположение установлено относительно ориентира, расположенного в границах участка. Почтовый адрес ориентира: Российская Федерация, Республика Татарстан (Татарстан), м.р-н Лаишевский, с.п. Кирбинское, с Кирби, ул Горького, з/у 24.",Частная,Для ведения личного подсобного хозяйства,ЛПХ,0,нет,16:24:110104,1214886.69,851.9542,,,,,нет,нет,нет,нет,да,да,нет,да,55.56079475438154,49.32381376857944
16:24:110104:68,1212.0,Земли населенных пунктов,Ранее учтенный,"Местоположение установлено относительно ориентира, расположенного в границах участка. Почтовый адрес ориентира: Российская Федерация, Республика Татарстан (Татарстан), м.р-н Лаишевский, с.п. Кирбинское, с Кирби, ул Горького, з/у 30.",Частная,индивидуальное жилищное строительство,ДРУГОЕ,0,нет,16:24:110104,1059804.43,874.4261,,,,,нет,нет,нет,нет,нет,нет,нет,да,55.56196102402969,49.32414003151193
16:24:110102:417,1442.0,Земли населенных пунктов,Учтенный,"Местоположение установлено относительно ориентира, расположенного в границах участка. Почтовый адрес ориентира: Российская Федерация, Республика Татарстан (Татарстан), м.р-н Лаишевский, с.п. Кирбинское, с Кирби, ул Гвардейская, з/у 17.",Частная,Для ведения личного подсобного хозяйства,ЛПХ,0,нет,16:24:110102,1246560.69,864.4665,,,,,нет,нет,нет,нет,да,да,нет,да,55.56046058692256,49.31068942502305
16:24:110106:121,82.0,Земли населенных пунктов,Учтенный,"Местоположение установлено относительно ориентира, расположенного в границах участка. Почтовый адрес ориентира: Республика Татарстан, Лаишевский муниципальный район, Кирбинское сельское поселение, с Кирби, ул. Пионерская, д. 4.",Частная,Ведение личного подсобного хозяйства,ЛПХ,0,нет,16:24:110106,69076.76,842.3995,,,,,нет,нет,нет,нет,да,да,нет,да,55.55910715968666,49.31173419826335
16:24:110103:161,1367.0,Земли населенных пунктов,Учтенный,"Местоположение установлено относительно ориентира, расположенного в границах участка. Почтовый адрес ориентира: Российская Федерация, Республика Татарстан (Татарстан), м.р-н Лаишевский, с.п. Кирбинское, с Кирби, ул Ленина, з/у 4/2.",Частная,блокированные односемейные дома с участками,ДРУГОЕ,0,нет,16:24:110103,1176331.25,860.5203,,,,,нет,нет,нет,нет,нет,нет,нет,да,55.56096243835956,49.32090640099125
16:24:110101:195,2018.0,Земли населенных пунктов,Учтенный,"Местоположение установлено относительно ориентира, расположенного в границах участка. Почтовый адрес ориентира: Российская Федерация, Республика Татарстан (Татарстан), м.р-н Лаишевский, с.п. Кирбинское, с Кирби, ул Молодежная, з/у 12А.",Частная,ведение личного подсобного хозяйства,ЛПХ,0,нет,16:24:110101,1898640.34,940.8525,,,,,нет,нет,нет,нет,да,да,нет,да,55.56597319203085,49.318401933608925
16:24:110105:155,900.0,Земли населенных пунктов,Учтенный,"Российская Федерация, Республика Татарстан (Татарстан), м.р-н Лаишевский, с.п. Кирбинское, с Кирби, ул Сельсоветская, з/у 3",Частная,Для ведения личного подсобного хозяйства,ЛПХ,0,нет,16:24:110105,709020.27,787.8003,,,,,нет,нет,нет,нет,да,да,нет,да,55.55740394979688,49.32101327555885
16:24:110104:33,1710.0,Земли населенных пунктов,Ранее учтенный,"Местоположение установлено относительно ориентира, расположенного в границах участка. Почтовый адрес ориентира: Российская Федерация, Республика Татарстан (Татарстан), м.р-н Лаишевский, с.п. Кирбинское, с Кирби, ул Горького, з/у 6.",,Для ведения личного подсобного хозяйства,ЛПХ,0,нет,16:24:110104,1373119.57,802.99,,,,,да,нет,нет,нет,да,да,нет,да,55.558719335783294,49.3230572345214
16:24:110102:391,600.0,Земли населенных пунктов,Учтенный,"Местоположение установлено относительно ориентира, расположенного в границах участка. Почтовый адрес ориентира: Российская Федерация, Республика Татарстан (Татарстан), м.р-н Лаишевский, с.п. Кирбинское, с Кирби, ул Счастливая, з/у 1А.",Частная,Для индивидуального жилищного строительства,ИЖС,0,нет,16:24:110102,575106.48,958.5108,,,,,нет,да,нет,нет,нет,да,нет,да,55.56570082595916,49.308451805176034
16:24:110101:46,506.0,Земли населенных пунктов,Ранее учтенный,"Местоположение установлено относительно ориентира, расположенного в границах участка. Почтовый адрес ориентира: Российская Федерация, Республика Татарстан (Татарстан), м.р-н Лаишевский, с.п. Кирбинское, с Кирби, ул Молодежная, з/у 5.",,Для личного подсобного хозяйства,ЛПХ,0,нет,16:24:110101,462764.63,914.5546,,,,,да,нет,нет,нет,да,да,нет,да,55.56500966261658,49.320999407323626
16:24:110101:7,,Земли населенных пунктов,Ранее учтенный,"Местоположение установлено относительно ориентира, расположенного в границах участка. Почтовый адрес ориентира: Российская Федерация, Республика Татарстан (Татарстан), м.р-н Лаишевский, с.п. Кирбинское, с Кирби, ул Молодежная, з/у 21.",,Для ведения личного подсобного хозяйства,ЛПХ,0,нет,16:24:110101,2035212.57,940.49,,,,,да,нет,нет,нет,да,да,нет,да,55.56630029010747,49.313467493993315
16:24:110101:130,672.0,Земли населенных пунктов,Учтенный,"Местоположение установлено относительно ориентира, расположенного в границах участка. Почтовый адрес ориентира: Российская Федерация, Республика Татарстан (Татарстан), м.р-н Лаишевский, с.п. Кирбинское, с Кирби, ул Молодежная, з/у 4А.",Частная,Для ведения личного подсобного хозяйства,ЛПХ,0,нет,16:24:110101,631781.54,940.1511,,,,,нет,нет,нет,нет,да,да,нет,да,55.56527743933192,49.32155649733986
16:24:110104:45,,Земли населенных пунктов,Ранее учтенный,"Местоположение установлено относительно ориентира, расположенного в границах участка. Почтовый адрес ориентира: Российская Федерация, Республика Татарстан (Татарстан), м.р-н Лаишевский, с.п. Кирбинское, с Кирби, ул Речная, з/у 11.",,Для ведения личного подсобного хозяйства,ЛПХ,0,нет,16:24:110104,1053322.69,748.63,,,,,да,нет,нет,нет,да,да,нет,да,55.55865157245245,49.327582164799104
16:24:110106:122,770.0,Земли населенных пунктов,Учтенный,"Местоположение установлено относительно ориентира, расположенного в границах участка. Почтовый адрес ориентира: Российская Федерация, Республика Татарстан (Татарстан), м.р-н Лаишевский, с.п. Кирбинское, с Кирби, ул Пионерская, з/у 4Б.",Частная,Ведение личного подсобного хозяйства,ЛПХ,0,нет,16:24:110106,644036.08,836.4105,,,,,нет,нет,нет,нет,да,да,нет,да,55.55913097730464,49.311949038607004
16:24:110102:227,2006.0,Земли населенных пунктов,Учтенный,"Местоположение установлено относительно ориентира, расположенного в границах участка. Почтовый адрес ориентира: Российская Федерация, Республика Татарстан (Татарстан), м.р-н Лаишевский, с.п. Кирбинское, с Кирби, ул Юности, з/у 14.",,Для ведения личного подсобного хозяйства,ЛПХ,0,нет,16:24:110102,1839595.28,917.0465,,,,,да,нет,нет,нет,да,да,нет,да,55.56498229070864,49.3096553993213
16:24:110105:11,2313.0,Земли населенных пунктов,Ранее учтенный,"Местоположение установлено относительно ориентира, расположенного в границах участка. Почтовый адрес ориентира: Российская Федерация, Республика Татарстан (Татарстан), м.р-н Лаишевский, с.п. Кирбинское, с Кирби, ул Школьная, з/у 19.",Частная,Ведение личного подсобного хозяйства,ЛПХ,0,нет,16:24:110105,1871663.64,809.1931,,,,,нет,нет,нет,нет,да,да,нет,да,55.56011900900733,49.31642748906099
16:24:110102:392,600.0,Земли населенных пунктов,Учтенный,"Местоположение установлено относительно ориентира, расположенного в границах участка. Почтовый адрес ориентира: Российская Федерация, Республика Татарстан (Татарстан), м.р-н Лаишевский, с.п. Кирбинское, с Кирби, ул Счастливая, з/у 3Б.",Частная,Для индивидуального жилищного строительства,ИЖС,0,нет,16:24:110102,564284.88,940.4748,,,,,нет,да,нет,нет,нет,да,нет,да,55.56639124972018,49.307387440794926
16:24:110101:203,1092.0,Земли населенных пунктов,Учтенный,"Местоположение установлено относительно ориентира, расположенного в границах участка. Почтовый адрес ориентира: Российская Федерация, Республика Татарстан (Татарстан), м.р-н Лаишевский, с.п. Кирбинское, с Кирби, ул Молодежная, з/у 3А.",Частная,Для ведения личного подсобного хозяйства,ЛПХ,0,нет,16:24:110101,1026645.0,940.1511,,,,,нет,нет,нет,нет,да,да,нет,да,55.565362432009465,49.322110104358536
16:24:110103:16,,Земли населенных пунктов,Ранее учтенный,"Местоположение установлено относительно ориентира, расположенного в границах участка. Почтовый адрес ориентира: Российская Федерация, Республика Татарстан (Татарстан), м.р-н Лаишевский, с.п. Кирбинское, с Кирби, ул Отрадная, з/у 1.",Частная,Для ведения личного подсобного хозяйства,ЛПХ,0,нет,16:24:110103,2916823.08,847.42,,,,,нет,нет,нет,нет,да,да,нет,да,55.56229150496009,49.31606817770411
16:24:110104:2,2700.0,Земли населенных пунктов,Ранее учтенный,"Местоположение установлено относительно ориентира, расположенного в границах участка. Почтовый адрес ориентира: Российская Федерация, Республика Татарстан (Татарстан), м.р-н Лаишевский, с.п. Кирбинское, с Кирби, ул Горького, з/у 32.",Частная,Ведение личного подсобного хозяйства,ЛПХ,0,нет,16:24:110104,2363694.21,875.4423,,,,,нет,нет,нет,нет,да,да,нет,да,55.562145362157274,49.324347656613256
16:24:110102:384,600.0,Земли населенных пунктов,Учтенный,"Местоположение установлено относительно ориентира, расположенного в границах участка. Почтовый адрес ориентира: Российская Федерация, Республика Татарстан (Татарстан), м.р-н Лаишевский, с.п. Кирбинское, с Кирби, ул Счастливая, з/у 1Б.",Частная,Для индивидуального жилищного строительства,ИЖС,0,нет,16:24:110102,575055.36,958.4256,,,,,нет,да,нет,нет,нет,да,нет,да,55.56588531061433,49.308574824065616
16:24:110102:206,1000.0,Земли населенных пунктов,Учтенный,"Местоположение установлено относительно ориентира, расположенного в границах участка. Почтовый адрес ориентира: Российская Федерация, Республика Татарстан (Татарстан), м.р-н Лаишевский, с.п. Кирбинское, с Кирби, ул Ильфара Билалова, з/у 2.",,Для индивидуального жилищного строительства,ИЖС,0,нет,16:24:110102,962530.1,962.5301,,,,,да,да,нет,нет,нет,да,нет,да,55.565230089126615,49.30778864661532
16:24:110104:30,,Земли населенных пунктов,Ранее учтенный,"Местоположение установлено относительно ориентира, расположенного в границах участка. Почтовый адрес ориентира: Российская Федерация, Республика Татарстан (Татарстан), м.р-н Лаишевский, с.п. Кирбинское, с Кирби, ул Горького, з/у 12.",Муниципальная,Блокированная жилая застройка (код 2.3),ДРУГОЕ,0,нет,16:24:110104,723142.44,814.35,,,,,да,нет,нет,нет,нет,нет,нет,да,55.559389568054286,49.32297360998427
16:24:110104:64,800.0,Земли населенных пунктов,Ранее учтенный,"Местоположение установлено относительно ориентира, расположенного в границах участка. Почтовый адрес ориентира: Российская Федерация, Республика Татарстан (Татарстан), м.р-н Лаишевский, с.п. Кирбинское, с Кирби, ул Болотная, з/у 1А.",Частная,Для ведения личного подсобного хозяйства,ЛПХ,0,нет,16:24:110104,612060.72,765.08,,,,,нет,нет,нет,нет,да,да,нет,да,55.55645427880002,49.32233712493816
16:24:110102:287,1501.0,Земли населенных пунктов,Учтенный,"Местоположение установлено относительно ориентира, расположенного в границах участка. Почтовый адрес ориентира: Российская Федерация, Республика Татарстан (Татарстан), м.р-н Лаишевский, с.п. Кирбинское, с Кирби, ул Ильфара Билалова, з/у 15.",Частная,для индивидуального жилищного строительства,ИЖС,0,нет,16:24:110102,1227862.28,818.0295,,,,,нет,да,нет,нет,нет,да,нет,да,55.56204896867678,49.30448871803886
16:24:110101:152,800.0,Земли населенных пунктов,Учтенный,"Местоположение установлено относительно ориентира, расположенного в границах участка. Почтовый адрес ориентира: Российская Федерация, Республика Татарстан (Татарстан), м.р-н Лаишевский, с.п. Кирбинское, с Кирби, ул Молодежная, з/у 19А.",Частная,Для ведения личного подсобного хозяйства,ЛПХ,0,нет,16:24:110101,761631.92,952.0399,,,,,нет,нет,нет,нет,да,да,нет,да,55.56646794141999,49.31443816721544
16:24:110105:464,828.0,Земли населенных пунктов,Учтенный,"Местоположение установлено относительно ориентира, расположенного в границах участка. Почтовый адрес ориентира: Российская Федерация, Республика Татарстан (Татарстан), м.р-н Лаишевский, с.п. Кирбинское, с Кирби, ул Татарстан, з/у 2.",Частная,Ведение личного подсобного хозяйства,ЛПХ,0,нет,16:24:110105,657132.43,793.6382,,,,,нет,нет,нет,нет,да,да,нет,да,55.5584053501802,49.32066061731499
16:24:110105:44,3351.0,Земли населенных пунктов,Ранее учтенный,"Местоположение установлено относительно ориентира, расположенного в границах участка. Почтовый адрес ориентира: Российская Федерация, Республика Татарстан (Татарстан), м.р-н Лаишевский, с.п. Кирбинское, с Кирби, ул Татарстан, з/у 25.",Частная,личное подсобное хозяйство,ДРУГОЕ,0,нет,16:24:110105,2692493.31,803.4895,,,,,нет,нет,нет,нет,нет,нет,нет,да,55.55877689260501,49.314298329527524
16:24:110102:257,1356.0,Земли населенных пунктов,Учтенный,"Местоположение установлено относительно ориентира, расположенного в границах участка. Почтовый адрес ориентира: Российская Федерация, Республика Татарстан, Лаишевский муниципальный район, с. Кирби, ул. Гвардейская, з/у 6А.",Частная,Личное подсобное хозяйство,ДРУГОЕ,0,нет,16:24:110102,1146136.22,845.2332,,,,,нет,нет,нет,нет,нет,нет,нет,да,55.559702243000636,49.31201015677267
16:24:110101:73,615.0,Земли населенных пунктов,Учтенный,"Местоположение установлено относительно ориентира, расположенного в границах участка. Почтовый адрес ориентира: Российская Федерация, Республика Татарстан (Татарстан), м.р-н Лаишевский, с.п. Кирбинское, с Кирби, ул Молодежная, з/у 14Д.",Частная,Для ведения личного подсобного хозяйства,ЛПХ,0,нет,16:24:110101,573989.46,933.3162,,,,,нет,нет,нет,нет,да,да,нет,да,55.56562941635159,49.31644797586983
16:24:110301:1022,32097.0,Земли сельскохозяйственного назначения,Учтенный,"Российская Федерация, Республика Татарстан, Лаишевский муниципальный район, Кирбинское сельское поселение",Частная,Для сельскохозяйственного производства,СХ,0,нет,16:24:110301,134358.04,4.186,,,,,нет,нет,нет,нет,нет,нет,нет,нет,55.5589187237979,49.29460830289571
16:24:110104:14,,Земли населенных пунктов,Ранее учтенный,"Местоположение установлено относительно ориентира, расположенного в границах участка. Почтовый адрес ориентира: Российская Федерация, Республика Татарстан (Татарстан), м.р-н Лаишевский, с.п. Кирбинское, с Кирби, ул Степная, з/у 18.",Частная,Для ведения личного подсобного хозяйства,ЛПХ,0,нет,16:24:110104,3075584.49,789.22,,,,,нет,нет,нет,нет,да,да,нет,да,55.56087608937196,49.32815708823405
16:24:110103:23,1940.0,Земли населенных пунктов,Ранее учтенный,"Местоположение установлено относительно ориентира, расположенного в границах участка. Почтовый адрес ориентира: Российская Федерация, Республика Татарстан (Татарстан), м.р-н Лаишевский, с.п. Кирбинское, с Кирби, ул Ленина, з/у 21.",,Для ведения личного подсобного хозяйства,ЛПХ,0,нет,16:24:110103,1646661.91,848.7948,,,,,да,нет,нет,нет,да,да,нет,да,55.56215492271212,49.3172462854351
16:24:110102:408,600.0,Земли населенных пунктов,Учтенный,"Местоположение установлено относительно ориентира, расположенного в границах участка. Почтовый адрес ориентира: Республика Татарстан, Лаишевский муниципальный район, Кирбинское сельское поселение, с Кирби.",Муниципальная,земельные участки (территории) общего пользования,ОГП,0,нет,16:24:110102,416957.52,694.9292,,,,,да,нет,нет,нет,нет,нет,да,да,55.56515286986939,49.306490052800484
16:24:110101:49,,Земли населенных пунктов,Ранее учтенный,"Местоположение установлено относительно ориентира, расположенного в границах участка. Почтовый адрес ориентира: Российская Федерация, Республика Татарстан (Татарстан), м.р-н Лаишевский, с.п. Кирбинское, с Кирби, ул Молодежная, з/у 8.",,Ведение личного подсобного хозяйства,ЛПХ,0,нет,16:24:110101,528338.59,914.08,,,,,да,нет,нет,нет,да,да,нет,да,55.56512504332103,49.31974879125651
16:24:110101:208,1094.0,Земли населенных пунктов,Учтенный,"Местоположение установлено относительно ориентира, расположенного в границах участка. Почтовый адрес ориентира: Российская Федерация, Республика Татарстан (Татарстан), м.р-н Лаишевский, с.п. Кирбинское, с Кирби, ул Молодежная, з/у 13Б.",Частная,Ведение личного подсобного хозяйства,ЛПХ,0,нет,16:24:110101,1023791.46,935.824,,,,,нет,нет,нет,нет,да,да,нет,да,55.56580775819665,49.317831566214714
16:24:110101:154,93.0,Земли населенных пунктов,Учтенный,"Местоположение установлено относительно ориентира, расположенного в границах участка. Почтовый адрес ориентира: Республика Татарстан, Лаишевский муниципальный район, Кирбинское сельское поселение, с Кирби.",Частная,для ведения личного подсобного хозяйства,ЛПХ,0,нет,16:24:110101,88588.28,952.5622,,,,,нет,нет,нет,нет,да,да,нет,да,55.565881373322405,49.3171794900305
16:24:110101:45,717.0,Земли населенных пунктов,Ранее учтенный,"Местоположение установлено относительно ориентира, расположенного в границах участка. Почтовый адрес ориентира: Российская Федерация, Республика Татарстан (Татарстан), м.р-н Лаишевский, с.п. Кирбинское, с Кирби, ул Молодежная, з/у 4.",Частная,Для ведения личного подсобного хозяйства,ЛПХ,0,нет,16:24:110101,657791.14,917.4214,,,,,нет,нет,нет,нет,да,да,нет,да,55.56494343932525,49.32135491481239
16:24:110101:33,2944.0,Земли населенных пунктов,Ранее учтенный,"Местоположение установлено относительно ориентира, расположенного в границах участка. Почтовый адрес ориентира: Российская Федерация, Республика Татарстан (Татарстан), м.р-н Лаишевский, с.п. Кирбинское, с Кирби, ул Чапаева, з/у 28.",Частная,для ведения личного подсобного хозяйства,ЛПХ,0,нет,16:24:110101,2663682.33,904.7834,,,,,нет,нет,нет,нет,да,да,нет,да,55.56483461855824,49.316727170695
16:24:110301:371,7041.0,"Земли промышленности, энергетики, транспорта, связи, радиовещания, телевидения, информатики, земли для обеспечения космической деятельности, земли обороны, безопасности и земли иного специального назначения",Ранее учтенный,"Местоположение установлено относительно ориентира, расположенного в границах участка. Ориентир с. Кирби. Почтовый адрес ориентира: Российская Федерация, Республика Татарстан (Татарстан), м.р-н Лаишевский, с.п. Кирбинское, кв-л 301, з/у 371.",Частная,Под размещение пасечного хозяйства и производственной базы,ДРУГОЕ,0,нет,16:24:110301,5537168.43,786.4179,,,,,нет,нет,нет,нет,нет,нет,нет,нет,55.5702730468224,49.306585779759075
16:24:110102:419,1000.0,Земли населенных пунктов,Учтенный,"Местоположение установлено относительно ориентира, расположенного в границах участка. Почтовый адрес ориентира: Российская Федерация, Республика Татарстан (Татарстан), м.р-н Лаишевский, с.п. Кирбинское, с Кирби, ул Гвардейская, з/у 17Б.",Частная,Для ведения личного подсобного хозяйства,ЛПХ,0,нет,16:24:110102,886952.0,886.952,,,,,нет,нет,нет,нет,да,да,нет,да,55.56064424169656,49.30934762489307
16:24:110102:314,1380.0,Земли населенных пунктов,Учтенный,"Местоположение установлено относительно ориентира, расположенного в границах участка. Почтовый адрес ориентира: Российская Федерация, Республика Татарстан (Татарстан), м.р-н Лаишевский, с.п. Кирбинское, с Кирби, ул Пионерская, з/у 8Б.",Частная,Ведение личного подсобного хозяйства,ЛПХ,0,нет,16:24:110102,1154811.74,836.8201,,,,,нет,нет,нет,нет,да,да,нет,да,55.559995400148594,49.312898675061575
16:24:110101:450,702.0,Земли населенных пунктов,Учтенный,"Республика Татарстан, Лаишевский муниципальный район, Кирбинское сельское поселение, с Кирби, ул.Молодежная",Частная,Для ведения личного подсобного хозяйства,ЛПХ,0,нет,16:24:110101,659880.7,940.001,,,,,нет,нет,нет,нет,да,да,нет,да,55.56595523674344,49.31428038723819
16:24:110101:165,303.0,Земли населенных пунктов,Учтенный,"Местоположение установлено относительно ориентира, расположенного в границах участка. Почтовый адрес ориентира: Российская Федерация, Республика Татарстан (Татарстан), м.р-н Лаишевский, с.п. Кирбинское, с Кирби, ул Молодежная, з/у 6.",,Для ведения личного подсобного хозяйтва,ЛПХ,0,нет,16:24:110101,277110.04,914.5546,,,,,да,нет,нет,нет,да,да,нет,да,55.565040240210266,49.320672414290335
16:24:110103:3,1979.0,Земли населенных пунктов,Ранее учтенный,"Местоположение установлено относительно ориентира, расположенного в границах участка. Почтовый адрес ориентира: Российская Федерация, Республика Татарстан (Татарстан), м.р-н Лаишевский, с.п. Кирбинское, с Кирби, ул Чапаева, з/у 15.",,Ведение личного подсобного хозяйства,ЛПХ,0,нет,16:24:110103,1721606.51,869.9376,,,,,да,нет,нет,нет,да,да,нет,да,55.56376903619597,49.316686221682495
16:24:110103:401,1780.0,Земли населенных пунктов,Учтенный,"Местоположение установлено относительно ориентира, расположенного в границах участка. Почтовый адрес ориентира: Российская Федерация, Республика Татарстан, Лаишевский муниципальный район, Кирбинское сельское поселение, с Кирби, ул Чапаево.",Частная,Для ведения личного подсобного хозяйства,ЛПХ,0,нет,16:24:110103,1553230.85,872.6,,,,,нет,нет,нет,нет,да,да,нет,да,55.56351448430096,49.31803657844744
16:24:110103:20,1788.0,Земли населенных пунктов,Ранее учтенный,"Местоположение установлено относительно ориентира, расположенного в границах участка. Почтовый адрес ориентира: Российская Федерация, Республика Татарстан (Татарстан), м.р-н Лаишевский, с.п. Кирбинское, с Кирби, ул Гарая, з/у 3.",,Для ведения личного подсобного хозяйства,ЛПХ,0,нет,16:24:110103,1561010.0,873.0481,,,,,да,нет,нет,нет,да,да,нет,да,55.562621319355436,49.31906778287009
16:24:110103:402,1468.0,Земли населенных пунктов,Учтенный,"Местоположение установлено относительно ориентира, расположенного в границах участка. Почтовый адрес ориентира: Российская Федерация, Республика Татарстан, Лаишевский муниципальный район, Кирбинское сельское поселение, с Кирби, ул Чапаево.",Частная,Для ведения личного подсобного хозяйства,ЛПХ,0,нет,16:24:110103,1291234.74,879.59,,,,,нет,нет,нет,нет,да,да,нет,да,55.563745980554586,49.317927422143576
16:24:110106:431,2404.0,Земли населенных пунктов,Учтенный,"Российская Федерация, Республика Татарстан, Лаишевский муниципальный район, Кирбинское сельское поселение, с Кирби, ул. Пионерская, з/у 3А",Частная,Для ведения личного подсобного хозяйства,ЛПХ,0,нет,16:24:110106,2011933.8,836.91,,,,,нет,нет,нет,нет,да,да,нет,да,55.55877213301374,49.31204057113687
16:24:110105:24,,Земли населенных пунктов,Ранее учтенный,"Местоположение установлено относительно ориентира, расположенного в границах участка. Почтовый адрес ориентира: Российская Федерация, Республика Татарстан (Татарстан), м.р-н Лаишевский, с.п. Кирбинское, с Кирби, ул Школьная, з/у 7.",Частная,ведение личного подсобного хозяйства,ЛПХ,0,нет,16:24:110105,2010840.37,819.7474,,,,,нет,нет,нет,нет,да,да,нет,да,55.55973821792343,49.31910369463175
16:24:110102:444,2502.0,Земли населенных пунктов,Учтенный,"Местоположение установлено относительно ориентира, расположенного в границах участка. Почтовый адрес ориентира: Российская Федерация, Республика Татарстан (Татарстан), м.р-н Лаишевский, с.п. Кирбинское, с Кирби, ул Гвардейская, з/у 25.",Частная,Для ведения личного подсобного хозяйства,ЛПХ,0,нет,16:24:110102,2200012.35,879.3015,,,,,нет,нет,нет,нет,да,да,нет,да,55.561480727260765,49.311158613311115
16:24:110106:432,523.0,Земли населенных пунктов,Учтенный,"Республика Татарстан, Лаишевский муниципальный район, Кирбинское сельское поселение, с Кирби, ул. Пионерская, 3",Частная,Для ведения личного подсобного хозяйства,ЛПХ,0,нет,16:24:110106,427479.02,817.3595,,,,,нет,нет,нет,нет,да,да,нет,да,55.55878170058645,49.31257368771507
16:24:110102:69,,Земли населенных пунктов,Ранее учтенный,"Местоположение установлено относительно ориентира, расположенного в границах участка. Почтовый адрес ориентира: Российская Федерация, Республика Татарстан (Татарстан), м.р-н Лаишевский, с.п. Кирбинское, с Кирби, ул Пионерская, з/у 9.",,Ведение личного подсобного хозяйства,ЛПХ,0,нет,16:24:110102,1729347.05,837.4562,,,,,да,нет,нет,нет,да,да,нет,да,55.56033940762502,49.3134962560795
16:24:110105:37,1915.0,Земли населенных пунктов,Ранее учтенный,"Местоположение установлено относительно ориентира, расположенного в границах участка. Почтовый адрес ориентира: Российская Федерация, Республика Татарстан (Татарстан), м.р-н Лаишевский, с.п. Кирбинское, с Кирби, ул Сельсоветская, з/у 9.",,Ведение личного подсобного хозяйства,ЛПХ,0,нет,16:24:110105,1550392.62,809.6045,,,,,да,нет,нет,нет,да,да,нет,да,55.55917399192148,49.32094617656504
16:24:110101:458,1273.0,Земли населенных пунктов,Учтенный,"Республика Татарстан, Лаишевский муниципальный район, Кирбинское сельское поселение, с Кирби, ул. Чапаева",Частная,Для ведения личного подсобного хозяйства,ЛПХ,0,нет,16:24:110101,1173108.71,921.53,,,,,нет,нет,нет,нет,да,да,нет,да,55.564770548556304,49.313113472981726
16:24:110102:396,1673.0,Земли населенных пунктов,Учтенный,"Местоположение установлено относительно ориентира, расположенного в границах участка. Почтовый адрес ориентира: Российская Федерация, Республика Татарстан (Татарстан), м.р-н Лаишевский, с.п. Кирбинское, с Кирби, ул Гвардейская, з/у 9А.",Муниципальная,земельные участки (территории) общего пользования (детская площадка),ОГП,0,нет,16:24:110102,1169507.3,699.048,,,,,да,нет,нет,нет,нет,нет,да,да,55.55933256951759,49.30906605254317
16:24:110102:439,960.0,Земли населенных пунктов,Учтенный,"Местоположение установлено относительно ориентира, расположенного в границах участка. Почтовый адрес ориентира: Республика Татарстан, Лаишевский муниципальный район, Кирбинское сельское поселение, с Кирби, ул. Гвардейская.",,Для ведения личного подсобного хозяйства,ЛПХ,0,нет,16:24:110102,853509.6,889.0725,,,,,да,нет,нет,нет,да,да,нет,да,55.56234730146834,49.312037359173104
16:24:110105:34,,Земли населенных пунктов,Ранее учтенный,"Местоположение установлено относительно ориентира, расположенного в границах участка. Почтовый адрес ориентира: Российская Федерация, Республика Татарстан (Татарстан), м.р-н Лаишевский, с.п. Кирбинское, с Кирби, ул Школьная, з/у 1.",Частная,Ведение личного подсобного хозяйства,ЛПХ,0,нет,16:24:110105,1404252.91,818.3292,,,,,нет,нет,нет,нет,да,да,нет,да,55.559735386650296,49.32069526807558
16:24:110105:140,1914.0,Земли населенных пунктов,Учтенный,"Местоположение установлено относительно ориентира, расположенного в границах участка. Почтовый адрес ориентира: Российская Федерация, Республика Татарстан (Татарстан), м.р-н Лаишевский, с.п. Кирбинское, с Кирби, ул Татарстан, з/у 21.",,Для ведения личного подсобного хозяйства,ЛПХ,0,нет,16:24:110105,1521411.23,794.8857,,,,,да,нет,нет,нет,да,да,нет,да,55.558581533412685,49.31546050627821
16:24:110105:19,,Земли населенных пунктов,Ранее учтенный,"Местоположение установлено относительно ориентира, расположенного в границах участка. Почтовый адрес ориентира: Российская Федерация, Республика Татарстан (Татарстан), м.р-н Лаишевский, с.п. Кирбинское, с Кирби, ул Татарстан, з/у 22.",,Для ведения личного подсобного хозяйства,ЛПХ,0,нет,16:24:110105,1372818.02,800.0105,,,,,да,нет,нет,нет,да,да,нет,да,55.558990484845914,49.316477208577965
16:24:110102:710,1100.0,Земли населенных пунктов,Учтенный,"Российская Федерация, Республика Татарстан (Татарстан), м.р-н Лаишевский, с.п. Кирбинское, с Кирби, ул Юности, з/у 25",,для индивидуального жилищного строительства,ИЖС,0,нет,16:24:110102,940132.05,854.67,,,,,да,да,нет,нет,нет,да,нет,да,55.56124109539935,49.306046820227415
16:24:110104:143,2487.0,Земли населенных пунктов,Учтенный,"Местоположение установлено относительно ориентира, расположенного в границах участка. Почтовый адрес ориентира: Российская Федерация, Республика Татарстан (Татарстан), м.р-н Лаишевский, с.п. Кирбинское, с Кирби, ул Горького, з/у 26.",Частная,для ведения личного подсобного хозяйства,ЛПХ,0,нет,16:24:110104,2151320.91,865.0265,,,,,нет,нет,нет,нет,да,да,нет,да,55.56145809727422,49.32414196011658
16:24:110101:30,3579.0,Земли населенных пунктов,Ранее учтенный,"Местоположение установлено относительно ориентира, расположенного в границах участка. Почтовый адрес ориентира: Российская Федерация, Республика Татарстан (Татарстан), м.р-н Лаишевский, с.п. Кирбинское, с Кирби, ул Чапаева, з/у 36.",,Для личного подсобного хозяйства,ЛПХ,0,нет,16:24:110101,3264940.96,912.25,,,,,да,нет,нет,нет,да,да,нет,да,55.5649190294061,49.314514390470784
16:24:110103:77,1668.0,Земли населенных пунктов,Ранее учтенный,"Местоположение установлено относительно ориентира, расположенного в границах участка. Почтовый адрес ориентира: Российская Федерация, Республика Татарстан (Татарстан), м.р-н Лаишевский, с.п. Кирбинское, с Кирби, ул Горького, з/у 9.",,Для ведения личного подсобного хозяйства,ЛПХ,0,нет,16:24:110103,1427513.43,855.82,,,,,да,нет,нет,нет,да,да,нет,да,55.560879314926794,49.322589062343724
16:24:110105:67,1513.0,Земли населенных пунктов,Ранее учтенный,"Местоположение установлено относительно ориентира, расположенного в границах участка. Почтовый адрес ориентира: Российская Федерация, Республика Татарстан (Татарстан), м.р-н Лаишевский, с.п. Кирбинское, с Кирби, ул Лесная, з/у 1а.",Муниципальная,под размещение детского сада,ДРУГОЕ,0,нет,16:24:110105,442044.43,292.1642,,,,,да,нет,нет,нет,нет,нет,нет,да,55.55804520164124,49.321466808360434
16:24:110104:12,4211.0,Земли населенных пунктов,Ранее учтенный,"Местоположение установлено относительно ориентира, расположенного в границах участка. Почтовый адрес ориентира: Российская Федерация, Республика Татарстан (Татарстан), м.р-н Лаишевский, с.п. Кирбинское, с Кирби, ул Степная, з/у 14.",,Для ведения личного подсобного хозяйства,ЛПХ,0,нет,16:24:110104,3389084.81,804.8171,,,,,да,нет,нет,нет,да,да,нет,да,55.561353544335724,49.32758361954744
16:24:110102:461,1250.0,Земли населенных пунктов,Учтенный,"Местоположение установлено относительно ориентира, расположенного в границах участка. Почтовый адрес ориентира: Республика Татарстан, Лаишевский муниципальный район, Кирбинское сельское поселение, с Кирби, ул. Гвардейская, д. 20а.",Частная,Для ведения личного подсобного хозяйства,ЛПХ,0,нет,16:24:110102,1093274.38,874.6195,,,,,нет,нет,нет,нет,да,да,нет,да,55.56208659000556,49.31316026153506
16:24:110103:39,2469.0,Земли населенных пунктов,Ранее учтенный,"Местоположение установлено относительно ориентира, расположенного в границах участка. Почтовый адрес ориентира: Российская Федерация, Республика Татарстан (Татарстан), м.р-н Лаишевский, с.п. Кирбинское, с Кирби, ул Горького, з/у 13.",Частная,Для ведения личного подсобного хозяйства,ЛПХ,0,нет,16:24:110103,2200019.73,891.057,,,,,нет,нет,нет,нет,да,да,нет,да,55.56226219614059,49.323054223629406
16:24:110104:131,2073.0,Земли населенных пунктов,Учтенный,"Местоположение установлено относительно ориентира, расположенного в границах участка. Почтовый адрес ориентира: Российская Федерация, Республика Татарстан (Татарстан), м.р-н Лаишевский, с.п. Кирбинское, с Кирби, ул Степная, з/у 1.",Частная,ведение личного подсобного хозяйства,ЛПХ,0,нет,16:24:110104,1725392.73,832.3168,,,,,нет,нет,нет,нет,да,да,нет,да,55.56047479906907,49.32475899952384
16:24:110104:5,366.0,Земли населенных пунктов,Ранее учтенный,"Российская Федерация, Республика Татарстан (Татарстан), м.р-н Лаишевский, с.п. Кирбинское, с Кирби, ул Горького, з/у 26А",Муниципальная,Общественное управление,ДРУГОЕ,0,нет,16:24:110104,110835.56,302.8294,,,,,да,нет,нет,нет,нет,нет,нет,да,55.56129118453865,49.32361327211119
16:24:110104:70,1730.0,Земли населенных пунктов,Ранее учтенный,"Местоположение установлено относительно ориентира, расположенного в границах участка. Почтовый адрес ориентира: Российская Федерация, Республика Татарстан (Татарстан), м.р-н Лаишевский, с.п. Кирбинское, с Кирби, ул Степная, з/у 5Б.",Частная,Ведение личного подсобного хозяйства,ЛПХ,0,нет,16:24:110104,1398466.26,808.362,,,,,нет,нет,нет,нет,да,да,нет,да,55.5603547415443,49.32700991772969
16:24:110104:44,4392.0,Земли населенных пунктов,Ранее учтенный,"Местоположение установлено относительно ориентира, расположенного в границах участка. Почтовый адрес ориентира: Российская Федерация, Республика Татарстан (Татарстан), м.р-н Лаишевский, с.п. Кирбинское, с Кирби, ул Речная, з/у 9.",Частная,Для ведения личного подсобного хозяйства,ЛПХ,0,нет,16:24:110104,3406211.21,775.549,,,,,нет,нет,нет,нет,да,да,нет,да,55.55890480810278,49.326466870884374
16:24:110105:152,2170.0,Земли населенных пунктов,Учтенный,"Местоположение установлено относительно ориентира, расположенного в границах участка. Почтовый адрес ориентира: Республика Татарстан, Лаишевский муниципальный район, Кирбинское сельское поселение, с Кирби, ул. Горького.",Частная,для ведения личного подсобного хозяйства,ЛПХ,0,нет,16:24:110105,1730034.89,797.2511,,,,,нет,нет,нет,нет,да,да,нет,да,55.55849038598354,49.3216939384512
16:24:110105:156,800.0,Земли населенных пунктов,Учтенный,"Российская Федерация, Республика Татарстан (Татарстан), м.р-н Лаишевский, с.п. Кирбинское, с Кирби, ул Болотная, з/у 2В",Частная,Для ведения личного подсобного хозяйства,ЛПХ,0,нет,16:24:110105,628927.04,786.1588,,,,,нет,нет,нет,нет,да,да,нет,да,55.5572831000277,49.32136983628066
16:24:110101:158,243.0,Земли населенных пунктов,Учтенный,"Местоположение установлено относительно ориентира, расположенного в границах участка. Почтовый адрес ориентира: Республика Татарстан, Лаишевский муниципальный район, Кирбинское сельское поселение, с Кирби.",Частная,для ведения личного подсобного хозяйства,ЛПХ,0,нет,16:24:110101,233387.09,960.44,,,,,нет,нет,нет,нет,да,да,нет,да,55.56630194227715,49.31738172979694
16:24:110102:400,662.0,Земли населенных пунктов,Учтенный,"Местоположение установлено относительно ориентира, расположенного в границах участка. Почтовый адрес ориентира: Республика Татарстан, Лаишевский муниципальный район, Кирбинское сельское поселение, с Кирби, ул. Чапаева.",Частная,для ведения личного подсобного хозяйства,ЛПХ,0,нет,16:24:110102,593828.37,897.0217,,,,,нет,нет,нет,нет,да,да,нет,да,55.56335606627208,49.31266858654912
16:24:110301:611,29957.0,Земли сельскохозяйственного назначения,Учтенный,"Местоположение установлено относительно ориентира, расположенного в границах участка. Почтовый адрес ориентира: Российская Федерация, Республика Татарстан (Татарстан), м.р-н Лаишевский, с.п. Кирбинское, кв-л 301, з/у 611.",,Для сельскохозяйственного производства,СХ,0,нет,16:24:110301,77756.39,2.5956,,,,,да,нет,нет,нет,нет,нет,нет,нет,55.574966925422956,49.30479750445252
16:24:110102:220,1400.0,Земли населенных пунктов,Учтенный,"Местоположение установлено относительно ориентира, расположенного в границах участка. Почтовый адрес ориентира: Российская Федерация, Республика Татарстан (Татарстан), м.р-н Лаишевский, с.п. Кирбинское, с Кирби, ул Юности, з/у 20.",,Для ведения личного подсобного хозяйства,ЛПХ,0,нет,16:24:110102,1211333.76,865.2384,,,,,да,нет,нет,нет,да,да,нет,да,55.56244015624865,49.307145377809384
16:24:110102:702,1286.0,Земли населенных пунктов,Учтенный,"Местоположение установлено относительно ориентира, расположенного в границах участка. Почтовый адрес ориентира: Российская Федерация, Республика Татарстан, Лаишевский муниципальный район, Кирбинское сельское поселение, с Кирби, ул Гвардейская, з/у 21 Б.",Частная,Для индивидуального жилищного строительства,ИЖС,0,нет,16:24:110102,1146973.76,891.89,,,,,нет,да,нет,нет,нет,да,нет,да,55.56116725686409,49.31005167302411
16:24:110302:1657,1000.0,Земли населенных пунктов,Учтенный,"Местоположение установлено относительно ориентира, расположенного в границах участка. Почтовый адрес ориентира: Российская Федерация, Республика Татарстан, Лаишевский муниципальный район, Кирбинское сельское поселение, с Кирби.",Частная,Для индивидуального жилищного строительства,ИЖС,0,нет,16:24:110302,728447.2,728.45,,,,,нет,да,нет,нет,нет,да,нет,да,55.55479565005011,49.32001787753386
16:24:110302:1630,1000.0,Земли населенных пунктов,Учтенный,"Местоположение установлено относительно ориентира, расположенного в границах участка. Почтовый адрес ориентира: Российская Федерация, Республика Татарстан, Лаишевский муниципальный район, Кирбинское сельское поселение, с Кирби.",Частная,Для индивидуального жилищного строительства,ИЖС,0,нет,16:24:110302,741549.6,741.55,,,,,нет,да,нет,нет,нет,да,нет,да,55.55547684864447,49.320432946959414
16:24:110301:659,34571.0,Земли населенных пунктов,Учтенный,"Местоположение установлено относительно ориентира, расположенного в границах участка. Почтовый адрес ориентира: Российская Федерация, Республика Татарстан (Татарстан), м.р-н Лаишевский, с.п. Кирбинское, с Кирби, ул Молодежная, з/у 22.",Частная,Фармацевтическая промышленность (код 6.3.1); Склады (код 6.9),ПРОМ,0,нет,16:24:110301,32695647.71,945.7536,,,,,нет,нет,нет,нет,нет,нет,нет,да,55.568731339210835,49.306229553121945
16:24:110302:1658,1000.0,Земли населенных пунктов,Учтенный,"Местоположение установлено относительно ориентира, расположенного в границах участка. Почтовый адрес ориентира: Российская Федерация, Республика Татарстан, Лаишевский муниципальный район, Кирбинское сельское поселение, с Кирби.",Частная,Для индивидуального жилищного строительства,ИЖС,0,нет,16:24:110302,757141.9,757.14,,,,,нет,да,нет,нет,нет,да,нет,да,55.55463193700969,49.31985898907967
16:24:110102:7,2027.0,Земли населенных пунктов,Ранее учтенный,"Местоположение установлено относительно ориентира, расположенного в границах участка. Почтовый адрес ориентира: Российская Федерация, Республика Татарстан (Татарстан), м.р-н Лаишевский, с.п. Кирбинское, с Кирби, ул Юности, з/у 12.",Частная,Для ведения личного подсобного хозяйства,ЛПХ,0,нет,16:24:110102,1860783.16,917.9986,,,,,нет,нет,нет,нет,да,да,нет,да,55.56429050172583,49.31036754042282
16:24:110102:210,751.0,Земли населенных пунктов,Учтенный,"Местоположение установлено относительно ориентира, расположенного в границах участка. Почтовый адрес ориентира: Российская Федерация, Республика Татарстан (Татарстан), м.р-н Лаишевский, с.п. Кирбинское, с Кирби, ул Юности, з/у 13Ж.",,Для ведения личного подсобного хозяйства,ЛПХ,0,нет,16:24:110102,689372.11,917.9389,,,,,да,нет,нет,нет,да,да,нет,да,55.564653011099146,49.30994877046769
16:24:110103:11,1379.0,Земли населенных пунктов,Ранее учтенный,"Местоположение установлено относительно ориентира, расположенного в границах участка. Почтовый адрес ориентира: Российская Федерация, Республика Татарстан (Татарстан), м.р-н Лаишевский, с.п. Кирбинское, с Кирби, ул Дальняя, з/у 8.",Частная,Для ведения личного подсобного хозяйства,ЛПХ,0,нет,16:24:110103,1262514.35,915.5289,,,,,нет,нет,нет,нет,да,да,нет,да,55.56338262167655,49.32174197182395
16:24:110102:715,2150.0,Земли населенных пунктов,Учтенный,"Местоположение установлено относительно ориентира, расположенного в границах участка. Почтовый адрес ориентира: Республика Татарстан, Лаишевский муниципальный район, Кирбинское сельское поселение, с Кирби.",Муниципальная,для индивидуального жилищного строительства,ИЖС,0,нет,16:24:110102,1803166.09,838.68,,,,,да,да,нет,нет,нет,да,нет,да,55.56513355456548,49.30606778425923
16:24:110302:1656,1000.0,Земли населенных пунктов,Учтенный,"Местоположение установлено относительно ориентира, расположенного в границах участка. Почтовый адрес ориентира: Российская Федерация, Республика Татарстан, Лаишевский муниципальный район, Кирбинское сельское поселение, с Кирби.",Частная,Для индивидуального жилищного строительства,ИЖС,0,нет,16:24:110302,741025.8,741.03,,,,,нет,да,нет,нет,нет,да,нет,да,55.55499261321364,49.32011838952445
16:24:110101:4,2320.0,Земли населенных пунктов,Ранее учтенный,"Местоположение установлено относительно ориентира, расположенного в границах участка. Почтовый адрес ориентира: Российская Федерация, Республика Татарстан (Татарстан), м.р-н Лаишевский, с.п. Кирбинское, с Кирби, ул Юности, з/у 14Б.",,Для ведения личного подсобного хозяйства,ЛПХ,0,нет,16:24:110101,2150607.29,926.9859,,,,,да,нет,нет,нет,да,да,нет,да,55.565610702805195,49.31083201500356
16:24:110102:80,,Земли населенных пунктов,Ранее учтенный,"Местоположение установлено относительно ориентира, расположенного в границах участка. Почтовый адрес ориентира: Республика Татарстан, Лаишевский муниципальный район, Кирбинское сельское поселение, с Кирби.",Муниципальная,Для ведения личного подсобного хозяйства,ЛПХ,0,нет,16:24:110102,2493777.1,906.5,,,,,да,нет,нет,нет,да,да,нет,да,55.56353693652266,49.31202673568923
16:24:110301:711,358313.0,Земли сельскохозяйственного назначения,Учтенный,"Местоположение установлено относительно ориентира, расположенного в границах участка. Почтовый адрес ориентира: Российская Федерация, Республика Татарстан (Татарстан), м.р-н Лаишевский, с.п. Кирбинское, кв-л 301, з/у 711.",Частная,Для сельскохозяйственного производства,СХ,0,нет,16:24:110301,1295480.65,3.6155,,,,,нет,нет,нет,нет,нет,нет,нет,нет,55.57242573515596,49.314609206457405
16:24:110106:126,1688.0,Земли населенных пунктов,Учтенный,"Местоположение установлено относительно ориентира, расположенного в границах участка. Почтовый адрес ориентира: Республика Татарстан, Лаишевский муниципальный район, Кирбинское сельское поселение, с Кирби, ул. Овражная.",Частная,Для ведения личного подсобного хозяйства,ЛПХ,0,нет,16:24:110106,1440879.67,853.6017,,,,,нет,нет,нет,нет,да,да,нет,да,55.55775780522666,49.30639167365765
16:24:110101:170,1475.0,Земли населенных пунктов,Учтенный,"Местоположение установлено относительно ориентира, расположенного в границах участка. Почтовый адрес ориентира: Российская Федерация, Республика Татарстан (Татарстан), м.р-н Лаишевский, с.п. Кирбинское, с Кирби, ул Чапаева, з/у 2.",,Ведение личного подсобного хозяйства,ЛПХ,0,нет,16:24:110101,1356219.14,919.4706,,,,,да,нет,нет,нет,да,да,нет,да,55.563899303197324,49.32219956323338
16:24:110102:241,800.0,Земли населенных пунктов,Учтенный,"Местоположение установлено относительно ориентира, расположенного в границах участка. Почтовый адрес ориентира: Российская Федерация, Республика Татарстан (Татарстан), м.р-н Лаишевский, с.п. Кирбинское, с Кирби, ул Юности, з/у 13.",Частная,Для ведения личного подсобного хозяйства,ЛПХ,0,нет,16:24:110102,737782.32,922.2279,,,,,нет,нет,нет,нет,да,да,нет,да,55.56442465817387,49.310733697319776
16:24:110103:150,2137.0,Земли населенных пунктов,Учтенный,"Местоположение установлено относительно ориентира, расположенного в границах участка. Почтовый адрес ориентира: Российская Федерация, Республика Татарстан (Татарстан), м.р-н Лаишевский, с.п. Кирбинское, с Кирби, ул Ленина, з/у 1.",Частная,для ведения личного подсобного хозяйства,ЛПХ,0,нет,16:24:110103,1877712.45,878.6675,,,,,нет,нет,нет,нет,да,да,нет,да,55.56169483135859,49.322231643893815
16:24:110102:194,1500.0,Земли населенных пунктов,Учтенный,"Местоположение установлено относительно ориентира, расположенного в границах участка. Почтовый адрес ориентира: Российская Федерация, Республика Татарстан (Татарстан), м.р-н Лаишевский, с.п. Кирбинское, с Кирби, ул Юности, з/у 27.",Частная,Для индивидуального жилищного строительства,ИЖС,0,нет,16:24:110102,1282665.75,855.1105,,,,,нет,да,нет,нет,нет,да,нет,да,55.56107816034656,49.30592575146538
16:24:110102:85,999.0,Земли населенных пунктов,Ранее учтенный,"Местоположение установлено относительно ориентира, расположенного в границах участка. Почтовый адрес ориентира: Российская Федерация, Республика Татарстан (Татарстан), м.р-н Лаишевский, с.п. Кирбинское, с Кирби, ул Юности, з/у 6.",Частная,для индивидуального жилищного строительства,ИЖС,0,нет,16:24:110102,889762.25,890.6529,,,,,нет,да,нет,нет,нет,да,нет,да,55.56114548608631,49.308807514899186
16:24:110101:197,914.0,Земли населенных пунктов,Учтенный,"Местоположение установлено относительно ориентира, расположенного в границах участка. Почтовый адрес ориентира: Российская Федерация, Республика Татарстан (Татарстан), м.р-н Лаишевский, с.п. Кирбинское, с Кирби, ул Юности, з/у 13Е.",Частная,Для ведения личного подсобного хозяйства,ЛПХ,0,нет,16:24:110101,848258.45,928.0727,,,,,нет,нет,нет,нет,да,да,нет,да,55.566038330439504,49.31174732241101
16:24:110102:453,797.0,Земли населенных пунктов,Учтенный,"Местоположение установлено относительно ориентира, расположенного в границах участка. Почтовый адрес ориентира: Российская Федерация, Республика Татарстан (Татарстан), м.р-н Лаишевский, с.п. Кирбинское, с Кирби, ул Юности, з/у 10Б.",Частная,ведение личного подсобного хозяйства,ЛПХ,0,нет,16:24:110102,727641.47,912.9755,,,,,нет,нет,нет,нет,да,да,нет,да,55.56311008060149,49.309939920766475
16:24:110102:399,663.0,Земли населенных пунктов,Учтенный,"Местоположение установлено относительно ориентира, расположенного в границах участка. Почтовый адрес ориентира: Российская Федерация, Республика Татарстан (Татарстан), м.р-н Лаишевский, с.п. Кирбинское, с Кирби, ул Чапаева, з/у 25Б.",Частная,для ведения личного подсобного хозяйства,ЛПХ,0,нет,16:24:110102,601261.11,906.8795,,,,,нет,нет,нет,нет,да,да,нет,да,55.563565475996434,49.31277858305401
16:24:110301:742,1098.0,Земли населенных пунктов,Учтенный,"Местоположение установлено относительно ориентира, расположенного в границах участка. Почтовый адрес ориентира: Республика Татарстан, Лаишевский муниципальный район, Кирбинское сельское поселение, с Кирби.",Частная,Обеспечение сельскохозяйственного производства,СХ,0,нет,16:24:110301,777384.55,708.0005,,,,,нет,нет,нет,нет,нет,нет,нет,да,55.567266136714636,49.3125712382284
16:24:110101:43,910.0,Земли населенных пунктов,Ранее учтенный,"Местоположение установлено относительно ориентира, расположенного в границах участка. Почтовый адрес ориентира: Российская Федерация, Республика Татарстан (Татарстан), м.р-н Лаишевский, с.п. Кирбинское, с Кирби, ул Молодежная, з/у 1.",,Ведение личного подсобного хозяйства,ЛПХ,0,нет,16:24:110101,847811.87,931.6614,,,,,да,нет,нет,нет,да,да,нет,да,55.56472014264892,49.322692410142054
16:24:110101:189,900.0,Земли населенных пунктов,Учтенный,"Местоположение установлено относительно ориентира, расположенного в границах участка. Почтовый адрес ориентира: Российская Федерация, Республика Татарстан (Татарстан), м.р-н Лаишевский, с.п. Кирбинское, с Кирби, ул Молодежная, з/у 9Б.",Частная,для ведения личного подсобного хозяйства (приусадебные участки),ЛПХ,0,нет,16:24:110101,857959.38,953.2882,,,,,нет,нет,нет,нет,да,да,нет,да,55.566027248275375,49.319727896052896
16:24:110101:236,700.0,Земли населенных пунктов,Учтенный,"Местоположение установлено относительно ориентира, расположенного в границах участка. Почтовый адрес ориентира: Республика Татарстан, Лаишевский муниципальный район, Кирбинское сельское поселение, с Кирби, ул. Молодежная, 11В.",Частная,для ведения личного подсобного хозяйства,ЛПХ,0,нет,16:24:110101,667303.56,953.2908,,,,,нет,нет,нет,нет,да,да,нет,да,55.56640648776433,49.31907516716294
16:24:110102:280,1500.0,Земли населенных пунктов,Учтенный,"Местоположение установлено относительно ориентира, расположенного в границах участка. Почтовый адрес ориентира: Российская Федерация, Республика Татарстан (Татарстан), м.р-н Лаишевский, с.п. Кирбинское, с Кирби, ул Счастливая, з/у 17.",Частная,Для индивидуального жилищного строительства,ИЖС,0,нет,16:24:110102,1210260.3,806.8402,,,,,нет,да,нет,нет,нет,да,нет,да,55.563197685538434,49.30510386438526
16:24:110102:203,1000.0,Земли населенных пунктов,Учтенный,"Местоположение установлено относительно ориентира, расположенного в границах участка. Почтовый адрес ориентира: Российская Федерация, Республика Татарстан (Татарстан), м.р-н Лаишевский, с.п. Кирбинское, с Кирби, ул Ильфара Билалова, з/у 8.",,Для индивидуального жилищного строительства,ИЖС,0,нет,16:24:110102,856872.3,856.8723,,,,,да,да,нет,нет,нет,да,нет,да,55.564064293449555,49.30659681294599
16:24:110102:205,1000.0,Земли населенных пунктов,Учтенный,"Местоположение установлено относительно ориентира, расположенного в границах участка. Почтовый адрес ориентира: Российская Федерация, Республика Татарстан (Татарстан), м.р-н Лаишевский, с.п. Кирбинское, с Кирби, ул Ильфара Билалова, з/у 9.",,Для индивидуального жилищного строительства,ИЖС,0,нет,16:24:110102,856263.0,856.263,,,,,да,да,нет,нет,нет,да,нет,да,55.56387000501409,49.30639817038765
16:24:110102:246,1200.0,Земли населенных пунктов,Учтенный,"Местоположение установлено относительно ориентира, расположенного в границах участка. Почтовый адрес ориентира: Российская Федерация, Республика Татарстан (Татарстан), м.р-н Лаишевский, с.п. Кирбинское, с Кирби, ул Ильфара Билалова, з/у 12.",Частная,Для индивидуального жилищного строительства,ИЖС,0,нет,16:24:110102,974631.96,812.1933,,,,,нет,да,нет,нет,нет,да,нет,да,55.56327157976013,49.30578655128314
16:24:110102:119,2228.0,Земли населенных пунктов,Учтенный,"Местоположение установлено относительно ориентира, расположенного в границах участка. Почтовый адрес ориентира: Российская Федерация, Республика Татарстан (Татарстан), м.р-н Лаишевский, с.п. Кирбинское, с Кирби, ул Юности, з/у 14В.",Частная,Для личного подсобного хозяйства,ЛПХ,0,нет,16:24:110102,2025177.36,908.9665,,,,,нет,нет,нет,нет,да,да,нет,да,55.56450134016286,49.30861419610282
16:24:110102:204,1000.0,Земли населенных пунктов,Учтенный,"Местоположение установлено относительно ориентира, расположенного в границах участка. Почтовый адрес ориентира: Российская Федерация, Республика Татарстан (Татарстан), м.р-н Лаишевский, с.п. Кирбинское, с Кирби, ул Ильфара Билалова, з/у 10.",Частная,Для индивидуального жилищного строительства,ИЖС,0,нет,16:24:110102,837909.5,837.9095,,,,,нет,да,нет,нет,нет,да,нет,да,55.56367571610743,49.306199593189085
16:24:110102:198,1000.0,Земли населенных пунктов,Учтенный,"Местоположение установлено относительно ориентира, расположенного в границах участка. Почтовый адрес ориентира: Российская Федерация, Республика Татарстан (Татарстан), м.р-н Лаишевский, с.п. Кирбинское, с Кирби, ул Ильфара Билалова, з/у 5.",Частная,Для индивидуального жилищного строительства,ИЖС,0,нет,16:24:110102,884258.0,884.258,,,,,нет,да,нет,нет,нет,да,нет,да,55.564647192844404,49.30719268924888
16:24:110102:267,1500.0,Земли населенных пунктов,Учтенный,"Местоположение установлено относительно ориентира, расположенного в границах участка. Почтовый адрес ориентира: Российская Федерация, Республика Татарстан (Татарстан), м.р-н Лаишевский, с.п. Кирбинское, с Кирби, ул Ильфара Билалова, з/у 13.",Частная,Для ведения личного подсобного хозяйства,ЛПХ,0,нет,16:24:110102,1220067.15,813.3781,,,,,нет,нет,нет,нет,да,да,нет,да,55.56301505976503,49.30552431202088
16:24:110102:313,2315.0,Земли населенных пунктов,Учтенный,"Местоположение установлено относительно ориентира, расположенного в границах участка. Почтовый адрес ориентира: Российская Федерация, Республика Татарстан (Татарстан), м.р-н Лаишевский, с.п. Кирбинское, с Кирби, ул Гвардейская, з/у 13.",Частная,Для ведения личного подсобного хозяйства,ЛПХ,0,нет,16:24:110102,2021427.67,873.19,,,,,нет,нет,нет,нет,да,да,нет,да,55.56000121930797,49.310393333379324
16:24:110102:312,1200.0,Земли населенных пунктов,Учтенный,"Местоположение установлено относительно ориентира, расположенного в границах участка. Почтовый адрес ориентира: Российская Федерация, Республика Татарстан (Татарстан), м.р-н Лаишевский, с.п. Кирбинское, с Кирби, ул Гвардейская, з/у 13А.",Частная,Для ведения личного подсобного хозяйства,ЛПХ,0,нет,16:24:110102,1053545.4,877.95,,,,,нет,нет,нет,нет,да,да,нет,да,55.56021289531238,49.30919255740368
16:24:110102:451,600.0,Земли населенных пунктов,Учтенный,"Российская Федерация, Республика Татарстан (Татарстан), м.р-н Лаишевский, с.п. Кирбинское, с Кирби, ул Юности, з/у 33",Частная,Для ведения личного подсобного хозяйства,ЛПХ,0,нет,16:24:110102,494941.2,824.902,,,,,нет,нет,нет,нет,да,да,нет,да,55.56014063983315,49.30476397651729
16:24:110301:741,225978.0,Земли сельскохозяйственного назначения,Учтенный,"Местоположение установлено относительно ориентира, расположенного в границах участка. Почтовый адрес ориентира: Российская Федерация, Республика Татарстан (Татарстан), м.р-н Лаишевский, с.п. Кирбинское, кв-л 301, з/у 741.",Частная,Для сельскохозяйственного производства,СХ,0,нет,16:24:110301,839869.83,3.7166,,,,,нет,нет,нет,нет,нет,нет,нет,нет,55.57476492904178,49.293169319192586
16:24:110102:382,600.0,Земли населенных пунктов,Учтенный,"Местоположение установлено относительно ориентира, расположенного в границах участка. Почтовый адрес ориентира: Российская Федерация, Республика Татарстан (Татарстан), м.р-н Лаишевский, с.п. Кирбинское, с Кирби, ул Счастливая, з/у 3В.",Частная,Для индивидуального жилищного строительства,ИЖС,0,нет,16:24:110102,564284.88,940.4748,,,,,нет,да,нет,нет,нет,да,нет,да,55.566502087731706,49.30711396428497
16:24:110102:720,1000.0,Земли населенных пунктов,Учтенный,"Российская Федерация, Республика Татарстан (Татарстан), м.р-н Лаишевский, с.п. Кирбинское, с Кирби, ул Счастливая, з/у 16",Частная,для индивидуального жилищного строительства,ИЖС,0,нет,16:24:110102,808411.3,808.41,,,,,нет,да,нет,нет,нет,да,нет,да,55.56405176776568,49.30493210244077
16:24:110103:64,,Земли населенных пунктов,Ранее учтенный,"Местоположение установлено относительно ориентира, расположенного в границах участка. Почтовый адрес ориентира: Российская Федерация, Республика Татарстан (Татарстан), м.р-н Лаишевский, с.п. Кирбинское, с Кирби, ул Школьная, з/у 20.",,Ведение личного подсобного хозяйства,ЛПХ,0,нет,16:24:110103,1327080.99,817.1681,,,,,да,нет,нет,нет,да,да,нет,да,55.5606276811433,49.31714952699227
16:24:110103:397,1000.0,Земли населенных пунктов,Учтенный,"Местоположение установлено относительно ориентира, расположенного в границах участка. Почтовый адрес ориентира: Российская Федерация, Республика Татарстан (Татарстан), м.р-н Лаишевский, с.п. Кирбинское, с Кирби, ул Ленина, з/у 10А.",Частная,для ведения личного подсобного хозяйства,ЛПХ,0,нет,16:24:110103,845362.0,845.362,,,,,нет,нет,нет,нет,да,да,нет,да,55.560941807359775,49.319181894317964
16:24:110101:237,1250.0,Земли населенных пунктов,Учтенный,"Местоположение установлено относительно ориентира, расположенного в границах участка. Почтовый адрес ориентира: Республика Татарстан, Лаишевский муниципальный район, Кирбинское сельское поселение, с Кирби, ул. Молодежная.",Частная,Для ведения личного подсобного хозяйства,ЛПХ,0,нет,16:24:110101,1167700.5,934.1604,,,,,нет,нет,нет,нет,да,да,нет,да,55.56577849122974,49.31921664795387
16:24:110101:210,600.0,Земли населенных пунктов,Учтенный,"Местоположение установлено относительно ориентира, расположенного в границах участка. Почтовый адрес ориентира: Российская Федерация, Республика Татарстан (Татарстан), м.р-н Лаишевский, с.п. Кирбинское, с Кирби, ул Молодежная, з/у 13В.",Частная,Ведение личного подсобного хозяйства,ЛПХ,0,нет,16:24:110101,563961.24,939.9354,,,,,нет,нет,нет,нет,да,да,нет,да,55.56604650883455,49.31800499768003
16:24:110106:99,2703.0,Земли населенных пунктов,Учтенный,"Местоположение установлено относительно ориентира, расположенного в границах участка. Почтовый адрес ориентира: Российская Федерация, Республика Татарстан (Татарстан), м.р-н Лаишевский, с.п. Кирбинское, с Кирби, ул Пионерская, з/у 1.",,для индивидуального жилищного строительства,ИЖС,0,нет,16:24:110106,2226720.59,823.796,,,,,да,да,нет,нет,нет,да,нет,да,55.55817914691553,49.31155518982336
16:24:110102:394,879.0,Земли населенных пунктов,Учтенный,"Местоположение установлено относительно ориентира, расположенного в границах участка. Почтовый адрес ориентира: Российская Федерация, Республика Татарстан (Татарстан), м.р-н Лаишевский, с.п. Кирбинское, с Кирби, ул Спартаковская, з/у 32а.",Частная,Для индивидуального жилищного строительства,ИЖС,0,нет,16:24:110102,707310.47,804.6763,,,,,нет,да,нет,нет,нет,да,нет,да,55.558082872117154,49.29621984482977
16:24:110102:76,2408.0,Земли населенных пунктов,Ранее учтенный,"Местоположение установлено относительно ориентира, расположенного в границах участка. Почтовый адрес ориентира: Российская Федерация, Республика Татарстан (Татарстан), м.р-н Лаишевский, с.п. Кирбинское, с Кирби, ул Спартаковская, з/у 14.",,Ведение личного подсобного хозяйства,ЛПХ,0,нет,16:24:110102,1996331.93,829.04,,,,,да,нет,нет,нет,да,да,нет,да,55.55865128536662,49.30102068505049
16:24:110106:109,2512.0,Земли населенных пунктов,Учтенный,"Местоположение установлено относительно ориентира, расположенного в границах участка. Почтовый адрес ориентира: Российская Федерация, Республика Татарстан (Татарстан), м.р-н Лаишевский, с.п. Кирбинское, с Кирби, ул Спартаковская, з/у 3.",Частная,для ведения личного подсобного хозяйства,ЛПХ,0,нет,16:24:110106,2094727.66,833.8884,,,,,нет,нет,нет,нет,да,да,нет,да,55.5580538609874,49.30448814880926
16:24:110106:7,1687.0,Земли населенных пунктов,Ранее учтенный,"Местоположение установлено относительно ориентира, расположенного в границах участка. Почтовый адрес ориентира: Российская Федерация, Республика Татарстан (Татарстан), м.р-н Лаишевский, с.п. Кирбинское, с Кирби, ул Спартаковская, з/у 19Б.",,Для ведения личного подсобного хозяйства,ЛПХ,0,нет,16:24:110106,1310970.23,777.1015,,,,,да,нет,нет,нет,да,да,нет,да,55.55720351871582,49.29807570312638
16:24:110106:13,2943.0,Земли населенных пунктов,Ранее учтенный,"Местоположение установлено относительно ориентира, расположенного в границах участка. Почтовый адрес ориентира: Российская Федерация, Республика Татарстан (Татарстан), м.р-н Лаишевский, с.п. Кирбинское, с Кирби, ул Спартаковская, з/у 16.",,для ведения личного подсобного хозяйства,ЛПХ,0,нет,16:24:110106,2271357.07,771.7829,,,,,да,нет,нет,нет,да,да,нет,да,55.55719023806143,49.299613882941436
16:24:110102:118,95.0,Земли населенных пунктов,Учтенный,"Местоположение установлено относительно ориентира, расположенного в границах участка. Почтовый адрес ориентира: Российская Федерация, Республика Татарстан (Татарстан), м.р-н Лаишевский, с.п. Кирбинское, с Кирби, ул Спартаковская, з/у 2В.",Муниципальная,Под размещение блочной комплектной трансформаторной подстанции,ДРУГОЕ,0,нет,16:24:110102,66269.62,697.5749,,,,,да,нет,нет,нет,нет,нет,нет,да,55.559108144828386,49.306072379716994
16:24:110302:1733,1000.0,Земли населенных пунктов,Учтенный,"Республика Татарстан, Лаишевский муниципальный район, Кирбинское сельское поселение, с Кирби",Частная,Для индивидуального жилищного строительства,ИЖС,0,нет,16:24:110302,745491.6,745.49,,,,,нет,да,нет,нет,нет,да,нет,да,55.554491027074754,49.321398817771374
16:24:110302:1742,1000.0,Земли населенных пунктов,Учтенный,"Республика Татарстан, Лаишевский муниципальный район, Кирбинское сельское поселение, с Кирби",Частная,Для индивидуального жилищного строительства,ИЖС,0,нет,16:24:110302,729709.5,729.71,,,,,нет,да,нет,нет,нет,да,нет,да,55.55382688761228,49.321716834593985
16:24:110302:1734,1000.0,Земли населенных пунктов,Учтенный,"Республика Татарстан, Лаишевский муниципальный район, Кирбинское сельское поселение, с Кирби",Частная,Для индивидуального жилищного строительства,ИЖС,0,нет,16:24:110302,762104.3,762.1,,,,,нет,да,нет,нет,нет,да,нет,да,55.55465666970483,49.321564116474725
16:24:110302:1745,1000.0,Земли населенных пунктов,Учтенный,"Республика Татарстан, Лаишевский муниципальный район, Кирбинское сельское поселение, с Кирби",Частная,Для индивидуального жилищного строительства,ИЖС,0,нет,16:24:110302,704574.4,704.57,,,,,нет,да,нет,нет,нет,да,нет,да,55.553314846788396,49.320963326937836
16:24:110302:1741,1000.0,Земли населенных пунктов,Учтенный,"Республика Татарстан, Лаишевский муниципальный район, Кирбинское сельское поселение, с Кирби",Частная,Для индивидуального жилищного строительства,ИЖС,0,нет,16:24:110302,727290.9,727.29,,,,,нет,да,нет,нет,нет,да,нет,да,55.55398960858816,49.32194952901381
16:24:110302:1748,1100.0,Земли населенных пунктов,Учтенный,"Республика Татарстан, Лаишевский муниципальный район, Кирбинское сельское поселение, с Кирби",Частная,Для индивидуального жилищного строительства,ИЖС,0,нет,16:24:110302,806805.67,733.46,,,,,нет,да,нет,нет,нет,да,нет,да,55.555110459157994,49.32167888409377
16:24:110302:1751,1000.0,Земли населенных пунктов,Учтенный,"Республика Татарстан, Лаишевский муниципальный район, Кирбинское сельское поселение, с Кирби",Частная,Для индивидуального жилищного строительства,ИЖС,0,нет,16:24:110302,770906.2,770.91,,,,,нет,да,нет,нет,нет,да,нет,да,55.55476792573239,49.321024831347444
16:24:110101:469,2500.0,Земли населенных пунктов,Учтенный,"Российская Федерация, Республика Татарстан, Лаишевский муниципальный район, Кирбинское сельское поселение, с Кирби, ул. Чапаева, д. 34",Частная,Для ведения личного подсобного хозяйства,ЛПХ,0,нет,16:24:110101,2256229.0,902.49,,,,,нет,нет,нет,нет,да,да,нет,да,55.5648597950895,49.31508319369883
16:24:110102:730,1067.0,Земли населенных пунктов,Учтенный,"Республика Татарстан, Лаишевский муниципальный район, Кирбинское сельское поселение, с Кирби",Муниципальная,для индивидуального жилищного строительства,ИЖС,0,нет,16:24:110102,839416.69,786.71,,,,,да,да,нет,нет,нет,да,нет,да,55.56251045309479,49.30323928824206
16:24:000000:7178,1145.0,Земли населенных пунктов,Ранее учтенный,"Республика Татарстан, Лаишевский муниципальный район, Кирбинское сельское поселение, с.Кирби",Частная,Для ведения личного подсобного хозяйства,ЛПХ,0,нет,16:24:110102,972210.68,849.09,,,,,нет,нет,нет,нет,да,да,нет,да,55.56047281838924,49.30543826284831
16:24:110106:444,1925.0,Земли населенных пунктов,Учтенный,"Российская Федерация, Республика Татарстан (Татарстан), м.р-н Лаишевский, с.п. Кирбинское, с Кирби, ул Гвардейская, з/у 2",Частная,Ведение личного подсобного хозяйства,ЛПХ,0,нет,16:24:110106,1614947.37,838.93,,,,,нет,нет,нет,нет,да,да,нет,да,55.55827863015048,49.31068908779481
16:24:110101:471,2000.0,Земли населенных пунктов,Учтенный,"Российская Федерация, Республика Татарстан (Татарстан), м.р-н Лаишевский, с.п. Кирбинское, с Кирби, ул Чапаева, з/у 50",Частная,Для ведения личного подсобного хозяйства,ЛПХ,0,нет,16:24:110101,1863476.6,931.74,,,,,нет,нет,нет,нет,да,да,нет,да,55.56521150206239,49.31226205093449
16:24:110101:473,1000.0,Земли населенных пунктов,Учтенный,"Российская Федерация, Республика Татарстан (Татарстан), м.р-н Лаишевский, с.п. Кирбинское, с Кирби, ул Молодежная, з/у 20в",Частная,Для ведения личного подсобного хозяйства,ЛПХ,0,нет,16:24:110101,936686.8,936.69,,,,,нет,нет,нет,нет,да,да,нет,да,55.56571504315168,49.31263708720705
16:24:110302:2979,2025.0,Земли населенных пунктов,Учтенный,"Российская Федерация, Республика Татарстан, Лаишевский муниципальный район, Кирбинское сельское поселение",Частная,Предоставление коммунальных услуг (код 3.1.1),ДРУГОЕ,0,нет,16:24:110302,1124443.82,555.28,,,,,нет,нет,нет,нет,нет,нет,нет,да,55.55639862767132,49.29066817631495
16:24:110302:2972,1036.0,Земли населенных пунктов,Учтенный,"Российская Федерация, Республика Татарстан, Лаишевский муниципальный район, Кирбинское сельское поселение",Частная,Для индивидуального жилищного строительства,ИЖС,0,нет,16:24:110302,801149.99,773.31,,,,,нет,да,нет,нет,нет,да,нет,да,55.55680794723452,49.29244048174253
16:24:110302:2924,1000.0,Земли населенных пунктов,Учтенный,"Республика Татарстан, Лаишевский муниципальный район, Кирбинское сельское поселение
",Частная,для индивидуального жилищного строительства (код 2.1),ИЖС,0,нет,16:24:110302,743941.5,743.94,,,,,нет,да,нет,нет,нет,да,нет,да,55.554324299787275,49.312124800504094
16:24:110302:2932,1469.0,Земли населенных пунктов,Учтенный,"Республика Татарстан, Лаишевский муниципальный район, Кирбинское сельское поселение, с Кирби",Частная,Для индивидуального жилищного строительства,ИЖС,0,нет,16:24:110302,913426.7,621.8,,,,,нет,да,нет,нет,нет,да,нет,да,55.55425153751046,49.29910898030979
16:24:110302:2843,1114.0,Земли населенных пунктов,Учтенный,"Республика Татарстан, Лаишевский муниципальный район, Кирбинское сельское поселение
",Частная,для индивидуального жилищного строительства (код 2.1),ИЖС,0,нет,16:24:110302,831249.53,746.18,,,,,нет,да,нет,нет,нет,да,нет,да,55.55542353810212,49.31902918354942
16:24:110302:2992,1000.0,Земли населенных пунктов,Учтенный,"Российская Федерация, Республика Татарстан, Лаишевский муниципальный район, Кирбинское сельское поселение",Частная,Для индивидуального жилищного строительства,ИЖС,0,нет,16:24:110302,624747.3,624.75,,,,,нет,да,нет,нет,нет,да,нет,да,55.55504144403525,49.30295376506473
16:24:110302:2923,1000.0,Земли населенных пунктов,Учтенный,"Республика Татарстан, Лаишевский муниципальный район, Кирбинское сельское поселение
",Частная,Для индивидуального жилищного строительства,ИЖС,0,нет,16:24:110302,744418.7,744.42,,,,,нет,да,нет,нет,нет,да,нет,да,55.55432519928809,49.31172866378161
16:24:110302:2926,1000.0,Земли населенных пунктов,Учтенный,"Республика Татарстан, Лаишевский муниципальный район, Кирбинское сельское поселение
",Частная,Для индивидуального жилищного строительства,ИЖС,0,нет,16:24:110302,745356.6,745.36,,,,,нет,да,нет,нет,нет,да,нет,да,55.554684475755344,49.311731200975046
16:24:110302:2993,1000.0,Земли населенных пунктов,Учтенный,"Российская Федерация, Республика Татарстан, Лаишевский муниципальный район, Кирбинское сельское поселение",Частная,Для индивидуального жилищного строительства,ИЖС,0,нет,16:24:110302,621515.0,621.52,,,,,нет,да,нет,нет,нет,да,нет,да,55.5550423139033,49.302557620825624
16:24:110302:2991,1000.0,Земли населенных пунктов,Учтенный,"Российская Федерация, Республика Татарстан, Лаишевский муниципальный район, Кирбинское сельское поселение",Частная,Для индивидуального жилищного строительства,ИЖС,0,нет,16:24:110302,624747.3,624.75,,,,,нет,да,нет,нет,нет,да,нет,да,55.555400720723334,49.30295622227334
16:24:110104:384,1000.0,Земли населенных пунктов,Учтенный,"Российская Федерация, Республика Татарстан, Лаишевский муниципальный район, Кирбинское сельское поселение, с Кирби, ул. Степная",Частная,Личное подсобное хозяйство,ДРУГОЕ,0,нет,16:24:110104,828901.1,828.9,,,,,нет,нет,нет,нет,нет,нет,нет,да,55.56121895621934,49.32580338750591
16:24:110102:747,1035.0,Земли населенных пунктов,Учтенный,"Российская Федерация, Республика Татарстан (Татарстан), м.р-н Лаишевский, с.п. Кирбинское, с Кирби, ул Гвардейская, з/у 25А",Частная,для личного подсобного хозяйства,ЛПХ,0,нет,16:24:110102,910059.46,879.28,,,,,нет,нет,нет,нет,да,да,нет,да,55.56166940635758,49.31145215414726
16:24:110302:3029,1001.0,Земли населенных пунктов,Учтенный,"Российская Федерация, Республика Татарстан, Лаишевский муниципальный район, Кирбинское сельское поселение",Частная,для индивидуального жилищного строительства (код 2.1),ИЖС,0,нет,16:24:110302,737638.4,736.9,,,,,нет,да,нет,нет,нет,да,нет,да,55.55626064668215,49.29246864641616
16:24:000000:5712,600.0,Земли населенных пунктов,Учтенный,"Местоположение установлено относительно ориентира, расположенного в границах участка. Почтовый адрес ориентира: Республика Татарстан, Лаишевский муниципальный район, Кирбинское сельское поселение, с Кирби.",Частная,Для индивидуального жилищного строительства,ИЖС,0,нет,16:24:000000,555844.8,926.408,,,,,нет,да,нет,нет,нет,да,нет,да,55.565419716017466,49.30977031644763
16:24:110102:766,1023.0,Земли населенных пунктов,Учтенный,"Российская Федерация, Республика Татарстан (Татарстан), м.р-н Лаишевский, с.п. Кирбинское, с Кирби, ул Гвардейская, з/у 12",Частная,Ведение личного подсобного хозяйства,ЛПХ,0,нет,16:24:110102,870311.73,850.74,,,,,нет,нет,нет,нет,да,да,нет,да,55.56058972528287,49.31215802369824
16:24:110105:476,2302.0,Земли населенных пунктов,Учтенный,"Республика Татарстан, Лаишевский муниципальный район, Кирбинское сельское поселение, с Кирби, ул. Татарстан, д. 32",Частная,для ведения личного подсобного хозяйства,ЛПХ,0,нет,16:24:110105,1875271.12,814.63,,,,,нет,нет,нет,нет,да,да,нет,да,55.559485771924194,49.31439347185677
16:24:110302:3240,1000.0,Земли населенных пунктов,Учтенный,"Российская Федерация, Республика Татарстан, Лаишевский муниципальный район, Кирбинское сельское поселение",Частная,Для индивидуального жилищного строительства,ИЖС,0,нет,16:24:110302,620052.3,620.05,,,,,нет,да,нет,нет,нет,да,нет,да,55.555404884399216,49.30105474436304
16:24:110302:3243,1017.0,Земли населенных пунктов,Учтенный,"Российская Федерация, Республика Татарстан, Лаишевский муниципальный район, Кирбинское сельское поселение",Частная,Для индивидуального жилищного строительства,ИЖС,0,нет,16:24:110302,630829.23,620.28,,,,,нет,да,нет,нет,нет,да,нет,да,55.55496904463002,49.30052722800764
16:24:110301:1116,1000.0,Земли населенных пунктов,Учтенный,"Республика Татарстан, Лаишевский муниципальный район, Кирбинское сельское поселение",Частная,для индивидуального жилищного строительства,ИЖС,0,нет,16:24:110301,633426.1,633.43,,,,,нет,да,нет,нет,нет,да,нет,да,55.571102140068184,49.29665812428928
16:24:110301:1204,1201.0,Земли населенных пунктов,Учтенный,"Республика Татарстан, Лаишевский муниципальный район, Кирбинское сельское поселение",Частная,для индивидуального жилищного строительства,ИЖС,0,нет,16:24:110301,742917.22,618.58,,,,,нет,да,нет,нет,нет,да,нет,да,55.56829686428768,49.29370965874214
16:24:110301:1122,2065.0,Земли населенных пунктов,Учтенный,"Республика Татарстан, Лаишевский муниципальный район, Кирбинское сельское поселение",Частная,для индивидуального жилищного строительства,ИЖС,0,нет,16:24:110301,1369371.09,663.13,,,,,нет,да,нет,нет,нет,да,нет,да,55.57454488711139,49.30355090658381
16:24:110301:1134,1891.0,Земли населенных пунктов,Учтенный,"Республика Татарстан, Лаишевский муниципальный район, Кирбинское сельское поселение",Частная,для индивидуального жилищного строительства,ИЖС,0,нет,16:24:110301,1198381.35,633.73,,,,,нет,да,нет,нет,нет,да,нет,да,55.569664230182134,49.29571206834834
16:24:110301:1155,1111.0,Земли населенных пунктов,Учтенный,"Республика Татарстан, Лаишевский муниципальный район, Кирбинское сельское поселение",Частная,для индивидуального жилищного строительства,ИЖС,0,нет,16:24:110301,694300.56,624.93,,,,,нет,да,нет,нет,нет,да,нет,да,55.575236137505826,49.30120573945278
16:24:110301:1143,1025.0,Земли населенных пунктов,Учтенный,"Республика Татарстан, Лаишевский муниципальный район, Кирбинское сельское поселение",Частная,для индивидуального жилищного строительства,ИЖС,0,нет,16:24:110301,620994.71,605.85,,,,,нет,да,нет,нет,нет,да,нет,да,55.57108456396312,49.29519222377367
16:24:110301:1166,1213.0,Земли населенных пунктов,Учтенный,"Республика Татарстан, Лаишевский муниципальный район, Кирбинское сельское поселение",Частная,для индивидуального жилищного строительства,ИЖС,0,нет,16:24:110301,753449.37,621.15,,,,,нет,да,нет,нет,нет,да,нет,да,55.57539444917902,49.301775537831254
16:24:110301:1183,1236.0,Земли населенных пунктов,Учтенный,"Республика Татарстан, Лаишевский муниципальный район, Кирбинское сельское поселение",Частная,для индивидуального жилищного строительства,ИЖС,0,нет,16:24:110301,731951.66,592.19,,,,,нет,да,нет,нет,нет,да,нет,да,55.56976747275125,49.29372436494928
16:24:110301:1359,2493.0,Земли населенных пунктов,Учтенный,"Республика Татарстан, Лаишевский муниципальный район, Кирбинское сельское поселение",Частная,для индивидуального жилищного строительства,ИЖС,0,нет,16:24:110301,1319848.55,529.42,,,,,нет,да,нет,нет,нет,да,нет,да,55.563100373380585,49.28561943948508
16:24:110301:1363,1407.0,Земли населенных пунктов,Учтенный,"Республика Татарстан, Лаишевский муниципальный район, Кирбинское сельское поселение",Частная,для индивидуального жилищного строительства,ИЖС,0,нет,16:24:110301,780377.92,554.64,,,,,нет,да,нет,нет,нет,да,нет,да,55.563313375831,49.28735876127496
16:24:110301:1274,1200.0,Земли населенных пунктов,Учтенный,"Республика Татарстан, Лаишевский муниципальный район, Кирбинское сельское поселение",Частная,для индивидуального жилищного строительства,ИЖС,0,нет,16:24:110301,635481.24,529.57,,,,,нет,да,нет,нет,нет,да,нет,да,55.56638951016414,49.290435779308304
16:24:110301:1263,1200.0,Земли населенных пунктов,Учтенный,"Республика Татарстан, Лаишевский муниципальный район, Кирбинское сельское поселение",Частная,для индивидуального жилищного строительства,ИЖС,0,нет,16:24:110301,634955.76,529.13,,,,,нет,да,нет,нет,нет,да,нет,да,55.56687520022622,49.29000875831841
16:24:110301:1314,1000.0,Земли населенных пунктов,Учтенный,"Республика Татарстан, Лаишевский муниципальный район, Кирбинское сельское поселение",Частная,для индивидуального жилищного строительства,ИЖС,0,нет,16:24:110301,524538.8,524.54,,,,,нет,да,нет,нет,нет,да,нет,да,55.563953652342065,49.28541157290263
16:24:110301:1328,1000.0,Земли населенных пунктов,Учтенный,"Республика Татарстан, Лаишевский муниципальный район, Кирбинское сельское поселение",Частная,для индивидуального жилищного строительства,ИЖС,0,нет,16:24:110301,539098.8,539.1,,,,,нет,да,нет,нет,нет,да,нет,да,55.56456009325285,49.2866920015624
16:24:110301:1345,2000.0,Земли населенных пунктов,Учтенный,"Республика Татарстан, Лаишевский муниципальный район, Кирбинское сельское поселение",Частная,для индивидуального жилищного строительства,ИЖС,0,нет,16:24:110301,1116523.0,558.26,,,,,нет,да,нет,нет,нет,да,нет,да,55.564847876328855,49.28830877162054
16:24:110301:1407,1000.0,Земли населенных пунктов,Учтенный,"Республика Татарстан, Лаишевский муниципальный район, Кирбинское сельское поселение",Частная,для индивидуального жилищного строительства,ИЖС,0,нет,16:24:110301,638154.4,638.15,,,,,нет,да,нет,нет,нет,да,нет,да,55.57284735338874,49.2986489941912
16:24:110301:1399,2499.0,Земли населенных пунктов,Учтенный,"Республика Татарстан, Лаишевский муниципальный район, Кирбинское сельское поселение",Частная,для индивидуального жилищного строительства,ИЖС,0,нет,16:24:110301,1623155.73,649.52,,,,,нет,да,нет,нет,нет,да,нет,да,55.57288599382877,49.29914485808996
16:24:110301:1436,1973.0,Земли населенных пунктов,Учтенный,"Республика Татарстан, Лаишевский муниципальный район, Кирбинское сельское поселение",Частная,для индивидуального жилищного строительства,ИЖС,0,нет,16:24:110301,1180837.54,598.5,,,,,нет,да,нет,нет,нет,да,нет,да,55.571471249963786,49.29584588837912
16:24:110301:1426,1000.0,Земли населенных пунктов,Учтенный,"Республика Татарстан, Лаишевский муниципальный район, Кирбинское сельское поселение",Частная,для индивидуального жилищного строительства,ИЖС,0,нет,16:24:110301,642716.0,642.72,,,,,нет,да,нет,нет,нет,да,нет,да,55.57495493259544,49.30307384119096
16:24:110301:1119,1000.0,Земли населенных пунктов,Учтенный,"Республика Татарстан, Лаишевский муниципальный район, Кирбинское сельское поселение",Частная,для индивидуального жилищного строительства,ИЖС,0,нет,16:24:110301,635755.6,635.76,,,,,нет,да,нет,нет,нет,да,нет,да,55.57123950045362,49.29736546256862
16:24:110301:1114,1000.0,Земли населенных пунктов,Учтенный,"Республика Татарстан, Лаишевский муниципальный район, Кирбинское сельское поселение",Частная,для индивидуального жилищного строительства,ИЖС,0,нет,16:24:110301,627156.1,627.16,,,,,нет,да,нет,нет,нет,да,нет,да,55.57124369190221,49.296350453347735
16:24:110301:1110,2351.0,Земли населенных пунктов,Учтенный,"Республика Татарстан, Лаишевский муниципальный район, Кирбинское сельское поселение",Частная,для индивидуального жилищного строительства,ИЖС,0,нет,16:24:110301,1464062.21,622.74,,,,,нет,да,нет,нет,нет,да,нет,да,55.575519804210856,49.303614430953886
16:24:110301:1205,1100.0,Земли населенных пунктов,Учтенный,"Республика Татарстан, Лаишевский муниципальный район, Кирбинское сельское поселение",Частная,для индивидуального жилищного строительства,ИЖС,0,нет,16:24:110301,676292.54,614.81,,,,,нет,да,нет,нет,нет,да,нет,да,55.56776871622104,49.29341255321303
16:24:110301:1212,2308.0,Земли населенных пунктов,Учтенный,"Республика Татарстан, Лаишевский муниципальный район, Кирбинское сельское поселение",Частная,для индивидуального жилищного строительства,ИЖС,0,нет,16:24:110301,1321350.54,572.51,,,,,нет,да,нет,нет,нет,да,нет,да,55.565272111237476,49.290244478942675
16:24:110301:1224,1000.0,Земли населенных пунктов,Учтенный,"Республика Татарстан, Лаишевский муниципальный район, Кирбинское сельское поселение",Частная,для индивидуального жилищного строительства,ИЖС,0,нет,16:24:110301,548042.4,548.04,,,,,нет,да,нет,нет,нет,да,нет,да,55.567784656362605,49.29052976708675
16:24:110301:1227,1329.0,Земли населенных пунктов,Учтенный,"Республика Татарстан, Лаишевский муниципальный район, Кирбинское сельское поселение",Частная,для индивидуального жилищного строительства,ИЖС,0,нет,16:24:110301,809140.39,608.83,,,,,нет,да,нет,нет,нет,да,нет,да,55.56778048146468,49.29251409739186
16:24:110301:1228,1075.0,Земли населенных пунктов,Учтенный,"Республика Татарстан, Лаишевский муниципальный район, Кирбинское сельское поселение",Частная,для индивидуального жилищного строительства,ИЖС,0,нет,16:24:110301,611707.25,569.03,,,,,нет,да,нет,нет,нет,да,нет,да,55.56609850796379,49.287140221201334
16:24:110301:1247,2500.0,Земли населенных пунктов,Учтенный,"Республика Татарстан, Лаишевский муниципальный район, Кирбинское сельское поселение",Частная,для индивидуального жилищного строительства,ИЖС,0,нет,16:24:110301,1506342.5,602.54,,,,,нет,да,нет,нет,нет,да,нет,да,55.56726663347521,49.2915715522258
16:24:110301:1149,2500.0,Земли населенных пунктов,Учтенный,"Республика Татарстан, Лаишевский муниципальный район, Кирбинское сельское поселение",Частная,для индивидуального жилищного строительства,ИЖС,0,нет,16:24:110301,1412427.0,564.97,,,,,нет,да,нет,нет,нет,да,нет,да,55.56885399277754,49.28994927674685
16:24:110301:1184,2500.0,Земли населенных пунктов,Учтенный,"Республика Татарстан, Лаишевский муниципальный район, Кирбинское сельское поселение",Частная,для индивидуального жилищного строительства,ИЖС,0,нет,16:24:110301,1511098.0,604.44,,,,,нет,да,нет,нет,нет,да,нет,да,55.5692132290122,49.293358891999375
16:24:110301:1261,1357.0,Земли населенных пунктов,Учтенный,"Республика Татарстан, Лаишевский муниципальный район, Кирбинское сельское поселение",Частная,для индивидуального жилищного строительства,ИЖС,0,нет,16:24:110301,706796.3,520.85,,,,,нет,да,нет,нет,нет,да,нет,да,55.56648074042257,49.2894435877669
16:24:110301:1371,1848.0,Земли населенных пунктов,Учтенный,"Республика Татарстан, Лаишевский муниципальный район, Кирбинское сельское поселение",Частная,для индивидуального жилищного строительства,ИЖС,0,нет,16:24:110301,1123195.37,607.79,,,,,нет,да,нет,нет,нет,да,нет,да,55.57567739618667,49.30252518715109
16:24:110301:1310,2496.0,Земли населенных пунктов,Учтенный,"Республика Татарстан, Лаишевский муниципальный район, Кирбинское сельское поселение",Частная,для индивидуального жилищного строительства,ИЖС,0,нет,16:24:110301,1623848.68,650.58,,,,,нет,да,нет,нет,нет,да,нет,да,55.57465317129997,49.30124796011324
16:24:110301:1327,1000.0,Земли населенных пунктов,Учтенный,"Республика Татарстан, Лаишевский муниципальный район, Кирбинское сельское поселение",Частная,для индивидуального жилищного строительства,ИЖС,0,нет,16:24:110301,536630.4,536.63,,,,,нет,да,нет,нет,нет,да,нет,да,55.56438576430931,49.286442261527355
16:24:110301:1208,2500.0,Земли населенных пунктов,Учтенный,"Республика Татарстан, Лаишевский муниципальный район, Кирбинское сельское поселение",Частная,для индивидуального жилищного строительства,ИЖС,0,нет,16:24:110301,1588369.0,635.35,,,,,нет,да,нет,нет,нет,да,нет,да,55.5683508972823,49.29469584283595
16:24:110301:1132,1874.0,Земли населенных пунктов,Учтенный,"Республика Татарстан, Лаишевский муниципальный район, Кирбинское сельское поселение",Частная,для индивидуального жилищного строительства,ИЖС,0,нет,16:24:110301,1161857.7,619.99,,,,,нет,да,нет,нет,нет,да,нет,да,55.570480576991166,49.295726065067235
16:24:110301:1137,1926.0,Земли населенных пунктов,Учтенный,"Республика Татарстан, Лаишевский муниципальный район, Кирбинское сельское поселение",Частная,для индивидуального жилищного строительства,ИЖС,0,нет,16:24:110301,1163368.52,604.03,,,,,нет,да,нет,нет,нет,да,нет,да,55.570347823619414,49.29499846893299
16:24:110301:1126,2088.0,Земли населенных пунктов,Учтенный,"Республика Татарстан, Лаишевский муниципальный район, Кирбинское сельское поселение",Частная,для индивидуального жилищного строительства,ИЖС,0,нет,16:24:110301,1316547.89,630.53,,,,,нет,да,нет,нет,нет,да,нет,да,55.57068533845057,49.296213659800024
16:24:110301:1218,1645.0,Земли населенных пунктов,Учтенный,"Республика Татарстан, Лаишевский муниципальный район, Кирбинское сельское поселение",Частная,для индивидуального жилищного строительства,ИЖС,0,нет,16:24:110301,909719.71,553.02,,,,,нет,да,нет,нет,нет,да,нет,да,55.56719372017066,49.288051948540115
16:24:110301:1244,1000.0,Земли населенных пунктов,Учтенный,"Республика Татарстан, Лаишевский муниципальный район, Кирбинское сельское поселение",Частная,для индивидуального жилищного строительства,ИЖС,0,нет,16:24:110301,667160.2,667.16,,,,,нет,да,нет,нет,нет,да,нет,да,55.57440355178089,49.30185794739904
16:24:110301:1174,1419.0,Земли населенных пунктов,Учтенный,"Республика Татарстан, Лаишевский муниципальный район, Кирбинское сельское поселение",Частная,для индивидуального жилищного строительства,ИЖС,0,нет,16:24:110301,834701.49,588.23,,,,,нет,да,нет,нет,нет,да,нет,да,55.568720903385405,49.29188590592397
16:24:110301:1159,1088.0,Земли населенных пунктов,Учтенный,"Республика Татарстан, Лаишевский муниципальный район, Кирбинское сельское поселение",Частная,для индивидуального жилищного строительства,ИЖС,0,нет,16:24:110301,626962.39,576.25,,,,,нет,да,нет,нет,нет,да,нет,да,55.569494299707856,49.29135821183908
16:24:110301:1299,2498.0,Земли населенных пунктов,Учтенный,"Республика Татарстан, Лаишевский муниципальный район, Кирбинское сельское поселение",Частная,для индивидуального жилищного строительства,ИЖС,0,нет,16:24:110301,1726668.56,691.22,,,,,нет,да,нет,нет,нет,да,нет,да,55.57382317350902,49.302300820248256
16:24:110301:1284,1208.0,Земли населенных пунктов,Учтенный,"Республика Татарстан, Лаишевский муниципальный район, Кирбинское сельское поселение",Частная,для индивидуального жилищного строительства,ИЖС,0,нет,16:24:110301,689315.12,570.63,,,,,нет,да,нет,нет,нет,да,нет,да,55.565717510958095,49.290289693508015
16:24:110301:1425,1000.0,Земли населенных пунктов,Учтенный,"Республика Татарстан, Лаишевский муниципальный район, Кирбинское сельское поселение",Частная,для индивидуального жилищного строительства,ИЖС,0,нет,16:24:110301,638496.8,638.5,,,,,нет,да,нет,нет,нет,да,нет,да,55.57176451788489,49.29760750126978
16:24:110301:1396,1075.0,Земли населенных пунктов,Учтенный,"Республика Татарстан, Лаишевский муниципальный район, Кирбинское сельское поселение",Частная,для индивидуального жилищного строительства,ИЖС,0,нет,16:24:110301,712295.54,662.6,,,,,нет,да,нет,нет,нет,да,нет,да,55.57283016408042,49.30020795133321
16:24:110301:1434,2499.0,Земли населенных пунктов,Учтенный,"Республика Татарстан, Лаишевский муниципальный район, Кирбинское сельское поселение",Частная,для индивидуального жилищного строительства,ИЖС,0,нет,16:24:110301,1584456.71,634.04,,,,,нет,да,нет,нет,нет,да,нет,да,55.57156240570183,49.297243559338725
16:24:110301:1194,2112.0,Земли населенных пунктов,Учтенный,"Республика Татарстан, Лаишевский муниципальный район, Кирбинское сельское поселение",Частная,для индивидуального жилищного строительства,ИЖС,0,нет,16:24:110301,1328475.03,629.01,,,,,нет,да,нет,нет,нет,да,нет,да,55.56896997254493,49.294929739183
16:24:110301:1370,1000.0,Земли населенных пунктов,Учтенный,"Республика Татарстан, Лаишевский муниципальный район, Кирбинское сельское поселение",Частная,для индивидуального жилищного строительства,ИЖС,0,нет,16:24:110301,649318.2,649.32,,,,,нет,да,нет,нет,нет,да,нет,да,55.57405740664823,49.30048139250683
16:24:110301:1118,1000.0,Земли населенных пунктов,Учтенный,"Республика Татарстан, Лаишевский муниципальный район, Кирбинское сельское поселение",Частная,для индивидуального жилищного строительства,ИЖС,0,нет,16:24:110301,637168.3,637.17,,,,,нет,да,нет,нет,нет,да,нет,да,55.57096060542493,49.29696579313675
16:24:110301:1131,2009.0,Земли населенных пунктов,Учтенный,"Республика Татарстан, Лаишевский муниципальный район, Кирбинское сельское поселение",Частная,для индивидуального жилищного строительства,ИЖС,0,нет,16:24:110301,1252835.91,623.61,,,,,нет,да,нет,нет,нет,да,нет,да,55.570144090947196,49.29527246257945
16:24:110301:1157,1063.0,Земли населенных пунктов,Учтенный,"Республика Татарстан, Лаишевский муниципальный район, Кирбинское сельское поселение",Частная,для индивидуального жилищного строительства,ИЖС,0,нет,16:24:110301,604263.09,568.45,,,,,нет,да,нет,нет,нет,да,нет,да,55.56918176661819,49.290775359289135
16:24:110301:1151,1706.0,Земли населенных пунктов,Учтенный,"Республика Татарстан, Лаишевский муниципальный район, Кирбинское сельское поселение",Частная,для индивидуального жилищного строительства,ИЖС,0,нет,16:24:110301,965839.79,566.14,,,,,нет,да,нет,нет,нет,да,нет,да,55.56823225253266,49.289484566480674
16:24:110301:1124,1000.0,Земли населенных пунктов,Учтенный,"Республика Татарстан, Лаишевский муниципальный район, Кирбинское сельское поселение",Частная,для индивидуального жилищного строительства,ИЖС,0,нет,16:24:110301,677727.1,677.73,,,,,нет,да,нет,нет,нет,да,нет,да,55.5709416002689,49.298022971545116
16:24:110301:1181,1000.0,Земли населенных пунктов,Учтенный,"Республика Татарстан, Лаишевский муниципальный район, Кирбинское сельское поселение",Частная,для индивидуального жилищного строительства,ИЖС,0,нет,16:24:110301,600348.1,600.35,,,,,нет,да,нет,нет,нет,да,нет,да,55.5691722262557,49.29287138269039
16:24:110301:1252,1202.0,Земли населенных пунктов,Учтенный,"Республика Татарстан, Лаишевский муниципальный район, Кирбинское сельское поселение",Частная,для индивидуального жилищного строительства,ИЖС,0,нет,16:24:110301,675434.09,561.93,,,,,нет,да,нет,нет,нет,да,нет,да,55.566471203351135,49.28855885603539
16:24:110301:1266,1000.0,Земли населенных пунктов,Учтенный,"Республика Татарстан, Лаишевский муниципальный район, Кирбинское сельское поселение",Частная,для индивидуального жилищного строительства,ИЖС,0,нет,16:24:110301,688916.3,688.92,,,,,нет,да,нет,нет,нет,да,нет,да,55.57419830196119,49.30201873190092
16:24:110301:1267,2500.0,Земли населенных пунктов,Учтенный,"Республика Татарстан, Лаишевский муниципальный район, Кирбинское сельское поселение",Частная,для индивидуального жилищного строительства,ИЖС,0,нет,16:24:110301,1342576.0,537.03,,,,,нет,да,нет,нет,нет,да,нет,да,55.56663082398924,49.2902968019315
16:24:110301:1378,1451.0,Земли населенных пунктов,Учтенный,"Республика Татарстан, Лаишевский муниципальный район, Кирбинское сельское поселение",Частная,для индивидуального жилищного строительства,ИЖС,0,нет,16:24:110301,990590.59,682.7,,,,,нет,да,нет,нет,нет,да,нет,да,55.57352636318537,49.30154493452377
16:24:110301:1291,1000.0,Земли населенных пунктов,Учтенный,"Республика Татарстан, Лаишевский муниципальный район, Кирбинское сельское поселение",Частная,для индивидуального жилищного строительства,ИЖС,0,нет,16:24:110301,611617.9,611.62,,,,,нет,да,нет,нет,нет,да,нет,да,55.566862103193664,49.29201135826539
16:24:110301:1312,2500.0,Земли населенных пунктов,Учтенный,"Республика Татарстан, Лаишевский муниципальный район, Кирбинское сельское поселение",Частная,для индивидуального жилищного строительства,ИЖС,0,нет,16:24:110301,1348937.25,539.57,,,,,нет,да,нет,нет,нет,да,нет,да,55.565061669757846,49.28612438779809
16:24:110301:1316,1000.0,Земли населенных пунктов,Учтенный,"Республика Татарстан, Лаишевский муниципальный район, Кирбинское сельское поселение",Частная,для индивидуального жилищного строительства,ИЖС,0,нет,16:24:110301,531792.3,531.79,,,,,нет,да,нет,нет,нет,да,нет,да,55.56423759758625,49.28544403103641
16:24:110301:1421,1000.0,Земли населенных пунктов,Учтенный,"Республика Татарстан, Лаишевский муниципальный район, Кирбинское сельское поселение",Частная,для индивидуального жилищного строительства,ИЖС,0,нет,16:24:110301,617362.3,617.36,,,,,нет,да,нет,нет,нет,да,нет,да,55.57204764348129,49.29699215379626
16:24:110302:3249,1000.0,Земли населенных пунктов,Учтенный,"Российская Федерация, Республика Татарстан, Лаишевский муниципальный район, Кирбинское сельское поселение, с Кирби",Частная,Для индивидуального жилищного строительства,ИЖС,0,нет,16:24:110302,730089.8,730.09,,,,,нет,да,нет,нет,нет,да,нет,да,55.55569446132648,49.31002732104263
16:24:110302:3254,1000.0,Земли населенных пунктов,Учтенный,"Российская Федерация, Республика Татарстан, Лаишевский муниципальный район, Кирбинское сельское поселение, с Кирби",Частная,Для индивидуального жилищного строительства,ИЖС,0,нет,16:24:110302,729393.2,729.39,,,,,нет,да,нет,нет,нет,да,нет,да,55.55539846803702,49.30977583644972
16:24:110302:3268,1000.0,Земли населенных пунктов,Учтенный,"Российская Федерация, Республика Татарстан, Лаишевский муниципальный район, Кирбинское сельское поселение, с Кирби",Частная,Для индивидуального жилищного строительства,ИЖС,0,нет,16:24:110302,636808.2,636.81,,,,,нет,да,нет,нет,нет,да,нет,да,55.55540970440326,49.29817749127458
16:24:110302:3295,1000.0,Земли населенных пунктов,Учтенный,"Российская Федерация, Республика Татарстан, Лаишевский муниципальный район, Кирбинское сельское поселение, с Кирби",Частная,Для индивидуального жилищного строительства,ИЖС,0,нет,16:24:110302,751234.1,751.23,,,,,нет,да,нет,нет,нет,да,нет,да,55.55605284482817,49.317433247386596
16:24:110302:3287,1000.0,Земли населенных пунктов,Учтенный,"Российская Федерация, Республика Татарстан, Лаишевский муниципальный район, Кирбинское сельское поселение, с Кирби",Частная,Для индивидуального жилищного строительства,ИЖС,0,нет,16:24:110302,748947.9,748.95,,,,,нет,да,нет,нет,нет,да,нет,да,55.555732650453265,49.31685509917696
16:24:110302:3294,1139.0,Земли населенных пунктов,Учтенный,"Российская Федерация, Республика Татарстан, Лаишевский муниципальный район, Кирбинское сельское поселение, с Кирби",Частная,Для индивидуального жилищного строительства,ИЖС,0,нет,16:24:110302,855386.04,751.0,,,,,нет,да,нет,нет,нет,да,нет,да,55.55610290803195,49.316569809545285
16:24:110302:3286,1000.0,Земли населенных пунктов,Учтенный,"Российская Федерация, Республика Татарстан, Лаишевский муниципальный район, Кирбинское сельское поселение, с Кирби",Частная,Для индивидуального жилищного строительства,ИЖС,0,нет,16:24:110302,811443.9,811.44,,,,,нет,да,нет,нет,нет,да,нет,да,55.55613725084802,49.314543525920406
16:24:110302:3278,1003.0,Земли населенных пунктов,Учтенный,"Российская Федерация, Республика Татарстан, Лаишевский муниципальный район, Кирбинское сельское поселение, с Кирби",Частная,Для индивидуального жилищного строительства,ИЖС,0,нет,16:24:110302,800479.36,798.09,,,,,нет,да,нет,нет,нет,да,нет,да,55.55579471069786,49.313791641725935
16:24:110302:3299,1006.0,Земли населенных пунктов,Учтенный,"Российская Федерация, Республика Татарстан, Лаишевский муниципальный район, Кирбинское сельское поселение",Частная,Для индивидуального жилищного строительства,ИЖС,0,нет,16:24:110302,723911.06,719.59,,,,,нет,да,нет,нет,нет,да,нет,да,55.5548511987639,49.31067311797389
16:24:110302:3316,4554.0,Земли населенных пунктов,Учтенный,"Республика Татарстан, Лаишевский муниципальный район, Кирбинское сельское поселение, село Кирби",Государственная федеральная,Земельные участки (территории) общего пользования,ОГП,0,нет,16:24:110302,2345095.05,514.95,,,,,да,нет,нет,нет,нет,нет,да,да,55.55250359091679,49.2940189833654
16:24:110302:3321,1026.0,Земли населенных пунктов,Учтенный,"Российская Федерация, Республика Татарстан, Лаишевский муниципальный район, Кирбинское сельское поселение, с Кирби",Частная,Для индивидуального жилищного строительства,ИЖС,0,нет,16:24:110302,629842.32,613.88,,,,,нет,да,нет,нет,нет,да,нет,да,55.55386958573705,49.303157939748544
16:24:110302:3355,1138.0,Земли населенных пунктов,Учтенный,"Российская Федерация, Республика Татарстан, Лаишевский муниципальный район, Кирбинское сельское поселение, с Кирби",Частная,Для индивидуального жилищного строительства,ИЖС,0,нет,16:24:110302,888781.41,781.0,,,,,нет,да,нет,нет,нет,да,нет,да,55.55673832492183,49.31421501746913
16:24:110302:3354,1146.0,Земли населенных пунктов,Учтенный,"Российская Федерация, Республика Татарстан, Лаишевский муниципальный район, Кирбинское сельское поселение, с Кирби",Частная,Для индивидуального жилищного строительства,ИЖС,0,нет,16:24:110302,894928.02,780.91,,,,,нет,да,нет,нет,нет,да,нет,да,55.55664329102628,49.31390913341024
16:24:110302:3358,1077.0,Земли населенных пунктов,Учтенный,"Российская Федерация, Республика Татарстан, Лаишевский муниципальный район, Кирбинское сельское поселение, с Кирби",Частная,Для индивидуального жилищного строительства,ИЖС,0,нет,16:24:110302,830996.08,771.58,,,,,нет,да,нет,нет,нет,да,нет,да,55.5567057751641,49.31524678110598
16:24:110302:3362,1000.0,Земли населенных пунктов,Учтенный,"Республика Татарстан, Лаишевский муниципальный район, Кирбинское сельское поселение, с Кирби",Частная,Для индивидуального жилищного строительства,ИЖС,0,нет,16:24:110302,616619.1,616.62,,,,,нет,да,нет,нет,нет,да,нет,да,55.55360882699381,49.29951980945917
16:24:110302:3364,1000.0,Земли населенных пунктов,Учтенный,"Республика Татарстан, Лаишевский муниципальный район, Кирбинское сельское поселение, с Кирби",Частная,Для индивидуального жилищного строительства,ИЖС,0,нет,16:24:110302,614636.7,614.64,,,,,нет,да,нет,нет,нет,да,нет,да,55.55367980796239,49.300196770872276
16:24:110302:3390,1000.0,Земли населенных пунктов,Учтенный,"Российская Федерация, Республика Татарстан, Лаишевский муниципальный район, Кирбинское сельское поселение, с Кирби",Частная,Для индивидуального жилищного строительства,ИЖС,0,нет,16:24:110302,625372.4,625.37,,,,,нет,да,нет,нет,нет,да,нет,да,55.55593187485267,49.301557531243326
16:24:110302:3382,1582.0,Земли населенных пунктов,Учтенный,"Российская Федерация, Республика Татарстан, Лаишевский муниципальный район, Кирбинское сельское поселение, с Кирби",Частная,Для индивидуального жилищного строительства,ИЖС,0,нет,16:24:110302,999321.08,631.68,,,,,нет,да,нет,нет,нет,да,нет,да,55.5559140467069,49.30366295463964
16:24:110102:779,1596.0,Земли населенных пунктов,Учтенный,"Российская Федерация, Республика Татарстан, Лаишевский муниципальный район, Кирбинское сельское поселение, с Кирби, ул. Юности, з/у 21",Частная,Для индивидуального жилищного строительства,ИЖС,0,нет,16:24:110102,1378451.31,863.69,,,,,нет,да,нет,нет,нет,да,нет,да,55.562109083072386,49.30745111467767
16:24:110301:1445,30930.0,Земли сельскохозяйственного назначения,Учтенный,"Российская Федерация, Республика Татарстан, Лаишевский муниципальный район, Кирбинское сельское поселение",Муниципальная,Для сельскохозяйственного производства,СХ,0,нет,16:24:110301,95527.3,3.09,,,,,да,нет,нет,нет,нет,нет,нет,нет,55.57184792171306,49.3066123941773
16:24:110102:782,1000.0,Земли населенных пунктов,Учтенный,"Российская Федерация, Республика Татарстан, Лаишевский муниципальный район, Кирбинское сельское поселение, с Кирби, ул. Чапаева",Частная,Для ведения личного подсобного хозяйства,ЛПХ,0,нет,16:24:110102,903787.7,903.79,,,,,нет,нет,нет,нет,да,да,нет,да,55.56392821468606,49.313238785777195
16:24:110106:451,1100.0,Земли населенных пунктов,Учтенный,"Российская Федерация, Республика Татарстан, Лаишевский муниципальный район, Кирбинское сельское поселение, с Кирби, ул. Пионерская",Частная,Для ведения личного подсобного хозяйства,ЛПХ,0,нет,16:24:110106,898850.81,817.14,,,,,нет,нет,нет,нет,да,да,нет,да,55.55849517042244,49.312275895483324
16:24:110102:793,1113.0,Земли населенных пунктов,Учтенный,"Российская Федерация, Республика Татарстан, Лаишевский муниципальный район, Кирбинское сельское поселение, с Кирби, ул. Юности, з/у 9б",Частная,Для личного подсобного хозяйства,ЛПХ,0,нет,16:24:110102,1013734.76,910.81,,,,,нет,нет,нет,нет,да,да,нет,да,55.56280267038487,49.30928428751961
16:24:110101:156,700.0,Земли населенных пунктов,Учтенный,"Местоположение установлено относительно ориентира, расположенного в границах участка. Почтовый адрес ориентира: Российская Федерация, Республика Татарстан (Татарстан), м.р-н Лаишевский, с.п. Кирбинское, с Кирби, ул Молодежная, з/у 14е.",,для ведения личного подсобного хозяйства,ЛПХ,0,нет,16:24:110101,672931.77,961.33,,,,,да,нет,нет,нет,да,да,нет,да,55.566439417317234,49.31721489408197
16:24:110302:26,,,Ранее учтенный,"Российская Федерация, Республика Татарстан (Татарстан), м.р-н Лаишевский, с.п. Кирбинское, кв-л 302, з/у 26",,,ДРУГОЕ,0,нет,16:24:110302,0.0,0.0,,,,,да,нет,нет,нет,нет,нет,нет,нет,55.54811752008013,49.34157253935191
16:24:110105:468,1377.0,Земли населенных пунктов,Учтенный,"Республика Татарстан, Лаишевский муниципальный район, Кирбинское сельское поселение, с Кирби",Частная,Ведение подсобного хозяйства,ДРУГОЕ,0,нет,16:24:110105,1093231.83,793.9229,,,,,нет,нет,нет,нет,нет,нет,нет,да,55.55888077038682,49.31859207087817
16:24:110103:53,,Земли населенных пунктов,Ранее учтенный,"Местоположение установлено относительно ориентира, расположенного в границах участка. Почтовый адрес ориентира: Российская Федерация, Республика Татарстан (Татарстан), м.р-н Лаишевский, с.п. Кирбинское, с Кирби, ул Ленина, з/у 12.",,Для ведения личного подсобного хозяйства,ЛПХ,0,нет,16:24:110103,1413572.82,840.41,,,,,да,нет,нет,нет,да,да,нет,да,55.56133386375359,49.318721734199464
16:24:110101:41,,Земли населенных пунктов,Ранее учтенный,"Местоположение установлено относительно ориентира, расположенного в границах участка. Почтовый адрес ориентира: Российская Федерация, Республика Татарстан (Татарстан), м.р-н Лаишевский, с.п. Кирбинское, с Кирби, ул Чапаева, з/у 6.",Частная,Ведение личного подсобного хозяйства,ЛПХ,0,нет,16:24:110101,2708564.43,917.8463,,,,,нет,нет,нет,нет,да,да,нет,да,55.56423930711188,49.321513559249304
16:24:110101:39,3239.0,Земли населенных пунктов,Ранее учтенный,"Российская Федерация, Республика Татарстан (Татарстан), м.р-н Лаишевский, с.п. Кирбинское, с Кирби, ул Чапаева, з/у 10",Частная,Ведение личного подсобного хозяйства,ЛПХ,0,нет,16:24:110101,2949623.53,910.6587,,,,,нет,нет,нет,нет,да,да,нет,да,55.56416635902309,49.320635335538384
16:24:110102:435,180.0,Земли населенных пунктов,Учтенный,"Местоположение установлено относительно ориентира, расположенного в границах участка. Почтовый адрес ориентира: Республика Татарстан, Лаишевский муниципальный район, Кирбинское сельское поселение, с Кирби.",Частная,Магазины,ДРУГОЕ,0,нет,16:24:110102,161483.98,897.1332,,,,,нет,нет,нет,нет,нет,нет,нет,да,55.55916649080454,49.30869724102147
16:24:110103:396,1327.0,Земли населенных пунктов,Учтенный,"Местоположение установлено относительно ориентира, расположенного в границах участка. Почтовый адрес ориентира: Российская Федерация, Республика Татарстан (Татарстан), м.р-н Лаишевский, с.п. Кирбинское, с Кирби, ул Ленина, з/у 10.",Частная,для ведения личного подсобного хозяйства,ЛПХ,0,нет,16:24:110103,1134212.38,854.7192,,,,,нет,нет,нет,нет,да,да,нет,да,55.56136036750276,49.31923115974898
16:24:110102:32,3756.0,Земли населенных пунктов,Ранее учтенный,"Местоположение установлено относительно ориентира, расположенного в границах участка. Почтовый адрес ориентира: Российская Федерация, Республика Татарстан (Татарстан), м.р-н Лаишевский, с.п. Кирбинское, с Кирби, ул Гвардейская, з/у 23.",,Для ведения личного подсобного хозяйства,ЛПХ,0,нет,16:24:110102,3326086.36,885.5395,,,,,да,нет,нет,нет,да,да,нет,да,55.56124031471916,49.311103984471636
16:24:110102:223,1000.0,Земли населенных пунктов,Учтенный,"Местоположение установлено относительно ориентира, расположенного в границах участка. Почтовый адрес ориентира: Российская Федерация, Республика Татарстан (Татарстан), м.р-н Лаишевский, с.п. Кирбинское, с Кирби, ул Гвардейская, з/у 19А.",Частная,Для ведения личного подсобного хозяйства,ЛПХ,0,нет,16:24:110102,891881.3,891.8813,,,,,нет,нет,нет,нет,да,да,нет,да,55.56091699931885,49.3094634849716
16:24:110302:302,54300.0,Земли сельскохозяйственного назначения,Учтенный,"Местоположение установлено относительно ориентира, расположенного в границах участка. Почтовый адрес ориентира: Российская Федерация, Республика Татарстан (Татарстан), м.р-н Лаишевский, с.п. Кирбинское, кв-л 302, з/у 302.",Частная,для сельскохозяйственного производства,СХ,0,нет,16:24:110302,120404.82,2.2174,,,,,нет,нет,нет,нет,нет,нет,нет,нет,55.554392834929864,49.31440736734726
16:24:110106:30,,Земли населенных пунктов,Ранее учтенный,"Местоположение установлено относительно ориентира, расположенного в границах участка. Почтовый адрес ориентира: Российская Федерация, Республика Татарстан (Татарстан), м.р-н Лаишевский, с.п. Кирбинское, с Кирби, ул Овражная, з/у 3А.",,Для ведения личного подсобного хозяйства,ЛПХ,0,нет,16:24:110106,1894940.02,826.4,,,,,да,нет,нет,нет,да,да,нет,да,55.55748420660801,49.30612101389015
16:24:110103:15,,Земли населенных пунктов,Ранее учтенный,"Местоположение установлено относительно ориентира, расположенного в границах участка. Почтовый адрес ориентира: Российская Федерация, Республика Татарстан (Татарстан), м.р-н Лаишевский, с.п. Кирбинское, с Кирби, ул Отрадная, з/у 3.",Частная,Для ведения личного подсобного хозяйства,ЛПХ,0,нет,16:24:110103,1537743.78,857.16,,,,,нет,нет,нет,нет,да,да,нет,да,55.56260154669094,49.31609524393619
16:24:110102:689,700.0,Земли населенных пунктов,Учтенный,"Российская Федерация, Республика Татарстан (Татарстан), м.р-н Лаишевский, с.п. Кирбинское, с Кирби, ул Пионерская, з/у 5А",Частная,для ведения личного подсобного хозяйства,ЛПХ,0,нет,16:24:110102,579931.73,828.4739,,,,,нет,нет,нет,нет,да,да,нет,да,55.55943112933835,49.31217489959519
16:24:110105:45,2408.0,Земли населенных пунктов,Ранее учтенный,"Местоположение установлено относительно ориентира, расположенного в границах участка. Почтовый адрес ориентира: Российская Федерация, Республика Татарстан (Татарстан), м.р-н Лаишевский, с.п. Кирбинское, с Кирби, ул Татарстан, з/у 23.",Частная,Ведение личного подсобного хозяйства,ЛПХ,0,нет,16:24:110105,1925494.83,799.6241,,,,,нет,нет,нет,нет,да,да,нет,да,55.55868815508567,49.314715255968096
16:24:110101:213,934.0,Земли населенных пунктов,Учтенный,"Местоположение установлено относительно ориентира, расположенного в границах участка. Почтовый адрес ориентира: Российская Федерация, Республика Татарстан (Татарстан), м.р-н Лаишевский, с.п. Кирбинское, с Кирби, ул Молодежная, з/у 18Б.",Частная,для ведения личного подсобного хозяйства,ЛПХ,0,нет,16:24:110101,861004.72,921.85,,,,,нет,нет,нет,нет,да,да,нет,да,55.56555845312861,49.31374949646618
16:24:110101:209,1000.0,Земли населенных пунктов,Учтенный,"Местоположение установлено относительно ориентира, расположенного в границах участка. Почтовый адрес ориентира: Российская Федерация, Республика Татарстан (Татарстан), м.р-н Лаишевский, с.п. Кирбинское, с Кирби, ул Молодежная, з/у 13Г.",Частная,"Магазины,Бытовое обслуживание",ДРУГОЕ,0,нет,16:24:110101,930353.7,930.35,,,,,нет,нет,нет,нет,нет,нет,нет,да,55.566310363248576,49.3181297142713
16:24:110103:22,1800.0,Земли населенных пунктов,Ранее учтенный,"Местоположение установлено относительно ориентира, расположенного в границах участка. Почтовый адрес ориентира: Российская Федерация, Республика Татарстан (Татарстан), м.р-н Лаишевский, с.п. Кирбинское, с Кирби, ул Ленина, з/у 23.",Частная,Для ведения личного подсобного хозяйства,ЛПХ,0,нет,16:24:110103,1524619.8,847.011,,,,,нет,нет,нет,нет,да,да,нет,да,55.56221702925652,49.31683876224023
16:24:110103:28,3147.0,Земли населенных пунктов,Ранее учтенный,"Местоположение установлено относительно ориентира, расположенного в границах участка. Почтовый адрес ориентира: Российская Федерация, Республика Татарстан (Татарстан), м.р-н Лаишевский, с.п. Кирбинское, с Кирби, ул Гарая, з/у 2.",Частная,Ведение личного подсобного хозяйства,ЛПХ,0,нет,16:24:110103,2789756.65,886.4813,,,,,нет,нет,нет,нет,да,да,нет,да,55.56281279465065,49.32013183582709
16:24:110104:40,2366.0,Земли населенных пунктов,Ранее учтенный,"Местоположение установлено относительно ориентира, расположенного в границах участка. Почтовый адрес ориентира: Российская Федерация, Республика Татарстан (Татарстан), м.р-н Лаишевский, с.п. Кирбинское, с Кирби, ул Лесная, з/у 2.",,Ведение личного подсобного хозяйства,ЛПХ,0,нет,16:24:110104,1888504.53,798.18,,,,,да,нет,нет,нет,да,да,нет,да,55.5583794346456,49.32378062825525
16:24:110105:138,350.0,Земли населенных пунктов,Учтенный,"Местоположение установлено относительно ориентира, расположенного в границах участка. Почтовый адрес ориентира: Российская Федерация, Республика Татарстан (Татарстан), м.р-н Лаишевский, с.п. Кирбинское, с Кирби, ул Горького, з/у 7А.",Государственная субъекта РФ,Под размещение фельдшерско-акушерского пункта,ДРУГОЕ,0,нет,16:24:110105,104434.86,298.3853,,,,,да,нет,нет,нет,нет,нет,нет,да,55.559782395413016,49.32230813677403
16:24:110103:63,1500.0,Земли населенных пунктов,Ранее учтенный,"Местоположение установлено относительно ориентира, расположенного в границах участка. Почтовый адрес ориентира: Российская Федерация, Республика Татарстан (Татарстан), м.р-н Лаишевский, с.п. Кирбинское, с Кирби, ул Школьная, з/у 22.",Частная,Для личного подсобного хозяйства,ЛПХ,0,нет,16:24:110103,1224418.65,816.2791,,,,,нет,нет,нет,нет,да,да,нет,да,55.56074363694517,49.31671410432334
16:24:110101:131,2000.0,Земли населенных пунктов,Учтенный,"Местоположение установлено относительно ориентира, расположенного в границах участка. Почтовый адрес ориентира: Российская Федерация, Республика Татарстан (Татарстан), м.р-н Лаишевский, с.п. Кирбинское, с Кирби, ул Молодежная, з/у 4В.",,Для ведения личного подсобного хозяйства,ЛПХ,0,нет,16:24:110101,1904251.2,952.1256,,,,,да,нет,нет,нет,да,да,нет,да,55.56580056522522,49.32183428246974
16:24:000000:5710,600.0,Земли населенных пунктов,Учтенный,"Местоположение установлено относительно ориентира, расположенного в границах участка. Почтовый адрес ориентира: Республика Татарстан, Лаишевский муниципальный район, Кирбинское сельское поселение, с Кирби.",Частная,Для индивидуального жилищного строительства,ИЖС,0,нет,16:24:000000,551227.86,918.7131,,,,,нет,да,нет,нет,нет,да,нет,да,55.56598917845183,49.30910311486299
16:24:110106:31,3245.0,Земли населенных пунктов,Ранее учтенный,"Местоположение установлено относительно ориентира, расположенного в границах участка. Ориентир жилой дом. Почтовый адрес ориентира: Российская Федерация, Республика Татарстан (Татарстан), м.р-н Лаишевский, с.п. Кирбинское, с Кирби, ул Овражная, з/у 1.",,Ведение личного подсобного хозяйства,ЛПХ,0,нет,16:24:110106,2587695.4,797.4408,,,,,да,нет,нет,нет,да,да,нет,да,55.55718490042799,49.30619633879069
16:24:110101:199,1400.0,Земли населенных пунктов,Учтенный,"Местоположение установлено относительно ориентира, расположенного в границах участка. Почтовый адрес ориентира: Российская Федерация, Республика Татарстан (Татарстан), м.р-н Лаишевский, с.п. Кирбинское, с Кирби, ул Молодежная, з/у 5Б.",Частная,Для ведения личного подсобного хозяйства,ЛПХ,0,нет,16:24:110101,1312880.1,937.7715,,,,,нет,нет,нет,нет,да,да,нет,да,55.5655192335574,49.32131265148489
16:24:110101:233,800.0,Земли населенных пунктов,Учтенный,"Местоположение установлено относительно ориентира, расположенного в границах участка. Почтовый адрес ориентира: Республика Татарстан, Лаишевский муниципальный район, Кирбинское сельское поселение, с Кирби, ул. Молодежная.",Частная,для ведения личного подсобного хозяйства,ЛПХ,0,нет,16:24:110101,763273.52,954.0919,,,,,нет,нет,нет,нет,да,да,нет,да,55.56603411106422,49.316001127012086
16:24:110101:196,800.0,Земли населенных пунктов,Учтенный,"Местоположение установлено относительно ориентира, расположенного в границах участка. Почтовый адрес ориентира: Российская Федерация, Республика Татарстан (Татарстан), м.р-н Лаишевский, с.п. Кирбинское, с Кирби, ул Молодежная, з/у 12Б.",Частная,ведение личного подсобного хозяйства,ЛПХ,0,нет,16:24:110101,767157.28,958.9466,,,,,нет,нет,нет,нет,да,да,нет,да,55.566385108796794,49.318579586400375
16:24:110104:136,1003.0,Земли населенных пунктов,Учтенный,"Местоположение установлено относительно ориентира, расположенного в границах участка. Почтовый адрес ориентира: Российская Федерация, Республика Татарстан (Татарстан), м.р-н Лаишевский, с.п. Кирбинское, с Кирби, ул Речная, з/у 7.",,Ведение личного подсобного хозяйства,ЛПХ,0,нет,16:24:110104,795193.55,792.8151,,,,,да,нет,нет,нет,да,да,нет,да,55.55907846750716,49.325825668526925
16:24:110101:214,800.0,Земли населенных пунктов,Учтенный,"Местоположение установлено относительно ориентира, расположенного в границах участка. Почтовый адрес ориентира: Российская Федерация, Республика Татарстан (Татарстан), м.р-н Лаишевский, с.п. Кирбинское, с Кирби, ул Молодежная, з/у 18В.",Частная,для ведения личного подсобного хозяйства,ЛПХ,0,нет,16:24:110101,744962.72,931.2034,,,,,нет,нет,нет,нет,да,да,нет,да,55.56569572988325,49.313868472335564
16:24:110104:31,,Земли населенных пунктов,Ранее учтенный,"Местоположение установлено относительно ориентира, расположенного в границах участка. Почтовый адрес ориентира: Российская Федерация, Республика Татарстан (Татарстан), м.р-н Лаишевский, с.п. Кирбинское, с Кирби, ул Горького, з/у 10.",Частная,Для ведения личного подсобного хозяйства,ЛПХ,0,нет,16:24:110104,1439622.95,812.43,,,,,нет,нет,нет,нет,да,да,нет,да,55.55919200714436,49.32316383019058
16:24:110105:31,1882.0,Земли населенных пунктов,Ранее учтенный,"Российская Федерация, Республика Татарстан (Татарстан), м.р-н Лаишевский, с.п. Кирбинское, с Кирби, ул Татарстан, з/у 8",,Для ведения личного подсобного хозяйства,ЛПХ,0,нет,16:24:110105,1492321.36,792.94,,,,,да,нет,нет,нет,да,да,нет,да,55.55887444175456,49.31932722014833
16:24:110102:354,1000.0,Земли населенных пунктов,Учтенный,"Местоположение установлено относительно ориентира, расположенного в границах участка. Почтовый адрес ориентира: Российская Федерация, Республика Татарстан (Татарстан), м.р-н Лаишевский, с.п. Кирбинское, с Кирби, ул Счастливая, з/у 25.",Частная,для индивидуального жилищного строительства,ИЖС,0,нет,16:24:110102,812950.7,812.9507,,,,,нет,да,нет,нет,нет,да,нет,да,55.561913085671634,49.30366489874551
16:24:110105:64,834.0,Земли населенных пунктов,Ранее учтенный,"Местоположение установлено относительно ориентира, расположенного в границах участка. Почтовый адрес ориентира: Российская Федерация, Республика Татарстан (Татарстан), м.р-н Лаишевский, с.п. Кирбинское, с Кирби, ул Горького, з/у 5.",Частная,Для ведения личного подсобного хозяйства,ЛПХ,0,нет,16:24:110105,675217.16,809.6129,,,,,нет,нет,нет,нет,да,да,нет,да,55.559074797874885,49.322037437496384
16:24:110104:18,1685.0,Земли населенных пунктов,Ранее учтенный,"Местоположение установлено относительно ориентира, расположенного в границах участка. Почтовый адрес ориентира: Российская Федерация, Республика Татарстан (Татарстан), м.р-н Лаишевский, с.п. Кирбинское, с Кирби, ул Горького, з/у 20.",Частная,Для ведения личного подсобного хозяйства,ЛПХ,0,нет,16:24:110104,1414658.94,839.5602,,,,,нет,нет,нет,нет,да,да,нет,да,55.56041144421842,49.32352198053202
16:24:110103:18,2688.0,Земли населенных пунктов,Ранее учтенный,"Местоположение установлено относительно ориентира, расположенного в границах участка. Почтовый адрес ориентира: Российская Федерация, Республика Татарстан (Татарстан), м.р-н Лаишевский, с.п. Кирбинское, с Кирби, ул Отрадная, з/у 2.",,Для ведения личного подсобного хозяйства,ЛПХ,0,нет,16:24:110103,2304299.02,857.2541,,,,,да,нет,нет,нет,да,да,нет,да,55.562653637577455,49.3174391744995
16:24:110104:23,1795.0,Земли населенных пунктов,Ранее учтенный,"Местоположение установлено относительно ориентира, расположенного в границах участка. Почтовый адрес ориентира: Российская Федерация, Республика Татарстан (Татарстан), м.р-н Лаишевский, с.п. Кирбинское, с Кирби, ул Речная, з/у 2.",Частная,Для ведения личного подсобного хозяйства,ЛПХ,0,нет,16:24:110104,1469488.24,818.6564,,,,,нет,нет,нет,нет,да,да,нет,да,55.559801164322344,49.324123069581745
16:24:110103:65,1573.0,Земли населенных пунктов,Ранее учтенный,"Местоположение установлено относительно ориентира, расположенного в границах участка. Почтовый адрес ориентира: Российская Федерация, Республика Татарстан (Татарстан), м.р-н Лаишевский, с.п. Кирбинское, с Кирби, ул Школьная, з/у 18.",,Ведение  личного подсобного хозяйства,ЛПХ,0,нет,16:24:110103,1301944.73,827.6826,,,,,да,нет,нет,нет,да,да,нет,да,55.560844405805774,49.31765666752983
16:24:110103:24,1788.0,Земли населенных пунктов,Ранее учтенный,"Местоположение установлено относительно ориентира, расположенного в границах участка. Почтовый адрес ориентира: Российская Федерация, Республика Татарстан (Татарстан), м.р-н Лаишевский, с.п. Кирбинское, с Кирби, ул Ленина, з/у 19А.",Частная,Для ведения личного подсобного хозяйства,ЛПХ,0,нет,16:24:110103,1526725.82,853.8735,,,,,нет,нет,нет,нет,да,да,нет,да,55.562197202501295,49.317646548377574
16:24:110302:1379,24779.0,"Земли промышленности, энергетики, транспорта, связи, радиовещания, телевидения, информатики, земли для обеспечения космической деятельности, земли обороны, безопасности и земли иного специального назначения",Учтенный,"Местоположение установлено относительно ориентира, расположенного в границах участка. Почтовый адрес ориентира: Республика Татарстан, Лаишевский муниципальный район, Кирбинское сельское поселение	.",Государственная федеральная,Автомобильный транспорт,ТРАНСПОРТ,0,нет,16:24:110302,104769489.91,4228.1565,,,,,да,нет,нет,нет,нет,нет,нет,нет,55.55305226698775,49.29427757423896
16:24:110104:36,1932.0,Земли населенных пунктов,Ранее учтенный,"Местоположение установлено относительно ориентира, расположенного в границах участка. Почтовый адрес ориентира: Российская Федерация, Республика Татарстан (Татарстан), м.р-н Лаишевский, с.п. Кирбинское, с Кирби, ул Речная, з/у 1.",,Для ведения личного подсобного хозяйства,ЛПХ,0,нет,16:24:110104,1560612.03,807.77,,,,,да,нет,нет,нет,да,да,нет,да,55.559137020659705,49.323958922136256
16:24:110101:140,500.0,Земли населенных пунктов,Учтенный,"Местоположение установлено относительно ориентира, расположенного в границах участка. Почтовый адрес ориентира: Российская Федерация, Республика Татарстан (Татарстан), м.р-н Лаишевский, с.п. Кирбинское, с Кирби, ул Молодежная, з/у 14В.",Частная,для ведения личного подсобного хозяйства,ЛПХ,0,нет,16:24:110101,477496.45,954.9929,,,,,нет,нет,нет,нет,да,да,нет,да,55.56631050477807,49.31679370060787
16:24:110301:1015,111838.0,Земли населенных пунктов,Учтенный,"Местоположение установлено относительно ориентира, расположенного в границах участка. Почтовый адрес ориентира: Республика Татарстан, Лаишевский муниципальный район, Кирбинское сельское поселение.",Государственная субъекта РФ,для сельскохозяйственного производства,СХ,0,нет,16:24:110301,469719.6,4.2,,,,,да,нет,нет,нет,нет,нет,нет,да,55.558402950200644,49.289627555879285
16:24:110103:144,1000.0,Земли населенных пунктов,Учтенный,"Местоположение установлено относительно ориентира, расположенного в границах участка. Почтовый адрес ориентира: Российская Федерация, Республика Татарстан (Татарстан), м.р-н Лаишевский, с.п. Кирбинское, с Кирби, ул Школьная, з/у 4Б.",,Для ведения личного подсобного хозяйства,ЛПХ,0,нет,16:24:110103,839811.0,839.811,,,,,да,нет,нет,нет,да,да,нет,да,55.560148127445316,49.32132966403993
16:24:110103:50,1925.0,Земли населенных пунктов,Ранее учтенный,"Местоположение установлено относительно ориентира, расположенного в границах участка. Почтовый адрес ориентира: Российская Федерация, Республика Татарстан (Татарстан), м.р-н Лаишевский, с.п. Кирбинское, с Кирби, ул Ленина, з/у 18.",Частная,Для ведения личного подсобного хозяйства,ЛПХ,0,нет,16:24:110103,1607925.55,835.286,,,,,нет,нет,нет,нет,да,да,нет,да,55.561388996019964,49.31745719286203
16:24:110103:136,1198.0,Земли населенных пунктов,Учтенный,"Местоположение установлено относительно ориентира, расположенного в границах участка. Почтовый адрес ориентира: Российская Федерация, Республика Татарстан (Татарстан), м.р-н Лаишевский, с.п. Кирбинское, с Кирби, ул Отрадная, з/у 4А.",,Ведение личного подсобного хозяйства,ЛПХ,0,нет,16:24:110103,1040190.69,868.2727,,,,,да,нет,нет,нет,да,да,нет,да,55.56302618559853,49.31743235416142
16:24:110104:135,2100.0,Земли населенных пунктов,Учтенный,"Местоположение установлено относительно ориентира, расположенного в границах участка. Почтовый адрес ориентира: Российская Федерация, Республика Татарстан (Татарстан), м.р-н Лаишевский, с.п. Кирбинское, с Кирби, ул Речная, з/у 7А.",,Ведение личного подсобного хозяйства,ЛПХ,0,нет,16:24:110104,1651774.74,786.5594,,,,,да,нет,нет,нет,да,да,нет,да,55.55871591758952,49.32579086977777
16:24:110101:163,1718.0,Земли населенных пунктов,Учтенный,"Местоположение установлено относительно ориентира, расположенного в границах участка. Почтовый адрес ориентира: Российская Федерация, Республика Татарстан (Татарстан), м.р-н Лаишевский, с.п. Кирбинское, с Кирби, ул Молодежная, з/у 15.",Частная,для ведения личного подсобного хозяйства,ЛПХ,0,нет,16:24:110101,1609174.49,936.6557,,,,,нет,нет,нет,нет,да,да,нет,да,55.56578482655606,49.315932186465375
16:24:110105:148,1122.0,Земли населенных пунктов,Учтенный,"Местоположение установлено относительно ориентира, расположенного в границах участка. Почтовый адрес ориентира: Российская Федерация, Республика Татарстан (Татарстан), м.р-н Лаишевский, с.п. Кирбинское, с Кирби, ул Сельсоветская, з/у 2А.",Частная,Для ведения личного подсобного хозяйства,ЛПХ,0,нет,16:24:110105,877953.22,782.4895,,,,,нет,нет,нет,нет,да,да,нет,да,55.55777014424355,49.320169078618314
16:24:110102:258,1991.0,Земли населенных пунктов,Учтенный,"Местоположение установлено относительно ориентира, расположенного в границах участка. Почтовый адрес ориентира: Российская Федерация, Республика Татарстан (Татарстан), м.р-н Лаишевский, с.п. Кирбинское, с Кирби, ул Гвардейская, з/у 6.",,Личное подсобное хозяйство,ДРУГОЕ,0,нет,16:24:110102,1686324.44,846.9736,,,,,да,нет,нет,нет,нет,нет,нет,да,55.559784063547,49.31129995583556
16:24:110103:156,1334.0,Земли населенных пунктов,Учтенный,"Местоположение установлено относительно ориентира, расположенного в границах участка. Почтовый адрес ориентира: Российская Федерация, Республика Татарстан (Татарстан), м.р-н Лаишевский, с.п. Кирбинское, с Кирби, ул Чапаева, з/у 9.",Частная,для ведения личного подсобного хозяйства,ЛПХ,0,нет,16:24:110103,1176546.91,881.9692,,,,,нет,нет,нет,нет,да,да,нет,да,55.56349847237268,49.31866447601423
16:24:110104:373,1228.0,Земли населенных пунктов,Учтенный,"Российская Федерация, Республика Татарстан (Татарстан), м.р-н Лаишевский, с.п. Кирбинское, с Кирби, ул Болотная, з/у 14а",Частная,для ведения личного подсобного хозяйства,ЛПХ,0,нет,16:24:110104,929952.86,757.2906,,,,,нет,нет,нет,нет,да,да,нет,да,55.55681991801176,49.32527445121485
16:24:110101:10,3711.0,Земли населенных пунктов,Ранее учтенный,"Местоположение установлено относительно ориентира, расположенного в границах участка. Почтовый адрес ориентира: Российская Федерация, Республика Татарстан (Татарстан), м.р-н Лаишевский, с.п. Кирбинское, с Кирби, ул Молодежная, з/у 16.",,Ведение личного подсобного хозяйства,ЛПХ,0,нет,16:24:110101,3525511.6,950.0166,,,,,да,нет,нет,нет,да,да,нет,да,55.566309036150635,49.31534618499631
16:24:110101:37,3435.0,Земли населенных пунктов,Ранее учтенный,"Местоположение установлено относительно ориентира, расположенного в границах участка. Почтовый адрес ориентира: Российская Федерация, Республика Татарстан (Татарстан), м.р-н Лаишевский, с.п. Кирбинское, с Кирби, ул Чапаева, з/у 14.",,Для ведения личного подсобного хозяйства,ЛПХ,0,нет,16:24:110101,3101529.86,902.9199,,,,,да,нет,нет,нет,да,да,нет,да,55.56433573791832,49.31970145122228
16:24:110105:154,742.0,Земли населенных пунктов,Учтенный,"Российская Федерация, Республика Татарстан (Татарстан), м.р-н Лаишевский, с.п. Кирбинское, с Кирби, ул Школьная, з/у 15а",Частная,Для ведения личного подсобного хозяйства,ЛПХ,0,нет,16:24:110105,603357.15,813.1498,,,,,нет,нет,нет,нет,да,да,нет,да,55.56007793851095,49.317528791428614
16:24:110105:49,,Земли населенных пунктов,Ранее учтенный,"Местоположение установлено относительно ориентира, расположенного в границах участка. Почтовый адрес ориентира: Российская Федерация, Республика Татарстан (Татарстан), м.р-н Лаишевский, с.п. Кирбинское, с Кирби, ул Татарстан, з/у 15.",Частная,Для ведения личного подсобного хозяйства,ЛПХ,0,нет,16:24:110105,1249800.55,789.02,,,,,нет,нет,нет,нет,да,да,нет,да,55.558406754815266,49.316671426829295
16:24:110103:175,2159.0,Земли населенных пунктов,Учтенный,"Местоположение установлено относительно ориентира, расположенного в границах участка. Почтовый адрес ориентира: Российская Федерация, Республика Татарстан (Татарстан), м.р-н Лаишевский, с.п. Кирбинское, с Кирби, ул Чапаева, з/у 1.",Частная,Для ведения личного подсобного хозяйства,ЛПХ,0,нет,16:24:110103,1939487.99,898.327,,,,,нет,нет,нет,нет,да,да,нет,да,55.563437641351435,49.32099075307754
16:24:110103:146,1774.0,Земли населенных пунктов,Учтенный,"Местоположение установлено относительно ориентира, расположенного в границах участка. Почтовый адрес ориентира: Российская Федерация, Республика Татарстан (Татарстан), м.р-н Лаишевский, с.п. Кирбинское, с Кирби, ул Чапаева, з/у 7.",Частная,для ведения личного подсобного хозяйства,ЛПХ,0,нет,16:24:110103,1577451.98,889.2063,,,,,нет,нет,нет,нет,да,да,нет,да,55.56361603438643,49.3191885078694
16:24:110101:35,3426.0,Земли населенных пунктов,Ранее учтенный,"Местоположение установлено относительно ориентира, расположенного в границах участка. Почтовый адрес ориентира: Российская Федерация, Республика Татарстан (Татарстан), м.р-н Лаишевский, с.п. Кирбинское, с Кирби, ул Чапаева, з/у 20.",Частная,Для ведения личного подсобного хозяйства,ЛПХ,0,нет,16:24:110101,3066741.42,895.1376,,,,,нет,нет,нет,нет,да,да,нет,да,55.56439939777121,49.31849267312745
16:24:110102:315,1316.0,Земли населенных пунктов,Учтенный,"Местоположение установлено относительно ориентира, расположенного в границах участка. Почтовый адрес ориентира: Российская Федерация, Республика Татарстан (Татарстан), м.р-н Лаишевский, с.п. Кирбинское, с Кирби, ул Пионерская, з/у 8.",Частная,Ведение личного подсобного хозяйства,ЛПХ,0,нет,16:24:110102,1102410.04,837.6976,,,,,нет,нет,нет,нет,да,да,нет,да,55.56020976451905,49.31310490797507
16:24:110102:39,3748.0,Земли населенных пунктов,Ранее учтенный,"Местоположение установлено относительно ориентира, расположенного в границах участка. Почтовый адрес ориентира: Российская Федерация, Республика Татарстан (Татарстан), м.р-н Лаишевский, с.п. Кирбинское, с Кирби, ул Гвардейская, з/у 9.",Частная,Для ведения личного подсобного хозяйства,ЛПХ,0,нет,16:24:110102,3257439.65,869.1141,,,,,нет,нет,нет,нет,да,да,нет,да,55.55945131241639,49.30968555174067
16:24:110102:109,2288.0,Земли населенных пунктов,Учтенный,"Местоположение установлено относительно ориентира, расположенного в границах участка. Почтовый адрес ориентира: Российская Федерация, Республика Татарстан (Татарстан), м.р-н Лаишевский, с.п. Кирбинское, с Кирби, ул Гвардейская, з/у 27А.",,Для ведения личного подсобного хозяйства,ЛПХ,0,нет,16:24:110102,2034539.94,889.222,,,,,да,нет,нет,нет,да,да,нет,да,55.56196236855328,49.3109072241915
16:24:110106:37,,Земли населенных пунктов,Ранее учтенный,"Местоположение установлено относительно ориентира, расположенного в границах участка. Почтовый адрес ориентира: Российская Федерация, Республика Татарстан (Татарстан), м.р-н Лаишевский, с.п. Кирбинское, с Кирби, ул Гвардейская, з/у 3.",,Ведение личного подсобного хозяйства,ЛПХ,0,нет,16:24:110106,4719268.4,842.7265,,,,,да,нет,нет,нет,да,да,нет,да,55.55801069404756,49.30923630764107
16:24:110102:265,1819.0,Земли населенных пунктов,Учтенный,"Местоположение установлено относительно ориентира, расположенного в границах участка. Почтовый адрес ориентира: Российская Федерация, Республика Татарстан (Татарстан), м.р-н Лаишевский, с.п. Кирбинское, с Кирби, ул Пионерская, з/у 19.",,для ведения личного подсобного хозяйства,ЛПХ,0,нет,16:24:110102,1608032.74,884.0202,,,,,да,нет,нет,нет,да,да,нет,да,55.563640422221084,49.31488581996701
16:24:110105:28,2282.0,Земли населенных пунктов,Ранее учтенный,"Местоположение установлено относительно ориентира, расположенного в границах участка. Почтовый адрес ориентира: Российская Федерация, Республика Татарстан (Татарстан), м.р-н Лаишевский, с.п. Кирбинское, с Кирби, ул Татарстан, з/у 14.",Частная,Для ведения личного подсобного хозяйства,ЛПХ,0,нет,16:24:110105,1820892.69,797.9372,,,,,нет,нет,нет,нет,да,да,нет,да,55.55890182432801,49.31816246574261
16:24:110103:166,1262.0,Земли населенных пунктов,Учтенный,"Местоположение установлено относительно ориентира, расположенного в границах участка. Почтовый адрес ориентира: Российская Федерация, Республика Татарстан (Татарстан), м.р-н Лаишевский, с.п. Кирбинское, с Кирби, ул Школьная, з/у 24.",Частная,Для ведения личного подсобного хозяйства,ЛПХ,0,нет,16:24:110103,1036835.73,821.5814,,,,,нет,нет,нет,нет,да,да,нет,да,55.56079550707218,49.315719318648604
16:24:110106:57,2368.0,Земли населенных пунктов,Учтенный,"Местоположение установлено относительно ориентира, расположенного в границах участка. Почтовый адрес ориентира: Российская Федерация, Республика Татарстан (Татарстан), м.р-н Лаишевский, с.п. Кирбинское, с Кирби, ул Гвардейская, з/у 7А.",,Для ведения личного подсобного хозяйства,ЛПХ,0,нет,16:24:110106,2023063.86,854.3344,,,,,да,нет,нет,нет,да,да,нет,да,55.558685051469446,49.3093982506747
16:24:110105:14,1987.0,Земли населенных пунктов,Ранее учтенный,"Местоположение установлено относительно ориентира, расположенного в границах участка. Почтовый адрес ориентира: Российская Федерация, Республика Татарстан (Татарстан), м.р-н Лаишевский, с.п. Кирбинское, с Кирби, ул Школьная, з/у 13.",,Для ведения личного подсобного хозяйства,ЛПХ,0,нет,16:24:110105,1625158.95,817.8958,,,,,да,нет,нет,нет,да,да,нет,да,55.5600356118675,49.31778952996955
16:24:110104:60,,Земли населенных пунктов,Ранее учтенный,"Местоположение установлено относительно ориентира, расположенного в границах участка. Почтовый адрес ориентира: Российская Федерация, Республика Татарстан (Татарстан), м.р-н Лаишевский, с.п. Кирбинское, с Кирби, ул Болотная, з/у 10.",,Для ведения личного подсобного хозяйства,ЛПХ,0,нет,16:24:110104,1652343.49,772.48,,,,,да,нет,нет,нет,да,да,нет,да,55.55670071764934,49.32432413562738
16:24:110103:69,,Земли населенных пунктов,Ранее учтенный,"Местоположение установлено относительно ориентира, расположенного в границах участка. Почтовый адрес ориентира: Российская Федерация, Республика Татарстан (Татарстан), м.р-н Лаишевский, с.п. Кирбинское, с Кирби, ул Школьная, з/у 10.",,Для личного подсобного хозяйства,ЛПХ,0,нет,16:24:110103,1628713.34,843.46,,,,,да,нет,нет,нет,да,да,нет,да,55.5604843001735,49.31938948488671
16:24:110105:23,2363.0,Земли населенных пунктов,Ранее учтенный,"Местоположение установлено относительно ориентира, расположенного в границах участка. Почтовый адрес ориентира: Российская Федерация, Республика Татарстан (Татарстан), м.р-н Лаишевский, с.п. Кирбинское, с Кирби, ул Школьная, з/у 9.",,Для ведения личного подсобного хозяйства,ЛПХ,0,нет,16:24:110105,1929092.0,816.3741,,,,,да,нет,нет,нет,да,да,нет,да,55.55976228047249,49.318682475906776
16:24:110105:10,1471.0,Земли населенных пунктов,Ранее учтенный,"Местоположение установлено относительно ориентира, расположенного в границах участка. Почтовый адрес ориентира: Российская Федерация, Республика Татарстан (Татарстан), м.р-н Лаишевский, с.п. Кирбинское, с Кирби, ул Школьная, з/у 21.",,ведение личного подсобного хозяйства,ЛПХ,0,нет,16:24:110105,1191426.45,809.9432,,,,,да,нет,нет,нет,да,да,нет,да,55.5601143893919,49.31603917927461
16:24:110102:68,,Земли населенных пунктов,Ранее учтенный,"Местоположение установлено относительно ориентира, расположенного в границах участка. Почтовый адрес ориентира: Российская Федерация, Республика Татарстан (Татарстан), м.р-н Лаишевский, с.п. Кирбинское, с Кирби, ул Пионерская, з/у 10.",Частная,Для ведения личного подсобного хозяйства,ЛПХ,0,нет,16:24:110102,1754985.12,835.71,,,,,нет,нет,нет,нет,да,да,нет,да,55.56058126327384,49.31357545459204
16:24:110104:1,,Земли населенных пунктов,Ранее учтенный,"Местоположение установлено относительно ориентира, расположенного в границах участка. Почтовый адрес ориентира: Российская Федерация, Республика Татарстан (Татарстан), м.р-н Лаишевский, с.п. Кирбинское, с Кирби, ул Горького, з/у 32А.",,Ведение личного подсобного хозяйства,ЛПХ,0,нет,16:24:110104,1976062.0,883.3536,,,,,да,нет,нет,нет,да,да,нет,да,55.56252450589622,49.32457001817884
16:24:110103:183,653.0,Земли населенных пунктов,Учтенный,"Российская Федерация, Республика Татарстан (Татарстан), м.р-н Лаишевский, с.п. Кирбинское, с Кирби, ул Школьная, з/у 2а",Частная,Для индивидуального жилищного строительства,ИЖС,0,нет,16:24:110103,541222.33,828.8244,,,,,нет,да,нет,нет,нет,да,нет,да,55.560169153918764,49.32193656183434
16:24:110103:165,800.0,Земли населенных пунктов,Учтенный,"Местоположение установлено относительно ориентира, расположенного в границах участка. Почтовый адрес ориентира: Российская Федерация, Республика Татарстан (Татарстан), м.р-н Лаишевский, с.п. Кирбинское, с Кирби, ул Дальняя, з/у 1А.",Частная,Для ведения личного подсобного хозяйства,ЛПХ,0,нет,16:24:110103,705951.36,882.4392,,,,,нет,нет,нет,нет,да,да,нет,да,55.56204593124712,49.32075952995918
16:24:110104:20,,Земли населенных пунктов,Ранее учтенный,"Местоположение установлено относительно ориентира, расположенного в границах участка. Почтовый адрес ориентира: Российская Федерация, Республика Татарстан (Татарстан), м.р-н Лаишевский, с.п. Кирбинское, с Кирби, ул Горького, з/у 16.",Частная,Для ведения личного подсобного хозяйства,ЛПХ,0,нет,16:24:110104,1420530.88,827.8152,,,,,нет,нет,нет,нет,да,да,нет,да,55.55996716053111,49.323234599879896
16:24:110104:158,1440.0,Земли населенных пунктов,Учтенный,"Местоположение установлено относительно ориентира, расположенного в границах участка. Почтовый адрес ориентира: Республика Татарстан, Лаишевский муниципальный район, Кирбинское сельское поселение, с Кирби.",Частная,Для ведения личного подсобного хозяйства,ЛПХ,0,нет,16:24:110104,1134696.1,787.9834,,,,,нет,нет,нет,нет,да,да,нет,да,55.556929600435026,49.32271487837165
16:24:110104:28,,Земли населенных пунктов,Ранее учтенный,"Местоположение установлено относительно ориентира, расположенного в границах участка. Почтовый адрес ориентира: Российская Федерация, Республика Татарстан (Татарстан), м.р-н Лаишевский, с.п. Кирбинское, с Кирби, ул Степная, з/у 7.",Частная,Для ведения личного подсобного хозяйства,ЛПХ,0,нет,16:24:110104,4595675.74,787.74,,,,,нет,нет,нет,нет,да,да,нет,да,55.560197044585834,49.32790429642777
16:24:110103:25,1850.0,Земли населенных пунктов,Ранее учтенный,"Местоположение установлено относительно ориентира, расположенного в границах участка. Почтовый адрес ориентира: Российская Федерация, Республика Татарстан (Татарстан), м.р-н Лаишевский, с.п. Кирбинское, с Кирби, ул Ленина, з/у 19.",,Для ведения личного подсобного хозяйства,ЛПХ,0,нет,16:24:110103,1579665.98,853.8735,,,,,да,нет,нет,нет,да,да,нет,да,55.562182543139166,49.31815806722563
16:24:110104:10,2997.0,Земли населенных пунктов,Ранее учтенный,"Местоположение установлено относительно ориентира, расположенного в границах участка. Почтовый адрес ориентира: Российская Федерация, Республика Татарстан (Татарстан), м.р-н Лаишевский, с.п. Кирбинское, с Кирби, ул Степная, з/у 10.",Частная,Для ведения личного подсобного хозяйства,ЛПХ,0,нет,16:24:110104,2456479.96,819.6463,,,,,нет,нет,нет,нет,да,да,нет,да,55.56150415461393,49.32678150255027
16:24:110104:156,1351.0,Земли населенных пунктов,Учтенный,"Местоположение установлено относительно ориентира, расположенного в границах участка. Почтовый адрес ориентира: Российская Федерация, Республика Татарстан (Татарстан), м.р-н Лаишевский, с.п. Кирбинское, с Кирби, ул Лесная, з/у 4.",Частная,Для ведения личного подсобного хозяйства,ЛПХ,0,нет,16:24:110104,1075338.18,795.9572,,,,,нет,нет,нет,нет,да,да,нет,да,55.55823038333732,49.32417601065975
16:24:110104:154,552.0,Земли населенных пунктов,Учтенный,"Местоположение установлено относительно ориентира, расположенного в границах участка. Почтовый адрес ориентира: Республика Татарстан, Лаишевский муниципальный район, Кирбинское сельское поселение, с Кирби.",Частная,Для ведения личного подсобного хозяйства,ЛПХ,0,нет,16:24:110104,442603.7,801.8183,,,,,нет,нет,нет,нет,да,да,нет,да,55.557957618576154,49.32239905562769
16:24:110104:27,1805.0,Земли населенных пунктов,Ранее учтенный,"Местоположение установлено относительно ориентира, расположенного в границах участка. Почтовый адрес ориентира: Российская Федерация, Республика Татарстан (Татарстан), м.р-н Лаишевский, с.п. Кирбинское, с Кирби, ул Степная, з/у 5А.",Частная,для индивидуального жилищного строительства (код 2.1),ИЖС,0,нет,16:24:110104,1466638.13,812.54,,,,,нет,да,нет,нет,нет,да,нет,да,55.560229926566365,49.32655284769816
16:24:110104:61,1829.0,Земли населенных пунктов,Ранее учтенный,"Местоположение установлено относительно ориентира, расположенного в границах участка. Почтовый адрес ориентира: Российская Федерация, Республика Татарстан (Татарстан), м.р-н Лаишевский, с.п. Кирбинское, с Кирби, ул Болотная, з/у 12.",,Для ведения личного подсобного хозяйства,ЛПХ,0,нет,16:24:110104,1392018.8,761.08,,,,,да,нет,нет,нет,да,да,нет,да,55.55670041562846,49.32473920425202
16:24:110104:145,1606.0,Земли населенных пунктов,Учтенный,"Местоположение установлено относительно ориентира, расположенного в границах участка. Почтовый адрес ориентира: Российская Федерация, Республика Татарстан (Татарстан), м.р-н Лаишевский, с.п. Кирбинское, с Кирби, ул Болотная, з/у 3.",Частная,для ведения личного подсобного хозяйства,ЛПХ,0,нет,16:24:110104,1218885.42,758.96,,,,,нет,нет,нет,нет,да,да,нет,да,55.556338819634966,49.32255222360055
16:24:110104:140,2173.0,Земли населенных пунктов,Учтенный,"Местоположение установлено относительно ориентира, расположенного в границах участка. Почтовый адрес ориентира: Российская Федерация, Республика Татарстан (Татарстан), м.р-н Лаишевский, с.п. Кирбинское, с Кирби, ул Лесная, з/у 10.",Частная,Для ведения личного подсобного хозяйства,ЛПХ,0,нет,16:24:110104,1661937.35,764.8124,,,,,нет,нет,нет,нет,да,да,нет,да,55.55794203167384,49.326373148159654
16:24:110103:33,,Земли населенных пунктов,Ранее учтенный,"Местоположение установлено относительно ориентира, расположенного в границах участка. Почтовый адрес ориентира: Российская Федерация, Республика Татарстан (Татарстан), м.р-н Лаишевский, с.п. Кирбинское, с Кирби, ул Ленина, з/у 9.",Частная,Ведение личного подсобного хозяйства,ЛПХ,0,нет,16:24:110103,1377991.76,874.9154,,,,,нет,нет,нет,нет,да,да,нет,да,55.56177512247757,49.320281727556356
16:24:110101:157,713.0,Земли населенных пунктов,Учтенный,"Местоположение установлено относительно ориентира, расположенного в границах участка. Почтовый адрес ориентира: Российская Федерация, Республика Татарстан (Татарстан), м.р-н Лаишевский, с.п. Кирбинское, с Кирби, ул Молодежная, з/у 14ж.",Частная,для ведения личного подсобного хозяйства,ЛПХ,0,нет,16:24:110101,680909.94,954.99,,,,,нет,нет,нет,нет,да,да,нет,да,55.56615765859313,49.31702396255431
16:24:110104:67,2901.0,Земли населенных пунктов,Ранее учтенный,"Местоположение установлено относительно ориентира, расположенного в границах участка. Почтовый адрес ориентира: Российская Федерация, Республика Татарстан (Татарстан), м.р-н Лаишевский, с.п. Кирбинское, с Кирби, ул Болотная, з/у 7.",,Ведение личного подсобного хозяйства,ЛПХ,0,нет,16:24:110104,2201252.11,758.7908,,,,,да,нет,нет,нет,да,да,нет,да,55.55623421027455,49.32363664461974
16:24:110104:13,3473.0,Земли населенных пунктов,Ранее учтенный,"Местоположение установлено относительно ориентира, расположенного в границах участка. Почтовый адрес ориентира: Российская Федерация, Республика Татарстан (Татарстан), м.р-н Лаишевский, с.п. Кирбинское, с Кирби, ул Степная, з/у 16.",Частная,Для ведения личного подсобного хозяйства,ЛПХ,0,нет,16:24:110104,2785224.44,801.965,,,,,нет,нет,нет,нет,да,да,нет,да,55.561171102013645,49.32786941418089
16:24:110103:405,1168.0,Земли населенных пунктов,Учтенный,"Российская Федерация, Республика Татарстан (Татарстан), м.р-н Лаишевский, с.п. Кирбинское, с Кирби, ул Школьная, з/у 6",Частная,Для ведения личного подсобного хозяйства,ЛПХ,0,нет,16:24:110103,981974.28,840.73,,,,,нет,нет,нет,нет,да,да,нет,да,55.560334288890374,49.32012014705493
16:24:110102:436,2152.0,Земли населенных пунктов,Учтенный,"Местоположение установлено относительно ориентира, расположенного в границах участка. Почтовый адрес ориентира: Республика Татарстан, Лаишевский муниципальный район, Кирбинское сельское поселение, с Кирби.",Муниципальная,для индивидуального жилищного строительства,ИЖС,0,нет,16:24:110102,2029948.03,943.28,,,,,да,да,нет,нет,нет,да,нет,да,55.56599023128158,49.30693535074335
16:24:110102:60,,Земли населенных пунктов,Ранее учтенный,"Местоположение установлено относительно ориентира, расположенного в границах участка. Почтовый адрес ориентира: Российская Федерация, Республика Татарстан (Татарстан), м.р-н Лаишевский, с.п. Кирбинское, с Кирби, ул Пионерская, з/у 17.",Частная,Ведение личного подсобного хозяйства,ЛПХ,0,нет,16:24:110102,1914261.58,870.1189,,,,,нет,нет,нет,нет,да,да,нет,да,55.56274815438777,49.314236359631046
16:24:110105:1,,Земли населенных пунктов,Ранее учтенный,"Местоположение установлено относительно ориентира, расположенного в границах участка. Почтовый адрес ориентира: Российская Федерация, Республика Татарстан (Татарстан), м.р-н Лаишевский, с.п. Кирбинское, с Кирби, ул Школьная, з/у 29.",,Для ведения личного подсобного хозяйства,ЛПХ,0,нет,16:24:110105,1695795.5,824.0,,,,,да,нет,нет,нет,да,да,нет,да,55.560275599858116,49.314155518371
16:24:110106:112,578.0,Земли населенных пунктов,Учтенный,"Местоположение установлено относительно ориентира, расположенного в границах участка. Почтовый адрес ориентира: Российская Федерация, Республика Татарстан (Татарстан), м.р-н Лаишевский, с.п. Кирбинское, с Кирби, ул Овражная, з/у 4.",Частная,Для ведения личного подсобного хозяйства,ЛПХ,0,нет,16:24:110106,491307.4,850.0128,,,,,нет,нет,нет,нет,да,да,нет,да,55.55756717826972,49.30727566693246
16:24:110102:22,3839.0,Земли населенных пунктов,Ранее учтенный,"Местоположение установлено относительно ориентира, расположенного в границах участка. Почтовый адрес ориентира: Российская Федерация, Республика Татарстан (Татарстан), м.р-н Лаишевский, с.п. Кирбинское, с Кирби, ул Юности, з/у 3/2.",,Для ведения личного подсобного хозяйства,ЛПХ,0,нет,16:24:110102,3338081.91,869.5186,,,,,да,нет,нет,нет,да,да,нет,да,55.560307252841746,49.30738226265677
16:24:110102:229,1471.0,Земли населенных пунктов,Учтенный,"Местоположение установлено относительно ориентира, расположенного в границах участка. Почтовый адрес ориентира: Российская Федерация, Республика Татарстан (Татарстан), м.р-н Лаишевский, с.п. Кирбинское, с Кирби, ул Юности, з/у 2/1.",Частная,для ведения личного подсобного хозяйства,ЛПХ,0,нет,16:24:110102,1287375.22,875.1701,,,,,нет,нет,нет,нет,да,да,нет,да,55.55962967782206,49.307660537249085
16:24:110102:93,1990.0,Земли населенных пунктов,Ранее учтенный,"Местоположение установлено относительно ориентира, расположенного в границах участка. Почтовый адрес ориентира: Российская Федерация, Республика Татарстан (Татарстан), м.р-н Лаишевский, с.п. Кирбинское, с Кирби, ул Юности, з/у 15.",,Ведение личного подсобного хозяйства,ЛПХ,0,нет,16:24:110102,1763177.41,886.0188,,,,,да,нет,нет,нет,да,да,нет,да,55.56381939498986,49.30807425769994
16:24:110102:310,377.0,Земли населенных пунктов,Учтенный,"Местоположение установлено относительно ориентира, расположенного в границах участка. Почтовый адрес ориентира: Российская Федерация, Республика Татарстан (Татарстан), м.р-н Лаишевский, с.п. Кирбинское, с Кирби, ул Юности, з/у 6Г.",Частная,для ведения личного подсобного хозяйства,ЛПХ,0,нет,16:24:110102,328330.62,870.9035,,,,,нет,нет,нет,нет,да,да,нет,да,55.56131254623426,49.30739811707916
16:24:110102:47,,Земли населенных пунктов,Ранее учтенный,"Местоположение установлено относительно ориентира, расположенного в границах участка. Почтовый адрес ориентира: Республика Татарстан, Лаишевский муниципальный район, Кирбинское сельское поселение, с Кирби.",Муниципальная,Для ведения личного подсобного хозяйства,ЛПХ,0,нет,16:24:110102,3079070.67,893.26,,,,,да,нет,нет,нет,да,да,нет,да,55.56306918634855,49.31270895580556
16:24:110101:135,1000.0,Земли населенных пунктов,Учтенный,"Местоположение установлено относительно ориентира, расположенного в границах участка. Почтовый адрес ориентира: Российская Федерация, Республика Татарстан (Татарстан), м.р-н Лаишевский, с.п. Кирбинское, с Кирби, ул Молодежная, з/у 2Б.",,Для личного подсобного хозяйства,ЛПХ,0,нет,16:24:110101,963062.6,963.0626,,,,,да,нет,нет,нет,да,да,нет,да,55.566148940292564,49.32287259808557
16:24:110103:36,2300.0,Земли населенных пунктов,Ранее учтенный,"Местоположение установлено относительно ориентира, расположенного в границах участка. Почтовый адрес ориентира: Российская Федерация, Республика Татарстан (Татарстан), м.р-н Лаишевский, с.п. Кирбинское, с Кирби, ул Дальняя, з/у 6.",Частная,Для личного подсобного хозяйства,ЛПХ,0,нет,16:24:110103,2062910.02,896.9174,,,,,нет,нет,нет,нет,да,да,нет,да,55.562676846682045,49.32181060557826
16:24:110102:121,1500.0,Земли населенных пунктов,Учтенный,"Местоположение установлено относительно ориентира, расположенного в границах участка. Почтовый адрес ориентира: Российская Федерация, Республика Татарстан (Татарстан), м.р-н Лаишевский, с.п. Кирбинское, с Кирби, ул Юности, з/у 23.",,Для индивидуального жилищного строительства,ИЖС,0,нет,16:24:110102,1284218.55,856.1457,,,,,да,да,нет,нет,нет,да,нет,да,55.561574468259025,49.30635563940151
16:24:110102:328,1160.0,Земли населенных пунктов,Учтенный,"Местоположение установлено относительно ориентира, расположенного в границах участка. Почтовый адрес ориентира: Российская Федерация, Республика Татарстан (Татарстан), м.р-н Лаишевский, с.п. Кирбинское, с Кирби, ул Юности, з/у 22.",Частная,Для ведения личного подсобного хозяйства,ЛПХ,0,нет,16:24:110102,1001857.43,863.6702,,,,,нет,нет,нет,нет,да,да,нет,да,55.56181892576384,49.30730705692676
16:24:110101:2,1519.0,Земли населенных пунктов,Ранее учтенный,"Местоположение установлено относительно ориентира, расположенного в границах участка. Почтовый адрес ориентира: Российская Федерация, Республика Татарстан (Татарстан), м.р-н Лаишевский, с.п. Кирбинское, с Кирби, ул Юности, з/у 13Г.",Частная,Ведение личного подсобного хозяйства,ЛПХ,0,нет,16:24:110101,1423711.61,937.269,,,,,нет,нет,нет,нет,да,да,нет,да,55.56636204011843,49.31199753223499
16:24:110102:231,1000.0,Земли населенных пунктов,Учтенный,"Местоположение установлено относительно ориентира, расположенного в границах участка. Почтовый адрес ориентира: Российская Федерация, Республика Татарстан (Татарстан), м.р-н Лаишевский, с.п. Кирбинское, с Кирби, ул Юности, з/у 2Б.",Частная,для ведения личного подсобного хозяйства,ЛПХ,0,нет,16:24:110102,854474.5,854.4745,,,,,нет,нет,нет,нет,да,да,нет,да,55.559796782464026,49.30632145554135
16:24:110302:1620,1000.0,Земли населенных пунктов,Учтенный,"Местоположение установлено относительно ориентира, расположенного в границах участка. Почтовый адрес ориентира: Российская Федерация, Республика Татарстан, Лаишевский муниципальный район, Кирбинское сельское поселение, с Кирби.",Частная,Для индивидуального жилищного строительства,ИЖС,0,нет,16:24:110302,755229.8,755.23,,,,,нет,да,нет,нет,нет,да,нет,да,55.55410820921615,49.319359435983884
16:24:110302:1641,1000.0,Земли населенных пунктов,Учтенный,"Местоположение установлено относительно ориентира, расположенного в границах участка. Почтовый адрес ориентира: Российская Федерация, Республика Татарстан, Лаишевский муниципальный район, Кирбинское сельское поселение, с Кирби.",Частная,Для индивидуального жилищного строительства,ИЖС,0,нет,16:24:110302,742962.9,742.96,,,,,нет,да,нет,нет,нет,да,нет,да,55.555266419073675,49.320478144369616
16:24:110102:284,1250.0,Земли населенных пунктов,Учтенный,"Местоположение установлено относительно ориентира, расположенного в границах участка. Почтовый адрес ориентира: Российская Федерация, Республика Татарстан (Татарстан), м.р-н Лаишевский, с.п. Кирбинское, с Кирби, ул Юности, з/у 32.",Частная,Для личного подсобного хозяйства,ЛПХ,0,нет,16:24:110102,1052769.5,842.2156,,,,,нет,нет,нет,нет,да,да,нет,да,55.55999918454594,49.30531023404694
16:24:110102:211,749.0,Земли населенных пунктов,Учтенный,"Местоположение установлено относительно ориентира, расположенного в границах участка. Почтовый адрес ориентира: Российская Федерация, Республика Татарстан (Татарстан), м.р-н Лаишевский, с.п. Кирбинское, с Кирби, ул Юности, з/у 13Д.",,Для ведения личного подсобного хозяйства,ЛПХ,0,нет,16:24:110102,687064.89,917.3096,,,,,да,нет,нет,нет,да,да,нет,да,55.56460915868167,49.31041836577508
16:24:110302:1652,1000.0,Земли населенных пунктов,Учтенный,"Местоположение установлено относительно ориентира, расположенного в границах участка. Почтовый адрес ориентира: Российская Федерация, Республика Татарстан, Лаишевский муниципальный район, Кирбинское сельское поселение, с Кирби.",Частная,Для индивидуального жилищного строительства,ИЖС,0,нет,16:24:110302,743020.6,743.02,,,,,нет,да,нет,нет,нет,да,нет,да,55.55511247986709,49.32032661241563
16:24:110102:240,158.0,Земли населенных пунктов,Учтенный,"Местоположение установлено относительно ориентира, расположенного в границах участка. Почтовый адрес ориентира: Российская Федерация, Республика Татарстан (Татарстан), м.р-н Лаишевский, с.п. Кирбинское, с Кирби, ул Юности, з/у 13З.",,Для ведения личного подсобного хозяйства,ЛПХ,0,нет,16:24:110102,145712.01,922.2279,,,,,да,нет,нет,нет,да,да,нет,да,55.564569069527124,49.310845789339325
16:24:110102:464,936.0,Земли населенных пунктов,Учтенный,"Местоположение установлено относительно ориентира, расположенного в границах участка. Почтовый адрес ориентира: Республика Татарстан, Лаишевский муниципальный район, Кирбинское сельское поселение, с Кирби.",Частная,Для ведения личного подсобного хозяйства,ЛПХ,0,нет,16:24:110102,833070.89,890.033,,,,,нет,нет,нет,нет,да,да,нет,да,55.56259826854146,49.312771369009816
16:24:110101:1,1210.0,Земли населенных пунктов,Ранее учтенный,"Местоположение установлено относительно ориентира, расположенного в границах участка. Почтовый адрес ориентира: Российская Федерация, Республика Татарстан (Татарстан), м.р-н Лаишевский, с.п. Кирбинское, с Кирби, ул Молодежная, з/у 21А.",Частная,Для ведения личного подсобного хозяйства,ЛПХ,0,нет,16:24:110101,1134380.08,937.5042,,,,,нет,нет,нет,нет,да,да,нет,да,55.56654090268129,49.31208699053944
16:24:110102:300,1000.0,Земли населенных пунктов,Учтенный,"Местоположение установлено относительно ориентира, расположенного в границах участка. Почтовый адрес ориентира: Российская Федерация, Республика Татарстан (Татарстан), м.р-н Лаишевский, с.п. Кирбинское, с Кирби, ул Юности, з/у 6В.",Частная,для ведения личного подсобного хозяйства,ЛПХ,0,нет,16:24:110102,875299.3,875.2993,,,,,нет,нет,нет,нет,да,да,нет,да,55.56140051570167,49.30755119215841
16:24:110102:19,3031.0,Земли населенных пунктов,Ранее учтенный,"Местоположение установлено относительно ориентира, расположенного в границах участка. Почтовый адрес ориентира: Российская Федерация, Республика Татарстан (Татарстан), м.р-н Лаишевский, с.п. Кирбинское, с Кирби, ул Юности, з/у 5/1.",,Для ведения личного подсобного хозяйства,ЛПХ,0,нет,16:24:110102,2664574.53,879.11,,,,,да,нет,нет,нет,да,да,нет,да,55.56077258306102,49.30791072852934
16:24:110302:1622,1000.0,Земли населенных пунктов,Учтенный,"Местоположение установлено относительно ориентира, расположенного в границах участка. Почтовый адрес ориентира: Российская Федерация, Республика Татарстан, Лаишевский муниципальный район, Кирбинское сельское поселение, с Кирби.",Частная,Для индивидуального жилищного строительства,ИЖС,0,нет,16:24:110302,726786.0,726.79,,,,,нет,да,нет,нет,нет,да,нет,да,55.553691491189944,49.31994376194742
16:24:110102:15,,Земли населенных пунктов,Ранее учтенный,"Местоположение установлено относительно ориентира, расположенного в границах участка. Почтовый адрес ориентира: Российская Федерация, Республика Татарстан (Татарстан), м.р-н Лаишевский, с.п. Кирбинское, с Кирби, ул Юности, з/у 7А.",,Для ведения личного подсобного хозяйства,ЛПХ,0,нет,16:24:110102,1863544.83,890.37,,,,,да,нет,нет,нет,да,да,нет,да,55.56197608200117,49.308522953518626
16:24:110102:309,267.0,Земли населенных пунктов,Учтенный,"Местоположение установлено относительно ориентира, расположенного в границах участка. Почтовый адрес ориентира: Республика Татарстан, Лаишевский муниципальный район, Кирбинское сельское поселение, с Кирби.",Частная,для ведения личного подсобного хозяйства,ЛПХ,0,нет,16:24:110102,234391.77,877.8718,,,,,нет,нет,нет,нет,да,да,нет,да,55.561193128105195,49.30767354725145
16:24:110102:192,1000.0,Земли населенных пунктов,Учтенный,"Местоположение установлено относительно ориентира, расположенного в границах участка. Почтовый адрес ориентира: Российская Федерация, Республика Татарстан (Татарстан), м.р-н Лаишевский, с.п. Кирбинское, с Кирби, ул Юности, з/у 8А.",Частная,Для ведения личного подсобного хозяйства,ЛПХ,0,нет,16:24:110102,882453.3,882.4533,,,,,нет,нет,нет,нет,да,да,нет,да,55.56245561821792,49.30843412695524
16:24:110302:1621,1000.0,Земли населенных пунктов,Учтенный,"Местоположение установлено относительно ориентира, расположенного в границах участка. Почтовый адрес ориентира: Российская Федерация, Республика Татарстан, Лаишевский муниципальный район, Кирбинское сельское поселение, с Кирби.",Частная,Для индивидуального жилищного строительства,ИЖС,0,нет,16:24:110302,741089.3,741.09,,,,,нет,да,нет,нет,нет,да,нет,да,55.55389963082849,49.31930972492098
16:24:110102:232,1471.0,Земли населенных пунктов,Учтенный,"Местоположение установлено относительно ориентира, расположенного в границах участка. Почтовый адрес ориентира: Российская Федерация, Республика Татарстан (Татарстан), м.р-н Лаишевский, с.п. Кирбинское, с Кирби, ул Юности, з/у 2А.",Частная,для ведения личного подсобного хозяйства,ЛПХ,0,нет,16:24:110102,1285126.21,873.6412,,,,,нет,нет,нет,нет,да,да,нет,да,55.55943069507737,49.30768094032321
16:24:110102:308,1530.0,Земли населенных пунктов,Учтенный,"Местоположение установлено относительно ориентира, расположенного в границах участка. Почтовый адрес ориентира: Российская Федерация, Республика Татарстан (Татарстан), м.р-н Лаишевский, с.п. Кирбинское, с Кирби, ул Юности, з/у 6Б.",Частная,для ведения личного подсобного хозяйства,ЛПХ,0,нет,16:24:110102,1362407.01,890.4621,,,,,нет,нет,нет,нет,да,да,нет,да,55.561261494282476,49.30816922835675
16:24:110302:541,5107.0,Земли сельскохозяйственного назначения,Учтенный,"Местоположение установлено относительно ориентира, расположенного в границах участка. Почтовый адрес ориентира: Российская Федерация, Республика Татарстан (Татарстан), м.р-н Лаишевский, с.п. Кирбинское, кв-л 302, з/у 541.",Частная,для ведения сельскохозяйственного производства,СХ,0,нет,16:24:110302,637960.31,124.9188,,,,,нет,нет,нет,нет,нет,нет,нет,нет,55.56684457886874,49.32263349317927
16:24:110102:289,1572.0,Земли населенных пунктов,Учтенный,"Местоположение установлено относительно ориентира, расположенного в границах участка. Почтовый адрес ориентира: Российская Федерация, Республика Татарстан (Татарстан), м.р-н Лаишевский, с.п. Кирбинское, с Кирби, ул Юности, з/у 1Б.",Частная,для ведения личного подсобного хозяйства,ЛПХ,0,нет,16:24:110102,1351086.37,859.4697,,,,,нет,нет,нет,нет,да,да,нет,да,55.55928320062175,49.30608962774367
16:24:110102:20,,Земли населенных пунктов,Ранее учтенный,"Местоположение установлено относительно ориентира, расположенного в границах участка. Почтовый адрес ориентира: Российская Федерация, Республика Татарстан (Татарстан), м.р-н Лаишевский, с.п. Кирбинское, с Кирби, ул Юности, з/у 4/2.",Частная,Для ведения личного подсобного хозяйства,ЛПХ,0,нет,16:24:110102,2678035.59,878.62,,,,,нет,нет,нет,нет,да,да,нет,да,55.56053452975605,49.308000108573715
16:24:110102:298,1000.0,Земли населенных пунктов,Учтенный,"Местоположение установлено относительно ориентира, расположенного в границах участка. Почтовый адрес ориентира: Российская Федерация, Республика Татарстан (Татарстан), м.р-н Лаишевский, с.п. Кирбинское, с Кирби, ул Гвардейская, з/у 21А.",Частная,Для ведения личного подсобного хозяйства,ЛПХ,0,нет,16:24:110102,891892.5,891.89,,,,,нет,нет,нет,нет,да,да,нет,да,55.56112998055909,49.30970464797196
16:24:110103:35,1298.0,Земли населенных пунктов,Ранее учтенный,"Местоположение установлено относительно ориентира, расположенного в границах участка. Почтовый адрес ориентира: Российская Федерация, Республика Татарстан (Татарстан), м.р-н Лаишевский, с.п. Кирбинское, с Кирби, ул Дальняя, з/у 8а.",Частная,Личное подсобное хозяйство,ДРУГОЕ,0,нет,16:24:110103,1165343.49,897.7993,,,,,нет,нет,нет,нет,нет,нет,нет,да,55.56299988915504,49.32169533034903
16:24:110102:191,1407.0,Земли населенных пунктов,Учтенный,"Местоположение установлено относительно ориентира, расположенного в границах участка. Почтовый адрес ориентира: Российская Федерация, Республика Татарстан (Татарстан), м.р-н Лаишевский, с.п. Кирбинское, с Кирби, ул Юности, з/у 8.",,Для ведения личного подсобного хозяйства,ЛПХ,0,нет,16:24:110102,1254771.32,891.8062,,,,,да,нет,нет,нет,да,да,нет,да,55.56230617288558,49.309115158002065
16:24:110106:110,2647.0,Земли населенных пунктов,Учтенный,"Местоположение установлено относительно ориентира, расположенного в границах участка. Почтовый адрес ориентира: Российская Федерация, Республика Татарстан (Татарстан), м.р-н Лаишевский, с.п. Кирбинское, с Кирби, ул Овражная, з/у 6.",Частная,Для ведения личного подсобного хозяйства,ЛПХ,0,нет,16:24:110106,2250025.17,850.0284,,,,,нет,нет,нет,нет,да,да,нет,да,55.557809561642145,49.30755638327811
16:24:110105:157,800.0,Земли населенных пунктов,Учтенный,"Российская Федерация, Республика Татарстан (Татарстан), м.р-н Лаишевский, с.п. Кирбинское, с Кирби, ул Болотная, з/у 2Б",Частная,Для ведения личного подсобного хозяйства,ЛПХ,0,нет,16:24:110105,630300.16,787.8752,,,,,нет,нет,нет,нет,да,да,нет,да,55.5574909887114,49.321442920544555
16:24:110101:171,1475.0,Земли населенных пунктов,Учтенный,"Местоположение установлено относительно ориентира, расположенного в границах участка. Почтовый адрес ориентира: Российская Федерация, Республика Татарстан (Татарстан), м.р-н Лаишевский, с.п. Кирбинское, с Кирби, ул Чапаева, з/у 2А.",Частная,Ведение личного подсобного хозяйства,ЛПХ,0,нет,16:24:110101,1363971.0,924.7261,,,,,нет,нет,нет,нет,да,да,нет,да,55.564458794297124,49.32243945281744
16:24:110102:254,1500.0,Земли населенных пунктов,Учтенный,"Местоположение установлено относительно ориентира, расположенного в границах участка. Почтовый адрес ориентира: Российская Федерация, Республика Татарстан (Татарстан), м.р-н Лаишевский, с.п. Кирбинское, с Кирби, ул Счастливая, з/у 9.",Частная,Для индивидуального жилищного строительства,ИЖС,0,нет,16:24:110102,1260448.95,840.2993,,,,,нет,да,нет,нет,нет,да,нет,да,55.56437405118375,49.30630598496558
16:24:110102:199,1000.0,Земли населенных пунктов,Учтенный,"Местоположение установлено относительно ориентира, расположенного в границах участка. Почтовый адрес ориентира: Российская Федерация, Республика Татарстан (Татарстан), м.р-н Лаишевский, с.п. Кирбинское, с Кирби, ул Ильфара Билалова, з/у 4.",Частная,Для индивидуального жилищного строительства,ИЖС,0,нет,16:24:110102,884500.0,884.5,,,,,нет,да,нет,нет,нет,да,нет,да,55.56484147988864,49.3073913713576
16:24:110102:215,1500.0,Земли населенных пунктов,Учтенный,"Местоположение установлено относительно ориентира, расположенного в границах участка. Почтовый адрес ориентира: Российская Федерация, Республика Татарстан (Татарстан), м.р-н Лаишевский, с.п. Кирбинское, с Кирби, ул Счастливая, з/у 1.",Частная,Для индивидуального жилищного строительства,ИЖС,0,нет,16:24:110102,1420350.6,946.9004,,,,,нет,да,нет,нет,нет,да,нет,да,55.565534672568276,49.30744058360478
16:24:110102:237,1500.0,Земли населенных пунктов,Учтенный,"Местоположение установлено относительно ориентира, расположенного в границах участка. Почтовый адрес ориентира: Российская Федерация, Республика Татарстан (Татарстан), м.р-н Лаишевский, с.п. Кирбинское, с Кирби, ул Счастливая, з/у 13.",Частная,Для индивидуального жилищного строительства,ИЖС,0,нет,16:24:110102,1234333.2,822.8888,,,,,нет,да,нет,нет,нет,да,нет,да,55.56378603226816,49.30565295669685
16:24:110104:59,1597.0,Земли населенных пунктов,Ранее учтенный,"Местоположение установлено относительно ориентира, расположенного в границах участка. Почтовый адрес ориентира: Российская Федерация, Республика Татарстан (Татарстан), м.р-н Лаишевский, с.п. Кирбинское, с Кирби, ул Болотная, з/у 8.",Частная,Для ведения личного подсобного хозяйства,ЛПХ,0,нет,16:24:110104,1234216.54,772.83,,,,,нет,нет,нет,нет,да,да,нет,да,55.556912237406706,49.32394579288764
16:24:110102:202,1000.0,Земли населенных пунктов,Учтенный,"Местоположение установлено относительно ориентира, расположенного в границах участка. Почтовый адрес ориентира: Российская Федерация, Республика Татарстан (Татарстан), м.р-н Лаишевский, с.п. Кирбинское, с Кирби, ул Ильфара Билалова, з/у 1.",,Для индивидуального жилищного строительства,ИЖС,0,нет,16:24:110102,962829.1,962.8291,,,,,да,да,нет,нет,нет,да,нет,да,55.56542439328581,49.30798727133891
16:24:110105:4,2239.0,Земли населенных пунктов,Ранее учтенный,"Местоположение установлено относительно ориентира, расположенного в границах участка. Почтовый адрес ориентира: Российская Федерация, Республика Татарстан (Татарстан), м.р-н Лаишевский, с.п. Кирбинское, с Кирби, ул Школьная, з/у 23.",,ведение личного подсобного хозяйства,ЛПХ,0,нет,16:24:110105,1811731.18,809.17,,,,,да,нет,нет,нет,да,да,нет,да,55.560144027666816,49.31543445857537
16:24:110105:9,1864.0,Земли населенных пунктов,Ранее учтенный,"Местоположение установлено относительно ориентира, расположенного в границах участка. Почтовый адрес ориентира: Российская Федерация, Республика Татарстан (Татарстан), м.р-н Лаишевский, с.п. Кирбинское, с Кирби, ул Татарстан, з/у 28.",,Для ведения личного подсобного хозяйства,ЛПХ,0,нет,16:24:110105,1487884.5,798.22,,,,,да,нет,нет,нет,да,да,нет,да,55.55944118870492,49.31517856967467
16:24:110302:40,337711.64,,Ранее учтенный,"Российская Федерация, Республика Татарстан (Татарстан), м.р-н Лаишевский, с.п. Кирбинское, кв-л 302, з/у 40",,,ДРУГОЕ,0,нет,16:24:110302,0.0,0.0,,,,,да,нет,нет,нет,нет,нет,нет,нет,55.56472759233718,49.3455195723876
16:24:110104:380,1700.0,Земли населенных пунктов,Учтенный,"Российская Федерация, Республика Татарстан (Татарстан), м.р-н Лаишевский, с.п. Кирбинское, с Кирби, ул Болотная, з/у 3Б",Частная,Для ведения личного подсобного хозяйства,ЛПХ,0,нет,16:24:110104,1252693.11,736.88,,,,,нет,нет,нет,нет,да,да,нет,да,55.555614094430716,49.32232683457517
16:24:110102:282,1250.0,Земли населенных пунктов,Учтенный,"Местоположение установлено относительно ориентира, расположенного в границах участка. Почтовый адрес ориентира: Республика Татарстан, Лаишевский муниципальный район, Кирбинское сельское поселение, с  Кирби.",,Для личного подсобного хозяйства,ЛПХ,0,нет,16:24:110102,1037878.75,830.303,,,,,да,нет,нет,нет,да,да,нет,да,55.560359248865424,49.30495699123391
16:24:110301:694,18462.0,Земли населенных пунктов,Учтенный,"Местоположение установлено относительно ориентира, расположенного в границах участка. Почтовый адрес ориентира: Российская Федерация, Республика Татарстан (Татарстан), м.р-н Лаишевский, с.п. Кирбинское, с Кирби, ул Молодежная, з/у 27.",Муниципальная,Сельскохозяйственное использование,СХ,0,нет,16:24:110301,1337920.83,72.47,,,,,да,нет,нет,нет,нет,нет,нет,да,55.56941332664165,49.30909093481677
16:24:110302:1701,26946.0,"Земли промышленности, энергетики, транспорта, связи, радиовещания, телевидения, информатики, земли для обеспечения космической деятельности, земли обороны, безопасности и земли иного специального назначения",Учтенный,"Местоположение установлено относительно ориентира, расположенного в границах участка. Почтовый адрес ориентира: Российская Федерация, Республика Татарстан, Лаишевский муниципальный район, Кирбинское сельское поселение.",Государственная федеральная,Автомобильный транспорт,ТРАНСПОРТ,0,нет,16:24:110302,113931905.05,4228.16,,,,,да,нет,нет,нет,нет,нет,нет,нет,55.55205976712625,49.32579542595934
16:24:110302:1619,1000.0,Земли населенных пунктов,Учтенный,"Местоположение установлено относительно ориентира, расположенного в границах участка. Почтовый адрес ориентира: Российская Федерация, Республика Татарстан, Лаишевский муниципальный район, Кирбинское сельское поселение, с Кирби.",Частная,Для индивидуального жилищного строительства,ИЖС,0,нет,16:24:110302,750211.7,750.21,,,,,нет,да,нет,нет,нет,да,нет,да,55.55565724644074,49.32060858110839
16:24:110104:6,4137.0,Земли населенных пунктов,Ранее учтенный,"Местоположение установлено относительно ориентира, расположенного в границах участка. Почтовый адрес ориентира: Российская Федерация, Республика Татарстан (Татарстан), м.р-н Лаишевский, с.п. Кирбинское, с Кирби, ул Степная, з/у 2.",Частная,Ведение личного подсобного хозяйства,ЛПХ,0,нет,16:24:110104,3553568.82,858.9724,,,,,нет,нет,нет,нет,да,да,нет,да,55.56156413802102,49.325011115270975
16:24:110102:64,3757.0,Земли населенных пунктов,Ранее учтенный,"Местоположение установлено относительно ориентира, расположенного в границах участка. Почтовый адрес ориентира: Российская Федерация, Республика Татарстан (Татарстан), м.р-н Лаишевский, с.п. Кирбинское, с Кирби, ул Пионерская, з/у 13.",Частная,Для ведения личного подсобного хозяйства,ЛПХ,0,нет,16:24:110102,3182666.66,847.13,,,,,нет,нет,нет,нет,да,да,нет,да,55.561688986843116,49.314104065540505
16:24:110106:442,1789.0,Земли населенных пунктов,Учтенный,"Местоположение установлено относительно ориентира, расположенного в границах участка. Почтовый адрес ориентира: Российская Федерация, Республика Татарстан, Лаишевский муниципальный район, Кирбинское сельское поселение, с Кирби.",Частная,Ведение личного подсобного хозяйства,ЛПХ,0,нет,16:24:110106,1418702.05,793.01,,,,,нет,нет,нет,нет,да,да,нет,да,55.557786536102526,49.30422802074138
16:24:110102:3,2541.0,Земли населенных пунктов,Ранее учтенный,"Местоположение установлено относительно ориентира, расположенного в границах участка. Почтовый адрес ориентира: Российская Федерация, Республика Татарстан (Татарстан), м.р-н Лаишевский, с.п. Кирбинское, с Кирби, ул Спартаковская, з/у 4.",,Для ведения личного подсобного хозяйства,ЛПХ,0,нет,16:24:110102,2132439.98,839.2129,,,,,да,нет,нет,нет,да,да,нет,да,55.55921117510427,49.3043588336617
16:24:110102:77,2284.0,Земли населенных пунктов,Ранее учтенный,"Местоположение установлено относительно ориентира, расположенного в границах участка. Почтовый адрес ориентира: Российская Федерация, Республика Татарстан (Татарстан), м.р-н Лаишевский, с.п. Кирбинское, с Кирби, ул Спартаковская, з/у 16А.",Частная,Ведение личного подсобного хозяйства,ЛПХ,0,нет,16:24:110102,1890470.45,827.7016,,,,,нет,нет,нет,нет,да,да,нет,да,55.55859174488584,49.30048482421413
16:24:110106:26,5377.0,Земли населенных пунктов,Ранее учтенный,"Местоположение установлено относительно ориентира, расположенного в границах участка. Почтовый адрес ориентира: Российская Федерация, Республика Татарстан (Татарстан), м.р-н Лаишевский, с.п. Кирбинское, с Кирби, ул Спартаковская, з/у 1.",,Ведение личного подсобного хозяйства,ЛПХ,0,нет,16:24:110106,4411679.02,820.4722,,,,,да,нет,нет,нет,да,да,нет,да,55.55789730007797,49.30513854511736
16:24:110106:49,1500.0,Земли населенных пунктов,Ранее учтенный,"Местоположение установлено относительно ориентира, расположенного в границах участка. Почтовый адрес ориентира: Российская Федерация, Республика Татарстан (Татарстан), м.р-н Лаишевский, с.п. Кирбинское, с Кирби, ул Спартаковская, з/у 21А.",Частная,Индивидуальное жилищное строительство,ДРУГОЕ,0,нет,16:24:110106,1173909.6,782.6064,,,,,нет,нет,нет,нет,нет,нет,нет,да,55.55733860216564,49.29562784835413
16:24:110106:16,3435.0,Земли населенных пунктов,Ранее учтенный,"Местоположение установлено относительно ориентира, расположенного в границах участка. Почтовый адрес ориентира: Российская Федерация, Республика Татарстан (Татарстан), м.р-н Лаишевский, с.п. Кирбинское, с Кирби, ул Спартаковская, з/у 15.",,Для ведения личного подсобного хозяйства,ЛПХ,0,нет,16:24:110106,2637992.06,767.9744,,,,,да,нет,нет,нет,да,да,нет,да,55.557513829544845,49.30079305446701
16:24:110106:8,1514.0,Земли населенных пунктов,Ранее учтенный,"Местоположение установлено относительно ориентира, расположенного в границах участка. Почтовый адрес ориентира: Российская Федерация, Республика Татарстан (Татарстан), м.р-н Лаишевский, с.п. Кирбинское, с Кирби, ул Спартаковская, з/у 17В.",,Ведение личного подсобного хозяйства,ЛПХ,0,нет,16:24:110106,1169916.4,772.7321,,,,,да,нет,нет,нет,да,да,нет,да,55.55734189763467,49.29834269671188
16:24:110106:1,1000.0,Земли населенных пунктов,Ранее учтенный,"Местоположение установлено относительно ориентира, расположенного в границах участка. Почтовый адрес ориентира: Российская Федерация, Республика Татарстан (Татарстан), м.р-н Лаишевский, с.п. Кирбинское, с Кирби, ул Спартаковская, з/у 23.",Частная,Для индивидуального жилищного строительства,ИЖС,0,нет,16:24:110106,786130.9,786.1309,,,,,нет,да,нет,нет,нет,да,нет,да,55.55723012107641,49.29594514138934
16:24:110102:1,2951.0,Земли населенных пунктов,Ранее учтенный,"Местоположение установлено относительно ориентира, расположенного в границах участка. Почтовый адрес ориентира: Российская Федерация, Республика Татарстан (Татарстан), м.р-н Лаишевский, с.п. Кирбинское, с Кирби, ул Спартаковская, з/у 8.",,Для ведения личного подсобного хозяйства,ЛПХ,0,нет,16:24:110102,2473234.87,838.1006,,,,,да,нет,нет,нет,да,да,нет,да,55.55898699695457,49.30322241151867
16:24:110106:28,,Земли населенных пунктов,Ранее учтенный,"Местоположение установлено относительно ориентира, расположенного в границах участка. Почтовый адрес ориентира: Российская Федерация, Республика Татарстан (Татарстан), м.р-н Лаишевский, с.п. Кирбинское, с Кирби, ул Овражная, з/у 5.",Частная,Ведение личного подсобного хозяйства,ЛПХ,0,нет,16:24:110106,3600554.22,855.8484,,,,,нет,нет,нет,нет,да,да,нет,да,55.55810668174517,49.30625552873344
16:24:110106:20,,Земли населенных пунктов,Ранее учтенный,"Местоположение установлено относительно ориентира, расположенного в границах участка. Почтовый адрес ориентира: Российская Федерация, Республика Татарстан (Татарстан), м.р-н Лаишевский, с.п. Кирбинское, с Кирби, ул Спартаковская, з/у 11.",,Для ведения личного подсобного хозяйства,ЛПХ,0,нет,16:24:110106,1906539.4,778.4971,,,,,да,нет,нет,нет,да,да,нет,да,55.55769450670486,49.30223407092431
16:24:110106:22,2508.0,Земли населенных пунктов,Ранее учтенный,"Местоположение установлено относительно ориентира, расположенного в границах участка. Почтовый адрес ориентира: Российская Федерация, Республика Татарстан (Татарстан), м.р-н Лаишевский, с.п. Кирбинское, с Кирби, ул Спартаковская, з/у 7А.",,Ведение личного подсобного хозяйства и индивидуальное жилищное строительство,ЛПХ,0,нет,16:24:110106,1950950.13,777.8908,,,,,да,нет,нет,нет,да,да,нет,да,55.55774388427867,49.30327572074605
16:24:110106:428,800.0,Земли населенных пунктов,Учтенный,"Республика Татарстан, Лаишевский муниципальный район, Кирбинское сельское поселение, с Кирби, ул. Овражная",Частная,личное подсобное хозяйство,ДРУГОЕ,0,нет,16:24:110106,691217.52,864.0219,,,,,нет,нет,нет,нет,нет,нет,нет,да,55.55847573181412,49.30662086118658
16:24:110102:73,,Земли населенных пунктов,Ранее учтенный,"Местоположение установлено относительно ориентира, расположенного в границах участка. Почтовый адрес ориентира: Российская Федерация, Республика Татарстан (Татарстан), м.р-н Лаишевский, с.п. Кирбинское, с Кирби, ул Спартаковская, з/у 10.",Частная,Ведение личного подсобного хозяйства,ЛПХ,0,нет,16:24:110102,2214933.37,836.46,,,,,нет,нет,нет,нет,да,да,нет,да,55.55884051936754,49.30233312627094
16:24:110106:17,,Земли населенных пунктов,Ранее учтенный,"Местоположение установлено относительно ориентира, расположенного в границах участка. Почтовый адрес ориентира: Российская Федерация, Республика Татарстан (Татарстан), м.р-н Лаишевский, с.п. Кирбинское, с Кирби, ул Спартаковская, з/у 13А.",Частная,Индивидуальное жилищное строительство,ДРУГОЕ,0,нет,16:24:110106,1977587.5,769.4893,,,,,нет,нет,нет,нет,нет,нет,нет,да,55.55762244158875,49.301105587383994
16:24:110106:21,4961.0,Земли населенных пунктов,Ранее учтенный,"Местоположение установлено относительно ориентира, расположенного в границах участка. Почтовый адрес ориентира: Российская Федерация, Республика Татарстан (Татарстан), м.р-н Лаишевский, с.п. Кирбинское, с Кирби, ул Спартаковская, з/у 9.",,Ведение личного подсобного хозяйства,ЛПХ,0,нет,16:24:110106,3855987.36,777.2601,,,,,да,нет,нет,нет,да,да,нет,да,55.55767931551013,49.302738728158694
16:24:110106:14,2047.0,Земли населенных пунктов,Ранее учтенный,"Местоположение установлено относительно ориентира, расположенного в границах участка. Почтовый адрес ориентира: Российская Федерация, Республика Татарстан (Татарстан), м.р-н Лаишевский, с.п. Кирбинское, с Кирби, ул Спартаковская, з/у 15Б.",Частная,Ведение личного подсобного хозяйства,ЛПХ,0,нет,16:24:110106,1568350.6,766.1703,,,,,нет,нет,нет,нет,да,да,нет,да,55.55727518223121,49.29997334392061
16:24:110106:18,2500.0,Земли населенных пунктов,Ранее учтенный,"Местоположение установлено относительно ориентира, расположенного в границах участка. Почтовый адрес ориентира: Российская Федерация, Республика Татарстан (Татарстан), м.р-н Лаишевский, с.п. Кирбинское, с Кирби, ул Спартаковская, з/у 13.",,ведение личного подсобного хозяйства,ЛПХ,0,нет,16:24:110106,1945456.25,778.1825,,,,,да,нет,нет,нет,да,да,нет,да,55.55759114766671,49.30154167575413
16:24:110302:1735,1000.0,Земли населенных пунктов,Учтенный,"Республика Татарстан, Лаишевский муниципальный район, Кирбинское сельское поселение, с Кирби",Частная,Для индивидуального жилищного строительства,ИЖС,0,нет,16:24:110302,761568.9,761.57,,,,,нет,да,нет,нет,нет,да,нет,да,55.55478933567438,49.321793021256255
16:24:110302:1750,1000.0,Земли населенных пунктов,Учтенный,"Республика Татарстан, Лаишевский муниципальный район, Кирбинское сельское поселение, с Кирби",Частная,Для индивидуального жилищного строительства,ИЖС,0,нет,16:24:110302,770906.2,770.91,,,,,нет,да,нет,нет,нет,да,нет,да,55.55495398233614,49.32122593989164
16:24:110302:1739,1000.0,Земли населенных пунктов,Учтенный,"Республика Татарстан, Лаишевский муниципальный район, Кирбинское сельское поселение, с Кирби",Частная,Для индивидуального жилищного строительства,ИЖС,0,нет,16:24:110302,750394.2,750.39,,,,,нет,да,нет,нет,нет,да,нет,да,55.55429990777129,49.32239323979066
16:24:110104:15,,Земли населенных пунктов,Ранее учтенный,"Местоположение установлено относительно ориентира, расположенного в границах участка. Почтовый адрес ориентира: Российская Федерация, Республика Татарстан (Татарстан), м.р-н Лаишевский, с.п. Кирбинское, с Кирби, ул Степная, з/у 18А.",Муниципальная,Для ведения личного подсобного хозяйства,ЛПХ,0,нет,16:24:110104,1644914.72,778.47,,,,,да,нет,нет,нет,да,да,нет,да,55.5610550078407,49.328875871886666
16:24:110101:467,1219.0,Земли населенных пунктов,Учтенный,"Российская Федерация, Республика Татарстан (Татарстан), м.р-н Лаишевский, с.п. Кирбинское, с Кирби, ул Молодежная, з/у 16в",Частная,для ведения личного подсобного хозяйства,ЛПХ,0,нет,16:24:110101,1124347.09,922.35,,,,,нет,нет,нет,нет,да,да,нет,да,55.56528319233071,49.314461733778174
16:24:110302:1814,35817.0,Земли населенных пунктов,Учтенный,"Республика Татарстан, Лаишевский муниципальный район, Кирбинское сельское поселение
",Частная,Для сельскохозяйственного производства,СХ,0,нет,16:24:110302,120789.25,3.37,,,,,нет,нет,нет,нет,нет,нет,нет,да,55.55359443030413,49.29566955801276
16:24:110302:2894,2805.0,Земли населенных пунктов,Учтенный,"Республика Татарстан, Лаишевский муниципальный район, Кирбинское сельское поселение
",Частная,Предоставление коммунальных услуг,ДРУГОЕ,0,нет,16:24:110302,1551680.84,553.18,,,,,нет,нет,нет,нет,нет,нет,нет,да,55.55603553275046,49.31339320765813
16:24:110302:2873,188.0,Земли населенных пунктов,Учтенный,"Республика Татарстан, Лаишевский муниципальный район, Кирбинское сельское поселение
",Частная,Благоустройство территории (код 12.0.2),ДРУГОЕ,0,нет,16:24:110302,2522.26,13.42,,,,,нет,нет,нет,нет,нет,нет,нет,да,55.55386052982541,49.31239723325443
16:24:110302:2930,28167.0,Земли населенных пунктов,Учтенный,"Республика Татарстан, Лаишевский муниципальный район, Кирбинское сельское поселение
",Частная,улично-дорожная сеть ( 12.0.1),ДРУГОЕ,0,нет,16:24:110302,15318048.34,543.83,,,,,нет,нет,нет,нет,нет,нет,нет,да,55.555596874171975,49.31346885492085
16:24:110302:2980,5709.0,Земли населенных пунктов,Учтенный,"Российская Федерация, Республика Татарстан, Лаишевский муниципальный район, Кирбинское сельское поселение",Частная,Для сельскохозяйственного производства,СХ,0,нет,16:24:110302,23977.8,4.2,,,,,нет,нет,нет,нет,нет,нет,нет,да,55.55649097701845,49.290214553677856
16:24:110102:744,1500.0,Земли населенных пунктов,Учтенный,"Российская Федерация, Республика Татарстан (Татарстан), м.р-н Лаишевский, с.п. Кирбинское, с Кирби, ул Спартаковская, з/у 6А",Частная,Для ведения личного подсобного хозяйства,ЛПХ,0,нет,16:24:110102,1254303.75,836.2,,,,,нет,нет,нет,нет,да,да,нет,да,55.55941940830721,49.30387647564104
16:24:110102:745,1830.0,Земли населенных пунктов,Учтенный,"Российская Федерация, Республика Татарстан (Татарстан), м.р-н Лаишевский, с.п. Кирбинское, с Кирби, ул Спартаковская, з/у 6",Частная,Для ведения личного подсобного хозяйства,ЛПХ,0,нет,16:24:110102,1537841.42,840.35,,,,,нет,нет,нет,нет,да,да,нет,да,55.55881017209118,49.30373321598437
16:24:110301:1073,15001.0,Земли населенных пунктов,Учтенный,"Российская Федерация, Республика Татарстан, Лаишевский муниципальный район,Кирбинское сельское поселение, с Кирби",Частная,Сельскохозяйственное использование,СХ,0,нет,16:24:110301,1119188.61,74.61,,,,,нет,нет,нет,нет,нет,нет,нет,да,55.56776131855229,49.311579433757515
16:24:110302:2986,1000.0,Земли населенных пунктов,Учтенный,"Российская Федерация, Республика Татарстан, Лаишевский муниципальный район, Кирбинское сельское поселение",Частная,Для индивидуального жилищного строительства,ИЖС,0,нет,16:24:110302,618742.6,618.74,,,,,нет,да,нет,нет,нет,да,нет,да,55.55540419256012,49.30137163073168
16:24:110104:385,1475.0,Земли населенных пунктов,Учтенный,"Российская Федерация, Республика Татарстан, Лаишевский муниципальный район, Кирбинское сельское поселение, с Кирби, ул. Степная",Частная,Личное подсобное хозяйство,ДРУГОЕ,0,нет,16:24:110104,1232252.61,835.43,,,,,нет,нет,нет,нет,нет,нет,нет,да,55.561359992780304,49.3260121331218
16:24:110102:746,1035.0,Земли населенных пунктов,Учтенный,"Российская Федерация, Республика Татарстан (Татарстан), м.р-н Лаишевский, с.п. Кирбинское, с Кирби, ул Гвардейская, з/у 25В",Частная,для личного подсобного хозяйства,ЛПХ,0,нет,16:24:110102,928799.89,897.39,,,,,нет,нет,нет,нет,да,да,нет,да,55.56189368299258,49.31029477969412
16:24:110302:3030,1000.0,Земли населенных пунктов,Учтенный,"Российская Федерация, Республика Татарстан, Лаишевский муниципальный район, Кирбинское сельское поселение",Частная,для индивидуального жилищного строительства (код 2.1),ИЖС,0,нет,16:24:110302,738281.7,738.28,,,,,нет,да,нет,нет,нет,да,нет,да,55.556066512525426,49.293637377130416
16:24:110102:754,1870.0,Земли населенных пунктов,Учтенный,"Российская Федерация, Республика Татарстан (Татарстан), м.р-н Лаишевский, с.п. Кирбинское, с Кирби, ул Юности, з/у 4/1",Частная,Ведение личного подсобного хозяйства,ЛПХ,0,нет,16:24:110102,1644734.19,879.54,,,,,нет,нет,нет,нет,да,да,нет,да,55.56034517744264,49.3079693080738
16:24:110102:762,2480.0,Земли населенных пунктов,Учтенный,"Российская Федерация, Республика Татарстан (Татарстан), м.р-н Лаишевский, с.п. Кирбинское, с Кирби, ул Юности, з/у 3",Частная,Для ведения личного подсобного хозяйства,ЛПХ,0,нет,16:24:110102,2165162.51,873.05,,,,,нет,нет,нет,нет,да,да,нет,да,55.560047162445635,49.30729915840186
16:24:110102:770,1662.0,Земли населенных пунктов,Учтенный,"Российская Федерация, Республика Татарстан, Лаишевский муниципальный район, Кирбинское сельское поселение, село Кирби, улица Юности ",Частная,Для ведения личного подсобного хозяйства,ЛПХ,0,нет,16:24:110102,1523120.29,916.44,,,,,нет,нет,нет,нет,да,да,нет,да,55.56411722095016,49.30999316783601
16:24:110102:773,1000.0,Земли населенных пунктов,Учтенный,"Российская Федерация, Республика Татарстан (Татарстан), м.р-н Лаишевский, с.п. Кирбинское, с Кирби, ул Юности, з/у 30А",Частная,Для индивидуального жилищного строительства,ИЖС,0,нет,16:24:110102,850192.2,850.19,,,,,нет,да,нет,нет,нет,да,нет,да,55.56065373558282,49.305920376422456
16:24:110101:479,1100.0,Земли населенных пунктов,Учтенный,"Российская Федерация, Республика Татарстан, Лаишевский муниципальный район, Кирбинское сельское поселение, с Кирби, ул. Чапаева",Частная,Ведение личного подсобного хозяйства,ЛПХ,0,нет,16:24:110101,1015105.52,922.82,,,,,нет,нет,нет,нет,да,да,нет,да,55.56543436730736,49.31586290802388
16:24:110302:3242,1000.0,Земли населенных пунктов,Учтенный,"Российская Федерация, Республика Татарстан, Лаишевский муниципальный район, Кирбинское сельское поселение",Частная,Для индивидуального жилищного строительства,ИЖС,0,нет,16:24:110302,620299.4,620.3,,,,,нет,да,нет,нет,нет,да,нет,да,55.55486176566906,49.30017693954257
16:24:110302:3235,1010.0,Земли населенных пунктов,Учтенный,"Российская Федерация, Республика Татарстан, Лаишевский муниципальный район, Кирбинское сельское поселение",Частная,Для индивидуального жилищного строительства,ИЖС,0,нет,16:24:110302,635500.99,629.21,,,,,нет,да,нет,нет,нет,да,нет,да,55.554952662070036,49.29903951974513
16:24:110302:3236,1000.0,Земли населенных пунктов,Учтенный,"Российская Федерация, Республика Татарстан, Лаишевский муниципальный район, Кирбинское сельское поселение",Частная,Для индивидуального жилищного строительства,ИЖС,0,нет,16:24:110302,630346.8,630.35,,,,,нет,да,нет,нет,нет,да,нет,да,55.55508746923419,49.29945337572739
16:24:110302:3237,1000.0,Земли населенных пунктов,Учтенный,"Российская Федерация, Республика Татарстан, Лаишевский муниципальный район, Кирбинское сельское поселение",Частная,Для индивидуального жилищного строительства,ИЖС,0,нет,16:24:110302,622995.0,623.0,,,,,нет,да,нет,нет,нет,да,нет,да,55.555136831415915,49.29983694551291
16:24:110301:1265,1679.0,Земли населенных пунктов,Учтенный,"Республика Татарстан, Лаишевский муниципальный район, Кирбинское сельское поселение",Частная,для индивидуального жилищного строительства,ИЖС,0,нет,16:24:110301,928156.07,552.8,,,,,нет,да,нет,нет,нет,да,нет,да,55.565688581606445,49.28895179106209
16:24:110301:1255,1000.0,Земли населенных пунктов,Учтенный,"Республика Татарстан, Лаишевский муниципальный район, Кирбинское сельское поселение",Частная,для индивидуального жилищного строительства,ИЖС,0,нет,16:24:110301,652179.8,652.18,,,,,нет,да,нет,нет,нет,да,нет,да,55.57454926398903,49.302437606562265
16:24:110301:1213,2500.0,Земли населенных пунктов,Учтенный,"Республика Татарстан, Лаишевский муниципальный район, Кирбинское сельское поселение",Частная,для индивидуального жилищного строительства,ИЖС,0,нет,16:24:110301,1417456.75,566.98,,,,,нет,да,нет,нет,нет,да,нет,да,55.56401256344231,49.28841048241988
16:24:110301:1360,2500.0,Земли населенных пунктов,Учтенный,"Республика Татарстан, Лаишевский муниципальный район, Кирбинское сельское поселение",Частная,для индивидуального жилищного строительства,ИЖС,0,нет,16:24:110301,1354565.75,541.83,,,,,нет,да,нет,нет,нет,да,нет,да,55.56335484406603,49.286435208469875
16:24:110301:1254,1000.0,Земли населенных пунктов,Учтенный,"Республика Татарстан, Лаишевский муниципальный район, Кирбинское сельское поселение",Частная,для индивидуального жилищного строительства,ИЖС,0,нет,16:24:110301,539465.3,539.47,,,,,нет,да,нет,нет,нет,да,нет,да,55.56690639923092,49.28923677496337
16:24:110301:1257,2000.0,Земли населенных пунктов,Учтенный,"Республика Татарстан, Лаишевский муниципальный район, Кирбинское сельское поселение",Частная,для индивидуального жилищного строительства,ИЖС,0,нет,16:24:110301,1108077.4,554.04,,,,,нет,да,нет,нет,нет,да,нет,да,55.56562118395988,49.288157676200804
16:24:110301:1311,1101.0,Земли населенных пунктов,Учтенный,"Республика Татарстан, Лаишевский муниципальный район, Кирбинское сельское поселение",Частная,для индивидуального жилищного строительства,ИЖС,0,нет,16:24:110301,607809.8,552.05,,,,,нет,да,нет,нет,нет,да,нет,да,55.56430219753125,49.28502623102625
16:24:110301:1330,1000.0,Земли населенных пунктов,Учтенный,"Республика Татарстан, Лаишевский муниципальный район, Кирбинское сельское поселение",Частная,для индивидуального жилищного строительства,ИЖС,0,нет,16:24:110301,545205.8,545.21,,,,,нет,да,нет,нет,нет,да,нет,да,55.56490874959199,49.28719148827005
16:24:110301:1203,1126.0,Земли населенных пунктов,Учтенный,"Республика Татарстан, Лаишевский муниципальный район, Кирбинское сельское поселение",Частная,для индивидуального жилищного строительства,ИЖС,0,нет,16:24:110301,690463.99,613.2,,,,,нет,да,нет,нет,нет,да,нет,да,55.56798980327084,49.29326966059611
16:24:110301:1111,1391.0,Земли населенных пунктов,Учтенный,"Республика Татарстан, Лаишевский муниципальный район, Кирбинское сельское поселение",Частная,для индивидуального жилищного строительства,ИЖС,0,нет,16:24:110301,922825.71,663.43,,,,,нет,да,нет,нет,нет,да,нет,да,55.57467260919031,49.303256558438996
16:24:110301:1152,1013.0,Земли населенных пунктов,Учтенный,"Республика Татарстан, Лаишевский муниципальный район, Кирбинское сельское поселение",Частная,для индивидуального жилищного строительства,ИЖС,0,нет,16:24:110301,575412.97,568.03,,,,,нет,да,нет,нет,нет,да,нет,да,55.568486617858774,49.28986010637637
16:24:110301:1177,1000.0,Земли населенных пунктов,Учтенный,"Республика Татарстан, Лаишевский муниципальный район, Кирбинское сельское поселение",Частная,для индивидуального жилищного строительства,ИЖС,0,нет,16:24:110301,629245.9,629.25,,,,,нет,да,нет,нет,нет,да,нет,да,55.57501928197993,49.301375583725104
16:24:110301:1176,1000.0,Земли населенных пунктов,Учтенный,"Республика Татарстан, Лаишевский муниципальный район, Кирбинское сельское поселение",Частная,для индивидуального жилищного строительства,ИЖС,0,нет,16:24:110301,590743.8,590.74,,,,,нет,да,нет,нет,нет,да,нет,да,55.56931375066578,49.29256371304742
16:24:110301:1199,1000.0,Земли населенных пунктов,Учтенный,"Республика Татарстан, Лаишевский муниципальный район, Кирбинское сельское поселение",Частная,для индивидуального жилищного строительства,ИЖС,0,нет,16:24:110301,652954.6,652.95,,,,,нет,да,нет,нет,нет,да,нет,да,55.57481405077215,49.30153637337248
16:24:110301:1273,1354.0,Земли населенных пунктов,Учтенный,"Республика Татарстан, Лаишевский муниципальный район, Кирбинское сельское поселение",Частная,для индивидуального жилищного строительства,ИЖС,0,нет,16:24:110301,717034.67,529.57,,,,,нет,да,нет,нет,нет,да,нет,да,55.56616955322439,49.29012066337246
16:24:110301:1292,1536.0,Земли населенных пунктов,Учтенный,"Республика Татарстан, Лаишевский муниципальный район, Кирбинское сельское поселение",Частная,для индивидуального жилищного строительства,ИЖС,0,нет,16:24:110301,948694.43,617.64,,,,,нет,да,нет,нет,нет,да,нет,да,55.5670709904368,49.292297411570495
16:24:110301:1319,1000.0,Земли населенных пунктов,Учтенный,"Республика Татарстан, Лаишевский муниципальный район, Кирбинское сельское поселение",Частная,для индивидуального жилищного строительства,ИЖС,0,нет,16:24:110301,539411.4,539.41,,,,,нет,да,нет,нет,нет,да,нет,да,55.56461219154816,49.285950087918714
16:24:110301:1404,1660.0,Земли населенных пунктов,Учтенный,"Республика Татарстан, Лаишевский муниципальный район, Кирбинское сельское поселение",Частная,для индивидуального жилищного строительства,ИЖС,0,нет,16:24:110301,1032814.65,622.18,,,,,нет,да,нет,нет,нет,да,нет,да,55.57564070137959,49.30310225586742
16:24:110301:1280,1000.0,Земли населенных пунктов,Учтенный,"Республика Татарстан, Лаишевский муниципальный район, Кирбинское сельское поселение",Частная,для индивидуального жилищного строительства,ИЖС,0,нет,16:24:110301,568839.1,568.84,,,,,нет,да,нет,нет,нет,да,нет,да,55.56499854994767,49.28925957349022
16:24:110301:1283,1000.0,Земли населенных пунктов,Учтенный,"Республика Татарстан, Лаишевский муниципальный район, Кирбинское сельское поселение",Частная,для индивидуального жилищного строительства,ИЖС,0,нет,16:24:110301,571153.3,571.15,,,,,нет,да,нет,нет,нет,да,нет,да,55.565521499946314,49.290008849178136
16:24:110301:1210,1000.0,Земли населенных пунктов,Учтенный,"Республика Татарстан, Лаишевский муниципальный район, Кирбинское сельское поселение",Частная,для индивидуального жилищного строительства,ИЖС,0,нет,16:24:110301,646676.4,646.68,,,,,нет,да,нет,нет,нет,да,нет,да,55.57495978244962,49.30211603752326
16:24:110301:1186,1000.0,Земли населенных пунктов,Учтенный,"Республика Татарстан, Лаишевский муниципальный район, Кирбинское сельское поселение",Частная,для индивидуального жилищного строительства,ИЖС,0,нет,16:24:110301,605093.0,605.09,,,,,нет,да,нет,нет,нет,да,нет,да,55.56921793356078,49.293733192674964
16:24:110301:1307,1000.0,Земли населенных пунктов,Учтенный,"Республика Татарстан, Лаишевский муниципальный район, Кирбинское сельское поселение",Частная,для индивидуального жилищного строительства,ИЖС,0,нет,16:24:110301,529725.1,529.73,,,,,нет,да,нет,нет,нет,да,нет,да,55.5651445786347,49.28577357133636
16:24:110301:1317,1000.0,Земли населенных пунктов,Учтенный,"Республика Татарстан, Лаишевский муниципальный район, Кирбинское сельское поселение",Частная,для индивидуального жилищного строительства,ИЖС,0,нет,16:24:110301,535964.4,535.96,,,,,нет,да,нет,нет,нет,да,нет,да,55.56402531635296,49.285905508335986
16:24:110301:1313,1000.0,Земли населенных пунктов,Учтенный,"Республика Татарстан, Лаишевский муниципальный район, Кирбинское сельское поселение",Частная,для индивидуального жилищного строительства,ИЖС,0,нет,16:24:110301,528135.2,528.14,,,,,нет,да,нет,нет,нет,да,нет,да,55.56408129953975,49.28506709440573
16:24:110302:3247,1060.0,Земли населенных пунктов,Учтенный,"Российская Федерация, Республика Татарстан, Лаишевский муниципальный район, Кирбинское сельское поселение, с Кирби",Частная,Для индивидуального жилищного строительства,ИЖС,0,нет,16:24:110302,814639.47,768.53,,,,,нет,да,нет,нет,нет,да,нет,да,55.556480440982156,49.29139075198695
16:24:110302:3246,1100.0,Земли населенных пунктов,Учтенный,"Российская Федерация, Республика Татарстан, Лаишевский муниципальный район, Кирбинское сельское поселение, с Кирби",Частная,Для индивидуального жилищного строительства,ИЖС,0,нет,16:24:110302,846999.23,770.0,,,,,нет,да,нет,нет,нет,да,нет,да,55.5566715879886,49.29134376607149
16:24:110302:3259,1314.0,Земли населенных пунктов,Учтенный,"Российская Федерация, Республика Татарстан, Лаишевский муниципальный район, Кирбинское сельское поселение, с Кирби",Частная,Для индивидуального жилищного строительства,ИЖС,0,нет,16:24:110302,902257.84,686.65,,,,,нет,да,нет,нет,нет,да,нет,да,55.55409206694318,49.30930461822006
16:24:110302:3256,1261.0,Земли населенных пунктов,Учтенный,"Российская Федерация, Республика Татарстан, Лаишевский муниципальный район, Кирбинское сельское поселение, с Кирби",Частная,Для индивидуального жилищного строительства,ИЖС,0,нет,16:24:110302,874071.99,693.16,,,,,нет,да,нет,нет,нет,да,нет,да,55.55484460862276,49.30924368921496
16:24:110302:3266,1000.0,Земли населенных пунктов,Учтенный,"Российская Федерация, Республика Татарстан, Лаишевский муниципальный район, Кирбинское сельское поселение, с Кирби",Частная,Для индивидуального жилищного строительства,ИЖС,0,нет,16:24:110302,659592.9,659.59,,,,,нет,да,нет,нет,нет,да,нет,да,55.55556798178459,49.29729817481727
16:24:110302:3265,1000.0,Земли населенных пунктов,Учтенный,"Российская Федерация, Республика Татарстан, Лаишевский муниципальный район, Кирбинское сельское поселение, с Кирби",Частная,Для индивидуального жилищного строительства,ИЖС,0,нет,16:24:110302,665743.9,665.74,,,,,нет,да,нет,нет,нет,да,нет,да,55.55570766215967,49.29681004672342
16:24:110302:3273,1294.0,Земли населенных пунктов,Учтенный,"Российская Федерация, Республика Татарстан, Лаишевский муниципальный район, Кирбинское сельское поселение, с Кирби",Частная,Для индивидуального жилищного строительства,ИЖС,0,нет,16:24:110302,1041473.7,804.85,,,,,нет,да,нет,нет,нет,да,нет,да,55.55643032122623,49.31187589769463
16:24:110302:3289,1000.0,Земли населенных пунктов,Учтенный,"Российская Федерация, Республика Татарстан, Лаишевский муниципальный район, Кирбинское сельское поселение, с Кирби",Частная,Для индивидуального жилищного строительства,ИЖС,0,нет,16:24:110302,748415.4,748.42,,,,,нет,да,нет,нет,нет,да,нет,да,55.555626425121915,49.31772255869297
16:24:110302:3279,1008.0,Земли населенных пунктов,Учтенный,"Российская Федерация, Республика Татарстан, Лаишевский муниципальный район, Кирбинское сельское поселение, с Кирби",Частная,Для индивидуального жилищного строительства,ИЖС,0,нет,16:24:110302,802668.08,796.3,,,,,нет,да,нет,нет,нет,да,нет,да,55.5557490638399,49.31412023308786
16:24:110302:3291,1000.0,Земли населенных пунктов,Учтенный,"Российская Федерация, Республика Татарстан, Лаишевский муниципальный район, Кирбинское сельское поселение, с Кирби",Частная,Для индивидуального жилищного строительства,ИЖС,0,нет,16:24:110302,760668.7,760.67,,,,,нет,да,нет,нет,нет,да,нет,да,55.55612379229132,49.31533553048519
16:24:110302:3293,1000.0,Земли населенных пунктов,Учтенный,"Российская Федерация, Республика Татарстан, Лаишевский муниципальный район, Кирбинское сельское поселение, с Кирби",Частная,Для индивидуального жилищного строительства,ИЖС,0,нет,16:24:110302,757363.5,757.36,,,,,нет,да,нет,нет,нет,да,нет,да,55.5560832885626,49.31616566763168
16:24:110302:3283,1000.0,Земли населенных пунктов,Учтенный,"Российская Федерация, Республика Татарстан, Лаишевский муниципальный район, Кирбинское сельское поселение, с Кирби",Частная,Для индивидуального жилищного строительства,ИЖС,0,нет,16:24:110302,798706.7,798.71,,,,,нет,да,нет,нет,нет,да,нет,да,55.55572226479557,49.315699916929454
16:24:110302:3285,1000.0,Земли населенных пунктов,Учтенный,"Российская Федерация, Республика Татарстан, Лаишевский муниципальный район, Кирбинское сельское поселение, с Кирби",Частная,Для индивидуального жилищного строительства,ИЖС,0,нет,16:24:110302,752139.1,752.14,,,,,нет,да,нет,нет,нет,да,нет,да,55.555753471076784,49.31646271338057
16:24:110302:3276,1000.0,Земли населенных пунктов,Учтенный,"Российская Федерация, Республика Татарстан, Лаишевский муниципальный район, Кирбинское сельское поселение, с Кирби",Частная,Для индивидуального жилищного строительства,ИЖС,0,нет,16:24:110302,749187.7,749.19,,,,,нет,да,нет,нет,нет,да,нет,да,55.55572998548895,49.31819397848112
16:24:110302:3303,1006.0,Земли населенных пунктов,Учтенный,"Российская Федерация, Республика Татарстан, Лаишевский муниципальный район, Кирбинское сельское поселение",Частная,Для индивидуального жилищного строительства,ИЖС,0,нет,16:24:110302,716559.11,712.29,,,,,нет,да,нет,нет,нет,да,нет,да,55.55446759443523,49.31026694608343
16:24:110302:3304,1069.0,Земли населенных пунктов,Учтенный,"Российская Федерация, Республика Татарстан, Лаишевский муниципальный район, Кирбинское сельское поселение",Частная,Для индивидуального жилищного строительства,ИЖС,0,нет,16:24:110302,755519.81,706.75,,,,,нет,да,нет,нет,нет,да,нет,да,55.55436369766482,49.31055389548339
16:24:110302:3312,1100.0,Земли населенных пунктов,Учтенный,"Российская Федерация, Республика Татарстан, Лаишевский муниципальный район, Кирбинское сельское поселение",Частная,Для индивидуального жилищного строительства,ИЖС,0,нет,16:24:110302,838844.49,762.59,,,,,нет,да,нет,нет,нет,да,нет,да,55.554520101977054,49.31296133814086
16:24:110302:3314,1000.0,Земли населенных пунктов,Учтенный,"Российская Федерация, Республика Татарстан, Лаишевский муниципальный район, Кирбинское сельское поселение",Частная,Для индивидуального жилищного строительства,ИЖС,0,нет,16:24:110302,736834.6,736.83,,,,,нет,да,нет,нет,нет,да,нет,да,55.55406992412651,49.31288628516302
16:24:110302:3325,1000.0,Земли населенных пунктов,Учтенный,"Российская Федерация, Республика Татарстан, Лаишевский муниципальный район, Кирбинское сельское поселение, с Кирби",Частная,Для индивидуального жилищного строительства,ИЖС,0,нет,16:24:110302,617325.1,617.33,,,,,нет,да,нет,нет,нет,да,нет,да,55.55460949689602,49.30370013781279
16:24:110302:3318,1001.0,Земли населенных пунктов,Учтенный,"Российская Федерация, Республика Татарстан, Лаишевский муниципальный район, Кирбинское сельское поселение, с Кирби",Частная,Для индивидуального жилищного строительства,ИЖС,0,нет,16:24:110302,625525.8,624.9,,,,,нет,да,нет,нет,нет,да,нет,да,55.55524371153673,49.303814414000556
16:24:110302:3323,1066.0,Земли населенных пунктов,Учтенный,"Российская Федерация, Республика Татарстан, Лаишевский муниципальный район, Кирбинское сельское поселение, с Кирби",Частная,Для индивидуального жилищного строительства,ИЖС,0,нет,16:24:110302,654798.5,614.26,,,,,нет,да,нет,нет,нет,да,нет,да,55.55415942565661,49.30378149133963
16:24:110302:3337,1001.0,Земли населенных пунктов,Учтенный,"Республика Татарстан, Лаишевский муниципальный район, Кирбинское сельское поселение, с Кирби",Частная,Для индивидуального жилищного строительства,ИЖС,0,нет,16:24:110302,771403.73,770.63,,,,,нет,да,нет,нет,нет,да,нет,да,55.55548863674427,49.31145004370286
16:24:110302:3343,1000.0,Земли населенных пунктов,Учтенный,"Российская Федерация, Республика Татарстан, Лаишевский муниципальный район, Кирбинское сельское поселение, с Кирби",Частная,Для индивидуального жилищного строительства,ИЖС,0,нет,16:24:110302,753703.2,753.7,,,,,нет,да,нет,нет,нет,да,нет,да,55.55657922740242,49.31655826861461
16:24:110302:3341,1000.0,Земли населенных пунктов,Учтенный,"Российская Федерация, Республика Татарстан, Лаишевский муниципальный район, Кирбинское сельское поселение, с Кирби",Частная,Для индивидуального жилищного строительства,ИЖС,0,нет,16:24:110302,771584.1,771.58,,,,,нет,да,нет,нет,нет,да,нет,да,55.55665259984486,49.31583613812493
16:24:110302:3344,1000.0,Земли населенных пунктов,Учтенный,"Российская Федерация, Республика Татарстан, Лаишевский муниципальный район, Кирбинское сельское поселение, с Кирби",Частная,Для индивидуального жилищного строительства,ИЖС,0,нет,16:24:110302,750998.7,751.0,,,,,нет,да,нет,нет,нет,да,нет,да,55.556562266082466,49.31699482593589
16:24:110302:3350,1000.0,Земли населенных пунктов,Учтенный,"Российская Федерация, Республика Татарстан, Лаишевский муниципальный район, Кирбинское сельское поселение, с Кирби",Частная,Для индивидуального жилищного строительства,ИЖС,0,нет,16:24:110302,822623.0,822.62,,,,,нет,да,нет,нет,нет,да,нет,да,55.55637064699031,49.31277810038447
16:24:110302:3349,1000.0,Земли населенных пунктов,Учтенный,"Российская Федерация, Республика Татарстан, Лаишевский муниципальный район, Кирбинское сельское поселение, с Кирби",Частная,Для индивидуального жилищного строительства,ИЖС,0,нет,16:24:110302,750870.1,750.87,,,,,нет,да,нет,нет,нет,да,нет,да,55.556118468963355,49.31905345366993
16:24:110302:3360,1000.0,Земли населенных пунктов,Учтенный,"Республика Татарстан, Лаишевский муниципальный район, Кирбинское сельское поселение, с Кирби",Частная,Для индивидуального жилищного строительства,ИЖС,0,нет,16:24:110302,616619.1,616.62,,,,,нет,да,нет,нет,нет,да,нет,да,55.55348983579654,49.298894579208024
16:24:110302:3365,1000.0,Земли населенных пунктов,Учтенный,"Республика Татарстан, Лаишевский муниципальный район, Кирбинское сельское поселение, с Кирби",Частная,Для индивидуального жилищного строительства,ИЖС,0,нет,16:24:110302,615404.4,615.4,,,,,нет,да,нет,нет,нет,да,нет,да,55.55369998139735,49.30053324714763
16:24:110302:3368,1201.0,Земли населенных пунктов,Учтенный,"Республика Татарстан, Лаишевский муниципальный район, Кирбинское сельское поселение, с Кирби",Частная,Для индивидуального жилищного строительства,ИЖС,0,нет,16:24:110302,748303.47,623.07,,,,,нет,да,нет,нет,нет,да,нет,да,55.55454329416981,49.300691591473516
16:24:110302:3369,1438.0,Земли населенных пунктов,Учтенный,"Республика Татарстан, Лаишевский муниципальный район, Кирбинское сельское поселение, с Кирби",Частная,Для индивидуального жилищного строительства,ИЖС,0,нет,16:24:110302,889278.61,618.41,,,,,нет,да,нет,нет,нет,да,нет,да,55.55449284788287,49.301275430362665
16:24:110302:3377,1000.0,Земли населенных пунктов,Учтенный,"Российская Федерация, Республика Татарстан, Лаишевский муниципальный район, Кирбинское сельское поселение, с Кирби",Частная,Для индивидуального жилищного строительства,ИЖС,0,нет,16:24:110302,627161.7,627.16,,,,,нет,да,нет,нет,нет,да,нет,да,55.55594475880023,49.3019089724915
16:24:110302:3378,1000.0,Земли населенных пунктов,Учтенный,"Российская Федерация, Республика Татарстан, Лаишевский муниципальный район, Кирбинское сельское поселение, с Кирби",Частная,Для индивидуального жилищного строительства,ИЖС,0,нет,16:24:110302,627410.0,627.41,,,,,нет,да,нет,нет,нет,да,нет,да,55.5559678552608,49.302236423763
16:24:110102:780,1173.0,Земли населенных пунктов,Учтенный,"Республика Татарстан, Лаишевский муниципальный район, Кирбинское сельское поселение, с Кирби, ул. Юности, д. 21а",Частная,Для ведения личного подсобного хозяйства,ЛПХ,0,нет,16:24:110102,1000815.33,853.21,,,,,нет,нет,нет,нет,да,да,нет,да,55.56219239106831,49.30656860338243
16:24:110101:489,1309.0,Земли населенных пунктов,Учтенный,"Республика Татарстан, Лаишевский муниципальный район, Кирбинское сельское поселение, с Кирби, ул. Чапаева, 26",Частная,Для ведения личного подсобного хозяйства,ЛПХ,0,нет,16:24:110101,1159509.19,885.8,,,,,нет,нет,нет,нет,да,да,нет,да,55.5643610759066,49.31692174646298
16:24:110101:497,1093.0,Земли населенных пунктов,Учтенный,"Российская Федерация,Республика Татарстан, Лаишевский муниципальный район, Кирбинское сельское поселение, с Кирби, ул. Молодежная, д. 7 г",Частная,Для ведения личного подсобного хозяйства,ЛПХ,0,нет,16:24:110101,1032417.31,944.57,,,,,нет,нет,нет,нет,да,да,нет,да,55.56615652335616,49.320808685284156
16:24:110102:795,1186.0,Земли населенных пунктов,Учтенный,"Российская Федерация, Республика Татарстан, Лаишевский муниципальный район, Кирбинское сельское поселение, с Кирби, ул. Юности, з/у 9г",Частная,Для личного подсобного хозяйства,ЛПХ,0,нет,16:24:110102,1058101.64,892.16,,,,,нет,нет,нет,нет,да,да,нет,да,55.563059842188544,49.308501270084385
16:24:110105:42,1030.0,Земли населенных пунктов,Ранее учтенный,"Местоположение установлено относительно ориентира, расположенного в границах участка. Почтовый адрес ориентира: Российская Федерация, Республика Татарстан (Татарстан), м.р-н Лаишевский, с.п. Кирбинское, с Кирби, ул Татарстан, з/у 29.",Частная,Для индивидуального жилищного строительства,ИЖС,0,нет,16:24:110105,844029.48,819.4461,,,,,нет,да,нет,нет,нет,да,нет,да,55.55877507403509,49.313042404176564
16:24:110102:695,37999.0,Земли населенных пунктов,Учтенный,"Местоположение установлено относительно ориентира, расположенного в границах участка. Почтовый адрес ориентира: Республика Татарстан, Лаишевский муниципальный район, Кирбинское сельское поселение, с Кирби.",Муниципальная,ритуальная деятельность (кладбище),ДРУГОЕ,0,нет,16:24:110102,32711754.54,860.8583,,,,,да,нет,нет,нет,нет,нет,нет,да,55.5604579959897,49.30314964427387
16:24:110301:374,12221.0,"Земли промышленности, энергетики, транспорта, связи, радиовещания, телевидения, информатики, земли для обеспечения космической деятельности, земли обороны, безопасности и земли иного специального назначения",Ранее учтенный,"Местоположение установлено относительно ориентира, расположенного в границах участка. Ориентир с. Кирби. Почтовый адрес ориентира: Российская Федерация, Республика Татарстан (Татарстан), м.р-н Лаишевский, с.п. Кирбинское, кв-л 301, з/у 374.",Частная,Под размещение пасечного хозяйства и производственной базы,ДРУГОЕ,0,нет,16:24:110301,1447386.8,118.4344,,,,,нет,нет,нет,нет,нет,нет,нет,нет,55.57024964189344,49.308320657585725
16:24:110102:385,600.0,Земли населенных пунктов,Учтенный,"Местоположение установлено относительно ориентира, расположенного в границах участка. Почтовый адрес ориентира: Российская Федерация, Республика Татарстан (Татарстан), м.р-н Лаишевский, с.п. Кирбинское, с Кирби, ул Счастливая, з/у 1В.",Частная,Для индивидуального жилищного строительства,ИЖС,0,нет,16:24:110102,575055.36,958.4256,,,,,нет,да,нет,нет,нет,да,нет,да,55.56606667766712,49.30868481975573
16:24:110102:43,,Земли населенных пунктов,Ранее учтенный,"Российская Федерация, Республика Татарстан (Татарстан), м.р-н Лаишевский, с.п. Кирбинское, с Кирби, ул Чапаева, з/у 21",Частная,Для ведения личного подсобного хозяйства,ЛПХ,0,нет,16:24:110102,2835890.59,892.63,,,,,нет,нет,нет,нет,да,да,нет,да,55.563863993783436,49.313892698241254
16:24:110101:74,784.0,Земли населенных пунктов,Учтенный,"Местоположение установлено относительно ориентира, расположенного в границах участка. Почтовый адрес ориентира: Российская Федерация, Республика Татарстан (Татарстан), м.р-н Лаишевский, с.п. Кирбинское, с Кирби, ул Молодежная, з/у 14.",Частная,Для ведения личного подсобного хозяйства,ЛПХ,0,нет,16:24:110101,725520.66,925.409,,,,,нет,нет,нет,нет,да,да,нет,да,55.56556978471704,49.3168751474748
16:24:110105:47,1931.0,Земли населенных пунктов,Ранее учтенный,"Местоположение установлено относительно ориентира, расположенного в границах участка. Почтовый адрес ориентира: Российская Федерация, Республика Татарстан (Татарстан), м.р-н Лаишевский, с.п. Кирбинское, с Кирби, ул Татарстан, з/у 19.",Частная,Ведение личного подсобного хозяйства,ЛПХ,0,нет,16:24:110105,1534925.06,794.8861,,,,,нет,нет,нет,нет,да,да,нет,да,55.55856845150219,49.3158922906802
16:24:110101:219,500.0,Земли населенных пунктов,Учтенный,"Местоположение установлено относительно ориентира, расположенного в границах участка. Почтовый адрес ориентира: Республика Татарстан, Лаишевский муниципальный район, Кирбинское сельское поселение, с Кирби, ул. Молодежная, д. 3б.",Частная,Для ведения личного подсобного хозяйства,ЛПХ,0,нет,16:24:110101,475062.75,950.1255,,,,,нет,нет,нет,нет,да,да,нет,да,55.56575206972715,49.3222434032891
16:24:110101:124,40.0,Земли населенных пунктов,Учтенный,"Местоположение установлено относительно ориентира, расположенного в границах участка. Почтовый адрес ориентира: Российская Федерация, Республика Татарстан (Татарстан), м.р-н Лаишевский, с.п. Кирбинское, с Кирби, ул Молодежная, з/у 4Ж.",,Под размещение оборудования сотовой связи (контейнер-аппаратная с оборудованием и опора с антенно-фидерными устройствами),ДРУГОЕ,0,нет,16:24:110101,28726.31,718.1578,,,,,да,нет,нет,нет,нет,нет,нет,да,55.56646879611172,49.322169120240346
16:24:110106:111,1084.0,Земли населенных пунктов,Учтенный,"Местоположение установлено относительно ориентира, расположенного в границах участка. Почтовый адрес ориентира: Российская Федерация, Республика Татарстан (Татарстан), м.р-н Лаишевский, с.п. Кирбинское, с Кирби, ул Овражная, з/у 4А.",Частная,Для ведения личного подсобного хозяйства,ЛПХ,0,нет,16:24:110106,920282.83,848.9694,,,,,нет,нет,нет,нет,да,да,нет,да,55.55758551456016,49.307881495601535
16:24:110102:440,2440.0,Земли населенных пунктов,Учтенный,"Местоположение установлено относительно ориентира, расположенного в границах участка. Почтовый адрес ориентира: Республика Татарстан, Лаишевский муниципальный район, Кирбинское сельское поселение, с Кирби, ул. Гвардейская.",Частная,Для ведения личного подсобного хозяйства,ЛПХ,0,нет,16:24:110102,2189775.32,897.4489,,,,,нет,нет,нет,нет,да,да,нет,да,55.56254835903901,49.311084604551766
16:24:000000:6634,18456.0,Земли населенных пунктов,Учтенный,"Республика Татарстан, Лаишевский муниципальный район, Кирбинское сельское поселение, с Кирби ",Муниципальная,водные объекты,ВОДНЫЙ,0,нет,16:24:000000,156045.48,8.455,,,,,да,нет,нет,нет,нет,нет,нет,да,55.55681266812766,49.3162833130637
16:24:110102:446,4318.0,Земли населенных пунктов,Учтенный,"Местоположение установлено относительно ориентира, расположенного в границах участка. Почтовый адрес ориентира: Республика Татарстан, Лаишевский муниципальный район, Кирбинское сельское поселение, с Кирби, ул. Юности.",Муниципальная,парки культуры и отдыха,ОТДЫХ,0,нет,16:24:110102,1308119.96,302.9458,,,,,да,нет,нет,нет,нет,нет,нет,да,55.563579125737895,49.311435518380094
16:24:110102:66,,Земли населенных пунктов,Ранее учтенный,"Российская Федерация, Республика Татарстан (Татарстан), м.р-н Лаишевский, с.п. Кирбинское, с Кирби, ул Пионерская, з/у 11",Частная,Ведение личного подсобного хозяйства,ЛПХ,0,нет,16:24:110102,1662767.12,842.3339,,,,,нет,нет,нет,нет,да,да,нет,да,55.56110113850545,49.31395214363516
16:24:110104:139,1600.0,Земли населенных пунктов,Учтенный,"Местоположение установлено относительно ориентира, расположенного в границах участка. Почтовый адрес ориентира: Российская Федерация, Республика Татарстан (Татарстан), м.р-н Лаишевский, с.п. Кирбинское, с Кирби, ул Лесная, з/у 10А.",Частная,Для ведения личного подсобного хозяйства,ЛПХ,0,нет,16:24:110104,1242956.8,776.848,,,,,нет,нет,нет,нет,да,да,нет,да,55.55838679259842,49.326461029558494
16:24:110102:373,600.0,Земли населенных пунктов,Учтенный,"Местоположение установлено относительно ориентира, расположенного в границах участка. Почтовый адрес ориентира: Республика Татарстан, Лаишевский муниципальный район, Кирбинское сельское поселение, с Кирби.",Частная,Для индивидуального жилищного строительства,ИЖС,0,нет,16:24:110102,551544.0,919.24,,,,,нет,да,нет,нет,нет,да,нет,да,55.56580024764438,49.30897635307932
16:24:110101:25,,Земли населенных пунктов,Ранее учтенный,"Местоположение установлено относительно ориентира, расположенного в границах участка. Почтовый адрес ориентира: Российская Федерация, Республика Татарстан (Татарстан), м.р-н Лаишевский, с.п. Кирбинское, с Кирби, ул Чапаева, з/у 46.",Частная,Для ведения личного подсобного хозяйства,ЛПХ,0,нет,16:24:110101,2214297.82,928.82,,,,,нет,нет,нет,нет,да,да,нет,да,55.565060790371376,49.31292048272372
16:24:110105:136,800.0,Земли населенных пунктов,Учтенный,"Местоположение установлено относительно ориентира, расположенного в границах участка. Почтовый адрес ориентира: Российская Федерация, Республика Татарстан (Татарстан), м.р-н Лаишевский, с.п. Кирбинское, с Кирби, ул Татарстан, з/у 36А.",Частная,Ведение личного подсобного хозяйства,ЛПХ,0,нет,16:24:110105,654669.52,818.3369,,,,,нет,нет,нет,нет,да,да,нет,да,55.55986756297227,49.313800373890295
16:24:110102:112,1500.0,Земли населенных пунктов,Учтенный,"Местоположение установлено относительно ориентира, расположенного в границах участка. Почтовый адрес ориентира: Российская Федерация, Республика Татарстан (Татарстан), м.р-н Лаишевский, с.п. Кирбинское, с Кирби, ул Юности, з/у 18А.",Частная,Для индивидуального жилищного строительства,ИЖС,0,нет,16:24:110102,1312555.65,875.0371,,,,,нет,да,нет,нет,нет,да,нет,да,55.56325786199774,49.307565510061956
16:24:110102:53,1979.0,Земли населенных пунктов,Ранее учтенный,"Местоположение установлено относительно ориентира, расположенного в границах участка. Почтовый адрес ориентира: Российская Федерация, Республика Татарстан (Татарстан), м.р-н Лаишевский, с.п. Кирбинское, с Кирби, ул Гвардейская, з/у 16.",Частная,Для ведения личного подсобного хозяйства,ЛПХ,0,нет,16:24:110102,1686598.99,852.2481,,,,,нет,нет,нет,нет,да,да,нет,да,55.56107097260601,49.312323536732826
16:24:110102:57,1922.0,Земли населенных пунктов,Ранее учтенный,"Местоположение установлено относительно ориентира, расположенного в границах участка. Почтовый адрес ориентира: Российская Федерация, Республика Татарстан (Татарстан), м.р-н Лаишевский, с.п. Кирбинское, с Кирби, ул Гвардейская, з/у 8.",Частная,Для ведения личного подсобного хозяйства,ЛПХ,0,нет,16:24:110102,1622799.95,844.3288,,,,,нет,нет,нет,нет,да,да,нет,да,55.56002768192515,49.311707485408355
16:24:110101:226,1054.0,Земли населенных пунктов,Учтенный,"Местоположение установлено относительно ориентира, расположенного в границах участка. Почтовый адрес ориентира: Республика Татарстан, Лаишевский муниципальный район, Кирбинское сельское поселение, с Кирби, ул. Молодежная.",Частная,для ведения личного подсобного хозяйства,ЛПХ,0,нет,16:24:110101,986894.56,936.3326,,,,,нет,нет,нет,нет,да,да,нет,да,55.56573655627018,49.31874753331539
16:24:110101:186,1200.0,Земли населенных пунктов,Учтенный,"Местоположение установлено относительно ориентира, расположенного в границах участка. Почтовый адрес ориентира: Российская Федерация, Республика Татарстан (Татарстан), м.р-н Лаишевский, с.п. Кирбинское, с Кирби, ул Молодежная, з/у 9А.",Частная,Ведение личного подсобного хозяйства,ЛПХ,0,нет,16:24:110101,1111496.76,926.2473,,,,,нет,нет,нет,нет,да,да,нет,да,55.56567766795539,49.319581307931216
16:24:110301:652,12839.0,Земли сельскохозяйственного назначения,Учтенный,"Местоположение установлено относительно ориентира, расположенного в границах участка. Почтовый адрес ориентира: Российская Федерация, Республика Татарстан (Татарстан), м.р-н Лаишевский, с.п. Кирбинское, кв-л 301, з/у 652.",Частная,для сельскохозяйственного производства,СХ,0,нет,16:24:110301,53923.8,4.2,,,,,нет,нет,нет,нет,нет,нет,нет,нет,55.56089938615602,49.29413564160864
16:24:110106:108,2181.0,Земли населенных пунктов,Учтенный,"Местоположение установлено относительно ориентира, расположенного в границах участка. Почтовый адрес ориентира: Российская Федерация, Республика Татарстан (Татарстан), м.р-н Лаишевский, с.п. Кирбинское, с Кирби, ул Спартаковская, з/у 3А.",Частная,Для ведения личного подсобного хозяйства,ЛПХ,0,нет,16:24:110106,1721314.56,789.2318,,,,,нет,нет,нет,нет,да,да,нет,да,55.5572675826892,49.304594769929174
16:24:110104:25,2396.0,Земли населенных пунктов,Ранее учтенный,"Местоположение установлено относительно ориентира, расположенного в границах участка. Почтовый адрес ориентира: Российская Федерация, Республика Татарстан (Татарстан), м.р-н Лаишевский, с.п. Кирбинское, с Кирби, ул Степная, з/у 3.",Частная,Ведение личного подсобного хозяйства,ЛПХ,0,нет,16:24:110104,1968989.43,821.7819,,,,,нет,нет,нет,нет,да,да,нет,да,55.56055477200636,49.325661564544674
16:24:110102:291,1500.0,Земли населенных пунктов,Учтенный,"Местоположение установлено относительно ориентира, расположенного в границах участка. Почтовый адрес ориентира: Российская Федерация, Республика Татарстан (Татарстан), м.р-н Лаишевский, с.п. Кирбинское, с Кирби, ул Гвардейская, з/у 11А.",Частная,Для ведения личного подсобного хозяйства,ЛПХ,0,нет,16:24:110102,1318961.7,879.3078,,,,,нет,нет,нет,нет,да,да,нет,да,55.559934560107834,49.309120339110834
16:24:110103:46,1934.0,Земли населенных пунктов,Ранее учтенный,"Местоположение установлено относительно ориентира, расположенного в границах участка. Почтовый адрес ориентира: Российская Федерация, Республика Татарстан (Татарстан), м.р-н Лаишевский, с.п. Кирбинское, с Кирби, ул Ленина, з/у 26.",,Для ведения личного подсобного хозяйства,ЛПХ,0,нет,16:24:110103,1611110.96,833.05,,,,,да,нет,нет,нет,да,да,нет,да,55.5616267658159,49.3156834738818
16:24:110101:62,2608.0,Земли населенных пунктов,Ранее учтенный,"Местоположение установлено относительно ориентира, расположенного в границах участка. Почтовый адрес ориентира: Российская Федерация, Республика Татарстан (Татарстан), м.р-н Лаишевский, с.п. Кирбинское, с Кирби, ул Чапаева, з/у 4.",,Личное подсобное хозяйство,ДРУГОЕ,0,нет,16:24:110101,2403726.84,921.6744,,,,,да,нет,нет,нет,нет,нет,нет,да,55.56406359835198,49.32190363582885
16:24:110105:54,2001.0,Земли населенных пунктов,Ранее учтенный,"Местоположение установлено относительно ориентира, расположенного в границах участка. Почтовый адрес ориентира: Российская Федерация, Республика Татарстан (Татарстан), м.р-н Лаишевский, с.п. Кирбинское, с Кирби, ул Татарстан, з/у 5.",Частная,Для ведения личного подсобного хозяйства,ЛПХ,0,нет,16:24:110105,1551101.76,775.1633,,,,,нет,нет,нет,нет,да,да,нет,да,55.558106670101516,49.318704186011416
16:24:110105:43,3051.0,Земли населенных пунктов,Ранее учтенный,"Местоположение установлено относительно ориентира, расположенного в границах участка. Почтовый адрес ориентира: Российская Федерация, Республика Татарстан (Татарстан), м.р-н Лаишевский, с.п. Кирбинское, с Кирби, ул Татарстан, з/у 27.",Частная,Ведение личного подсобного хозяйства,ЛПХ,0,нет,16:24:110105,2470981.41,809.8923,,,,,нет,нет,нет,нет,да,да,нет,да,55.558826346223064,49.31350225795646
16:24:110104:32,,Земли населенных пунктов,Ранее учтенный,"Местоположение установлено относительно ориентира, расположенного в границах участка. Почтовый адрес ориентира: Российская Федерация, Республика Татарстан (Татарстан), м.р-н Лаишевский, с.п. Кирбинское, с Кирби, ул Горького, з/у 8.",Частная,Ведение личного подсобного хозяйства,ЛПХ,0,нет,16:24:110104,1486271.37,804.26,,,,,нет,нет,нет,нет,да,да,нет,да,55.55895684838028,49.32309140469839
16:24:110101:150,1171.0,Земли населенных пунктов,Учтенный,"Местоположение установлено относительно ориентира, расположенного в границах участка. Почтовый адрес ориентира: Российская Федерация, Республика Татарстан (Татарстан), м.р-н Лаишевский, с.п. Кирбинское, с Кирби, ул Юности, з/у 13А.",,Для ведения личного подсобного хозяйства,ЛПХ,0,нет,16:24:110101,1085373.67,926.8776,,,,,да,нет,нет,нет,да,да,нет,да,55.565327797808784,49.311401075637725
16:24:110106:101,728.0,Земли населенных пунктов,Учтенный,"Местоположение установлено относительно ориентира, расположенного в границах участка. Почтовый адрес ориентира: Российская Федерация, Республика Татарстан (Татарстан), м.р-н Лаишевский, с.п. Кирбинское, с Кирби, ул Пионерская, з/у 4А.",Частная,Ведение личного подсобного хозяйства,ЛПХ,0,нет,16:24:110106,613272.88,842.4078,,,,,нет,нет,нет,нет,да,да,нет,да,55.55919203337967,49.31149945940955
16:24:110102:67,1618.0,Земли населенных пунктов,Ранее учтенный,"Местоположение установлено относительно ориентира, расположенного в границах участка. Почтовый адрес ориентира: Российская Федерация, Республика Татарстан (Татарстан), м.р-н Лаишевский, с.п. Кирбинское, с Кирби, ул Пионерская, з/у 11А.",,Для ведения личного подсобного хозяйства,ЛПХ,0,нет,16:24:110102,1357078.08,838.738,,,,,да,нет,нет,нет,да,да,нет,да,55.56095446129342,49.31340197130667
16:24:110101:129,1000.0,Земли населенных пунктов,Учтенный,"Местоположение установлено относительно ориентира, расположенного в границах участка. Почтовый адрес ориентира: Российская Федерация, Республика Татарстан (Татарстан), м.р-н Лаишевский, с.п. Кирбинское, с Кирби, ул Молодежная, з/у 4Б.",,Для ведения личного подсобного хозяйства,ЛПХ,0,нет,16:24:110101,964910.5,964.9105,,,,,да,нет,нет,нет,да,да,нет,да,55.56628927736109,49.32209428973649
16:24:110102:443,1500.0,Земли населенных пунктов,Учтенный,"Местоположение установлено относительно ориентира, расположенного в границах участка. Почтовый адрес ориентира: Российская Федерация, Республика Татарстан (Татарстан), м.р-н Лаишевский, с.п. Кирбинское, с Кирби, ул Гвардейская, з/у 25Б.",Частная,Для ведения личного подсобного хозяйства,ЛПХ,0,нет,16:24:110102,1354632.3,903.0882,,,,,нет,нет,нет,нет,да,да,нет,да,55.56172877523568,49.310054971674106
16:24:110105:59,,Земли населенных пунктов,Ранее учтенный,"Местоположение установлено относительно ориентира, расположенного в границах участка. Ориентир Респ Татарстан, р-н Лаишевский, с Кирби. Почтовый адрес ориентира: Российская Федерация, Республика Татарстан (Татарстан), м.р-н Лаишевский, с.п. Кирбинское, с Кирби, ул Сельсоветская, з/у 8.",,Ведение личного подсобного хозяйства,ЛПХ,0,нет,16:24:110105,854140.92,820.5,,,,,да,нет,нет,нет,да,да,нет,да,55.55947199945398,49.321925615567615
16:24:110105:158,1244.0,Земли населенных пунктов,Учтенный,"Местоположение установлено относительно ориентира, расположенного в границах участка. Почтовый адрес ориентира: Российская Федерация, Республика Татарстан (Татарстан), м.р-н Лаишевский, с.п. Кирбинское, с Кирби, ул Школьная, з/у 25.",Частная,ведение личного подсобного хозяйства,ЛПХ,0,нет,16:24:110105,1009178.33,811.2366,,,,,нет,нет,нет,нет,да,да,нет,да,55.560206094298415,49.31511849659329
16:24:110102:393,1000.0,Земли населенных пунктов,Учтенный,"Местоположение установлено относительно ориентира, расположенного в границах участка. Почтовый адрес ориентира: Российская Федерация, Республика Татарстан (Татарстан), м.р-н Лаишевский, с.п. Кирбинское, с Кирби, ул Счастливая, з/у 27.",Муниципальная,для индивидуального жилищного строительства,ИЖС,0,нет,16:24:110102,806014.5,806.0145,,,,,да,да,нет,нет,нет,да,нет,да,55.56171877456613,49.30346621801156
16:24:110101:191,313.0,Земли населенных пунктов,Учтенный,"Местоположение установлено относительно ориентира, расположенного в границах участка. Почтовый адрес ориентира: Российская Федерация, Республика Татарстан (Татарстан), м.р-н Лаишевский, с.п. Кирбинское, с Кирби, ул Молодежная, з/у 18А.",Частная,Магазины,ДРУГОЕ,0,нет,16:24:110101,288460.14,921.5979,,,,,нет,нет,нет,нет,нет,нет,нет,да,55.566506450950534,49.314173831580355
16:24:110102:71,1431.0,Земли населенных пунктов,Ранее учтенный,"Местоположение установлено относительно ориентира, расположенного в границах участка. Почтовый адрес ориентира: Российская Федерация, Республика Татарстан (Татарстан), м.р-н Лаишевский, с.п. Кирбинское, с Кирби, ул Пионерская, з/у 6.",,Для индивидуального жилищного строительства,ИЖС,0,нет,16:24:110102,1185850.95,828.69,,,,,да,да,нет,нет,нет,да,нет,да,55.5595516712503,49.312924283027534
16:24:110105:35,,Земли населенных пунктов,Ранее учтенный,"Местоположение установлено относительно ориентира, расположенного в границах участка. Почтовый адрес ориентира: Российская Федерация, Республика Татарстан (Татарстан), м.р-н Лаишевский, с.п. Кирбинское, с Кирби, ул Сельсоветская, з/у 13.",,Для ведения личного подсобного хозяйства,ЛПХ,0,нет,16:24:110105,1325357.99,811.11,,,,,да,нет,нет,нет,да,да,нет,да,55.55954584161214,49.32094473380734
16:24:110105:159,2523.0,Земли населенных пунктов,Учтенный,"Местоположение установлено относительно ориентира, расположенного в границах участка. Почтовый адрес ориентира: Республика Татарстан, Лаишевский муниципальный район, Кирбинское сельское поселение, с Кирби, ул. Школьная.",Частная,ведение личного подсобного хозяйства,ЛПХ,0,нет,16:24:110105,2057854.17,815.6378,,,,,нет,нет,нет,нет,да,да,нет,да,55.56032927634416,49.31485094426236
16:24:110102:698,793.0,Земли населенных пунктов,Учтенный,"Местоположение установлено относительно ориентира, расположенного в границах участка. Почтовый адрес ориентира: Российская Федерация, Республика Татарстан (Татарстан), м.р-н Лаишевский, с.п. Кирбинское, с Кирби, ул Счастливая, з/у 23.",Частная,для индивидуального жилищного строительства,ИЖС,0,нет,16:24:110102,634303.49,799.8783,,,,,нет,да,нет,нет,нет,да,нет,да,55.56241484098482,49.30417791655674
16:24:110102:356,1000.0,Земли населенных пунктов,Учтенный,"Местоположение установлено относительно ориентира, расположенного в границах участка. Почтовый адрес ориентира: Республика Татарстан, Лаишевский муниципальный район, Кирбинское сельское поселение, с Кирби, ул. Счастливая, 23.",Частная,для индивидуального жилищного строительства,ИЖС,0,нет,16:24:110102,813454.3,813.4543,,,,,нет,да,нет,нет,нет,да,нет,да,55.56210739644691,49.30386358144282
16:24:110102:239,1238.0,Земли населенных пунктов,Учтенный,"Местоположение установлено относительно ориентира, расположенного в границах участка. Почтовый адрес ориентира: Российская Федерация, Республика Татарстан (Татарстан), м.р-н Лаишевский, с.п. Кирбинское, с Кирби, ул Гвардейская, з/у 27Б.",,Для ведения личного подсобного хозяйства,ЛПХ,0,нет,16:24:110102,1114714.88,900.4159,,,,,да,нет,нет,нет,да,да,нет,да,55.562187188952215,49.31051365497292
16:24:110301:646,9703.21,,Ранее учтенный,-,,,ДРУГОЕ,0,нет,16:24:110301,0.0,0.0,,,,,да,нет,нет,нет,нет,нет,нет,нет,55.57976657605651,49.2920039677225
16:24:110102:437,2560.0,Земли населенных пунктов,Учтенный,"Местоположение установлено относительно ориентира, расположенного в границах участка. Почтовый адрес ориентира: Республика Татарстан, Лаишевский мунипальный район, Кирбинское сельское поселение, с Кирби.",Частная,для индивидуального жилищного строительства,ИЖС,0,нет,16:24:110102,2452570.37,958.0353,,,,,нет,да,нет,нет,нет,да,нет,да,55.56601111798053,49.30790785764281
16:24:110103:48,1981.0,Земли населенных пунктов,Ранее учтенный,"Российская Федерация, Республика Татарстан (Татарстан), м.р-н Лаишевский, с.п. Кирбинское, с Кирби, ул Ленина, з/у 22",Частная,Личное подсобное хозяйство,ДРУГОЕ,0,нет,16:24:110103,1648639.9,832.2261,,,,,нет,нет,нет,нет,нет,нет,нет,да,55.56160365796268,49.31675728792221
16:24:110105:60,1020.0,Земли населенных пунктов,Ранее учтенный,"Местоположение установлено относительно ориентира, расположенного в границах участка. Почтовый адрес ориентира: Российская Федерация, Республика Татарстан (Татарстан), м.р-н Лаишевский, с.п. Кирбинское, с Кирби, ул Горького, з/у 7.",Частная,Личное подсобное хозяйство,ДРУГОЕ,0,нет,16:24:110105,838954.79,822.5047,,,,,нет,нет,нет,нет,нет,нет,нет,да,55.559522842918746,49.3222517592882
16:24:110103:52,1807.0,Земли населенных пунктов,Ранее учтенный,"Местоположение установлено относительно ориентира, расположенного в границах участка. Почтовый адрес ориентира: Российская Федерация, Республика Татарстан (Татарстан), м.р-н Лаишевский, с.п. Кирбинское, с Кирби, ул Ленина, з/у 14.",Частная,Для ведения личного подсобного хозяйства,ЛПХ,0,нет,16:24:110103,1516751.17,839.3753,,,,,нет,нет,нет,нет,да,да,нет,да,55.56132496320031,49.318221529336476
16:24:110102:418,1000.0,Земли населенных пунктов,Учтенный,"Местоположение установлено относительно ориентира, расположенного в границах участка. Почтовый адрес ориентира: Республика Татарстан, Лаишевский муниципальный район, Кирбинское сельское поселение, с Кирби, ул. Гвардейская, д.17.",Частная,Для ведения личного подсобного хозяйства,ЛПХ,0,нет,16:24:110102,878971.4,878.9714,,,,,нет,нет,нет,нет,да,да,нет,да,55.56055465290215,49.309914871224166
16:24:110101:166,2695.0,Земли населенных пунктов,Учтенный,"Местоположение установлено относительно ориентира, расположенного в границах участка. Почтовый адрес ориентира: Российская Федерация, Республика Татарстан (Татарстан), м.р-н Лаишевский, с.п. Кирбинское, с Кирби, ул Молодежная, з/у 6А.",Частная,Для ведения личного подсобного хозяйтва,ЛПХ,0,нет,16:24:110101,2534112.81,940.3016,,,,,нет,нет,нет,нет,да,да,нет,да,55.565668337976454,49.320897861157874
16:24:110101:58,2889.0,Земли населенных пунктов,Ранее учтенный,"Местоположение установлено относительно ориентира, расположенного в границах участка. Почтовый адрес ориентира: Российская Федерация, Республика Татарстан (Татарстан), м.р-н Лаишевский, с.п. Кирбинское, с Кирби, ул Молодежная, з/у 13Е.",Частная,Для ведения личного подсобного хозяйства,ЛПХ,0,нет,16:24:110101,2745707.04,950.4005,,,,,нет,нет,нет,нет,да,да,нет,да,55.56609511831161,49.31747843392332
16:24:110104:7,4572.0,Земли населенных пунктов,Ранее учтенный,"Местоположение установлено относительно ориентира, расположенного в границах участка. Почтовый адрес ориентира: Российская Федерация, Республика Татарстан (Татарстан), м.р-н Лаишевский, с.п. Кирбинское, с Кирби, ул Степная, з/у 4.",,Ведение личного подсобного хозяйства,ЛПХ,0,нет,16:24:110104,3873697.41,847.2654,,,,,да,нет,нет,нет,да,да,нет,да,55.56158740478218,49.325605240488116
16:24:110105:130,1230.0,Земли населенных пунктов,Учтенный,"Местоположение установлено относительно ориентира, расположенного в границах участка. Почтовый адрес ориентира: Российская Федерация, Республика Татарстан (Татарстан), м.р-н Лаишевский, с.п. Кирбинское, с Кирби, ул Болотная, з/у 2а.",Частная,Для ведения личного подсобного хозяйства,ЛПХ,0,нет,16:24:110105,954891.8,776.3348,,,,,нет,нет,нет,нет,да,да,нет,да,55.55707793671937,49.32120945662124
16:24:110101:40,3146.0,Земли населенных пунктов,Ранее учтенный,"Местоположение установлено относительно ориентира, расположенного в границах участка. Почтовый адрес ориентира: Российская Федерация, Республика Татарстан (Татарстан), м.р-н Лаишевский, с.п. Кирбинское, с Кирби, ул Чапаева, з/у 8.",Частная,Для ведения личного подсобного хозяйства,ЛПХ,0,нет,16:24:110101,2866172.42,911.05,,,,,нет,нет,нет,нет,да,да,нет,да,55.56415077376014,49.32110927166239
16:24:110101:38,3739.0,Земли населенных пунктов,Ранее учтенный,"Местоположение установлено относительно ориентира, расположенного в границах участка. Почтовый адрес ориентира: Российская Федерация, Республика Татарстан (Татарстан), м.р-н Лаишевский, с.п. Кирбинское, с Кирби, ул Чапаева, з/у 12.",,Ведение личного подсобного хозяйства,ЛПХ,0,нет,16:24:110101,3399428.51,909.1812,,,,,да,нет,нет,нет,да,да,нет,да,55.564491514279666,49.320320868504965
16:24:110103:82,811.0,Земли населенных пунктов,Ранее учтенный,"Местоположение установлено относительно ориентира, расположенного в границах участка. Почтовый адрес ориентира: Российская Федерация, Республика Татарстан (Татарстан), м.р-н Лаишевский, с.п. Кирбинское, с Кирби, ул Чапаева, з/у 7А.",,Индивидуальное жилищное строительство,ДРУГОЕ,0,нет,16:24:110103,721114.76,889.1674,,,,,да,нет,нет,нет,нет,нет,нет,да,55.56354514630518,49.31897452274463
16:24:110101:28,3568.0,Земли населенных пунктов,Ранее учтенный,"Местоположение установлено относительно ориентира, расположенного в границах участка. Почтовый адрес ориентира: Российская Федерация, Республика Татарстан (Татарстан), м.р-н Лаишевский, с.п. Кирбинское, с Кирби, ул Чапаева, з/у 40.",Частная,Для ведения личного подсобного хозяйства,ЛПХ,0,нет,16:24:110101,3273110.87,917.35,,,,,нет,нет,нет,нет,да,да,нет,да,55.564881330249676,49.31392546418374
16:24:110103:9,,Земли населенных пунктов,Ранее учтенный,"Местоположение установлено относительно ориентира, расположенного в границах участка. Почтовый адрес ориентира: Российская Федерация, Республика Татарстан (Татарстан), м.р-н Лаишевский, с.п. Кирбинское, с Кирби, ул Чапаева, з/у 3.",,Ведение личного подсобного хозяйства,ЛПХ,0,нет,16:24:110103,1127218.59,898.8984,,,,,да,нет,нет,нет,да,да,нет,да,55.56335659837453,49.320372882263094
16:24:110101:75,1789.0,Земли населенных пунктов,Ранее учтенный,"Местоположение установлено относительно ориентира, расположенного в границах участка. Почтовый адрес ориентира: Российская Федерация, Республика Татарстан (Татарстан), м.р-н Лаишевский, с.п. Кирбинское, с Кирби, ул Молодежная, з/у 17.",,Для ведения личного подсобного хозяйства,ЛПХ,0,нет,16:24:110101,1688742.29,943.9588,,,,,да,нет,нет,нет,да,да,нет,да,55.56618302617183,49.31481061532492
16:24:110101:459,1511.0,Земли населенных пунктов,Учтенный,"Российская Федерация, Республика Татарстан (Татарстан), м.р-н Лаишевский, с.п. Кирбинское, с Кирби, ул Молодежная, з/у 20а",Частная,Для ведения личного подсобного хозяйства,ЛПХ,0,нет,16:24:110101,1401709.07,927.67,,,,,нет,нет,нет,нет,да,да,нет,да,55.56548430577517,49.31333403026626
16:24:110301:1016,13610.0,Земли сельскохозяйственного назначения,Учтенный,"Местоположение установлено относительно ориентира, расположенного в границах участка. Почтовый адрес ориентира: Республика Татарстан, Лаишевский муниципальный район, Кирбинское сельское поселение.",Частная,для сельскохозяйственного производства,СХ,0,нет,16:24:110301,57162.0,4.2,,,,,нет,нет,нет,нет,нет,нет,нет,нет,55.55793784342415,49.286712262423855
16:24:110103:155,1091.0,Земли населенных пунктов,Учтенный,"Местоположение установлено относительно ориентира, расположенного в границах участка. Почтовый адрес ориентира: Российская Федерация, Республика Татарстан (Татарстан), м.р-н Лаишевский, с.п. Кирбинское, с Кирби, ул Чапаева, з/у 9а.",Частная,для ведения личного подсобного хозяйства,ЛПХ,0,нет,16:24:110103,955923.94,876.1906,,,,,нет,нет,нет,нет,да,да,нет,да,55.563587700636035,49.31837307503749
16:24:110102:91,238.0,Земли населенных пунктов,Ранее учтенный,"Местоположение установлено относительно ориентира, расположенного в границах участка. Почтовый адрес ориентира: Российская Федерация, Республика Татарстан (Татарстан), м.р-н Лаишевский, с.п. Кирбинское, с Кирби, ул Гвардейская, з/у 6А.",Муниципальная,Под размещение водонапорных башен и скважин,ДРУГОЕ,0,нет,16:24:110102,165271.15,694.4166,,,,,да,нет,нет,нет,нет,нет,нет,да,55.559564653687936,49.311062000188656
16:24:110105:30,2095.0,Земли населенных пунктов,Ранее учтенный,"Местоположение установлено относительно ориентира, расположенного в границах участка. Почтовый адрес ориентира: Российская Федерация, Республика Татарстан (Татарстан), м.р-н Лаишевский, с.п. Кирбинское, с Кирби, ул Татарстан, з/у 10.",Частная,Для ведения личного подсобного хозяйства,ЛПХ,0,нет,16:24:110105,1658116.24,791.4636,,,,,нет,нет,нет,нет,да,да,нет,да,55.55872464852272,49.31885298570872
16:24:110103:57,1747.0,Земли населенных пунктов,Ранее учтенный,"Местоположение установлено относительно ориентира, расположенного в границах участка. Почтовый адрес ориентира: Российская Федерация, Республика Татарстан (Татарстан), м.р-н Лаишевский, с.п. Кирбинское, с Кирби, ул Школьная, з/у 6А.",Частная,Для ведения личного подсобного хозяйства,ЛПХ,0,нет,16:24:110103,1500995.15,859.18,,,,,нет,нет,нет,нет,да,да,нет,да,55.56087546320398,49.32038702192969
16:24:110105:20,2385.0,Земли населенных пунктов,Ранее учтенный,"Местоположение установлено относительно ориентира, расположенного в границах участка. Почтовый адрес ориентира: Российская Федерация, Республика Татарстан (Татарстан), м.р-н Лаишевский, с.п. Кирбинское, с Кирби, ул Татарстан, з/у 20.",Частная,Для ведения личного подсобного хозяйства,ЛПХ,0,нет,16:24:110105,1910641.63,801.1076,,,,,нет,нет,нет,нет,да,да,нет,да,55.559155016149916,49.316964039210404
16:24:110105:153,1156.0,Земли населенных пунктов,Учтенный,"Российская Федерация, Республика Татарстан (Татарстан), м.р-н Лаишевский, с.п. Кирбинское, с Кирби, ул Школьная, з/у 15",Частная,Для ведения личного подсобного хозяйства,ЛПХ,0,нет,16:24:110105,938771.3,812.0859,,,,,нет,нет,нет,нет,да,да,нет,да,55.560114555033785,49.31734821326809
16:24:110106:36,4018.0,Земли населенных пунктов,Ранее учтенный,"Местоположение установлено относительно ориентира, расположенного в границах участка. Почтовый адрес ориентира: Российская Федерация, Республика Татарстан (Татарстан), м.р-н Лаишевский, с.п. Кирбинское, с Кирби, ул Гвардейская, з/у 5.",Частная,Ведение личного подсобного хозяйства,ЛПХ,0,нет,16:24:110106,3418291.4,850.74,,,,,нет,нет,нет,нет,да,да,нет,да,55.5584311436401,49.30942017624469
16:24:110106:93,1051.0,Земли населенных пунктов,Учтенный,"Местоположение установлено относительно ориентира, расположенного в границах участка. Почтовый адрес ориентира: Российская Федерация, Республика Татарстан (Татарстан), м.р-н Лаишевский, с.п. Кирбинское, с Кирби, ул Пионерская, з/у 1А.",,для ведения личного подсобного хозяйства,ЛПХ,0,нет,16:24:110106,867291.82,825.2063,,,,,да,нет,нет,нет,да,да,нет,да,55.55798995399055,49.311872648196946
16:24:110103:79,1275.0,Земли населенных пунктов,Ранее учтенный,"Местоположение установлено относительно ориентира, расположенного в границах участка. Почтовый адрес ориентира: Российская Федерация, Республика Татарстан (Татарстан), м.р-н Лаишевский, с.п. Кирбинское, с Кирби, ул Горького, з/у 9Б.",Частная,Под размещение мечети,ДРУГОЕ,0,нет,16:24:110103,380414.23,298.3641,,,,,нет,нет,нет,нет,нет,нет,нет,да,55.56013388874517,49.32231628060202
16:24:110101:227,1285.0,Земли населенных пунктов,Учтенный,"Местоположение установлено относительно ориентира, расположенного в границах участка. Почтовый адрес ориентира: Республика Татарстан, Лаишевский муниципальный район, Кирбинское сельское поселение, с Кирби, ул. Молодежная.",Частная,Для ведения личного подсобного хозяйства,ЛПХ,0,нет,16:24:110101,1240145.15,965.0935,,,,,нет,нет,нет,нет,да,да,нет,да,55.5662400175929,49.3225300401986
16:24:110102:716,2150.0,Земли населенных пунктов,Учтенный,"Местоположение установлено относительно ориентира, расположенного в границах участка. Почтовый адрес ориентира: Республика Татарстан, Лаишевский муниципальный район, Кирбинское сельское поселение, с Кирби.",Муниципальная,для индивидуального жилищного строительства,ИЖС,0,нет,16:24:110102,1949243.54,906.62,,,,,да,да,нет,нет,нет,да,нет,да,55.5655502121879,49.306493658014745
16:24:110102:714,2150.0,Земли населенных пунктов,Учтенный,"Местоположение установлено относительно ориентира, расположенного в границах участка. Почтовый адрес ориентира: Республика Татарстан, Лаишевский муниципальный район, Кирбинское сельское поселение, с Кирби.",Муниципальная,для индивидуального жилищного строительства,ИЖС,0,нет,16:24:110102,1786554.97,830.96,,,,,да,да,нет,нет,нет,да,нет,да,55.5647168058716,49.30564179568296
16:24:110302:540,16959.0,Земли сельскохозяйственного назначения,Учтенный,"Местоположение установлено относительно ориентира, расположенного в границах участка. Почтовый адрес ориентира: Российская Федерация, Республика Татарстан (Татарстан), м.р-н Лаишевский, с.п. Кирбинское, кв-л 302, з/у 540.",Частная,для ведения сельскохозяйственного производства,СХ,0,нет,16:24:110302,2053182.04,121.0674,,,,,нет,нет,нет,нет,нет,нет,нет,нет,55.5660035342283,49.3246355734101
16:24:110102:250,1000.0,Земли населенных пунктов,Учтенный,"Местоположение установлено относительно ориентира, расположенного в границах участка. Почтовый адрес ориентира: Российская Федерация, Республика Татарстан (Татарстан), м.р-н Лаишевский, с.п. Кирбинское, с Кирби, ул Юности, з/у 5А.",,Для ведения личного подсобного хозяйства,ЛПХ,0,нет,16:24:110102,870903.5,870.9035,,,,,да,нет,нет,нет,да,да,нет,да,55.56112442198953,49.30719081089108
16:24:110102:270,579.0,Земли населенных пунктов,Учтенный,"Местоположение установлено относительно ориентира, расположенного в границах участка. Почтовый адрес ориентира: Российская Федерация, Республика Татарстан (Татарстан), м.р-н Лаишевский, с.п. Кирбинское, с Кирби, ул Чапаева, з/у 29.",Государственная субъекта РФ,под размещение ветеринарной лечебницы,ДРУГОЕ,0,нет,16:24:110102,179961.71,310.8147,,,,,да,нет,нет,нет,нет,нет,нет,да,55.56435541460637,49.31160977419561
16:24:000000:5322,4417.0,Земли сельскохозяйственного назначения,Учтенный,"Местоположение установлено относительно ориентира, расположенного в границах участка. Почтовый адрес ориентира: Республика Татарстан, Лаишевский муниципальный район, Кирбинское сельское поселение.",Частная,для ведения сельскохозяйственного производства,СХ,0,нет,16:24:000000,548536.19,124.1875,,,,,нет,нет,нет,нет,нет,нет,нет,нет,55.565875668326335,49.3264091396402
16:24:110102:401,305.0,Земли населенных пунктов,Учтенный,"Местоположение установлено относительно ориентира, расположенного в границах участка. Почтовый адрес ориентира: Республика Татарстан, Лаишевский муниципальный район, Кирбинское сельское поселение, с Кирби, ул. Чапаева.",Частная,для ведения личного подсобного хозяйства,ЛПХ,0,нет,16:24:110102,276999.38,908.1947,,,,,нет,нет,нет,нет,да,да,нет,да,55.56401015525576,49.31272536334284
16:24:110102:8,10000.0,Земли населенных пунктов,Ранее учтенный,"Местоположение установлено относительно ориентира, расположенного в границах участка. Почтовый адрес ориентира: Российская Федерация, Республика Татарстан (Татарстан), м.р-н Лаишевский, с.п. Кирбинское, с Кирби, ул Юности, з/у 10А.",,Для размещения школы,ДРУГОЕ,0,нет,16:24:110102,2177003.0,217.7003,,,,,да,нет,нет,нет,нет,нет,нет,да,55.56369876220274,49.30924639312219
16:24:110101:198,915.0,Земли населенных пунктов,Учтенный,"Местоположение установлено относительно ориентира, расположенного в границах участка. Почтовый адрес ориентира: Российская Федерация, Республика Татарстан (Татарстан), м.р-н Лаишевский, с.п. Кирбинское, с Кирби, ул Юности, з/у 13В.",Частная,Для ведения личного подсобного хозяйства,ЛПХ,0,нет,16:24:110101,850739.28,929.7697,,,,,нет,нет,нет,нет,да,да,нет,да,55.56573994266497,49.311563146978244
16:24:110102:454,696.0,Земли населенных пунктов,Учтенный,"Местоположение установлено относительно ориентира, расположенного в границах участка. Почтовый адрес ориентира: Российская Федерация, Республика Татарстан (Татарстан), м.р-н Лаишевский, с.п. Кирбинское, с Кирби, ул Юности, з/у 10В.",Частная,ведение личного подсобного хозяйства,ЛПХ,0,нет,16:24:110102,623299.88,895.5458,,,,,нет,нет,нет,нет,да,да,нет,да,55.563294925983286,49.30911760802451
16:24:110102:61,,Земли населенных пунктов,Ранее учтенный,"Российская Федерация, Республика Татарстан (Татарстан), м.р-н Лаишевский, с.п. Кирбинское, с Кирби, ул Пионерская, з/у 16",,Ведение личного подсобного хозяйства,ЛПХ,0,нет,16:24:110102,1994959.06,868.1284,,,,,да,нет,нет,нет,да,да,нет,да,55.56246620704268,49.31449983356429
16:24:110102:713,2181.0,Земли населенных пунктов,Учтенный,"Республика Татарстан, Лаишевский муниципальный район, Кирбинское сельское поселение, с Кирби, ул. Юности, д. 6 А",Частная,для индивидуального жилищного строительства,ИЖС,0,нет,16:24:110102,1944795.96,891.7,,,,,нет,да,нет,нет,нет,да,нет,да,55.56144432981196,49.308395628783884
16:24:110103:407,767.0,Земли населенных пунктов,Учтенный,"Республика Татарстан, Лаишевский муниципальный район, Кирбинское сельское поселение, с Кирби",Частная,Для индивидуального жилищного строительства,ИЖС,0,нет,16:24:110103,656360.1,855.75,,,,,нет,да,нет,нет,нет,да,нет,да,55.56057505337875,49.322430134020635
16:24:110102:245,1500.0,Земли населенных пунктов,Учтенный,"Местоположение установлено относительно ориентира, расположенного в границах участка. Почтовый адрес ориентира: Российская Федерация, Республика Татарстан (Татарстан), м.р-н Лаишевский, с.п. Кирбинское, с Кирби, ул Юности, з/у 18.",,для индивидуального жилищного строительства,ИЖС,0,нет,16:24:110102,1369932.0,913.288,,,,,да,да,нет,нет,нет,да,нет,да,55.56481451812214,49.30914565393084
16:24:110102:197,1000.0,Земли населенных пунктов,Учтенный,"Местоположение установлено относительно ориентира, расположенного в границах участка. Почтовый адрес ориентира: Российская Федерация, Республика Татарстан (Татарстан), м.р-н Лаишевский, с.п. Кирбинское, с Кирби, ул Ильфара Билалова, з/у 6.",Частная,Для индивидуального жилищного строительства,ИЖС,0,нет,16:24:110102,884258.0,884.258,,,,,нет,да,нет,нет,нет,да,нет,да,55.56445290532855,49.30699407250128
16:24:110302:37,462870.5,,Ранее учтенный,"Российская Федерация, Республика Татарстан (Татарстан), м.р-н Лаишевский, с.п. Кирбинское, кв-л 302, з/у 37",,,ДРУГОЕ,0,нет,16:24:110302,0.0,0.0,,,,,да,нет,нет,нет,нет,нет,нет,нет,55.54799922880033,49.32651880326316
16:24:110102:104,1800.0,Земли населенных пунктов,Учтенный,"Местоположение установлено относительно ориентира, расположенного в границах участка. Почтовый адрес ориентира: Российская Федерация, Республика Татарстан (Татарстан), м.р-н Лаишевский, с.п. Кирбинское, с Кирби, ул Юности, з/у 15Б.",Частная,Для личного подсобного хозяйства,ЛПХ,0,нет,16:24:110102,1667202.66,926.2237,,,,,нет,нет,нет,нет,да,да,нет,да,55.564290064143265,49.308422206531645
16:24:110102:279,1500.0,Земли населенных пунктов,Учтенный,"Местоположение установлено относительно ориентира, расположенного в границах участка. Почтовый адрес ориентира: Российская Федерация, Республика Татарстан (Татарстан), м.р-н Лаишевский, с.п. Кирбинское, с Кирби, ул Счастливая, з/у 19.",Частная,Для индивидуального жилищного строительства,ИЖС,0,нет,16:24:110102,1186751.85,791.1679,,,,,нет,да,нет,нет,нет,да,нет,да,55.56292146307064,49.30476912301179
16:24:110301:693,15000.0,Земли населенных пунктов,Учтенный,"Местоположение установлено относительно ориентира, расположенного в границах участка. Почтовый адрес ориентира: Российская Федерация, Республика Татарстан (Татарстан), м.р-н Лаишевский, с.п. Кирбинское, с Кирби, ул Молодежная, з/у 29.",Частная,Производственная деятельность,ДРУГОЕ,0,нет,16:24:110301,14043961.5,936.26,,,,,нет,нет,нет,нет,нет,нет,нет,да,55.57108438064185,49.310494979882904
16:24:110301:989,435388.0,Земли сельскохозяйственного назначения,Учтенный,"Местоположение установлено относительно ориентира, расположенного в границах участка. Почтовый адрес ориентира: Республика Татарстан, Лаишевский муниципальный район, Кирбинское сельское поселение.",Частная,Для сельскохозяйственного производства,СХ,0,нет,16:24:110301,1611588.68,3.7,,,,,нет,нет,нет,нет,нет,нет,нет,нет,55.56594613573999,49.29213480764154
16:24:110103:168,2282.0,Земли населенных пунктов,Учтенный,"Местоположение установлено относительно ориентира, расположенного в границах участка. Почтовый адрес ориентира: Российская Федерация, Республика Татарстан (Татарстан), м.р-н Лаишевский, с.п. Кирбинское, с Кирби, ул Школьная, з/у 1А.",Муниципальная,Общественное управление,ДРУГОЕ,0,нет,16:24:110103,684868.36,300.1176,,,,,да,нет,нет,нет,нет,нет,нет,да,55.56041774685755,49.321910702126615
16:24:110102:433,1553.0,Земли населенных пунктов,Учтенный,"Местоположение установлено относительно ориентира, расположенного в границах участка. Почтовый адрес ориентира: Республика Татарстан, Лаишевский муниципальный район, Кирбинское сельское поселение, с Кирби.",Муниципальная,коммунальное обслуживание (водонапорная башня),ДРУГОЕ,0,нет,16:24:110102,1074412.92,691.8306,,,,,да,нет,нет,нет,нет,нет,нет,да,55.55971420373554,49.30456260870997
16:24:110102:717,1044.0,Земли населенных пунктов,Учтенный,"Местоположение установлено относительно ориентира, расположенного в границах участка. Почтовый адрес ориентира: Российская Федерация, Республика Татарстан, Лаишевский муниципальный район, Кирбинское сельское поселение, с Кирби.",Частная,для ведения личного подсобного хозяйства,ЛПХ,0,нет,16:24:110102,917716.4,879.04,,,,,нет,нет,нет,нет,да,да,нет,да,55.56269554176549,49.313310913920894
16:24:110301:1020,1539.0,Земли населенных пунктов,Учтенный,"Местоположение установлено относительно ориентира, расположенного в границах участка. Почтовый адрес ориентира: Российская Федерация, Республика Татарстан, Лаишевский муниципальный район, Кирбинское сельское поселение, с Кирби, ул. Молодежная.",Муниципальная,Сельскохозяйственное использование,СХ,0,нет,16:24:110301,113268.71,73.5989,,,,,да,нет,нет,нет,нет,нет,нет,да,55.569205302922754,49.310927506158876
16:24:110301:736,217758.0,Земли населенных пунктов,Учтенный,"Местоположение установлено относительно ориентира, расположенного в границах участка. Почтовый адрес ориентира: Российская Федерация, Республика Татарстан (Татарстан), м.р-н Лаишевский, с.п. Кирбинское, кв-л 301, з/у 736.",Частная,Для сельскохозяйственного производства,СХ,0,нет,16:24:110301,819074.94,3.7614,,,,,нет,нет,нет,нет,нет,нет,нет,да,55.577015758939915,49.29363423458604
16:24:110302:267,6178409.0,Земли сельскохозяйственного назначения,Учтенный,"Российская Федерация, Республика Татарстан (Татарстан), м.р-н Лаишевский, с.п. Кирбинское, кв-л 302, з/у 267",,для производства сельскохозяйственной продукции,СХ,0,нет,16:24:110302,17847570.08,2.89,,,,,да,нет,нет,нет,нет,нет,нет,нет,55.55635029911601,49.364960258526345
16:24:110105:18,1753.0,Земли населенных пунктов,Ранее учтенный,"Местоположение установлено относительно ориентира, расположенного в границах участка. Почтовый адрес ориентира: Российская Федерация, Республика Татарстан (Татарстан), м.р-н Лаишевский, с.п. Кирбинское, с Кирби, ул Татарстан, з/у 24.",,Для ведения личного подсобного хозяйства,ЛПХ,0,нет,16:24:110105,1401176.93,799.3023,,,,,да,нет,нет,нет,да,да,нет,да,55.55912477910418,49.31609941758535
16:24:110301:760,27.0,Земли сельскохозяйственного назначения,Учтенный,"Местоположение установлено относительно ориентира, расположенного в границах участка. Почтовый адрес ориентира: Республика Татарстан, Лаишевский муниципальный район, Кирбинское сельское поселение.",Частная,Для сельскохозяйственного производства,СХ,0,нет,16:24:110301,102.06,3.78,,,,,нет,нет,нет,нет,нет,нет,нет,нет,55.564562865145106,49.283968701645286
16:24:110105:65,,Земли населенных пунктов,Ранее учтенный,"Местоположение установлено относительно ориентира, расположенного в границах участка. Почтовый адрес ориентира: Российская Федерация, Республика Татарстан (Татарстан), м.р-н Лаишевский, с.п. Кирбинское, с Кирби, ул Горького, з/у 3.",Частная,Для ведения личного подсобного хозяйства,ЛПХ,0,нет,16:24:110105,1223089.53,809.46,,,,,нет,нет,нет,нет,да,да,нет,да,55.55875274385309,49.32198889874869
16:24:110102:722,1076.0,Земли населенных пунктов,Учтенный,"Местоположение установлено относительно ориентира, расположенного в границах участка. Почтовый адрес ориентира: Российская Федерация, Республика Татарстан (Татарстан), м.р-н Лаишевский, с.п. Кирбинское, с Кирби, ул Пионерская, з/у 15а.",Частная,Для ведения личного подсобного хозяйства,ЛПХ,0,нет,16:24:110102,935787.19,869.69,,,,,нет,нет,нет,нет,да,да,нет,да,55.56229852346786,49.314156685267086
16:24:110106:441,1789.0,Земли населенных пунктов,Учтенный,"Местоположение установлено относительно ориентира, расположенного в границах участка. Почтовый адрес ориентира: Российская Федерация, Республика Татарстан, Лаишевский муниципальный район, Кирбинское сельское поселение, с Кирби.",Частная,Ведение личного подсобного хозяйства,ЛПХ,0,нет,16:24:110106,1481686.47,828.22,,,,,нет,нет,нет,нет,да,да,нет,да,55.55800888598683,49.30411756963742
16:24:110102:403,1000.0,Земли населенных пунктов,Учтенный,"Местоположение установлено относительно ориентира, расположенного в границах участка. Почтовый адрес ориентира: Российская Федерация, Республика Татарстан (Татарстан), м.р-н Лаишевский, с.п. Кирбинское, с Кирби, ул Спартаковская, з/у 32.",Частная,Для индивидуального жилищного строительства,ИЖС,0,нет,16:24:110102,804676.3,804.6763,,,,,нет,да,нет,нет,нет,да,нет,да,55.55810629134107,49.29656093476975
16:24:110102:90,2256.0,Земли населенных пунктов,Ранее учтенный,"Местоположение установлено относительно ориентира, расположенного в границах участка. Почтовый адрес ориентира: Российская Федерация, Республика Татарстан (Татарстан), м.р-н Лаишевский, с.п. Кирбинское, с Кирби, ул Спартаковская, з/у 2Б.",Муниципальная,Под размещение водонапорных башен и скважин,ДРУГОЕ,0,нет,16:24:110102,1564919.75,693.6701,,,,,да,нет,нет,нет,нет,нет,нет,да,55.55949654031047,49.30485647545381
16:24:110106:23,4393.0,Земли населенных пунктов,Ранее учтенный,"Местоположение установлено относительно ориентира, расположенного в границах участка. Почтовый адрес ориентира: Российская Федерация, Республика Татарстан (Татарстан), м.р-н Лаишевский, с.п. Кирбинское, с Кирби, ул Спартаковская, з/у 7.",,Ведение личного подсобного хозяйства,ЛПХ,0,нет,16:24:110106,3444661.12,784.125,,,,,да,нет,нет,нет,да,да,нет,да,55.55784049269871,49.303680695542475
16:24:110102:94,1501.0,Земли населенных пунктов,Ранее учтенный,"Местоположение установлено относительно ориентира, расположенного в границах участка. Почтовый адрес ориентира: Российская Федерация, Республика Татарстан (Татарстан), м.р-н Лаишевский, с.п. Кирбинское, с Кирби, ул Спартаковская, з/у 24.",,Для ведения личного подсобного хозяйства,ЛПХ,0,нет,16:24:110102,1237937.59,824.7419,,,,,да,нет,нет,нет,да,да,нет,да,55.55830729717242,49.299134332182234
16:24:110101:64,1965.0,Земли населенных пунктов,Учтенный,"Местоположение установлено относительно ориентира, расположенного в границах участка. Почтовый адрес ориентира: Российская Федерация, Республика Татарстан (Татарстан), м.р-н Лаишевский, с.п. Кирбинское, с Кирби, ул Юности, з/у 16.",,Ведение личного подсобного хозяйства,ЛПХ,0,нет,16:24:110101,1809406.98,920.8178,,,,,да,нет,нет,нет,да,да,нет,да,55.56602924684377,49.31019216160231
16:24:110102:723,1075.0,Земли населенных пунктов,Учтенный,"Местоположение установлено относительно ориентира, расположенного в границах участка. Почтовый адрес ориентира: Российская Федерация, Республика Татарстан (Татарстан), м.р-н Лаишевский, с.п. Кирбинское, с Кирби, ул Пионерская, з/у 15.",Частная,Для ведения личного подсобного хозяйства,ЛПХ,0,нет,16:24:110102,925758.07,861.17,,,,,нет,нет,нет,нет,да,да,нет,да,55.56225558348002,49.31464885723028
16:24:110302:1736,1407.0,Земли населенных пунктов,Учтенный,"Республика Татарстан, Лаишевский муниципальный район, Кирбинское сельское поселение, с Кирби",Частная,Для индивидуального жилищного строительства,ИЖС,0,нет,16:24:110302,1022373.48,726.63,,,,,нет,да,нет,нет,нет,да,нет,да,55.55373714567138,49.32026983068093
16:24:110102:729,1067.0,Земли населенных пунктов,Учтенный,"Республика Татарстан, Лаишевский муниципальный район, Кирбинское сельское поселение, с Кирби",Муниципальная,для индивидуального жилищного строительства,ИЖС,0,нет,16:24:110102,838874.97,786.2,,,,,да,да,нет,нет,нет,да,нет,да,55.56268222673191,49.30341491774111
16:24:110102:732,1067.0,Земли населенных пунктов,Учтенный,"Республика Татарстан, Лаишевский муниципальный район, Кирбинское сельское поселение, с Кирби",Муниципальная,для индивидуального жилищного строительства,ИЖС,0,нет,16:24:110102,839416.69,786.71,,,,,да,да,нет,нет,нет,да,нет,да,55.56216696905152,49.302888102221935
16:24:110102:725,1066.0,Земли населенных пунктов,Учтенный,"Российская Федерация, Республика Татарстан (Татарстан), м.р-н Лаишевский, с.п. Кирбинское, с Кирби, ул Счастливая, з/у 24",Частная,для индивидуального жилищного строительства,ИЖС,0,нет,16:24:110102,828146.3,776.87,,,,,нет,да,нет,нет,нет,да,нет,да,55.56337668552843,49.30409354681272
16:24:110302:1815,20667.0,Земли населенных пунктов,Учтенный,"Республика Татарстан, Лаишевский муниципальный район, Кирбинское сельское поселение
",Частная,Для сельскохозяйственного производства,СХ,0,нет,16:24:110302,69647.79,3.37,,,,,нет,нет,нет,нет,нет,нет,нет,да,55.55248779507093,49.292309946826634
16:24:110102:740,778.0,Земли населенных пунктов,Учтенный,"Российская Федерация, Республика Татарстан, Лаишевский муниципальный район, Кирбинское сельское поселение, с Кирби, ул. Юности, д. 20 А",Частная,Для ведения личного подсобного хозяйства,ЛПХ,0,нет,16:24:110102,664016.62,853.49,,,,,нет,нет,нет,нет,да,да,нет,да,55.56246361079648,49.306731996290424
16:24:110102:455,696.0,Земли населенных пунктов,Учтенный,"Местоположение установлено относительно ориентира, расположенного в границах участка. Почтовый адрес ориентира: Российская Федерация, Республика Татарстан (Татарстан), м.р-н Лаишевский, с.п. Кирбинское, с Кирби, ул Юности, з/у 10Г.",Частная,ведение личного подсобного хозяйства,ЛПХ,0,нет,16:24:110102,624244.56,896.9031,,,,,нет,нет,нет,нет,да,да,нет,да,55.563127462842814,49.30907183657688
16:24:110101:474,1261.0,Земли населенных пунктов,Учтенный,"Российская Федерация, Республика Татарстан, Лаишевский муниципальный район,Кирбинское сельское поселение,с Кирби, ул. Молодежная",Частная,Для ведения личного пдсобного хозяйства,ДРУГОЕ,0,нет,16:24:110101,1186063.18,940.57,,,,,нет,нет,нет,нет,нет,нет,нет,да,55.56639628767323,49.313987508382226
16:24:110101:475,1000.0,Земли населенных пунктов,Учтенный,"Российская Федерация, Республика Татарстан, Лаишевский муниципальный район,Кирбинское сельское поселение,с Кирби, ул. Молодежная",Частная,Для ведения личного пдсобного хозяйства,ДРУГОЕ,0,нет,16:24:110101,940472.4,940.47,,,,,нет,нет,нет,нет,нет,нет,нет,да,55.565964436924936,49.314034595608554
16:24:110302:2971,76.0,Земли населенных пунктов,Учтенный,"Российская Федерация, Республика Татарстан, Лаишевский муниципальный район, Кирбинское сельское поселение",Частная,Благоустройство территории (код 12.0.2),ДРУГОЕ,0,нет,16:24:110302,1762.33,23.19,,,,,нет,нет,нет,нет,нет,нет,нет,да,55.556600528067,49.29218132379682
16:24:110301:1072,20000.0,Земли населенных пунктов,Учтенный,"Российская Федерация, Республика Татарстан, Лаишевский муниципальный район,Кирбинское сельское поселение, с Кирби",Частная,Сельскохозяйственное использование,СХ,0,нет,16:24:110301,1410504.0,70.53,,,,,нет,нет,нет,нет,нет,нет,нет,да,55.56941215376584,49.311785180206265
16:24:110302:2987,1000.0,Земли населенных пунктов,Учтенный,"Российская Федерация, Республика Татарстан, Лаишевский муниципальный район, Кирбинское сельское поселение",Частная,Для индивидуального жилищного строительства,ИЖС,0,нет,16:24:110302,618545.9,618.55,,,,,нет,да,нет,нет,нет,да,нет,да,55.555403326521414,49.30176777864945
16:24:110302:2925,1000.0,Земли населенных пунктов,Учтенный,"Республика Татарстан, Лаишевский муниципальный район, Кирбинское сельское поселение
",Частная,Для индивидуального жилищного строительства,ИЖС,0,нет,16:24:110302,752309.4,752.31,,,,,нет,да,нет,нет,нет,да,нет,да,55.55468357624252,49.31212734131128
16:24:110302:2995,1000.0,Земли населенных пунктов,Учтенный,"Российская Федерация, Республика Татарстан, Лаишевский муниципальный район, Кирбинское сельское поселение",Частная,Для индивидуального жилищного строительства,ИЖС,0,нет,16:24:110302,615734.1,615.73,,,,,нет,да,нет,нет,нет,да,нет,да,55.555044049798504,49.30176533228259
16:24:110302:2865,1103.0,Земли населенных пунктов,Учтенный,"Республика Татарстан, Лаишевский муниципальный район, Кирбинское сельское поселение
",Частная,Для индивидуального жилищного строительства,ИЖС,0,нет,16:24:110302,820676.56,744.04,,,,,нет,да,нет,нет,нет,да,нет,да,55.555754650114565,49.32007395299789
16:24:110102:749,1759.0,Земли населенных пунктов,Учтенный,"Российская Федерация, Республика Татарстан, Лаишевский муниципальный район, Кирбинское сельское поселение, с. Кирби, ул. Гвардейская",Частная,Для ведения личного подсобного хозяйства,ЛПХ,0,нет,16:24:110102,1532502.54,871.24,,,,,нет,нет,нет,нет,да,да,нет,да,55.561744310694735,49.31265589919316
16:24:000000:5711,1000.0,Земли населенных пунктов,Учтенный,"Местоположение установлено относительно ориентира, расположенного в границах участка. Почтовый адрес ориентира: Республика Татарстан, Лаишевский муниципальный район, Кирбинское сельское поселение, с Кирби.",Частная,Для индивидуального жилищного строительства,ИЖС,0,нет,16:24:000000,926408.0,926.408,,,,,нет,да,нет,нет,нет,да,нет,да,55.565730949895666,49.30957206174223
16:24:110103:412,425.0,Земли населенных пунктов,Учтенный,"Российская Федерация, Республика Татарстан, Лаишевский муниципальный район, с.п. Кирбинское, с Кирби",,Для индивидуального жилищного строительства,ИЖС,0,нет,16:24:110103,370775.61,872.41,,,,,да,да,нет,нет,нет,да,нет,да,55.56157721429881,49.32301142657217
16:24:110102:761,1000.0,Земли населенных пунктов,Учтенный,"Российская Федерация, Республика Татарстан (Татарстан), м.р-н Лаишевский, с.п. Кирбинское, с Кирби, ул Юности, з/у 3А",Частная,Для ведения личного подсобного хозяйства,ЛПХ,0,нет,16:24:110102,863869.6,863.87,,,,,нет,нет,нет,нет,да,да,нет,да,55.56023369823392,49.30646999907414
16:24:110102:765,1000.0,Земли населенных пунктов,Учтенный,"Российская Федерация, Республика Татарстан (Татарстан), м.р-н Лаишевский, с.п. Кирбинское, с Кирби, ул Гвардейская, з/у 12а",Частная,Ведение личного подсобного хозяйства,ЛПХ,0,нет,16:24:110102,846492.6,846.49,,,,,нет,нет,нет,нет,да,да,нет,да,55.56048810030065,49.31191783843175
16:24:110102:771,1000.0,Земли населенных пунктов,Учтенный,"Российская Федерация, Республика Татарстан, Лаишевский муниципальный район, Кирбинское сельское поселение, село Кирби, улица Юности ",Частная,Для ведения личного подсобного хозяйства,ЛПХ,0,нет,16:24:110102,919080.0,919.08,,,,,нет,нет,нет,нет,да,да,нет,да,55.56409890446188,49.310436378241945
16:24:110302:3238,1000.0,Земли населенных пунктов,Учтенный,"Российская Федерация, Республика Татарстан, Лаишевский муниципальный район, Кирбинское сельское поселение",Частная,Для индивидуального жилищного строительства,ИЖС,0,нет,16:24:110302,620284.4,620.28,,,,,нет,да,нет,нет,нет,да,нет,да,55.55526645879208,49.30016496446336
16:24:110301:1207,1025.0,Земли населенных пунктов,Учтенный,"Республика Татарстан, Лаишевский муниципальный район, Кирбинское сельское поселение",Частная,для индивидуального жилищного строительства,ИЖС,0,нет,16:24:110301,643626.51,627.93,,,,,нет,да,нет,нет,нет,да,нет,да,55.56834421140805,49.29427499322876
16:24:110301:1216,1439.0,Земли населенных пунктов,Учтенный,"Республика Татарстан, Лаишевский муниципальный район, Кирбинское сельское поселение",Частная,для индивидуального жилищного строительства,ИЖС,0,нет,16:24:110301,810977.81,563.57,,,,,нет,да,нет,нет,нет,да,нет,да,55.56656625671245,49.28717471274173
16:24:110301:1125,2498.0,Земли населенных пунктов,Учтенный,"Республика Татарстан, Лаишевский муниципальный район, Кирбинское сельское поселение",Частная,для индивидуального жилищного строительства,ИЖС,0,нет,16:24:110301,1564583.33,626.33,,,,,нет,да,нет,нет,нет,да,нет,да,55.57091651814949,49.29632298382371
16:24:110301:1123,1000.0,Земли населенных пунктов,Учтенный,"Республика Татарстан, Лаишевский муниципальный район, Кирбинское сельское поселение",Частная,для индивидуального жилищного строительства,ИЖС,0,нет,16:24:110301,659653.1,659.65,,,,,нет,да,нет,нет,нет,да,нет,да,55.57064092383781,49.29755992197113
16:24:110301:1117,1000.0,Земли населенных пунктов,Учтенный,"Республика Татарстан, Лаишевский муниципальный район, Кирбинское сельское поселение",Частная,для индивидуального жилищного строительства,ИЖС,0,нет,16:24:110301,635755.6,635.76,,,,,нет,да,нет,нет,нет,да,нет,да,55.57138105392177,49.29705785651412
16:24:110301:1232,1005.0,Земли населенных пунктов,Учтенный,"Республика Татарстан, Лаишевский муниципальный район, Кирбинское сельское поселение",Частная,для индивидуального жилищного строительства,ИЖС,0,нет,16:24:110301,530692.96,528.05,,,,,нет,да,нет,нет,нет,да,нет,да,55.56730469388433,49.28886826014389
16:24:110301:1245,1691.0,Земли населенных пунктов,Учтенный,"Республика Татарстан, Лаишевский муниципальный район, Кирбинское сельское поселение",Частная,для индивидуального жилищного строительства,ИЖС,0,нет,16:24:110301,959965.14,567.69,,,,,нет,да,нет,нет,нет,да,нет,да,55.566222553595885,49.287791186777376
16:24:110301:1167,1000.0,Земли населенных пунктов,Учтенный,"Республика Татарстан, Лаишевский муниципальный район, Кирбинское сельское поселение",Частная,для индивидуального жилищного строительства,ИЖС,0,нет,16:24:110301,575606.8,575.61,,,,,нет,да,нет,нет,нет,да,нет,да,55.568990612178645,49.291225531227404
16:24:110301:1148,2500.0,Земли населенных пунктов,Учтенный,"Республика Татарстан, Лаишевский муниципальный район, Кирбинское сельское поселение",Частная,для индивидуального жилищного строительства,ИЖС,0,нет,16:24:110301,1458901.5,583.56,,,,,нет,да,нет,нет,нет,да,нет,да,55.57014187202946,49.292941768007374
16:24:110301:1173,2488.0,Земли населенных пунктов,Учтенный,"Республика Татарстан, Лаишевский муниципальный район, Кирбинское сельское поселение",Частная,для индивидуального жилищного строительства,ИЖС,0,нет,16:24:110301,1448653.92,582.26,,,,,нет,да,нет,нет,нет,да,нет,да,55.56910154246699,49.29189047547537
16:24:110301:1146,1935.0,Земли населенных пунктов,Учтенный,"Республика Татарстан, Лаишевский муниципальный район, Кирбинское сельское поселение",Частная,для индивидуального жилищного строительства,ИЖС,0,нет,16:24:110301,1115414.88,576.44,,,,,нет,да,нет,нет,нет,да,нет,да,55.57056338053451,49.293053794776554
16:24:110301:1185,1406.0,Земли населенных пунктов,Учтенный,"Республика Татарстан, Лаишевский муниципальный район, Кирбинское сельское поселение",Частная,для индивидуального жилищного строительства,ИЖС,0,нет,16:24:110301,844089.43,600.35,,,,,нет,да,нет,нет,нет,да,нет,да,55.56878582651817,49.29307284367745
16:24:110301:1198,2033.0,Земли населенных пунктов,Учтенный,"Республика Татарстан, Лаишевский муниципальный район, Кирбинское сельское поселение",Частная,для индивидуального жилищного строительства,ИЖС,0,нет,16:24:110301,1186587.9,583.66,,,,,нет,да,нет,нет,нет,да,нет,да,55.56825227030476,49.29109183630283
16:24:110301:1276,1000.0,Земли населенных пунктов,Учтенный,"Республика Татарстан, Лаишевский муниципальный район, Кирбинское сельское поселение",Частная,для индивидуального жилищного строительства,ИЖС,0,нет,16:24:110301,577304.9,577.3,,,,,нет,да,нет,нет,нет,да,нет,да,55.56675208510105,49.29095535356453
16:24:110301:1367,1000.0,Земли населенных пунктов,Учтенный,"Республика Татарстан, Лаишевский муниципальный район, Кирбинское сельское поселение",Частная,для индивидуального жилищного строительства,ИЖС,0,нет,16:24:110301,659158.2,659.16,,,,,нет,да,нет,нет,нет,да,нет,да,55.57461364026858,49.30073946089774
16:24:110301:1372,1000.0,Земли населенных пунктов,Учтенный,"Республика Татарстан, Лаишевский муниципальный район, Кирбинское сельское поселение",Частная,для индивидуального жилищного строительства,ИЖС,0,нет,16:24:110301,659158.2,659.16,,,,,нет,да,нет,нет,нет,да,нет,да,55.57420314341645,49.30106100990636
16:24:110301:1386,1000.0,Земли населенных пунктов,Учтенный,"Республика Татарстан, Лаишевский муниципальный район, Кирбинское сельское поселение",Частная,для индивидуального жилищного строительства,ИЖС,0,нет,16:24:110301,627422.9,627.42,,,,,нет,да,нет,нет,нет,да,нет,да,55.57379283301003,49.29898311804255
16:24:110301:1383,2382.0,Земли населенных пунктов,Учтенный,"Республика Татарстан, Лаишевский муниципальный район, Кирбинское сельское поселение",Частная,для индивидуального жилищного строительства,ИЖС,0,нет,16:24:110301,1524829.2,640.15,,,,,нет,да,нет,нет,нет,да,нет,да,55.57405582829506,49.29976254228844
16:24:110301:1388,1000.0,Земли населенных пунктов,Учтенный,"Республика Татарстан, Лаишевский муниципальный район, Кирбинское сельское поселение",Частная,для индивидуального жилищного строительства,ИЖС,0,нет,16:24:110301,633982.8,633.98,,,,,нет,да,нет,нет,нет,да,нет,да,55.57365129265029,49.29929076780829
16:24:110301:1281,1000.0,Земли населенных пунктов,Учтенный,"Республика Татарстан, Лаишевский муниципальный район, Кирбинское сельское поселение",Частная,для индивидуального жилищного строительства,ИЖС,0,нет,16:24:110301,568846.2,568.85,,,,,нет,да,нет,нет,нет,да,нет,да,55.565172855087795,49.28950936146197
16:24:110301:1294,2305.0,Земли населенных пунктов,Учтенный,"Республика Татарстан, Лаишевский муниципальный район, Кирбинское сельское поселение",Частная,для индивидуального жилищного строительства,ИЖС,0,нет,16:24:110301,1263053.1,547.96,,,,,нет,да,нет,нет,нет,да,нет,да,55.56573204889129,49.28708490617541
16:24:110301:1304,1000.0,Земли населенных пунктов,Учтенный,"Республика Татарстан, Лаишевский муниципальный район, Кирбинское сельское поселение",Частная,для индивидуального жилищного строительства,ИЖС,0,нет,16:24:110301,551887.3,551.89,,,,,нет,да,нет,нет,нет,да,нет,да,55.56430775733001,49.284574853503266
16:24:110301:1293,1865.0,Земли населенных пунктов,Учтенный,"Республика Татарстан, Лаишевский муниципальный район, Кирбинское сельское поселение",Частная,для индивидуального жилищного строительства,ИЖС,0,нет,16:24:110301,1053221.64,564.73,,,,,нет,да,нет,нет,нет,да,нет,да,55.56491592586528,49.28879276476268
16:24:110301:1339,1000.0,Земли населенных пунктов,Учтенный,"Республика Татарстан, Лаишевский муниципальный район, Кирбинское сельское поселение",Частная,для индивидуального жилищного строительства,ИЖС,0,нет,16:24:110301,536618.1,536.62,,,,,нет,да,нет,нет,нет,да,нет,да,55.56388835621706,49.28679812307555
16:24:110301:1338,1032.0,Земли населенных пунктов,Учтенный,"Республика Татарстан, Лаишевский муниципальный район, Кирбинское сельское поселение",Частная,для индивидуального жилищного строительства,ИЖС,0,нет,16:24:110301,553955.52,536.78,,,,,нет,да,нет,нет,нет,да,нет,да,55.563708873572715,49.286590899359425
16:24:110301:1424,1000.0,Земли населенных пунктов,Учтенный,"Республика Татарстан, Лаишевский муниципальный район, Кирбинское сельское поселение",Частная,для индивидуального жилищного строительства,ИЖС,0,нет,16:24:110301,618779.7,618.78,,,,,нет,да,нет,нет,нет,да,нет,да,55.572184983799254,49.29769957352921
16:24:110301:1411,1000.0,Земли населенных пунктов,Учтенный,"Республика Татарстан, Лаишевский муниципальный район, Кирбинское сельское поселение",Частная,для индивидуального жилищного строительства,ИЖС,0,нет,16:24:110301,659669.7,659.67,,,,,нет,да,нет,нет,нет,да,нет,да,55.57256423761413,49.299264278914215
16:24:110301:1430,1000.0,Земли населенных пунктов,Учтенный,"Республика Татарстан, Лаишевский муниципальный район, Кирбинское сельское поселение",Частная,для индивидуального жилищного строительства,ИЖС,0,нет,16:24:110301,657654.3,657.65,,,,,нет,да,нет,нет,нет,да,нет,да,55.57148142526015,49.29822277671866
16:24:110301:1115,1000.0,Земли населенных пунктов,Учтенный,"Республика Татарстан, Лаишевский муниципальный район, Кирбинское сельское поселение",Частная,для индивидуального жилищного строительства,ИЖС,0,нет,16:24:110301,635741.1,635.74,,,,,нет,да,нет,нет,нет,да,нет,да,55.571522588789264,49.296750184716316
16:24:110301:1215,2500.0,Земли населенных пунктов,Учтенный,"Республика Татарстан, Лаишевский муниципальный район, Кирбинское сельское поселение",Частная,для индивидуального жилищного строительства,ИЖС,0,нет,16:24:110301,1408307.25,563.32,,,,,нет,да,нет,нет,нет,да,нет,да,55.56780654811052,49.28856691258497
16:24:110301:1129,2500.0,Земли населенных пунктов,Учтенный,"Республика Татарстан, Лаишевский муниципальный район, Кирбинское сельское поселение",Частная,для индивидуального жилищного строительства,ИЖС,0,нет,16:24:110301,1632898.0,653.16,,,,,нет,да,нет,нет,нет,да,нет,да,55.569468921055105,49.296151827382566
16:24:110301:1223,1000.0,Земли населенных пунктов,Учтенный,"Республика Татарстан, Лаишевский муниципальный район, Кирбинское сельское поселение",Частная,для индивидуального жилищного строительства,ИЖС,0,нет,16:24:110301,547186.7,547.19,,,,,нет,да,нет,нет,нет,да,нет,да,55.567802034442366,49.28989017385759
16:24:110301:1147,1880.0,Земли населенных пунктов,Учтенный,"Республика Татарстан, Лаишевский муниципальный район, Кирбинское сельское поселение",Частная,для индивидуального жилищного строительства,ИЖС,0,нет,16:24:110301,1096820.95,583.42,,,,,нет,да,нет,нет,нет,да,нет,да,55.57080970630041,49.2938548204604
16:24:110301:1165,1000.0,Земли населенных пунктов,Учтенный,"Республика Татарстан, Лаишевский муниципальный район, Кирбинское сельское поселение",Частная,для индивидуального жилищного строительства,ИЖС,0,нет,16:24:110301,569307.4,569.31,,,,,нет,да,нет,нет,нет,да,нет,да,55.56866907424658,49.29083776000386
16:24:110301:1153,1025.0,Земли населенных пунктов,Учтенный,"Республика Татарстан, Лаишевский муниципальный район, Кирбинское сельское поселение",Частная,для индивидуального жилищного строительства,ИЖС,0,нет,16:24:110301,580293.09,566.14,,,,,нет,да,нет,нет,нет,да,нет,да,55.56866263596845,49.29010622109212
16:24:110301:1170,1000.0,Земли населенных пунктов,Учтенный,"Республика Татарстан, Лаишевский муниципальный район, Кирбинское сельское поселение",Частная,для индивидуального жилищного строительства,ИЖС,0,нет,16:24:110301,586622.0,586.62,,,,,нет,да,нет,нет,нет,да,нет,да,55.56977226894099,49.29241856819739
16:24:110301:1164,1696.0,Земли населенных пунктов,Учтенный,"Республика Татарстан, Лаишевский муниципальный район, Кирбинское сельское поселение",Частная,для индивидуального жилищного строительства,ИЖС,0,нет,16:24:110301,962822.25,567.7,,,,,нет,да,нет,нет,нет,да,нет,да,55.56831750696578,49.2902611013392
16:24:110301:1161,1112.0,Земли населенных пунктов,Учтенный,"Республика Татарстан, Лаишевский муниципальный район, Кирбинское сельское поселение",Частная,для индивидуального жилищного строительства,ИЖС,0,нет,16:24:110301,634754.4,570.82,,,,,нет,да,нет,нет,нет,да,нет,да,55.56983413432149,49.29183504472255
16:24:110301:1160,1100.0,Земли населенных пунктов,Учтенный,"Республика Татарстан, Лаишевский муниципальный район, Кирбинское сельское поселение",Частная,для индивидуального жилищного строительства,ИЖС,0,нет,16:24:110301,633208.18,575.64,,,,,нет,да,нет,нет,нет,да,нет,да,55.56968328562739,49.291534248265314
16:24:110301:1190,1000.0,Земли населенных пунктов,Учтенный,"Республика Татарстан, Лаишевский муниципальный район, Кирбинское сельское поселение",Частная,для индивидуального жилищного строительства,ИЖС,0,нет,16:24:110301,607952.2,607.95,,,,,нет,да,нет,нет,нет,да,нет,да,55.56909051950778,49.29401007170405
16:24:110301:1175,1000.0,Земли населенных пунктов,Учтенный,"Республика Татарстан, Лаишевский муниципальный район, Кирбинское сельское поселение",Частная,для индивидуального жилищного строительства,ИЖС,0,нет,16:24:110301,584631.5,584.63,,,,,нет,да,нет,нет,нет,да,нет,да,55.569034858006674,49.29216400219722
16:24:110301:1182,1000.0,Земли населенных пунктов,Учтенный,"Республика Татарстан, Лаишевский муниципальный район, Кирбинское сельское поселение",Частная,для индивидуального жилищного строительства,ИЖС,0,нет,16:24:110301,592942.7,592.94,,,,,нет,да,нет,нет,нет,да,нет,да,55.569451116797175,49.29327100483404
16:24:110301:1347,1000.0,Земли населенных пунктов,Учтенный,"Республика Татарстан, Лаишевский муниципальный район, Кирбинское сельское поселение",Частная,для индивидуального жилищного строительства,ИЖС,0,нет,16:24:110301,554443.0,554.44,,,,,нет,да,нет,нет,нет,да,нет,да,55.56402227318779,49.28786097189154
16:24:110301:1365,1000.0,Земли населенных пунктов,Учтенный,"Республика Татарстан, Лаишевский муниципальный район, Кирбинское сельское поселение",Частная,для индивидуального жилищного строительства,ИЖС,0,нет,16:24:110301,643077.0,643.08,,,,,нет,да,нет,нет,нет,да,нет,да,55.574818888405176,49.3005786680283
16:24:110301:1376,1000.0,Земли населенных пунктов,Учтенный,"Республика Татарстан, Лаишевский муниципальный район, Кирбинское сельское поселение",Частная,для индивидуального жилищного строительства,ИЖС,0,нет,16:24:110301,682944.0,682.94,,,,,нет,да,нет,нет,нет,да,нет,да,55.573815377272304,49.301434157102165
16:24:110301:1384,1708.0,Земли населенных пунктов,Учтенный,"Республика Татарстан, Лаишевский муниципальный район, Кирбинское сельское поселение",Частная,для индивидуального жилищного строительства,ИЖС,0,нет,16:24:110301,1106684.59,647.94,,,,,нет,да,нет,нет,нет,да,нет,да,55.57368339588877,49.29974927409234
16:24:110301:1295,1201.0,Земли населенных пунктов,Учтенный,"Республика Татарстан, Лаишевский муниципальный район, Кирбинское сельское поселение",Частная,для индивидуального жилищного строительства,ИЖС,0,нет,16:24:110301,677377.69,564.01,,,,,нет,да,нет,нет,нет,да,нет,да,55.565865756555525,49.28577850963918
16:24:110301:1325,1000.0,Земли населенных пунктов,Учтенный,"Республика Татарстан, Лаишевский муниципальный район, Кирбинское сельское поселение",Частная,для индивидуального жилищного строительства,ИЖС,0,нет,16:24:110301,551523.4,551.52,,,,,нет,да,нет,нет,нет,да,нет,да,55.565483872018774,49.28719880676683
16:24:110301:1340,1000.0,Земли населенных пунктов,Учтенный,"Республика Татарстан, Лаишевский муниципальный район, Кирбинское сельское поселение",Частная,для индивидуального жилищного строительства,ИЖС,0,нет,16:24:110301,541766.2,541.77,,,,,нет,да,нет,нет,нет,да,нет,да,55.56407439658062,49.28711903836663
16:24:110301:1397,1024.0,Земли населенных пунктов,Учтенный,"Республика Татарстан, Лаишевский муниципальный район, Кирбинское сельское поселение",Частная,для индивидуального жилищного строительства,ИЖС,0,нет,16:24:110301,714406.2,697.66,,,,,нет,да,нет,нет,нет,да,нет,да,55.57266449401345,49.30047548266519
16:24:110301:1400,2499.0,Земли населенных пунктов,Учтенный,"Республика Татарстан, Лаишевский муниципальный район, Кирбинское сельское поселение",Частная,для индивидуального жилищного строительства,ИЖС,0,нет,16:24:110301,1719735.83,688.17,,,,,нет,да,нет,нет,нет,да,нет,да,55.57232016231843,49.30031922407007
16:24:110301:1409,1000.0,Земли населенных пунктов,Учтенный,"Республика Татарстан, Лаишевский муниципальный район, Кирбинское сельское поселение",Частная,для индивидуального жилищного строительства,ИЖС,0,нет,16:24:110301,638837.6,638.84,,,,,нет,да,нет,нет,нет,да,нет,да,55.57270579595647,49.298956605953805
16:24:110301:1414,1000.0,Земли населенных пунктов,Учтенный,"Республика Татарстан, Лаишевский муниципальный район, Кирбинское сельское поселение",Частная,для индивидуального жилищного строительства,ИЖС,0,нет,16:24:110301,679940.3,679.94,,,,,нет,да,нет,нет,нет,да,нет,да,55.571968374552064,49.2994528000373
16:24:110301:1206,1001.0,Земли населенных пунктов,Учтенный,"Республика Татарстан, Лаишевский муниципальный район, Кирбинское сельское поселение",Частная,для индивидуального жилищного строительства,ИЖС,0,нет,16:24:110301,616996.58,616.38,,,,,нет,да,нет,нет,нет,да,нет,да,55.5679965967587,49.293753227691944
16:24:110301:1202,2162.0,Земли населенных пунктов,Учтенный,"Республика Татарстан, Лаишевский муниципальный район, Кирбинское сельское поселение",Частная,для индивидуального жилищного строительства,ИЖС,0,нет,16:24:110301,1287174.59,595.36,,,,,нет,да,нет,нет,нет,да,нет,да,55.56797426783803,49.291450953334014
16:24:110301:1113,1000.0,Земли населенных пунктов,Учтенный,"Республика Татарстан, Лаишевский муниципальный район, Кирбинское сельское поселение",Частная,для индивидуального жилищного строительства,ИЖС,0,нет,16:24:110301,604626.0,604.63,,,,,нет,да,нет,нет,нет,да,нет,да,55.571664140847545,49.296442510824704
16:24:110301:1136,2499.0,Земли населенных пунктов,Учтенный,"Республика Татарстан, Лаишевский муниципальный район, Кирбинское сельское поселение",Частная,для индивидуального жилищного строительства,ИЖС,0,нет,16:24:110301,1537589.97,615.28,,,,,нет,да,нет,нет,нет,да,нет,да,55.56972285306215,49.294599743601154
16:24:110301:1230,1148.0,Земли населенных пунктов,Учтенный,"Республика Татарстан, Лаишевский муниципальный район, Кирбинское сельское поселение",Частная,для индивидуального жилищного строительства,ИЖС,0,нет,16:24:110301,642481.18,559.65,,,,,нет,да,нет,нет,нет,да,нет,да,55.56668300847219,49.28802862298844
16:24:110301:1233,1000.0,Земли населенных пунктов,Учтенный,"Республика Татарстан, Лаишевский муниципальный район, Кирбинское сельское поселение",Частная,для индивидуального жилищного строительства,ИЖС,0,нет,16:24:110301,646676.4,646.68,,,,,нет,да,нет,нет,нет,да,нет,да,55.574754532309235,49.30227682294124
16:24:110301:1144,1002.0,Земли населенных пунктов,Учтенный,"Республика Татарстан, Лаишевский муниципальный район, Кирбинское сельское поселение",Частная,для индивидуального жилищного строительства,ИЖС,0,нет,16:24:110301,622146.21,620.9,,,,,нет,да,нет,нет,нет,да,нет,да,55.57545098831844,49.301338062793064
16:24:110301:1168,1000.0,Земли населенных пунктов,Учтенный,"Республика Татарстан, Лаишевский муниципальный район, Кирбинское сельское поселение",Частная,для индивидуального жилищного строительства,ИЖС,0,нет,16:24:110301,576252.2,576.25,,,,,нет,да,нет,нет,нет,да,нет,да,55.569247596288896,49.291593818066694
16:24:110301:1145,1932.0,Земли населенных пунктов,Учтенный,"Республика Татарстан, Лаишевский муниципальный район, Кирбинское сельское поселение",Частная,для индивидуального жилищного строительства,ИЖС,0,нет,16:24:110301,1143718.3,591.99,,,,,нет,да,нет,нет,нет,да,нет,да,55.57075618770715,49.29413856012537
16:24:110301:1171,1046.0,Земли населенных пунктов,Учтенный,"Республика Татарстан, Лаишевский муниципальный район, Кирбинское сельское поселение",Частная,для индивидуального жилищного строительства,ИЖС,0,нет,16:24:110301,614719.87,587.69,,,,,нет,да,нет,нет,нет,да,нет,да,55.57010375429852,49.29287897702751
16:24:110301:1172,2289.0,Земли населенных пунктов,Учтенный,"Республика Татарстан, Лаишевский муниципальный район, Кирбинское сельское поселение",Частная,для индивидуального жилищного строительства,ИЖС,0,нет,16:24:110301,1307260.49,571.11,,,,,нет,да,нет,нет,нет,да,нет,да,55.568110943061534,49.290096180313235
16:24:110301:1178,1000.0,Земли населенных пунктов,Учтенный,"Республика Татарстан, Лаишевский муниципальный район, Кирбинское сельское поселение",Частная,для индивидуального жилищного строительства,ИЖС,0,нет,16:24:110301,587958.5,587.96,,,,,нет,да,нет,нет,нет,да,нет,да,55.56959327506542,49.292930255724315
16:24:110301:1189,1004.0,Земли населенных пунктов,Учтенный,"Республика Татарстан, Лаишевский муниципальный район, Кирбинское сельское поселение",Частная,для индивидуального жилищного строительства,ИЖС,0,нет,16:24:110301,602832.52,600.43,,,,,нет,да,нет,нет,нет,да,нет,да,55.568780181988544,49.29356538052045
16:24:110301:1195,1892.0,Земли населенных пунктов,Учтенный,"Республика Татарстан, Лаишевский муниципальный район, Кирбинское сельское поселение",Частная,для индивидуального жилищного строительства,ИЖС,0,нет,16:24:110301,1202574.88,635.61,,,,,нет,да,нет,нет,нет,да,нет,да,55.56926654420987,49.29525261581681
16:24:110301:1362,1512.0,Земли населенных пунктов,Учтенный,"Республика Татарстан, Лаишевский муниципальный район, Кирбинское сельское поселение",Частная,для индивидуального жилищного строительства,ИЖС,0,нет,16:24:110301,820271.04,542.51,,,,,нет,да,нет,нет,нет,да,нет,да,55.56323038822148,49.286734827179366
16:24:110301:1250,1000.0,Земли населенных пунктов,Учтенный,"Республика Татарстан, Лаишевский муниципальный район, Кирбинское сельское поселение",Частная,для индивидуального жилищного строительства,ИЖС,0,нет,16:24:110301,567347.7,567.35,,,,,нет,да,нет,нет,нет,да,нет,да,55.566111469646124,49.28809792490413
16:24:110301:1262,1000.0,Земли населенных пунктов,Учтенный,"Республика Татарстан, Лаишевский муниципальный район, Кирбинское сельское поселение",Частная,для индивидуального жилищного строительства,ИЖС,0,нет,16:24:110301,519928.4,519.93,,,,,нет,да,нет,нет,нет,да,нет,да,55.56667995873952,49.28972902167202
16:24:110301:1380,2493.0,Земли населенных пунктов,Учтенный,"Республика Татарстан, Лаишевский муниципальный район, Кирбинское сельское поселение",Частная,для индивидуального жилищного строительства,ИЖС,0,нет,16:24:110301,1645740.49,660.14,,,,,нет,да,нет,нет,нет,да,нет,да,55.5737519564868,49.30034306581767
16:24:110301:1373,1000.0,Земли населенных пунктов,Учтенный,"Республика Татарстан, Лаишевский муниципальный район, Кирбинское сельское поселение",Частная,для индивидуального жилищного строительства,ИЖС,0,нет,16:24:110301,676155.4,676.16,,,,,нет,да,нет,нет,нет,да,нет,да,55.573852140652455,49.30064218266374
16:24:110301:1282,1000.0,Земли населенных пунктов,Учтенный,"Республика Татарстан, Лаишевский муниципальный район, Кирбинское сельское поселение",Частная,для индивидуального жилищного строительства,ИЖС,0,нет,16:24:110301,568786.2,568.79,,,,,нет,да,нет,нет,нет,да,нет,да,55.56534717780821,49.2897590883636
16:24:110301:1300,1230.0,Земли населенных пунктов,Учтенный,"Республика Татарстан, Лаишевский муниципальный район, Кирбинское сельское поселение",Частная,для индивидуального жилищного строительства,ИЖС,0,нет,16:24:110301,672992.41,547.15,,,,,нет,да,нет,нет,нет,да,нет,да,55.56502718023908,49.28502295482486
16:24:110301:1288,1326.0,Земли населенных пунктов,Учтенный,"Республика Татарстан, Лаишевский муниципальный район, Кирбинское сельское поселение",Частная,для индивидуального жилищного строительства,ИЖС,0,нет,16:24:110301,914087.25,689.36,,,,,нет,да,нет,нет,нет,да,нет,да,55.57393485377553,49.30215249692246
16:24:110301:1323,1000.0,Земли населенных пунктов,Учтенный,"Республика Татарстан, Лаишевский муниципальный район, Кирбинское сельское поселение",Частная,для индивидуального жилищного строительства,ИЖС,0,нет,16:24:110301,540240.5,540.24,,,,,нет,да,нет,нет,нет,да,нет,да,55.56513519791645,49.2866992491667
16:24:110301:1331,1000.0,Земли населенных пунктов,Учтенный,"Республика Татарстан, Лаишевский муниципальный район, Кирбинское сельское поселение",Частная,для индивидуального жилищного строительства,ИЖС,0,нет,16:24:110301,554550.0,554.55,,,,,нет,да,нет,нет,нет,да,нет,да,55.56508307692218,49.28744126664276
16:24:110301:1344,1013.0,Земли населенных пунктов,Учтенный,"Республика Татарстан, Лаишевский муниципальный район, Кирбинское сельское поселение",Частная,для индивидуального жилищного строительства,ИЖС,0,нет,16:24:110301,629328.78,621.25,,,,,нет,да,нет,нет,нет,да,нет,да,55.57487940437919,49.29983739706198
16:24:110301:1403,1000.0,Земли населенных пунктов,Учтенный,"Республика Татарстан, Лаишевский муниципальный район, Кирбинское сельское поселение",Частная,для индивидуального жилищного строительства,ИЖС,0,нет,16:24:110301,638154.4,638.15,,,,,нет,да,нет,нет,нет,да,нет,да,55.57271001857943,49.29794155924894
16:24:110301:1150,2500.0,Земли населенных пунктов,Учтенный,"Республика Татарстан, Лаишевский муниципальный район, Кирбинское сельское поселение",Частная,для индивидуального жилищного строительства,ИЖС,0,нет,16:24:110301,1413804.75,565.52,,,,,нет,да,нет,нет,нет,да,нет,да,55.56995433847431,49.29145298847731
16:24:110301:1192,1997.0,Земли населенных пунктов,Учтенный,"Республика Татарстан, Лаишевский муниципальный район, Кирбинское сельское поселение",Частная,для индивидуального жилищного строительства,ИЖС,0,нет,16:24:110301,1231500.77,616.68,,,,,нет,да,нет,нет,нет,да,нет,да,55.569038819606,49.29437276798257
16:24:110301:1120,1000.0,Земли населенных пунктов,Учтенный,"Республика Татарстан, Лаишевский муниципальный район, Кирбинское сельское поселение",Частная,для индивидуального жилищного строительства,ИЖС,0,нет,16:24:110301,646167.3,646.17,,,,,нет,да,нет,нет,нет,да,нет,да,55.57081903421723,49.297273396121476
16:24:110301:1121,1000.0,Земли населенных пунктов,Учтенный,"Республика Татарстан, Лаишевский муниципальный район, Кирбинское сельское поселение",Частная,для индивидуального жилищного строительства,ИЖС,0,нет,16:24:110301,640078.4,640.08,,,,,нет,да,нет,нет,нет,да,нет,да,55.57109794607595,49.29767312981879
16:24:110301:1209,2499.0,Земли населенных пунктов,Учтенный,"Республика Татарстан, Лаишевский муниципальный район, Кирбинское сельское поселение",Частная,для индивидуального жилищного строительства,ИЖС,0,нет,16:24:110301,1568006.3,627.45,,,,,нет,да,нет,нет,нет,да,нет,да,55.56726885262316,49.29311739021906
16:24:110301:1214,2168.0,Земли населенных пунктов,Учтенный,"Республика Татарстан, Лаишевский муниципальный район, Кирбинское сельское поселение",Частная,для индивидуального жилищного строительства,ИЖС,0,нет,16:24:110301,1210242.21,558.23,,,,,нет,да,нет,нет,нет,да,нет,да,55.56667492895253,49.286941660236096
16:24:110301:1139,1398.0,Земли населенных пунктов,Учтенный,"Республика Татарстан, Лаишевский муниципальный район, Кирбинское сельское поселение",Частная,для индивидуального жилищного строительства,ИЖС,0,нет,16:24:110301,834495.42,596.92,,,,,нет,да,нет,нет,нет,да,нет,да,55.570609245088136,49.29442019953975
16:24:110301:1133,2475.0,Земли населенных пунктов,Учтенный,"Республика Татарстан, Лаишевский муниципальный район, Кирбинское сельское поселение",Частная,для индивидуального жилищного строительства,ИЖС,0,нет,16:24:110301,1579348.48,638.12,,,,,нет,да,нет,нет,нет,да,нет,да,55.575131049251254,49.30251200622697
16:24:110301:1229,1025.0,Земли населенных пунктов,Учтенный,"Республика Татарстан, Лаишевский муниципальный район, Кирбинское сельское поселение",Частная,для индивидуального жилищного строительства,ИЖС,0,нет,16:24:110301,581531.39,567.35,,,,,нет,да,нет,нет,нет,да,нет,да,55.56639000874736,49.287557827222166
16:24:110301:1240,1000.0,Земли населенных пунктов,Учтенный,"Республика Татарстан, Лаишевский муниципальный район, Кирбинское сельское поселение",Частная,для индивидуального жилищного строительства,ИЖС,0,нет,16:24:110301,599959.1,599.96,,,,,нет,да,нет,нет,нет,да,нет,да,55.56754214259452,49.29175097830863
16:24:110301:1154,1038.0,Земли населенных пунктов,Учтенный,"Республика Татарстан, Лаишевский муниципальный район, Кирбинское сельское поселение",Частная,для индивидуального жилищного строительства,ИЖС,0,нет,16:24:110301,587582.01,566.07,,,,,нет,да,нет,нет,нет,да,нет,да,55.568838653576634,49.2903523380095
16:24:110301:1163,1720.0,Земли населенных пунктов,Учтенный,"Республика Татарстан, Лаишевский муниципальный район, Кирбинское сельское поселение",Частная,для индивидуального жилищного строительства,ИЖС,0,нет,16:24:110301,987556.58,574.16,,,,,нет,да,нет,нет,нет,да,нет,да,55.570296659030554,49.292391081501904
16:24:110301:1351,1000.0,Земли населенных пунктов,Учтенный,"Республика Татарстан, Лаишевский муниципальный район, Кирбинское сельское поселение",Частная,для индивидуального жилищного строительства,ИЖС,0,нет,16:24:110301,568839.1,568.84,,,,,нет,да,нет,нет,нет,да,нет,да,55.56469465830995,49.28890590157355
16:24:110301:1259,1000.0,Земли населенных пунктов,Учтенный,"Республика Татарстан, Лаишевский муниципальный район, Кирбинское сельское поселение",Частная,для индивидуального жилищного строительства,ИЖС,0,нет,16:24:110301,535044.1,535.04,,,,,нет,да,нет,нет,нет,да,нет,да,55.56605934037575,49.288839863798884
16:24:110301:1248,1000.0,Земли населенных пунктов,Учтенный,"Республика Татарстан, Лаишевский муниципальный район, Кирбинское сельское поселение",Частная,для индивидуального жилищного строительства,ИЖС,0,нет,16:24:110301,548169.8,548.17,,,,,нет,да,нет,нет,нет,да,нет,да,55.565762799259275,49.287598351370356
16:24:110301:1251,1000.0,Земли населенных пунктов,Учтенный,"Республика Татарстан, Лаишевский муниципальный район, Кирбинское сельское поселение",Частная,для индивидуального жилищного строительства,ИЖС,0,нет,16:24:110301,547983.4,547.98,,,,,нет,да,нет,нет,нет,да,нет,да,55.566285795215165,49.288347651531346
16:24:110301:1253,1358.0,Земли населенных пунктов,Учтенный,"Республика Татарстан, Лаишевский муниципальный район, Кирбинское сельское поселение",Частная,для индивидуального жилищного строительства,ИЖС,0,нет,16:24:110301,732593.88,539.47,,,,,нет,да,нет,нет,нет,да,нет,да,55.566707090086744,49.28895127791746
16:24:110301:1375,1000.0,Земли населенных пунктов,Учтенный,"Республика Татарстан, Лаишевский муниципальный район, Кирбинское сельское поселение",Частная,для индивидуального жилищного строительства,ИЖС,0,нет,16:24:110301,682695.1,682.7,,,,,нет,да,нет,нет,нет,да,нет,да,55.57364691036817,49.30080297138975
16:24:110301:1286,1200.0,Земли населенных пунктов,Учтенный,"Республика Татарстан, Лаишевский муниципальный район, Кирбинское сельское поселение",Частная,для индивидуального жилищного строительства,ИЖС,0,нет,16:24:110301,663741.84,553.12,,,,,нет,да,нет,нет,нет,да,нет,да,55.56616302892478,49.29092801241602
16:24:110301:1318,1000.0,Земли населенных пунктов,Учтенный,"Республика Татарстан, Лаишевский муниципальный район, Кирбинское сельское поселение",Частная,для индивидуального жилищного строительства,ИЖС,0,нет,16:24:110301,526477.1,526.48,,,,,нет,да,нет,нет,нет,да,нет,да,55.56442660213806,49.285629704981794
16:24:110301:1341,1000.0,Земли населенных пунктов,Учтенный,"Республика Татарстан, Лаишевский муниципальный район, Кирбинское сельское поселение",Частная,для индивидуального жилищного строительства,ИЖС,0,нет,16:24:110301,553420.7,553.42,,,,,нет,да,нет,нет,нет,да,нет,да,55.5642487242189,49.28736874771583
16:24:110301:1336,1407.0,Земли населенных пунктов,Учтенный,"Республика Татарстан, Лаишевский муниципальный район, Кирбинское сельское поселение",Частная,для индивидуального жилищного строительства,ИЖС,0,нет,16:24:110301,749553.78,532.73,,,,,нет,да,нет,нет,нет,да,нет,да,55.563692927693474,49.28592680587827
16:24:110301:1320,1000.0,Земли населенных пунктов,Учтенный,"Республика Татарстан, Лаишевский муниципальный район, Кирбинское сельское поселение",Частная,для индивидуального жилищного строительства,ИЖС,0,нет,16:24:110301,539927.6,539.93,,,,,нет,да,нет,нет,нет,да,нет,да,55.564786539517755,49.286199795632434
16:24:110301:1417,2494.0,Земли населенных пунктов,Учтенный,"Республика Татарстан, Лаишевский муниципальный район, Кирбинское сельское поселение",Частная,для индивидуального жилищного строительства,ИЖС,0,нет,16:24:110301,1697456.05,680.62,,,,,нет,да,нет,нет,нет,да,нет,да,55.571278706565955,49.29879068243829
16:24:110301:1398,1157.0,Земли населенных пунктов,Учтенный,"Республика Татарстан, Лаишевский муниципальный район, Кирбинское сельское поселение",Частная,для индивидуального жилищного строительства,ИЖС,0,нет,16:24:110301,788279.95,681.31,,,,,нет,да,нет,нет,нет,да,нет,да,55.57295226593939,49.300661548321706
16:24:110301:1416,1000.0,Земли населенных пунктов,Учтенный,"Республика Татарстан, Лаишевский муниципальный район, Кирбинское сельское поселение",Частная,для индивидуального жилищного строительства,ИЖС,0,нет,16:24:110301,680593.6,680.59,,,,,нет,да,нет,нет,нет,да,нет,да,55.57229343832663,49.29991988348846
16:24:110301:1431,1000.0,Земли населенных пунктов,Учтенный,"Республика Татарстан, Лаишевский муниципальный район, Кирбинское сельское поселение",Частная,для индивидуального жилищного строительства,ИЖС,0,нет,16:24:110301,657666.9,657.67,,,,,нет,да,нет,нет,нет,да,нет,да,55.57176031601572,49.29862252375538
16:24:110302:3309,1100.0,Земли населенных пунктов,Учтенный,"Российская Федерация, Республика Татарстан, Лаишевский муниципальный район, Кирбинское сельское поселение",Частная,Для индивидуального жилищного строительства,ИЖС,0,нет,16:24:110302,839399.22,763.09,,,,,нет,да,нет,нет,нет,да,нет,да,55.555113331235724,49.31322809482492
16:24:110302:3327,1000.0,Земли населенных пунктов,Учтенный,"Российская Федерация, Республика Татарстан, Лаишевский муниципальный район, Кирбинское сельское поселение, с Кирби",Частная,Для индивидуального жилищного строительства,ИЖС,0,нет,16:24:110302,625044.6,625.04,,,,,нет,да,нет,нет,нет,да,нет,да,55.55502439902244,49.30369520962922
16:24:110302:3351,1000.0,Земли населенных пунктов,Учтенный,"Российская Федерация, Республика Татарстан, Лаишевский муниципальный район, Кирбинское сельское поселение, с Кирби",Частная,Для индивидуального жилищного строительства,ИЖС,0,нет,16:24:110302,753411.6,753.41,,,,,нет,да,нет,нет,нет,да,нет,да,55.555994446048004,49.319475475198736
16:24:110302:3357,1110.0,Земли населенных пунктов,Учтенный,"Российская Федерация, Республика Татарстан, Лаишевский муниципальный район, Кирбинское сельское поселение, с Кирби",Частная,Для индивидуального жилищного строительства,ИЖС,0,нет,16:24:110302,858617.97,773.53,,,,,нет,да,нет,нет,нет,да,нет,да,55.556721352617416,49.31490731780107
16:24:110302:3385,1000.0,Земли населенных пунктов,Учтенный,"Российская Федерация, Республика Татарстан, Лаишевский муниципальный район, Кирбинское сельское поселение, с Кирби",Частная,Для индивидуального жилищного строительства,ИЖС,0,нет,16:24:110302,635532.9,635.53,,,,,нет,да,нет,нет,нет,да,нет,да,55.55569289094912,49.29964244810202
16:24:110101:490,1002.0,Земли населенных пунктов,Учтенный,"Российская Федерация, Республика Татарстан, Лаишевский муниципальный район, Кирбинское сельское поселение, с Кирби",Частная,Для ведения личного подсобного хозяйства,ЛПХ,0,нет,16:24:110101,910868.9,909.05,,,,,нет,нет,нет,нет,да,да,нет,да,55.56522146016068,49.317771408444834
16:24:110301:1446,54822.0,Земли населенных пунктов,Учтенный,"Республика Татарстан, Лаишевский муниципальный район, Кирбинское сельское поселение, село Кирби",Муниципальная,Для сельскохозяйственного производства,СХ,0,нет,16:24:110301,3034183.89,55.35,,,,,да,нет,нет,нет,нет,нет,нет,да,55.56919717919888,49.3083518138913
16:24:110106:449,2062.0,Земли населенных пунктов,Учтенный,"Республика Татарстан, Лаишевский муниципальный район, Кирбинское сельское поселение, с Кирби, ул. Овражная, з/у 10",Частная,ведение личного подсобного хозяйства,ЛПХ,0,нет,16:24:110106,1783128.11,864.76,,,,,нет,нет,нет,нет,да,да,нет,да,55.55848825997534,49.30732308015376
16:24:110102:783,1000.0,Земли населенных пунктов,Учтенный,"Российская Федерация, Республика Татарстан, Лаишевский муниципальный район, Кирбинское сельское поселение, с Кирби, ул. Чапаева",Частная,Для ведения личного подсобного хозяйства,ЛПХ,0,нет,16:24:110102,897424.7,897.42,,,,,нет,нет,нет,нет,да,да,нет,да,55.563660945797764,49.31321218858578
16:24:110102:787,1507.0,Земли населенных пунктов,Учтенный,"Российская Федерация, Республика Татарстан, Лаишевский муниципальный район, Кирбинское сельское поселение, с Кирби, ул. Юности, д. 5, кв. 2.",Частная,Для ведения личного подсобного хозяйства,ЛПХ,0,нет,16:24:110102,1335796.81,886.39,,,,,нет,нет,нет,нет,да,да,нет,да,55.56101477547534,49.30816229406748
16:24:110102:789,1000.0,Земли населенных пунктов,Учтенный,"Российская Федерация, Республика Татарстан, Лаишевский муниципальный район, Кирбинское сельское поселение, с Кирби, ул. Юности, д. 9",Частная,для ведения личного подсобного хозяйства,ЛПХ,0,нет,16:24:110102,882457.6,882.46,,,,,нет,нет,нет,нет,да,да,нет,да,55.562659369516446,49.30871199443286
16:24:110102:790,1910.0,Земли населенных пунктов,Учтенный,"Российская Федерация, Республика Татарстан, Лаишевский муниципальный район, Кирбинское сельское поселение, с Кирби, ул. Юности, д. 9",Частная,для ведения личного подсобного хозяйства,ЛПХ,0,нет,16:24:110102,1719893.12,900.47,,,,,нет,нет,нет,нет,да,да,нет,да,55.5624931978239,49.30944819842842
16:24:110106:453,107597.0,Земли населенных пунктов,Учтенный,"Республика Татарстан, Лаишевский муниципальный район, Кирбинское сельское поселение, с. Кирби",Муниципальная,Земельные участки (территории) общего пользования,ОГП,0,нет,16:24:110106,65853743.2,612.04,,,,,да,нет,нет,нет,нет,нет,да,да,55.55682496808216,49.30540851534565
16:24:110301:1474,28950.0,Земли населенных пунктов,Учтенный,"Российская Федерация, Республика Татарстан, Лаишевский муниципальный район, Кирбинское сельское поселение, с Кирби, ул. Молодежная, д. 23",Частная,"""фармацевтическая промышленность"", ""склады""",ПРОМ,0,нет,16:24:110301,27832564.74,961.4,,,,,нет,нет,нет,нет,нет,нет,нет,да,55.56812732124931,49.31579654936727
16:24:110101:500,2113.0,Земли населенных пунктов,Учтенный,"Российская Федерация, Республика Татарстан, Лаишевский муниципальный район, Кирбинское сельское поселение, с Кирби, ул.Молодежная",Частная,Для ведения личного подсобного хозяйства,ЛПХ,0,нет,16:24:110101,2016814.97,954.48,,,,,нет,нет,нет,нет,да,да,нет,да,55.56627368863775,49.31957378157512
