Кадастровый номер,"Площадь, м²",Категория земли,Статус,Адрес,Собственность,ВРИ,Тип ВРИ,Записей о правах,Обременения,Кадастровый квартал,"Кадастровая стоимость, руб.","Удельный показатель, руб./м²","Рыночная стоимость, руб.","Медианная цена, руб./м²",Сделок в выборке,Период сделок,Свободен,ИЖС,СНТ,ДНП,ЛПХ,Под застройку,Общего пользования,Земли НП,Широта,Долгота
16:24:090704:1666,601.0,Земли населенных пунктов,Учтенный,"Местоположение установлено относительно ориентира, расположенного в границах участка. Почтовый адрес ориентира: Российская Федерация, Республика Татарстан (Татарстан), м.р-н Лаишевский, с.п. Габишевское, с Габишево, ул Ивана Матвеева, з/у 13.",Частная,"Земельные участки, предназначенные для размещения домов индивидуальной жилой застройки",ЖИЛОЙ,0,нет,16:24:090704,953589.51,1586.6714,,,,,нет,нет,нет,нет,нет,да,нет,да,55.60424000606442,49.14612407753632
16:24:210101:3788,500.0,Земли населенных пунктов,Учтенный,"Республика Татарстан, Лаишевский муниципальный район, Габишевское сельское поселение, с Габишево, ул. Приозерная",Частная,Для индивидуального жилищного строительства,ИЖС,0,нет,16:24:210101,918119.05,1836.2381,,,,,нет,да,нет,нет,нет,да,нет,да,55.60894668792779,49.13776693695969
16:24:210101:2655,938.0,Земли населенных пунктов,Учтенный,"Местоположение установлено относительно ориентира, расположенного в границах участка. Почтовый адрес ориентира: Российская Федерация, Республика Татарстан (Татарстан), м.р-н Лаишевский, с.п. Габишевское, с Габишево, ул Приозерная, з/у 1А.",Частная,индивидуальное жилищное строительство,ДРУГОЕ,0,нет,16:24:210101,1550094.71,1652.553,,,,,нет,нет,нет,нет,нет,нет,нет,да,55.60684945262479,49.14710672277879
16:24:210101:239,957.0,Земли населенных пунктов,Ранее учтенный,"Местоположение установлено относительно ориентира, расположенного в границах участка. Почтовый адрес ориентира: Российская Федерация, Республика Татарстан (Татарстан), м.р-н Лаишевский, с.п. Габишевское, с Габишево, ул Ленинская, з/у 15.",,Для индивидуального жилищного строительства,ИЖС,0,нет,16:24:210101,1579838.95,1650.8244,,,,,да,да,нет,нет,нет,да,нет,да,55.61033788067631,49.14379382826972
16:24:210101:3466,642.0,Земли населенных пунктов,Учтенный,"Местоположение установлено относительно ориентира, расположенного в границах участка. Почтовый адрес ориентира: Российская Федерация, Республика Татарстан (Татарстан), м.р-н Лаишевский, с.п. Габишевское, с Габишево, пр-кт Молодежный, з/у 4А.",Частная,для индивидуального жилищного строительства,ИЖС,0,нет,16:24:210101,1085069.17,1690.1389,,,,,нет,да,нет,нет,нет,да,нет,да,55.61248387890029,49.143801410745674
16:24:090704:3281,500.0,Земли населенных пунктов,Учтенный,"Местоположение установлено относительно ориентира, расположенного в границах участка. Почтовый адрес ориентира: Российская Федерация, Республика Татарстан (Татарстан), м.р-н Лаишевский, с.п. Габишевское, с Габишево, пер Узорный, з/у 8А.",Частная,"земельные участки, предназначенные для размещения домов индивидуальной жилой застройки",ЖИЛОЙ,0,нет,16:24:090704,908244.75,1816.4895,,,,,нет,нет,нет,нет,нет,да,нет,да,55.60985937723456,49.133619688172836
16:24:210101:899,962.0,Земли населенных пунктов,Учтенный,"Местоположение установлено относительно ориентира, расположенного в границах участка. Почтовый адрес ориентира: Российская Федерация, Республика Татарстан (Татарстан), м.р-н Лаишевский, с.п. Габишевское, с Габишево, ул Береговая, з/у 15.",Частная,Для малоэтажного жилищного строительства,ДРУГОЕ,0,нет,16:24:210101,1491228.23,1550.1333,,,,,нет,нет,нет,нет,нет,нет,нет,да,55.61082978740751,49.15077648036404
16:24:090704:1353,1100.0,Земли населенных пунктов,Учтенный,"Местоположение установлено относительно ориентира, расположенного в границах участка. Почтовый адрес ориентира: Российская Федерация, Республика Татарстан (Татарстан), м.р-н Лаишевский, с.п. Габишевское, с Габишево, ул Ивана Матвеева, з/у 25.",Частная,"земельные участки, предназначенные для размещения домов индивидуальной жилой застройки",ЖИЛОЙ,0,нет,16:24:090704,1782424.71,1620.3861,,,,,нет,нет,нет,нет,нет,да,нет,да,55.604406277479164,49.143511416861365
16:24:210101:125,1084.0,Земли населенных пунктов,Ранее учтенный,"Местоположение установлено относительно ориентира, расположенного в границах участка. Почтовый адрес ориентира: Российская Федерация, Республика Татарстан (Татарстан), м.р-н Лаишевский, с.п. Габишевское, с Габишево, ул 8 Марта, з/у 4.",Частная,для индивидуального жилищного строительства,ИЖС,0,нет,16:24:210101,2295031.03,2117.1873,,,,,нет,да,нет,нет,нет,да,нет,да,55.613915365206466,49.13234245387311
16:24:210101:1952,1500.0,Земли населенных пунктов,Учтенный,"Местоположение установлено относительно ориентира, расположенного в границах участка. Почтовый адрес ориентира: Российская Федерация, Республика Татарстан (Татарстан), м.р-н Лаишевский, с.п. Габишевское, с Габишево, ул Лесная, з/у 8.",,Для индивидуального жилищного строительства,ИЖС,0,нет,16:24:210101,2463252.15,1642.1681,,,,,да,да,нет,нет,нет,да,нет,да,55.60752774943379,49.149818022281195
16:24:210101:724,1483.0,Земли населенных пунктов,Ранее учтенный,"Местоположение установлено относительно ориентира, расположенного в границах участка. Почтовый адрес ориентира: Российская Федерация, Республика Татарстан (Татарстан), м.р-н Лаишевский, с.п. Габишевское, с Габишево, ул Лесная, з/у 3.",Частная,Индивидуальное жилищное строительство,ДРУГОЕ,0,нет,16:24:210101,2430078.5,1638.6234,,,,,нет,нет,нет,нет,нет,нет,нет,да,55.607034797314235,49.148905232737285
16:24:210101:892,848.0,Земли населенных пунктов,Учтенный,"Местоположение установлено относительно ориентира, расположенного в границах участка. Почтовый адрес ориентира: Российская Федерация, Республика Татарстан (Татарстан), м.р-н Лаишевский, с.п. Габишевское, с Габишево, ул Береговая, з/у 1.",Частная,Для малоэтажного жилищного строительства,ДРУГОЕ,0,нет,16:24:210101,1298161.22,1530.8505,,,,,нет,нет,нет,нет,нет,нет,нет,да,55.612189242630095,49.150823871853866
16:24:210101:902,881.0,Земли населенных пунктов,Учтенный,"Местоположение установлено относительно ориентира, расположенного в границах участка. Почтовый адрес ориентира: Российская Федерация, Республика Татарстан (Татарстан), м.р-н Лаишевский, с.п. Габишевское, с Габишево, ул Береговая, з/у 21.",Частная,Для малоэтажного жилищного строительства,ДРУГОЕ,0,нет,16:24:210101,1337712.43,1518.4023,,,,,нет,нет,нет,нет,нет,нет,нет,да,55.610268245703836,49.150666410572555
16:24:210101:2552,40.0,Земли населенных пунктов,Учтенный,"Местоположение установлено относительно ориентира, расположенного в границах участка. Почтовый адрес ориентира: Российская Федерация, Республика Татарстан (Татарстан), м.р-н Лаишевский, с.п. Габишевское, с Габишево, тер. ГПК Семерка, з/у 2552Г.",Частная,под размещение индивидуальных гаражей,ДРУГОЕ,0,нет,16:24:210101,56398.03,1409.9508,,,,,нет,нет,нет,нет,нет,нет,нет,да,55.6085780990385,49.136354035546155
16:24:210101:19,1376.0,Земли населенных пунктов,Ранее учтенный,"Местоположение установлено относительно ориентира, расположенного в границах участка. Почтовый адрес ориентира: Российская Федерация, Республика Татарстан (Татарстан), м.р-н Лаишевский, с.п. Габишевское, с Габишево, ул Вахитовская, з/у 33.",,Для индивидуального жилищного строительства,ИЖС,0,нет,16:24:210101,2810538.89,2042.54,,,,,да,да,нет,нет,нет,да,нет,да,55.61428826337626,49.13599754764702
16:24:090704:1763,550.0,Земли населенных пунктов,Учтенный,"Местоположение установлено относительно ориентира, расположенного в границах участка. Почтовый адрес ориентира: Российская Федерация, Республика Татарстан (Татарстан), м.р-н Лаишевский, с.п. Габишевское, с Габишево, ул Алексея Малышева, з/у 39А.",Частная,"земельные участки, предназначенные для размещения домов индивидуальной жилой застройки",ЖИЛОЙ,0,нет,16:24:090704,832470.04,1513.5819,,,,,нет,нет,нет,нет,нет,да,нет,да,55.60380097462212,49.140616694922045
16:24:090704:1321,896.0,Земли населенных пунктов,Учтенный,"Местоположение установлено относительно ориентира, расположенного в границах участка. Почтовый адрес ориентира: Российская Федерация, Республика Татарстан (Татарстан), м.р-н Лаишевский, с.п. Габишевское, с Габишево, ул Озерная, з/у 3.",Частная,"земельные участки, предназначенные для размещения домов индивидуальной жилой застройки",ЖИЛОЙ,0,нет,16:24:090704,1291245.4,1441.1221,,,,,нет,нет,нет,нет,нет,да,нет,да,55.602448220199925,49.1476156588655
16:24:090704:2008,600.0,Земли населенных пунктов,Учтенный,"Местоположение установлено относительно ориентира, расположенного в границах участка. Почтовый адрес ориентира: Российская Федерация, Республика Татарстан (Татарстан), м.р-н Лаишевский, с.п. Габишевское, с Габишево, ул Ивана Матвеева, з/у 29А.",Частная,"земельные участки, предназначенные для размещения домов индивидуальной жилой застройки",ЖИЛОЙ,0,нет,16:24:090704,972231.72,1620.3862,,,,,нет,нет,нет,нет,нет,да,нет,да,55.604553190826245,49.1427544917252
16:24:090704:1607,790.0,Земли населенных пунктов,Учтенный,"Местоположение установлено относительно ориентира, расположенного в границах участка. Почтовый адрес ориентира: Российская Федерация, Республика Татарстан (Татарстан), м.р-н Лаишевский, с.п. Габишевское, с Габишево, ул Ивана Матвеева, з/у 59.",Частная,"земельные участки, предназначенные для размещения домов индивидуальной жилой застройки",ЖИЛОЙ,0,нет,16:24:090704,1237399.59,1566.3286,,,,,нет,нет,нет,нет,нет,да,нет,да,55.605821062388465,49.136762476707126
16:24:090704:1494,602.0,Земли населенных пунктов,Учтенный,"Местоположение установлено относительно ориентира, расположенного в границах участка. Почтовый адрес ориентира: Российская Федерация, Республика Татарстан (Татарстан), м.р-н Лаишевский, с.п. Габишевское, с Габишево, ул Приволжская, з/у 59А.",Частная,"земельные участки, предназначенные для размещения домов индивидуальной жилой застройки",ЖИЛОЙ,0,нет,16:24:090704,1121592.16,1863.1099,,,,,нет,нет,нет,нет,нет,да,нет,да,55.610418196837315,49.127060002976485
16:24:210101:909,1083.0,Земли населенных пунктов,Учтенный,"Местоположение установлено относительно ориентира, расположенного в границах участка. Почтовый адрес ориентира: Российская Федерация, Республика Татарстан (Татарстан), м.р-н Лаишевский, с.п. Габишевское, с Габишево, ул Ленинская, з/у 2Б.",Частная,Для малоэтажного жилищного строительства,ДРУГОЕ,0,нет,16:24:210101,1738195.94,1604.9824,,,,,нет,нет,нет,нет,нет,нет,нет,да,55.61071438333339,49.14929832850029
16:24:210101:328,1584.0,Земли населенных пунктов,Ранее учтенный,"Местоположение установлено относительно ориентира, расположенного в границах участка. Почтовый адрес ориентира: Российская Федерация, Республика Татарстан (Татарстан), м.р-н Лаишевский, с.п. Габишевское, с Габишево, ул Казанская, з/у 34.",Частная,Для ведения личного подсобного хозяйства,ЛПХ,0,нет,16:24:210101,2735266.72,1726.8098,,,,,нет,нет,нет,нет,да,да,нет,да,55.60694010100571,49.14063217005479
16:24:210101:819,959.0,Земли населенных пунктов,Учтенный,"Российская Федерация, Республика Татарстан (Татарстан), м.р-н Лаишевский, с.п. Габишевское, с Габишево, ул им Мусы Джалиля, з/у 6Б",Частная,Для индивидуального жилищного строительства,ИЖС,0,нет,16:24:210101,1891702.78,1972.58,,,,,нет,да,нет,нет,нет,да,нет,да,55.61174018556783,49.13615463947961
16:24:210101:111,1336.0,Земли населенных пунктов,Ранее учтенный,"Местоположение установлено относительно ориентира, расположенного в границах участка. Почтовый адрес ориентира: Российская Федерация, Республика Татарстан (Татарстан), м.р-н Лаишевский, с.п. Габишевское, с Габишево, ул им Мусы Джалиля, з/у 2.",,Индивидуальное жилищное строительство,ДРУГОЕ,0,нет,16:24:210101,2692511.21,2015.3527,,,,,да,нет,нет,нет,нет,нет,нет,да,55.61384536014974,49.13634533516866
16:24:210101:3444,224.0,Земли населенных пунктов,Учтенный,"Местоположение установлено относительно ориентира, расположенного в границах участка. Почтовый адрес ориентира: Российская Федерация, Республика Татарстан (Татарстан), м.р-н Лаишевский, с.п. Габишевское, с Габишево, ул Кировская, з/у 13Б.",Частная,Индивидуальные жилые дома с приусадебными земельными участками; блокированные односемейные дома с участками,ЖИЛОЙ,0,нет,16:24:210101,392879.87,1753.928,,,,,нет,нет,нет,нет,нет,да,нет,да,55.60891258319979,49.14326039152248
16:24:210101:3425,277.0,Земли населенных пунктов,Учтенный,"Местоположение установлено относительно ориентира, расположенного в границах участка. Почтовый адрес ориентира: Российская Федерация, Республика Татарстан (Татарстан), м.р-н Лаишевский, с.п. Габишевское, с Габишево, ул Олимпийская, з/у 7/3.",Частная,Блокированные односемейные дома с участками,ДРУГОЕ,0,нет,16:24:210101,434373.92,1568.1369,,,,,нет,нет,нет,нет,нет,нет,нет,да,55.60530887665363,49.148794226313434
16:24:210101:2439,213.0,Земли населенных пунктов,Учтенный,"Местоположение установлено относительно ориентира, расположенного в границах участка. Почтовый адрес ориентира: Российская Федерация, Республика Татарстан (Татарстан), м.р-н Лаишевский, с.п. Габишевское, с Габишево, ул Олимпийская, з/у 6/1.",,Под малоэтажное жилищное строительство,ДРУГОЕ,0,нет,16:24:210101,334013.16,1568.1369,,,,,да,нет,нет,нет,нет,нет,нет,да,55.6056068915393,49.148273520226745
16:24:210101:2003,749.0,Земли населенных пунктов,Учтенный,"Местоположение установлено относительно ориентира, расположенного в границах участка. Почтовый адрес ориентира: Российская Федерация, Республика Татарстан (Татарстан), м.р-н Лаишевский, с.п. Габишевское, с Габишево, ул Марджани, з/у 7А.",,для индивидуального жилищного строительства,ИЖС,0,нет,16:24:210101,1262817.67,1686.0049,,,,,да,да,нет,нет,нет,да,нет,да,55.608039891050765,49.1481617367488
16:24:210101:772,1000.0,Земли населенных пунктов,Ранее учтенный,"Местоположение установлено относительно ориентира, расположенного в границах участка. Ориентир Культурно-спортивный центр. Почтовый адрес ориентира: Российская Федерация, Республика Татарстан (Татарстан), м.р-н Лаишевский, с.п. Габишевское, с Габишево, ул Лесная, з/у 5.",Частная,Индивидуальное жилищное строительство,ДРУГОЕ,0,нет,16:24:210101,1611212.7,1611.2127,,,,,нет,нет,нет,нет,нет,нет,нет,да,55.60708151406376,49.14946598064496
16:24:000000:5747,1621.0,Земли населенных пунктов,Учтенный,"Местоположение установлено относительно ориентира, расположенного в границах участка. Почтовый адрес ориентира: Республика Татарстан, Лаишевский муниципальный район, Габишевское сельское поселение, с Габишево.",Частная,индивидуальное жилищное строительство,ДРУГОЕ,0,нет,16:24:000000,2627908.3,1621.1649,,,,,нет,нет,нет,нет,нет,нет,нет,да,55.60545904824715,49.1459280280475
16:24:090704:2537,626.0,Земли населенных пунктов,Учтенный,"Местоположение установлено относительно ориентира, расположенного в границах участка. Почтовый адрес ориентира: Российская Федерация, Республика Татарстан (Татарстан), м.р-н Лаишевский, с.п. Габишевское, с Габишево, ул Спортивная, з/у 4.",Частная,"земельные участки, предназначенные для размещения домов индивидуальной жилой застройки",ЖИЛОЙ,0,нет,16:24:090704,1094464.85,1748.3464,,,,,нет,нет,нет,нет,нет,да,нет,да,55.6083383379742,49.1283538415429
16:24:090704:1114,1120.0,Земли населенных пунктов,Учтенный,"Российская Федерация, Республика Татарстан (Татарстан), м.р-н Лаишевский, с.п. Габишевское, с Габишево, ул Александра Сергеева, з/у 94",Муниципальная,Образование и просвещение,ДРУГОЕ,0,нет,16:24:090704,1022837.87,913.2481,,,,,да,нет,нет,нет,нет,нет,нет,да,55.6095745965776,49.13209143618889
16:24:090704:2549,696.0,Земли населенных пунктов,Учтенный,"Местоположение установлено относительно ориентира, расположенного в границах участка. Почтовый адрес ориентира: Российская Федерация, Республика Татарстан (Татарстан), м.р-н Лаишевский, с.п. Габишевское, с Габишево, ул Рябиновая, з/у 7А.",Частная,"земельные участки, предназначенные для размещения домов индивидуальной жилой застройки",ЖИЛОЙ,0,нет,16:24:090704,1082866.87,1555.8432,,,,,нет,нет,нет,нет,нет,да,нет,да,55.606286397594204,49.130238608230066
16:24:210101:2548,29975.0,Земли населенных пунктов,Учтенный,"Местоположение установлено относительно ориентира, расположенного в границах участка. Почтовый адрес ориентира: Республика Татарстан, Лаишевский муниципальный район, Габишевское сельское поселение, с Габишево.",Частная,многоквартирные жилые дома,ЖИЛОЙ,0,нет,16:24:210101,20199523.03,673.879,,,,,нет,нет,нет,нет,нет,да,нет,да,55.615610313774326,49.13833331240732
16:24:210101:3778,518.0,Земли населенных пунктов,Учтенный,"Республика Татарстан, Лаишевский муниципальный район, Габишевское сельское поселение, с Габишево",Муниципальная,Земельные участки (территории) общего пользования,ОГП,0,нет,16:24:210101,214268.68,413.6461,,,,,да,нет,нет,нет,нет,нет,да,да,55.61665359309704,49.13834795405114
16:24:090704:2906,832.0,Земли населенных пунктов,Учтенный,"Российская Федерация, Республика Татарстан (Татарстан), м.р-н Лаишевский, с.п. Габишевское, с Габишево, ул Южная, з/у 5/1",Частная,"земельные участки, предназначенные для размещения домов индивидуальной жилой застройки",ЖИЛОЙ,0,нет,16:24:090704,1110540.87,1334.7847,,,,,нет,нет,нет,нет,нет,да,нет,да,55.603177572043755,49.135559794014505
16:24:090704:2908,681.0,Земли населенных пунктов,Учтенный,"Местоположение установлено относительно ориентира, расположенного в границах участка. Почтовый адрес ориентира: Российская Федерация, Республика Татарстан (Татарстан), м.р-н Лаишевский, с.п. Габишевское, с Габишево, ул Южная, з/у 5.",Частная,"земельные участки, предназначенные для размещения домов индивидуальной жилой застройки",ЖИЛОЙ,0,нет,16:24:090704,905206.52,1329.2313,,,,,нет,нет,нет,нет,нет,да,нет,да,55.603385588100785,49.135800911750536
16:24:090704:2536,627.0,Земли населенных пунктов,Учтенный,"Местоположение установлено относительно ориентира, расположенного в границах участка. Почтовый адрес ориентира: Российская Федерация, Республика Татарстан (Татарстан), м.р-н Лаишевский, с.п. Габишевское, с Габишево, ул Юности, з/у 3А.",Частная,"земельные участки, предназначенные для размещения домов индивидуальной жилой застройки",ЖИЛОЙ,0,нет,16:24:090704,1106136.91,1764.1737,,,,,нет,нет,нет,нет,нет,да,нет,да,55.60848122566671,49.127736691205236
16:24:090704:1554,497.0,Земли населенных пунктов,Учтенный,"Российская Федерация, Республика Татарстан (Татарстан), м.р-н Лаишевский, с.п. Габишевское, с Габишево, ул Ивана Матвеева, з/у 65А",Частная,"земельный участок, предназначенный для размещения домов индивидуальной жилой застройки",ЖИЛОЙ,0,нет,16:24:090704,789077.61,1587.6813,,,,,нет,нет,нет,нет,нет,да,нет,да,55.606423894005125,49.13580125853809
16:24:090704:1907,518.0,Земли населенных пунктов,Учтенный,"Местоположение установлено относительно ориентира, расположенного в границах участка. Почтовый адрес ориентира: Российская Федерация, Республика Татарстан (Татарстан), м.р-н Лаишевский, с.п. Габишевское, с Габишево, ул Веселая, з/у 1А.",Частная,"земельные участки, предназначенные для размещения домов индивидуальной жилой застройки",ЖИЛОЙ,0,нет,16:24:090704,799740.36,1543.9003,,,,,нет,нет,нет,нет,нет,да,нет,да,55.60577363700638,49.13340123514352
16:24:090704:3275,1103.0,Земли населенных пунктов,Учтенный,"Местоположение установлено относительно ориентира, расположенного в границах участка. Почтовый адрес ориентира: Российская Федерация, Республика Татарстан, Лаишевский муниципальный район, Габишевское сельское поселение, с Габишево.",Муниципальная,Улично-дорожная сеть,ДРУГОЕ,0,нет,16:24:090704,774184.23,701.89,,,,,да,нет,нет,нет,нет,нет,нет,да,55.60946255005121,49.133744813691585
16:24:090704:3187,602.0,Земли населенных пунктов,Учтенный,"Местоположение установлено относительно ориентира, расположенного в границах участка. Почтовый адрес ориентира: Российская Федерация, Республика Татарстан (Татарстан), м.р-н Лаишевский, с.п. Габишевское, с Габишево, ул Алексея Малышева, з/у 95А.",Частная,"земельные участки, предназначенные для размещения домов индивидуальной жилой застройки",ЖИЛОЙ,0,нет,16:24:090704,956422.44,1588.7416,,,,,нет,нет,нет,нет,нет,да,нет,да,55.60779180282589,49.13087108228765
16:24:210101:2545,713.0,Земли населенных пунктов,Учтенный,"Местоположение установлено относительно ориентира, расположенного в границах участка. Почтовый адрес ориентира: Российская Федерация, Республика Татарстан (Татарстан), м.р-н Лаишевский, с.п. Габишевское, с Габишево, ул Вахитовская, з/у 53.",Муниципальная,Малоэтажная жилая застройка (АЖК для УПП дом полицейского),ЖИЛОЙ,0,нет,16:24:210101,1524989.0,2138.8345,,,,,да,нет,нет,нет,нет,да,нет,да,55.61443350090048,49.131576399130786
16:24:090704:1788,909.0,Земли населенных пунктов,Учтенный,"Местоположение установлено относительно ориентира, расположенного в границах участка. Почтовый адрес ориентира: Российская Федерация, Республика Татарстан (Татарстан), м.р-н Лаишевский, с.п. Габишевское, с Габишево, ул Ивана Матвеева, з/у 54А.",Частная,"земельные участки, предназначенные для размещения домов индивидуальной жилой застройки",ЖИЛОЙ,0,нет,16:24:090704,1371433.48,1508.7277,,,,,нет,нет,нет,нет,нет,да,нет,да,55.604642243118235,49.138252341893164
16:24:090704:1562,707.0,Земли населенных пунктов,Учтенный,"Местоположение установлено относительно ориентира, расположенного в границах участка. Почтовый адрес ориентира: Российская Федерация, Республика Татарстан (Татарстан), м.р-н Лаишевский, с.п. Габишевское, с Габишево, ул Ивана Матвеева, з/у 63.",Частная,Для индивидуальной жилой застройки,ДРУГОЕ,0,нет,16:24:090704,1106520.61,1565.0928,,,,,нет,нет,нет,нет,нет,нет,нет,да,55.60603232652628,49.13602671910834
16:24:210101:2283,690.0,Земли населенных пунктов,Учтенный,"Местоположение установлено относительно ориентира, расположенного в границах участка. Почтовый адрес ориентира: Российская Федерация, Республика Татарстан (Татарстан), м.р-н Лаишевский, с.п. Габишевское, с Габишево, пр-кт Молодежный, з/у 39.",,для индивидуального жилищного строительства,ИЖС,0,нет,16:24:210101,1462721.41,2119.8861,,,,,да,да,нет,нет,нет,да,нет,да,55.61254184370914,49.12990743952154
16:24:090704:2790,580.0,Земли населенных пунктов,Учтенный,"Местоположение установлено относительно ориентира, расположенного в границах участка. Почтовый адрес ориентира: Российская Федерация, Республика Татарстан (Татарстан), м.р-н Лаишевский, с.п. Габишевское, с Габишево, ул Александра Сергеева, з/у 96Б.",Частная,"земельные участки, предназначенные для размещения домов индивидуальной жилой застройки",ЖИЛОЙ,0,нет,16:24:090704,1045089.24,1801.878,,,,,нет,нет,нет,нет,нет,да,нет,да,55.609800258030305,49.13155813161566
16:24:210101:468,25.0,Земли населенных пунктов,Ранее учтенный,"Местоположение установлено относительно ориентира, расположенного в границах участка. Почтовый адрес ориентира: Российская Федерация, Республика Татарстан (Татарстан), м.р-н Лаишевский, с.п. Габишевское, с Габишево, тер. ГПК Октябрьская, з/у 468Г.",Муниципальная,обслуживание  автотранспорта,ТРАНСПОРТ,0,нет,16:24:210101,39989.81,1599.5923,,,,,да,нет,нет,нет,нет,нет,нет,да,55.610643434201656,49.13900361235244
16:24:090704:2795,679.0,Земли населенных пунктов,Учтенный,"Местоположение установлено относительно ориентира, расположенного в границах участка. Почтовый адрес ориентира: Российская Федерация, Республика Татарстан (Татарстан), м.р-н Лаишевский, с.п. Габишевское, с Габишево, ул Александра Сергеева, з/у 98А.",Частная,"земельные участки, предназначенные для размещения домов индивидуальной жилой застройки",ЖИЛОЙ,0,нет,16:24:090704,1250534.26,1841.7294,,,,,нет,нет,нет,нет,нет,да,нет,да,55.61011999772121,49.13138476563198
16:24:210101:59,1363.0,Земли населенных пунктов,Ранее учтенный,"Местоположение установлено относительно ориентира, расположенного в границах участка. Почтовый адрес ориентира: Российская Федерация, Республика Татарстан (Татарстан), м.р-н Лаишевский, с.п. Габишевское, с Габишево, пр-кт Молодежный, з/у 29.",Частная,Для индивидуального жилищного строительства,ИЖС,0,нет,16:24:210101,2855237.07,2094.8181,,,,,нет,да,нет,нет,нет,да,нет,да,55.61232064397641,49.130899696494964
16:24:210101:143,1209.0,Земли населенных пунктов,Ранее учтенный,"Местоположение установлено относительно ориентира, расположенного в границах участка. Почтовый адрес ориентира: Российская Федерация, Республика Татарстан (Татарстан), м.р-н Лаишевский, с.п. Габишевское, с Габишево, ул Тукая, з/у 25.",Частная,Под жилую застройку индивидуальную,ДРУГОЕ,0,нет,16:24:210101,2412729.36,1995.6405,,,,,нет,нет,нет,нет,нет,нет,нет,да,55.61185861091309,49.128094647543854
16:24:210101:315,2078.0,Земли населенных пунктов,Ранее учтенный,"Российская Федерация, Республика Татарстан (Татарстан), м.р-н Лаишевский, с.п. Габишевское, с Габишево, ул Приозерная, з/у 25",Частная,Ведение личного подсобного хозяйства,ЛПХ,0,нет,16:24:210101,3571296.1,1718.62,,,,,нет,нет,нет,нет,да,да,нет,да,55.607383737753075,49.141097541874956
16:24:090704:1800,757.0,Земли населенных пунктов,Учтенный,"Российская Федерация, Республика Татарстан (Татарстан), м.р-н Лаишевский, с.п. Габишевское, с Габишево, ул Алексея Малышева, з/у 55А",Частная,"земельные участки, предназначенные для размещения домов индивидуальной жилой застройки",ЖИЛОЙ,0,нет,16:24:090704,1136296.44,1501.0521,,,,,нет,нет,нет,нет,нет,да,нет,да,55.6042551061036,49.13727573738789
16:24:090704:1674,500.0,Земли населенных пунктов,Учтенный,"Местоположение установлено относительно ориентира, расположенного в границах участка. Почтовый адрес ориентира: Российская Федерация, Республика Татарстан (Татарстан), м.р-н Лаишевский, с.п. Габишевское, с Габишево, ул Ивана Матвеева, з/у 16.",Частная,"земельные участки, предназначенные для размещения домов индивидуальной жилой застройки",ЖИЛОЙ,0,нет,16:24:090704,775805.15,1551.6103,,,,,нет,нет,нет,нет,нет,да,нет,да,55.60376907880327,49.14595160337046
16:24:210101:33,819.0,Земли населенных пунктов,Ранее учтенный,"Местоположение установлено относительно ориентира, расположенного в границах участка. Почтовый адрес ориентира: Российская Федерация, Республика Татарстан (Татарстан), м.р-н Лаишевский, с.п. Габишевское, с Габишево, пр-кт Молодежный, з/у 8/2.",,для индивидуального жилищного строительства,ИЖС,0,нет,16:24:210101,1412036.18,1724.0979,,,,,да,да,нет,нет,нет,да,нет,да,55.61265170565467,49.14256093279019
16:24:210101:31,770.0,Земли населенных пунктов,Ранее учтенный,"Местоположение установлено относительно ориентира, расположенного в границах участка. Почтовый адрес ориентира: Российская Федерация, Республика Татарстан (Татарстан), м.р-н Лаишевский, с.п. Габишевское, с Габишево, пр-кт Молодежный, з/у 6/1.",,Для индивидуального жилищного строительства,ИЖС,0,нет,16:24:210101,1327555.38,1724.0979,,,,,да,да,нет,нет,нет,да,нет,да,55.612612827195335,49.143070605953945
16:24:210101:4048,4874.0,Земли населенных пунктов,Учтенный,"Российская Федерация, Республика Татарстан, Лаишевский муниципальный район, Габишевское сельское поселение, с Габишево, ул. Советская, д. 4",Частная,Многоквартирные жилые дома до 9 этажей,ЖИЛОЙ,0,нет,16:24:210101,3580517.41,734.62,,,,,нет,нет,нет,нет,нет,да,нет,да,55.61287459173657,49.14587841855877
16:24:000000:4168,1871.0,Земли населенных пунктов,Ранее учтенный,"Российская Федерация, Республика Татарстан (Татарстан), м.р-н Лаишевский, с.п. Габишевское, с Габишево, пр-кт Молодежный, з/у 56",Частная,Обслуживание жилой застройки,ДРУГОЕ,0,нет,16:24:000000,1825073.87,975.45,,,,,нет,нет,нет,нет,нет,нет,нет,да,55.61340411901048,49.13005504506838
16:24:210101:879,100.0,Земли населенных пунктов,Учтенный,"Местоположение установлено относительно ориентира, расположенного в границах участка. Почтовый адрес ориентира: Российская Федерация, Республика Татарстан (Татарстан), м.р-н Лаишевский, с.п. Габишевское, с Габишево, ул Октябрьская, з/у 1А.",,Под строительство магазина хозяйственных товаров,ДРУГОЕ,0,нет,16:24:210101,110752.99,1107.53,,,,,да,нет,нет,нет,нет,нет,нет,да,55.61046566235939,49.14099344131084
16:24:210101:428,,Земли населенных пунктов,Ранее учтенный,"Местоположение установлено относительно ориентира, расположенного в границах участка. Почтовый адрес ориентира: Российская Федерация, Республика Татарстан (Татарстан), м.р-н Лаишевский, с.п. Габишевское, с Габишево, тер. ГПК Семерка, з/у 428Г.",Муниципальная,Размещение гаражей для собственных нужд,ДРУГОЕ,0,нет,16:24:210101,50758.23,1409.95,,,,,да,нет,нет,нет,нет,нет,нет,да,55.60828718986843,49.13649928701443
16:24:210101:343,1530.0,Земли населенных пунктов,Ранее учтенный,"Местоположение установлено относительно ориентира, расположенного в границах участка. Почтовый адрес ориентира: Российская Федерация, Республика Татарстан (Татарстан), м.р-н Лаишевский, с.п. Габишевское, с Габишево, ул Казанская, з/у 4.",,Индивидуальное жилищное строительство,ДРУГОЕ,0,нет,16:24:210101,2493137.91,1629.5019,,,,,да,нет,нет,нет,нет,нет,нет,да,55.60617683402943,49.146499471586964
16:24:210101:299,1159.0,Земли населенных пунктов,Ранее учтенный,"Местоположение установлено относительно ориентира, расположенного в границах участка. Почтовый адрес ориентира: Российская Федерация, Республика Татарстан (Татарстан), м.р-н Лаишевский, с.п. Габишевское, с Габишево, ул Приозерная, з/у 2Б.",,Индивидуальное жилищное строительство,ДРУГОЕ,0,нет,16:24:210101,1951240.24,1683.555,,,,,да,нет,нет,нет,нет,нет,нет,да,55.60734714982836,49.14682639346305
16:24:210101:2675,591.0,Земли населенных пунктов,Учтенный,"Местоположение установлено относительно ориентира, расположенного в границах участка. Почтовый адрес ориентира: Республика Татарстан, Лаишевский муниципальный район, Габишевское сельское поселение, с Габишево, ул. Тукая.",Частная,Для индивидуального жилищного строительства,ИЖС,0,нет,16:24:210101,1150561.28,1946.8042,,,,,нет,да,нет,нет,нет,да,нет,да,55.61126903076083,49.13127137017846
16:24:210101:260,921.0,Земли населенных пунктов,Ранее учтенный,"Местоположение установлено относительно ориентира, расположенного в границах участка. Почтовый адрес ориентира: Российская Федерация, Республика Татарстан (Татарстан), м.р-н Лаишевский, с.п. Габишевское, с Габишево, ул Советская, з/у 19.",,Для индивидуального жилищного строительства,ИЖС,0,нет,16:24:210101,1608721.11,1746.7113,,,,,да,да,нет,нет,нет,да,нет,да,55.60897750843335,49.14508941937161
16:24:210101:147,1637.0,Земли населенных пунктов,Ранее учтенный,"Местоположение установлено относительно ориентира, расположенного в границах участка. Почтовый адрес ориентира: Российская Федерация, Республика Татарстан (Татарстан), м.р-н Лаишевский, с.п. Габишевское, с Габишево, ул Тукая, з/у 17.",,Для индивидуального строительства жилого дома,ЖИЛОЙ,0,нет,16:24:210101,3366884.2,2056.7405,,,,,да,нет,нет,нет,нет,да,нет,да,55.611889159917695,49.131920202483784
16:24:210101:190,633.0,Земли населенных пунктов,Ранее учтенный,"Местоположение установлено относительно ориентира, расположенного в границах участка. Почтовый адрес ориентира: Российская Федерация, Республика Татарстан (Татарстан), м.р-н Лаишевский, с.п. Габишевское, с Габишево, ул Приволжская, з/у 20/1.",Частная,Индивидуальное жилищное строительство,ДРУГОЕ,0,нет,16:24:210101,1117647.21,1765.6354,,,,,нет,нет,нет,нет,нет,нет,нет,да,55.60914286127791,49.14216501667476
16:24:090704:919,1000.0,Земли населенных пунктов,Учтенный,"Местоположение установлено относительно ориентира, расположенного в границах участка. Почтовый адрес ориентира: Российская Федерация, Республика Татарстан (Татарстан), м.р-н Лаишевский, с.п. Габишевское, с Габишево, ул Вишневая, з/у 5.",Частная,"земельные участки, предназначенные для размещения домов индивидуальной жилой застройки",ЖИЛОЙ,0,нет,16:24:090704,1467448.3,1467.4483,,,,,нет,нет,нет,нет,нет,да,нет,да,55.60306174533882,49.1404272814287
16:24:090704:2013,522.0,Земли населенных пунктов,Учтенный,"Местоположение установлено относительно ориентира, расположенного в границах участка. Почтовый адрес ориентира: Российская Федерация, Республика Татарстан (Татарстан), м.р-н Лаишевский, с.п. Габишевское, с Габишево, ул Спортивная, з/у 2А.",Частная,"земельные участки, предназначенные для размещения домов индивидуальной жилой застройки",ЖИЛОЙ,0,нет,16:24:090704,922759.81,1767.7391,,,,,нет,нет,нет,нет,нет,да,нет,да,55.608515630516294,49.12848441489788
16:24:090704:1592,735.0,Земли населенных пунктов,Учтенный,"Местоположение установлено относительно ориентира, расположенного в границах участка. Почтовый адрес ориентира: Российская Федерация, Республика Татарстан (Татарстан), м.р-н Лаишевский, с.п. Габишевское, с Габишево, ул Ивана Матвеева, з/у 47.",Частная,"земельные участки, предназначенные для размещения домов индивидуальной жилой застройки",ЖИЛОЙ,0,нет,16:24:090704,1123580.61,1528.6811,,,,,нет,нет,нет,нет,нет,да,нет,да,55.605007186790324,49.13888435831853
16:24:090704:1057,1046.0,Земли населенных пунктов,Учтенный,"Местоположение установлено относительно ориентира, расположенного в границах участка. Почтовый адрес ориентира: Российская Федерация, Республика Татарстан (Татарстан), м.р-н Лаишевский, с.п. Габишевское, с Габишево, ул Изумрудная, з/у 4.",Частная,"земельные участки, предназначенные для размещения домов индивидуальной жилой застройки",ЖИЛОЙ,0,нет,16:24:090704,1925047.31,1840.3894,,,,,нет,нет,нет,нет,нет,да,нет,да,55.60947897275521,49.126284434928465
16:24:210101:897,967.0,Земли населенных пунктов,Учтенный,"Местоположение установлено относительно ориентира, расположенного в границах участка. Почтовый адрес ориентира: Российская Федерация, Республика Татарстан (Татарстан), м.р-н Лаишевский, с.п. Габишевское, с Габишево, ул Береговая, з/у 11.",Частная,Для малоэтажного жилищного строительства,ДРУГОЕ,0,нет,16:24:210101,1499282.25,1550.447,,,,,нет,нет,нет,нет,нет,нет,нет,да,55.61123186429046,49.150741705068626
16:24:210101:882,1400.0,Земли населенных пунктов,Учтенный,"Местоположение установлено относительно ориентира, расположенного в границах участка. Почтовый адрес ориентира: Российская Федерация, Республика Татарстан (Татарстан), м.р-н Лаишевский, с.п. Габишевское, с Габишево, ул им Мусы Джалиля, з/у 28.",Частная,индивидуальное жилищное строительство,ДРУГОЕ,0,нет,16:24:210101,2378429.76,1698.8784,,,,,нет,нет,нет,нет,нет,нет,нет,да,55.60863734412841,49.135613936631174
16:24:210101:3430,9604.0,Земли населенных пунктов,Учтенный,"Местоположение установлено относительно ориентира, расположенного в границах участка. Почтовый адрес ориентира: Российская Федерация, Республика Татарстан, Лаишевский муниципальный район, Габишевское сельское поселение, с Габишево.",Муниципальная,под строительство стоянки автобусов и большегрузных машин,ДРУГОЕ,0,нет,16:24:210101,16474715.05,1715.4014,,,,,да,нет,нет,нет,нет,нет,нет,да,55.61655869486667,49.13668600127012
16:24:210101:431,,Земли населенных пунктов,Ранее учтенный,"Местоположение установлено относительно ориентира, расположенного в границах участка. Почтовый адрес ориентира: Российская Федерация, Республика Татарстан (Татарстан), м.р-н Лаишевский, с.п. Габишевское, с Габишево, тер. ГПК Семерка, з/у 431Г.",Муниципальная,Размещение гаражей для собственных нужд,ДРУГОЕ,0,нет,16:24:210101,42298.52,1409.95,,,,,да,нет,нет,нет,нет,нет,нет,да,55.60836522784409,49.13623856703778
16:24:210101:118,1380.0,Земли населенных пунктов,Ранее учтенный,"Местоположение установлено относительно ориентира, расположенного в границах участка. Почтовый адрес ориентира: Российская Федерация, Республика Татарстан (Татарстан), м.р-н Лаишевский, с.п. Габишевское, с Габишево, ул Солнечная, з/у 6.",,Индивидуальное жилищное строительство и ведение личного подсобного хозяйства,ЛПХ,0,нет,16:24:210101,2827770.01,2049.1087,,,,,да,нет,нет,нет,да,да,нет,да,55.61356134283196,49.1342352293237
16:24:210101:3801,920.0,Земли населенных пунктов,Учтенный,"Российская Федерация, Республика Татарстан (Татарстан), м.р-н Лаишевский, с.п. Габишевское, с Габишево, ул Казанская, з/у 47А",Частная,для индивидуального жилищного строительства,ИЖС,0,нет,16:24:210101,1519443.48,1651.569,,,,,нет,да,нет,нет,нет,да,нет,да,55.60750879174194,49.13720597911549
16:24:210101:105,,Земли населенных пунктов,Ранее учтенный,"Местоположение установлено относительно ориентира, расположенного в границах участка. Почтовый адрес ориентира: Российская Федерация, Республика Татарстан (Татарстан), м.р-н Лаишевский, с.п. Габишевское, с Габишево, ул им Мусы Джалиля, з/у 14.",Частная,Индивидуальное жилищное строительство,ДРУГОЕ,0,нет,16:24:210101,2881295.55,1920.8637,,,,,нет,нет,нет,нет,нет,нет,нет,да,55.6103788560697,49.135859958383655
16:24:210101:306,1482.0,Земли населенных пунктов,Ранее учтенный,"Местоположение установлено относительно ориентира, расположенного в границах участка. Почтовый адрес ориентира: Российская Федерация, Республика Татарстан (Татарстан), м.р-н Лаишевский, с.п. Габишевское, с Габишево, ул Приозерная, з/у 7.",Частная,Под жилую застройку Индивидуальную,ДРУГОЕ,0,нет,16:24:210101,2478798.39,1672.6,,,,,нет,нет,нет,нет,нет,нет,нет,да,55.60701710603795,49.14529060554745
16:24:210101:2896,652.0,Земли населенных пунктов,Учтенный,"Местоположение установлено относительно ориентира, расположенного в границах участка. Почтовый адрес ориентира: Республика Татарстан, Лаишевский муниципальный район, Габишевское сельское поселение, с Габишево, ул. Тукая.",Частная,для индивидуального жилищного строительства,ИЖС,0,нет,16:24:210101,1286540.55,1973.2217,,,,,нет,да,нет,нет,нет,да,нет,да,55.61142294806408,49.13517782811131
16:24:210101:154,,Земли населенных пунктов,Ранее учтенный,"Местоположение установлено относительно ориентира, расположенного в границах участка. Почтовый адрес ориентира: Российская Федерация, Республика Татарстан (Татарстан), м.р-н Лаишевский, с.п. Габишевское, с Габишево, ул Тукая, з/у 3.",Частная,Под жилую застройку Индивидуальную,ДРУГОЕ,0,нет,16:24:210101,2862964.61,1913.75,,,,,нет,нет,нет,нет,нет,нет,нет,да,55.61137887117143,49.13788739404911
16:24:210101:695,1000.0,Земли населенных пунктов,Ранее учтенный,"Местоположение установлено относительно ориентира, расположенного в границах участка. Почтовый адрес ориентира: Российская Федерация, Республика Татарстан (Татарстан), м.р-н Лаишевский, с.п. Габишевское, с Габишево, ул Тукая, з/у 28.",,Для индивидуального жилищного строительства,ИЖС,0,нет,16:24:210101,1942000.7,1942.0007,,,,,да,да,нет,нет,нет,да,нет,да,55.61129455072534,49.12837897975901
16:24:210101:503,22.0,Земли населенных пунктов,Ранее учтенный,"Местоположение установлено относительно ориентира, расположенного в границах участка. Почтовый адрес ориентира: Российская Федерация, Республика Татарстан (Татарстан), м.р-н Лаишевский, с.п. Габишевское, с Габишево, тер. ГПК Молодежный, з/у 503Г.",Частная,объекты гаражного назначения,ДРУГОЕ,0,нет,16:24:210101,37263.43,1693.7924,,,,,нет,нет,нет,нет,нет,нет,нет,да,55.61209977730044,49.138697089589535
16:24:210101:2556,35.0,Земли населенных пунктов,Учтенный,"Местоположение установлено относительно ориентира, расположенного в границах участка. Почтовый адрес ориентира: Российская Федерация, Республика Татарстан (Татарстан), м.р-н Лаишевский, с.п. Габишевское, с Габишево, тер. ГПК Семерка, з/у 2556Г.",Частная,под размещение индивидуальных гаражей,ДРУГОЕ,0,нет,16:24:210101,49348.28,1409.9508,,,,,нет,нет,нет,нет,нет,нет,нет,да,55.60862471988676,49.13620550492647
16:24:210101:192,,Земли населенных пунктов,Ранее учтенный,"Местоположение установлено относительно ориентира, расположенного в границах участка. Почтовый адрес ориентира: Российская Федерация, Республика Татарстан (Татарстан), м.р-н Лаишевский, с.п. Габишевское, с Габишево, ул Приволжская, з/у 16/2.",,Для индивидуального жилищного строительства,ИЖС,0,нет,16:24:210101,1403142.4,1753.928,,,,,да,да,нет,нет,нет,да,нет,да,55.6089473162419,49.14256500847394
16:24:210101:18,1317.0,Земли населенных пунктов,Ранее учтенный,"Местоположение установлено относительно ориентира, расположенного в границах участка. Почтовый адрес ориентира: Российская Федерация, Республика Татарстан (Татарстан), м.р-н Лаишевский, с.п. Габишевское, с Габишево, ул Вахитовская, з/у 31.",,Индивидуальное жилищное строительство,ДРУГОЕ,0,нет,16:24:210101,2662852.84,2021.91,,,,,да,нет,нет,нет,нет,нет,нет,да,55.61426317232601,49.13644317083525
16:24:210101:492,24.0,Земли населенных пунктов,Ранее учтенный,"Местоположение установлено относительно ориентира, расположенного в границах участка. Почтовый адрес ориентира: Российская Федерация, Республика Татарстан (Татарстан), м.р-н Лаишевский, с.п. Габишевское, с Габишево, тер. ГПК Молодежный, з/у 492Г.",Частная,Для размещения  гаража,ДРУГОЕ,0,нет,16:24:210101,40651.02,1693.7924,,,,,нет,нет,нет,нет,нет,нет,нет,да,55.612155701988925,49.13921637682612
16:24:090704:3514,1506.0,Земли населенных пунктов,Учтенный,"Местоположение установлено относительно ориентира, расположенного в границах участка. Почтовый адрес ориентира: Российская Федерация, Республика Татарстан, Лаишевский муниципальный район, Габишевское сельское поселение, с Габишево, ул. Зеленая.",Частная,Индивидуальное жилищное строительство,ДРУГОЕ,0,нет,16:24:090704,2173603.32,1443.2957,,,,,нет,нет,нет,нет,нет,нет,нет,да,55.60291416922268,49.13879520722585
16:24:090704:2553,696.0,Земли населенных пунктов,Учтенный,"Местоположение установлено относительно ориентира, расположенного в границах участка. Почтовый адрес ориентира: Российская Федерация, Республика Татарстан (Татарстан), м.р-н Лаишевский, с.п. Габишевское, с Габишево, ул Рябиновая, з/у 5.",Частная,"земельные участки, предназначенные для размещения домов индивидуальной жилой застройки",ЖИЛОЙ,0,нет,16:24:090704,1082886.56,1555.8715,,,,,нет,нет,нет,нет,нет,да,нет,да,55.60650522851103,49.13064506148447
16:24:090704:1889,709.0,Земли населенных пунктов,Учтенный,"Местоположение установлено относительно ориентира, расположенного в границах участка. Почтовый адрес ориентира: Российская Федерация, Республика Татарстан (Татарстан), м.р-н Лаишевский, с.п. Габишевское, с Габишево, ул Ивана Матвеева, з/у 83.",Частная,"земельные участки, предназначенные для размещения домов индивидуальной жилой застройки",ЖИЛОЙ,0,нет,16:24:090704,1141966.8,1610.6725,,,,,нет,нет,нет,нет,нет,да,нет,да,55.607780138347266,49.13303273418352
16:24:090704:1813,508.0,Земли населенных пунктов,Учтенный,"Местоположение установлено относительно ориентира, расположенного в границах участка. Почтовый адрес ориентира: Российская Федерация, Республика Татарстан (Татарстан), м.р-н Лаишевский, с.п. Габишевское, с Габишево, ул Ивана Матвеева, з/у 42А.",Частная,"земельные участки, предназначенные для размещения домов индивидуальной жилой застройки",ЖИЛОЙ,0,нет,16:24:090704,784860.25,1545.0005,,,,,нет,нет,нет,нет,нет,да,нет,да,55.60426295585794,49.140117259769355
16:24:090704:1720,600.0,Земли населенных пунктов,Учтенный,"Местоположение установлено относительно ориентира, расположенного в границах участка. Почтовый адрес ориентира: Российская Федерация, Республика Татарстан (Татарстан), м.р-н Лаишевский, с.п. Габишевское, с Габишево, ул Ивана Матвеева, з/у 37.",Частная,"земельные участки, предназначенные для размещения домов индивидуальной жилой застройки",ЖИЛОЙ,0,нет,16:24:090704,931162.44,1551.9374,,,,,нет,нет,нет,нет,нет,да,нет,да,55.60468115788867,49.14093872638609
16:24:090704:2111,427.0,Земли населенных пунктов,Учтенный,"Местоположение установлено относительно ориентира, расположенного в границах участка. Почтовый адрес ориентира: Российская Федерация, Республика Татарстан (Татарстан), м.р-н Лаишевский, с.п. Габишевское, с Габишево, ул Алексея Малышева, з/у 109А.",Частная,"земельные участки, предназначенные для размещения домов индивидуальной жилой застройки",ЖИЛОЙ,0,нет,16:24:090704,782239.96,1831.9437,,,,,нет,нет,нет,нет,нет,да,нет,да,55.60918766046744,49.12818064587977
16:24:090704:2789,633.0,Земли населенных пунктов,Учтенный,"Российская Федерация, Республика Татарстан (Татарстан), м.р-н Лаишевский, с.п. Габишевское, с Габишево, ул Жемчужная, з/у 11",Частная,"земельные участки, предназначенные для размещения домов индивидуальной жилой застройки",ЖИЛОЙ,0,нет,16:24:090704,912730.42,1441.9122,,,,,нет,нет,нет,нет,нет,да,нет,да,55.60429215803235,49.13310931890476
16:24:090704:1807,680.0,Земли населенных пунктов,Учтенный,"Местоположение установлено относительно ориентира, расположенного в границах участка. Почтовый адрес ориентира: Российская Федерация, Республика Татарстан (Татарстан), м.р-н Лаишевский, с.п. Габишевское, с Габишево, ул Алексея Малышева, з/у 45.",Частная,"земельные участки, предназначенные для размещения домов индивидуальной жилой застройки",ЖИЛОЙ,0,нет,16:24:090704,1015442.91,1493.2984,,,,,нет,нет,нет,нет,нет,да,нет,да,55.60411581380303,49.139182020778556
16:24:090704:1181,629.0,Земли населенных пунктов,Учтенный,"Местоположение установлено относительно ориентира, расположенного в границах участка. Почтовый адрес ориентира: Российская Федерация, Республика Татарстан (Татарстан), м.р-н Лаишевский, с.п. Габишевское, с Габишево, ул Приволжская, з/у 53.",Частная,"земельные участки, предназначенные для размещения домов индивидуальной жилой застройки",ЖИЛОЙ,0,нет,16:24:090704,1200057.97,1907.8823,,,,,нет,нет,нет,нет,нет,да,нет,да,55.61042034267019,49.12876040797416
16:24:210101:511,23.0,Земли населенных пунктов,Ранее учтенный,"Местоположение установлено относительно ориентира, расположенного в границах участка. Почтовый адрес ориентира: Российская Федерация, Республика Татарстан (Татарстан), м.р-н Лаишевский, с.п. Габишевское, с Габишево, тер. ГПК Молодежный, з/у 511Г.",Частная,хранение автотранспорта,ТРАНСПОРТ,0,нет,16:24:210101,38957.23,1693.7924,,,,,нет,нет,нет,нет,нет,нет,нет,да,55.611842155934525,49.13863581342726
16:24:090704:960,1126.0,Земли населенных пунктов,Учтенный,"Местоположение установлено относительно ориентира, расположенного в границах участка. Почтовый адрес ориентира: Российская Федерация, Республика Татарстан (Татарстан), м.р-н Лаишевский, с.п. Габишевское, с Габишево, ул Юности, з/у 10.",Частная,"земельные участки, предназначенные для размещения домов индивидуальной жилой застройки",ЖИЛОЙ,0,нет,16:24:090704,2055874.67,1825.8212,,,,,нет,нет,нет,нет,нет,да,нет,да,55.608315344349904,49.126403283403086
16:24:210101:565,,Земли населенных пунктов,Ранее учтенный,"Местоположение установлено относительно ориентира, расположенного в границах участка. Почтовый адрес ориентира: Российская Федерация, Республика Татарстан (Татарстан), м.р-н Лаишевский, с.п. Габишевское, с Габишево, тер. ГПК Вахитовская, з/у 565Г.",Муниципальная, размещение гаражей для собственных нужд,ДРУГОЕ,0,нет,16:24:210101,35699.45,1552.15,,,,,да,нет,нет,нет,нет,нет,нет,да,55.61314510166299,49.14239881433186
16:24:210101:443,,Земли населенных пунктов,Ранее учтенный,"Местоположение установлено относительно ориентира, расположенного в границах участка. Почтовый адрес ориентира: Российская Федерация, Республика Татарстан (Татарстан), м.р-н Лаишевский, с.п. Габишевское, с Габишево, тер. ГПК Семерка, з/у 443Г.",Муниципальная,Размещение гаражей для собственных нужд,ДРУГОЕ,0,нет,16:24:210101,29608.97,1409.95,,,,,да,нет,нет,нет,нет,нет,нет,да,55.608494306001795,49.13659382827706
16:24:210101:2523,25.0,Земли населенных пунктов,Учтенный,"Местоположение установлено относительно ориентира, расположенного в границах участка. Почтовый адрес ориентира: Российская Федерация, Республика Татарстан (Татарстан), м.р-н Лаишевский, с.п. Габишевское, с Габишево, тер. ГПК Семерка, з/у 2523Г.",Частная,под размещение индивидуальных гаражей,ДРУГОЕ,0,нет,16:24:210101,35002.19,1400.0875,,,,,нет,нет,нет,нет,нет,нет,нет,да,55.608330918403716,49.137155805410295
16:24:210101:2546,32.0,Земли населенных пунктов,Учтенный,"Местоположение установлено относительно ориентира, расположенного в границах участка. Почтовый адрес ориентира: Российская Федерация, Республика Татарстан (Татарстан), м.р-н Лаишевский, с.п. Габишевское, с Габишево, тер. ГПК Семерка, з/у 2546Г.",Частная,под размещение индивидуальных гаражей,ДРУГОЕ,0,нет,16:24:210101,44802.8,1400.0875,,,,,нет,нет,нет,нет,нет,нет,нет,да,55.60831854719451,49.13701304531134
16:24:210101:206,1397.0,Земли населенных пунктов,Ранее учтенный,"Российская Федерация, Республика Татарстан (Татарстан), м.р-н Лаишевский, с.п. Габишевское, с Габишево, ул Приволжская, з/у 1А",,индивидуальное жилищное строительство,ДРУГОЕ,0,нет,16:24:210101,2361870.74,1690.6734,,,,,да,нет,нет,нет,нет,нет,нет,да,55.607909854557164,49.147050750435
16:24:210101:213,1261.0,Земли населенных пунктов,Ранее учтенный,"Местоположение установлено относительно ориентира, расположенного в границах участка. Почтовый адрес ориентира: Российская Федерация, Республика Татарстан (Татарстан), м.р-н Лаишевский, с.п. Габишевское, с Габишево, ул Приволжская, з/у 11.",Частная,Для индивидуального жилищного строительства,ИЖС,0,нет,16:24:210101,2163957.46,1716.0646,,,,,нет,да,нет,нет,нет,да,нет,да,55.60813244884853,49.144809557340686
16:24:210101:185,945.0,Земли населенных пунктов,Ранее учтенный,"Местоположение установлено относительно ориентира, расположенного в границах участка. Почтовый адрес ориентира: Российская Федерация, Республика Татарстан (Татарстан), м.р-н Лаишевский, с.п. Габишевское, с Габишево, ул Приволжская, з/у 26.",Частная,Под жилую застройку Индивидуальную,ДРУГОЕ,0,нет,16:24:210101,1685881.13,1784.0,,,,,нет,нет,нет,нет,нет,нет,нет,да,55.60958199572171,49.14099926973698
16:24:000000:5848,829.0,Земли населенных пунктов,Учтенный,"Местоположение установлено относительно ориентира, расположенного в границах участка. Почтовый адрес ориентира: Республика Татарстан, Лаишевский муниципальный район, Габишевское сельское поселение, с Габишево.",Частная,для индивидуального жилищного строительства,ИЖС,0,нет,16:24:000000,1508271.33,1819.3864,,,,,нет,да,нет,нет,нет,да,нет,да,55.609977937252275,49.13365814354898
16:24:210101:896,968.0,Земли населенных пунктов,Учтенный,"Местоположение установлено относительно ориентира, расположенного в границах участка. Почтовый адрес ориентира: Российская Федерация, Республика Татарстан (Татарстан), м.р-н Лаишевский, с.п. Габишевское, с Габишево, ул Береговая, з/у 9.",Частная,Для малоэтажного жилищного строительства,ДРУГОЕ,0,нет,16:24:210101,1487888.99,1537.0754,,,,,нет,нет,нет,нет,нет,нет,нет,да,55.6114264331585,49.15075834408698
16:24:210101:698,1000.0,Земли населенных пунктов,Ранее учтенный,"Местоположение установлено относительно ориентира, расположенного в границах участка. Почтовый адрес ориентира: Российская Федерация, Республика Татарстан (Татарстан), м.р-н Лаишевский, с.п. Габишевское, с Габишево, ул Приволжская, з/у 58.",,для индивидуального жилищного строительства,ИЖС,0,нет,16:24:210101,1898430.6,1898.4306,,,,,да,да,нет,нет,нет,да,нет,да,55.61092618849486,49.127910130216236
16:24:210101:520,,Земли населенных пунктов,Ранее учтенный,"Местоположение установлено относительно ориентира, расположенного в границах участка. Почтовый адрес ориентира: Российская Федерация, Республика Татарстан (Татарстан), м.р-н Лаишевский, с.п. Габишевское, с Габишево, тер. ГПК Вахитовская, з/у 520Г.",Муниципальная,Размещение гаражей для собственных нужд,ДРУГОЕ,0,нет,16:24:210101,37251.6,1552.15,,,,,да,нет,нет,нет,нет,нет,нет,да,55.61333051196696,49.14283773708206
16:24:210101:371,1360.0,Земли населенных пунктов,Ранее учтенный,"Местоположение установлено относительно ориентира, расположенного в границах участка. Почтовый адрес ориентира: Российская Федерация, Республика Татарстан (Татарстан), м.р-н Лаишевский, с.п. Габишевское, с Габишево, ул Казанская, з/у 51.",Частная,Индивидуальное жилищное строительство,ДРУГОЕ,0,нет,16:24:210101,2234494.96,1643.011,,,,,нет,нет,нет,нет,нет,нет,нет,да,55.60760147707113,49.13692063848627
16:24:210101:322,1457.0,Земли населенных пунктов,Ранее учтенный,"Местоположение установлено относительно ориентира, расположенного в границах участка. Почтовый адрес ориентира: Российская Федерация, Республика Татарстан (Татарстан), м.р-н Лаишевский, с.п. Габишевское, с Габишево, ул Казанская, з/у 46.",,Для индивидуального жилищного строительства,ИЖС,0,нет,16:24:210101,2453292.08,1683.8,,,,,да,да,нет,нет,нет,да,нет,да,55.607730988478814,49.13861753746981
16:24:210101:2553,28.0,Земли населенных пунктов,Учтенный,"Местоположение установлено относительно ориентира, расположенного в границах участка. Почтовый адрес ориентира: Российская Федерация, Республика Татарстан (Татарстан), м.р-н Лаишевский, с.п. Габишевское, с Габишево, тер. ГПК Молодежный, з/у 2553Г.",Частная,Для размещения гаража,ДРУГОЕ,0,нет,16:24:210101,47426.19,1693.7924,,,,,нет,нет,нет,нет,нет,нет,нет,да,55.61216072235223,49.13903949352501
16:24:210101:2504,26.0,Земли населенных пунктов,Учтенный,"Местоположение установлено относительно ориентира, расположенного в границах участка. Почтовый адрес ориентира: Российская Федерация, Республика Татарстан (Татарстан), м.р-н Лаишевский, с.п. Габишевское, с Габишево, тер. ГПК Семерка, з/у 2504Г.",Частная,под размещение индивидуальных гаражей,ДРУГОЕ,0,нет,16:24:210101,36402.28,1400.0875,,,,,нет,нет,нет,нет,нет,нет,нет,да,55.60839208172346,49.136956331280366
16:24:210101:86,1445.0,Земли населенных пунктов,Ранее учтенный,"Местоположение установлено относительно ориентира, расположенного в границах участка. Почтовый адрес ориентира: Российская Федерация, Республика Татарстан (Татарстан), м.р-н Лаишевский, с.п. Габишевское, с Габишево, ул Наратлы, з/у 6.",Частная,Индивидуальное жилищное строительство,ДРУГОЕ,0,нет,16:24:210101,2714841.44,1878.783,,,,,нет,нет,нет,нет,нет,нет,нет,да,55.61331353386238,49.13841217757712
16:24:210101:778,1001.0,Земли населенных пунктов,Ранее учтенный,"Местоположение установлено относительно ориентира, расположенного в границах участка. Почтовый адрес ориентира: Российская Федерация, Республика Татарстан (Татарстан), м.р-н Лаишевский, с.п. Габишевское, с Габишево, ул Вахитовская, з/у 38.",,индивидуальное жилищное строительство,ДРУГОЕ,0,нет,16:24:210101,2142830.99,2140.6903,,,,,да,нет,нет,нет,нет,нет,нет,да,55.615145786477115,49.134107770494786
16:24:210101:51,,Земли населенных пунктов,Ранее учтенный,"Местоположение установлено относительно ориентира, расположенного в границах участка. Почтовый адрес ориентира: Российская Федерация, Республика Татарстан (Татарстан), м.р-н Лаишевский, с.п. Габишевское, с Габишево, пр-кт Молодежный, з/у 40.",Частная,Под жилую застройку Индивидуальную,ДРУГОЕ,0,нет,16:24:210101,2956412.69,2060.22,,,,,нет,нет,нет,нет,нет,нет,нет,да,55.61331038500429,49.13377150557618
16:24:210101:509,24.0,Земли населенных пунктов,Ранее учтенный,"Местоположение установлено относительно ориентира, расположенного в границах участка. Почтовый адрес ориентира: Российская Федерация, Республика Татарстан (Татарстан), м.р-н Лаишевский, с.п. Габишевское, с Габишево, тер. ГПК Молодежный, з/у 509Г.",Муниципальная,объекты автомобильного транспорта,ТРАНСПОРТ,0,нет,16:24:210101,40651.02,1693.79,,,,,да,нет,нет,нет,нет,нет,нет,да,55.61190751255488,49.13865207913312
16:24:210101:479,21.0,Земли населенных пунктов,Ранее учтенный,"Местоположение установлено относительно ориентира, расположенного в границах участка. Почтовый адрес ориентира: Российская Федерация, Республика Татарстан (Татарстан), м.р-н Лаишевский, с.п. Габишевское, с Габишево, тер. ГПК Октябрьская, з/у 479Г.",Частная,гараж,ДРУГОЕ,0,нет,16:24:210101,34588.56,1647.0744,,,,,нет,нет,нет,нет,нет,нет,нет,да,55.610944331380644,49.13883367437269
16:24:210101:405,,Земли населенных пунктов,Ранее учтенный,"Местоположение установлено относительно ориентира, расположенного в границах участка. Почтовый адрес ориентира: Республика Татарстан, Лаишевский муниципальный район, Габишевское сельское поселение, с Габишево.",Муниципальная,Размещение гаражей для собственных нужд,ДРУГОЕ,0,нет,16:24:210101,1036242.15,1652.7,,,,,да,нет,нет,нет,нет,нет,нет,да,55.61152086822895,49.13886022282827
16:24:210101:335,1409.0,Земли населенных пунктов,Ранее учтенный,"Местоположение установлено относительно ориентира, расположенного в границах участка. Почтовый адрес ориентира: Российская Федерация, Республика Татарстан (Татарстан), м.р-н Лаишевский, с.п. Габишевское, с Габишево, ул Казанская, з/у 20.",Частная,Для индивидуального жилищного строительства,ИЖС,0,нет,16:24:210101,2530786.48,1796.16,,,,,нет,да,нет,нет,нет,да,нет,да,55.60651093435352,49.143463862429435
16:24:210101:314,1496.0,Земли населенных пунктов,Ранее учтенный,"Местоположение установлено относительно ориентира, расположенного в границах участка. Почтовый адрес ориентира: Российская Федерация, Республика Татарстан (Татарстан), м.р-н Лаишевский, с.п. Габишевское, с Габишево, ул Приозерная, з/у 23.",Частная,Под жилую застройку Индивидуальную,ДРУГОЕ,0,нет,16:24:210101,2543331.95,1700.0882,,,,,нет,нет,нет,нет,нет,нет,нет,да,55.60727919351897,49.142172113340656
16:24:210101:311,1609.0,Земли населенных пунктов,Ранее учтенный,"Местоположение установлено относительно ориентира, расположенного в границах участка. Почтовый адрес ориентира: Российская Федерация, Республика Татарстан (Татарстан), м.р-н Лаишевский, с.п. Габишевское, с Габишево, ул Приозерная, з/у 17.",,индивидуальное жилищное строительство,ДРУГОЕ,0,нет,16:24:210101,2725769.41,1694.0767,,,,,да,нет,нет,нет,нет,нет,нет,да,55.607106402937944,49.1432870124423
16:24:210101:2554,37.0,Земли населенных пунктов,Учтенный,"Местоположение установлено относительно ориентира, расположенного в границах участка. Почтовый адрес ориентира: Российская Федерация, Республика Татарстан (Татарстан), м.р-н Лаишевский, с.п. Габишевское, с Габишево, тер. ГПК Семерка, з/у 2554Г.",Частная,для размещения индивидуальных гаражей,ДРУГОЕ,0,нет,16:24:210101,52168.18,1409.9508,,,,,нет,нет,нет,нет,нет,нет,нет,да,55.608432269832214,49.13665089742693
16:24:210101:2458,120.0,Земли населенных пунктов,Учтенный,"Местоположение установлено относительно ориентира, расположенного в границах участка. Почтовый адрес ориентира: Российская Федерация, Республика Татарстан (Татарстан), м.р-н Лаишевский, с.п. Габишевское, с Габишево, ул Светлая, з/у 2/2.",,Под малоэтажное жилищное строительство,ДРУГОЕ,0,нет,16:24:210101,188622.14,1571.8512,,,,,да,нет,нет,нет,нет,нет,нет,да,55.60604703246328,49.150577267886064
16:24:210101:108,1383.0,Земли населенных пунктов,Учтенный,"Местоположение установлено относительно ориентира, расположенного в границах участка. Почтовый адрес ориентира: Российская Федерация, Республика Татарстан (Татарстан), м.р-н Лаишевский, с.п. Габишевское, с Габишево, ул им Мусы Джалиля, з/у 8.",Частная,Индивидуальное жилищное строительство,ДРУГОЕ,0,нет,16:24:210101,2698962.67,1951.5276,,,,,нет,нет,нет,нет,нет,нет,нет,да,55.61097840423794,49.1360583962763
16:24:210101:832,1400.0,Земли населенных пунктов,Учтенный,"Местоположение установлено относительно ориентира, расположенного в границах участка. Почтовый адрес ориентира: Российская Федерация, Республика Татарстан (Татарстан), м.р-н Лаишевский, с.п. Габишевское, с Габишево, ул им Мусы Джалиля, з/у 26.",,индивидуальное жилищное строительство,ДРУГОЕ,0,нет,16:24:210101,2404289.44,1717.3496,,,,,да,нет,нет,нет,нет,нет,нет,да,55.60886034918144,49.13565545395751
16:24:210101:483,25.0,Земли населенных пунктов,Ранее учтенный,"Местоположение установлено относительно ориентира, расположенного в границах участка. Почтовый адрес ориентира: Российская Федерация, Республика Татарстан (Татарстан), м.р-н Лаишевский, с.п. Габишевское, с Габишево, тер. ГПК Октябрьская, з/у 483Г.",Частная,Для размещения  гаража,ДРУГОЕ,0,нет,16:24:210101,41176.86,1647.0744,,,,,нет,нет,нет,нет,нет,нет,нет,да,55.610957147472945,49.13861488217979
16:24:210101:2656,597.0,Земли населенных пунктов,Учтенный,"Местоположение установлено относительно ориентира, расположенного в границах участка. Почтовый адрес ориентира: Российская Федерация, Республика Татарстан (Татарстан), м.р-н Лаишевский, с.п. Габишевское, с Габишево, ул Приозерная, з/у 1В.",Частная,индивидуальное жилищное строительство,ДРУГОЕ,0,нет,16:24:210101,986574.14,1652.553,,,,,нет,нет,нет,нет,нет,нет,нет,да,55.60656541177084,49.14702447454721
16:24:210101:2598,35.0,Земли населенных пунктов,Учтенный,"Местоположение установлено относительно ориентира, расположенного в границах участка. Почтовый адрес ориентира: Российская Федерация, Республика Татарстан (Татарстан), м.р-н Лаишевский, с.п. Габишевское, с Габишево, тер. ГПК Семерка, з/у 2598Г.",Частная,под размещение индивидуальных гаражей,ДРУГОЕ,0,нет,16:24:210101,49003.06,1400.0875,,,,,нет,нет,нет,нет,нет,нет,нет,да,55.6082916558395,49.13727572309828
16:24:210101:2469,77.0,Земли населенных пунктов,Учтенный,"Местоположение установлено относительно ориентира, расположенного в границах участка. Почтовый адрес ориентира: Республика Татарстан, Лаишевский муниципальный район, Габишевское сельское поселение, с Габишево, ул. Ленинская.",Частная,для малоэтажного жилищного строительства,ДРУГОЕ,0,нет,16:24:210101,124514.17,1617.0671,,,,,нет,нет,нет,нет,нет,нет,нет,да,55.61070515797552,49.149013646525205
16:24:210101:141,993.0,Земли населенных пунктов,Ранее учтенный,"Местоположение установлено относительно ориентира, расположенного в границах участка. Почтовый адрес ориентира: Российская Федерация, Республика Татарстан (Татарстан), м.р-н Лаишевский, с.п. Габишевское, с Габишево, ул Яблоневая, з/у 10.",,Для индивидуального жилищного строительства,ИЖС,0,нет,16:24:210101,1947292.16,1961.02,,,,,да,да,нет,нет,нет,да,нет,да,55.611731746583054,49.12900804171271
16:24:210101:539,,Земли населенных пунктов,Ранее учтенный,"Местоположение установлено относительно ориентира, расположенного в границах участка. Почтовый адрес ориентира: Российская Федерация, Республика Татарстан (Татарстан), м.р-н Лаишевский, с.п. Габишевское, с Габишево, тер. ГПК Вахитовская, з/у 539Г.",Муниципальная, размещение гаражей для собственных нужд,ДРУГОЕ,0,нет,16:24:210101,37251.6,1552.15,,,,,да,нет,нет,нет,нет,нет,нет,да,55.61347139791194,49.142540004111865
16:24:210101:3434,448.0,Земли населенных пунктов,Учтенный,"Местоположение установлено относительно ориентира, расположенного в границах участка. Почтовый адрес ориентира: Республика Татарстан, Лаишевский муниципальный район, Габишевское сельское поселение, с Габишево, ул. Московская.",Частная,Под жилую застройку Индивидуальную,ДРУГОЕ,0,нет,16:24:210101,739088.13,1649.7503,,,,,нет,нет,нет,нет,нет,нет,нет,да,55.60967817211646,49.14664012152958
16:24:210101:2516,31.0,Земли населенных пунктов,Учтенный,"Местоположение установлено относительно ориентира, расположенного в границах участка. Почтовый адрес ориентира: Российская Федерация, Республика Татарстан (Татарстан), м.р-н Лаишевский, с.п. Габишевское, с Габишево, тер. ГПК Семерка, з/у 2516Г.",,под размещение индивидуальных гаражей,ДРУГОЕ,0,нет,16:24:210101,43402.71,1400.0875,,,,,да,нет,нет,нет,нет,нет,нет,да,55.608291757475456,49.137080887374
16:24:210101:2468,396.0,Земли населенных пунктов,Учтенный,"Местоположение установлено относительно ориентира, расположенного в границах участка. Почтовый адрес ориентира: Российская Федерация, Республика Татарстан (Татарстан), м.р-н Лаишевский, с.п. Габишевское, с Габишево, ул Ленинская, з/у 2/1.",Частная,для малоэтажного жилищного строительства,ДРУГОЕ,0,нет,16:24:210101,644321.19,1627.0737,,,,,нет,нет,нет,нет,нет,нет,нет,да,55.61026852750981,49.14885153204942
16:24:210101:229,1161.0,Земли населенных пунктов,Ранее учтенный,"Местоположение установлено относительно ориентира, расположенного в границах участка. Почтовый адрес ориентира: Российская Федерация, Республика Татарстан (Татарстан), м.р-н Лаишевский, с.п. Габишевское, с Габишево, ул Ленинская, з/у 1Б.",,Для индивидуального жилищного строительства,ИЖС,0,нет,16:24:210101,1897998.5,1634.7963,,,,,да,да,нет,нет,нет,да,нет,да,55.60994659364709,49.147740329786814
16:24:210101:569,24.0,Земли населенных пунктов,Ранее учтенный,"Местоположение установлено относительно ориентира, расположенного в границах участка. Почтовый адрес ориентира: Российская Федерация, Республика Татарстан (Татарстан), м.р-н Лаишевский, с.п. Габишевское, с Габишево, тер. ГПК Вахитовская, з/у 569Г.",Муниципальная,объекты гаражного назначения,ДРУГОЕ,0,нет,16:24:210101,38478.11,1603.2544,,,,,да,нет,нет,нет,нет,нет,нет,да,55.61300306521324,49.14235389181134
16:24:210101:815,1000.0,Земли населенных пунктов,Учтенный,"Российская Федерация, Республика Татарстан (Татарстан), м.р-н Лаишевский, с.п. Габишевское, с Габишево, ул Вахитовская, з/у 34",,индивидуальное жилищное строительство,ДРУГОЕ,0,нет,16:24:210101,2140690.3,2140.6903,,,,,да,нет,нет,нет,нет,нет,нет,да,55.61512722650743,49.13474567233517
16:24:090704:1493,500.0,Земли населенных пунктов,Учтенный,"Местоположение установлено относительно ориентира, расположенного в границах участка. Почтовый адрес ориентира: Российская Федерация, Республика Татарстан (Татарстан), м.р-н Лаишевский, с.п. Габишевское, с Габишево, ул Приволжская, з/у 59.",Частная,"земельные участки, предназначенные для размещения домов индивидуальной жилой застройки",ЖИЛОЙ,0,нет,16:24:090704,934948.7,1869.8974,,,,,нет,нет,нет,нет,нет,да,нет,да,55.61054664054733,49.12701553128097
16:24:210101:903,1040.0,Земли населенных пунктов,Учтенный,"Местоположение установлено относительно ориентира, расположенного в границах участка. Почтовый адрес ориентира: Российская Федерация, Республика Татарстан (Татарстан), м.р-н Лаишевский, с.п. Габишевское, с Габишево, ул Береговая, з/у 23.",,Для малоэтажного жилищного строительства,ДРУГОЕ,0,нет,16:24:210101,1576271.22,1515.6454,,,,,да,нет,нет,нет,нет,нет,нет,да,55.61007933199776,49.15065334374513
16:24:210101:816,1271.0,Земли населенных пунктов,Учтенный,"Местоположение установлено относительно ориентира, расположенного в границах участка. Почтовый адрес ориентира: Российская Федерация, Республика Татарстан (Татарстан), м.р-н Лаишевский, с.п. Габишевское, с Габишево, ул Приозерная, з/у 25А.",,индивидуальное жилищное строительство,ДРУГОЕ,0,нет,16:24:210101,2174212.51,1710.6314,,,,,да,нет,нет,нет,нет,нет,нет,да,55.60730408809597,49.14169116254472
16:24:210101:629,,Земли населенных пунктов,Ранее учтенный,"Местоположение установлено относительно ориентира, расположенного в границах участка. Почтовый адрес ориентира: Республика Татарстан, р-н. Лаишевский, с. Габишево.",Муниципальная,Размещение гаражей для собственных нужд,ДРУГОЕ,0,нет,16:24:210101,467080.95,1599.59,,,,,да,нет,нет,нет,нет,нет,нет,да,55.610422949165624,49.13831763848033
16:24:210101:2653,241.0,Земли населенных пунктов,Учтенный,"Местоположение установлено относительно ориентира, расположенного в границах участка. Почтовый адрес ориентира: Республика Татарстан, Лаишевский муниципальный район, Габишевское сельское поселение, с Габишево, ул. Яблоневая, д.7.",Частная,для индивидуального жилищного строительства,ИЖС,0,нет,16:24:210101,506825.63,2103.0109,,,,,нет,да,нет,нет,нет,да,нет,да,55.611731294679814,49.130114604233675
16:24:210101:2537,32.0,Земли населенных пунктов,Учтенный,"Местоположение установлено относительно ориентира, расположенного в границах участка. Почтовый адрес ориентира: Российская Федерация, Республика Татарстан (Татарстан), м.р-н Лаишевский, с.п. Габишевское, с Габишево, тер. ГПК Семерка, з/у 2537Г.",Частная,под размещение индивидуальных гаражей,ДРУГОЕ,0,нет,16:24:210101,45118.43,1409.9508,,,,,нет,нет,нет,нет,нет,нет,нет,да,55.60841304140207,49.13622463332091
16:24:210101:215,,Земли населенных пунктов,Ранее учтенный,"Местоположение установлено относительно ориентира, расположенного в границах участка. Почтовый адрес ориентира: Российская Федерация, Республика Татарстан (Татарстан), м.р-н Лаишевский, с.п. Габишевское, с Габишево, ул Приволжская, з/у 13/2.",Частная,Индивидуальное жилищное строительство,ДРУГОЕ,0,нет,16:24:210101,1118608.66,1720.9364,,,,,нет,нет,нет,нет,нет,нет,нет,да,55.60822802501991,49.14421008141377
16:24:090704:2110,454.0,Земли населенных пунктов,Учтенный,"Местоположение установлено относительно ориентира, расположенного в границах участка. Почтовый адрес ориентира: Российская Федерация, Республика Татарстан (Татарстан), м.р-н Лаишевский, с.п. Габишевское, с Габишево, ул Алексея Малышева, з/у 109.",Частная,"земельные участки, предназначенные для размещения домов индивидуальной жилой застройки",ЖИЛОЙ,0,нет,16:24:090704,822865.1,1812.4782,,,,,нет,нет,нет,нет,нет,да,нет,да,55.60908750246008,49.128402204217345
16:24:090704:1056,1046.0,Земли населенных пунктов,Учтенный,"Местоположение установлено относительно ориентира, расположенного в границах участка. Почтовый адрес ориентира: Российская Федерация, Республика Татарстан (Татарстан), м.р-н Лаишевский, с.п. Габишевское, с Габишево, ул Изумрудная, з/у 2.",Частная,"земельные участки, предназначенные для размещения домов индивидуальной жилой застройки",ЖИЛОЙ,0,нет,16:24:090704,1925047.31,1840.3894,,,,,нет,нет,нет,нет,нет,да,нет,да,55.60961260975025,49.126517151992
16:24:090704:1173,906.0,Земли населенных пунктов,Учтенный,"Местоположение установлено относительно ориентира, расположенного в границах участка. Почтовый адрес ориентира: Российская Федерация, Республика Татарстан (Татарстан), м.р-н Лаишевский, с.п. Габишевское, с Габишево, ул Звездная, з/у 1.",Частная,"земельные участки, предназначенные для размещения домов индивидуальной жилой застройки",ЖИЛОЙ,0,нет,16:24:090704,1390802.23,1535.1018,,,,,нет,нет,нет,нет,нет,да,нет,да,55.60294120329242,49.14497641182
16:24:210101:2622,32.0,Земли населенных пунктов,Учтенный,"Местоположение установлено относительно ориентира, расположенного в границах участка. Почтовый адрес ориентира: Российская Федерация, Республика Татарстан (Татарстан), м.р-н Лаишевский, с.п. Габишевское, с Габишево, тер. ГПК Семерка, з/у 2622Г.",Частная,под размещение индивидуальных гаражей,ДРУГОЕ,0,нет,16:24:210101,44802.8,1400.0875,,,,,нет,нет,нет,нет,нет,нет,нет,да,55.608358410728634,49.13688198310792
16:24:210101:182,1669.0,Земли населенных пунктов,Ранее учтенный,"Местоположение установлено относительно ориентира, расположенного в границах участка. Почтовый адрес ориентира: Российская Федерация, Республика Татарстан (Татарстан), м.р-н Лаишевский, с.п. Габишевское, с Габишево, ул Приволжская, з/у 32.",,Для индивидуального жилищного строительства,ИЖС,0,нет,16:24:210101,3260800.24,1953.7449,,,,,да,да,нет,нет,нет,да,нет,да,55.61051750256519,49.135045828375134
16:24:090704:1942,620.0,Земли населенных пунктов,Учтенный,"Местоположение установлено относительно ориентира, расположенного в границах участка. Почтовый адрес ориентира: Российская Федерация, Республика Татарстан (Татарстан), м.р-н Лаишевский, с.п. Габишевское, с Габишево, ул Жемчужная, з/у 7.",Частная,"земельные участки, предназначенные для размещения домов индивидуальной жилой застройки",ЖИЛОЙ,0,нет,16:24:090704,940176.31,1516.4134,,,,,нет,нет,нет,нет,нет,да,нет,да,55.604699133013405,49.13384332936489
16:24:090704:1814,508.0,Земли населенных пунктов,Учтенный,"Местоположение установлено относительно ориентира, расположенного в границах участка. Почтовый адрес ориентира: Российская Федерация, Республика Татарстан (Татарстан), м.р-н Лаишевский, с.п. Габишевское, с Габишево, ул Ивана Матвеева, з/у 42.",Частная,"земельные участки, предназначенные для размещения домов индивидуальной жилой застройки",ЖИЛОЙ,0,нет,16:24:090704,784860.25,1545.0005,,,,,нет,нет,нет,нет,нет,да,нет,да,55.60443885638183,49.140181580585335
16:24:090704:1296,1000.0,Земли населенных пунктов,Учтенный,"Местоположение установлено относительно ориентира, расположенного в границах участка. Почтовый адрес ориентира: Российская Федерация, Республика Татарстан (Татарстан), м.р-н Лаишевский, с.п. Габишевское, с Габишево, ул Звездная, з/у 2.",Частная,"земельные участки, предназначенные для размещения домов индивидуальной жилой застройки",ЖИЛОЙ,0,нет,16:24:090704,1542155.0,1542.155,,,,,нет,нет,нет,нет,нет,да,нет,да,55.60302404593809,49.1442694667321
16:24:090704:3351,543.0,Земли населенных пунктов,Учтенный,"Российская Федерация, Республика Татарстан (Татарстан), м.р-н Лаишевский, с.п. Габишевское, с Габишево, ул Васильковая, з/у 11/1",Частная,"земельные участки, предназначенные для размещения домов индивидуальной жилой застройки",ЖИЛОЙ,0,нет,16:24:090704,770990.77,1419.8725,,,,,нет,нет,нет,нет,нет,да,нет,да,55.60362625659132,49.13386926581802
16:24:090704:2114,256.0,Земли населенных пунктов,Учтенный,"Местоположение установлено относительно ориентира, расположенного в границах участка. Почтовый адрес ориентира: Российская Федерация, Республика Татарстан (Татарстан), м.р-н Лаишевский, с.п. Габишевское, с Габишево, ул Алексея Малышева, з/у 69.",Частная,Блокированные односемейные дома с участками,ДРУГОЕ,0,нет,16:24:090704,394780.95,1542.1131,,,,,нет,нет,нет,нет,нет,нет,нет,да,55.60559471687134,49.13519548436368
16:24:090704:1182,962.0,Земли населенных пунктов,Учтенный,"Местоположение установлено относительно ориентира, расположенного в границах участка. Почтовый адрес ориентира: Российская Федерация, Республика Татарстан (Татарстан), м.р-н Лаишевский, с.п. Габишевское, с Габишево, ул Приволжская, з/у 55.",Частная,"земельные участки, предназначенные для размещения домов индивидуальной жилой застройки",ЖИЛОЙ,0,нет,16:24:090704,1814628.2,1886.3079,,,,,нет,нет,нет,нет,нет,да,нет,да,55.610370354008445,49.12829322761165
16:24:090704:922,906.0,Земли населенных пунктов,Учтенный,"Местоположение установлено относительно ориентира, расположенного в границах участка. Почтовый адрес ориентира: Российская Федерация, Республика Татарстан (Татарстан), м.р-н Лаишевский, с.п. Габишевское, с Габишево, ул Звездная, з/у 3.",Частная,"земельные участки, предназначенные для размещения домов индивидуальной жилой застройки",ЖИЛОЙ,0,нет,16:24:090704,1362562.84,1503.9325,,,,,нет,нет,нет,нет,нет,да,нет,да,55.60272130830477,49.14489595535589
16:24:090704:1915,500.0,Земли населенных пунктов,Учтенный,"Местоположение установлено относительно ориентира, расположенного в границах участка. Почтовый адрес ориентира: Российская Федерация, Республика Татарстан (Татарстан), м.р-н Лаишевский, с.п. Габишевское, с Габишево, ул Дубравная, з/у 1.",Частная,"земельные участки, предназначенные для размещения домов индивидуальной жилой застройки",ЖИЛОЙ,0,нет,16:24:090704,781687.0,1563.374,,,,,нет,нет,нет,нет,нет,да,нет,да,55.603306662851516,49.14225053309607
16:24:090704:964,1044.0,Земли населенных пунктов,Учтенный,"Местоположение установлено относительно ориентира, расположенного в границах участка. Почтовый адрес ориентира: Российская Федерация, Республика Татарстан (Татарстан), м.р-н Лаишевский, с.п. Габишевское, с Габишево, ул Изумрудная, з/у 7.",Частная,"земельные участки, предназначенные для размещения домов индивидуальной жилой застройки",ЖИЛОЙ,0,нет,16:24:090704,1914892.27,1834.188,,,,,нет,нет,нет,нет,нет,да,нет,да,55.608815181788245,49.12617547766548
16:24:090704:2605,444.0,Земли населенных пунктов,Учтенный,"Местоположение установлено относительно ориентира, расположенного в границах участка. Почтовый адрес ориентира: Российская Федерация, Республика Татарстан (Татарстан), м.р-н Лаишевский, с.п. Габишевское, с Габишево, ул Лучистая, з/у 2А.",Частная,"земельные участки, предназначенные для размещения домов индивидуальной жилой застройки",ЖИЛОЙ,0,нет,16:24:090704,728948.5,1641.7759,,,,,нет,нет,нет,нет,нет,да,нет,да,55.60792474657749,49.12954409620163
16:24:090704:1214,990.0,Земли населенных пунктов,Учтенный,"Местоположение установлено относительно ориентира, расположенного в границах участка. Почтовый адрес ориентира: Российская Федерация, Республика Татарстан (Татарстан), м.р-н Лаишевский, с.п. Габишевское, с Габишево, ул Ивана Матвеева, з/у 73.",Частная,"земельные участки, предназначенные для размещения домов индивидуальной жилой застройки",ЖИЛОЙ,0,нет,16:24:090704,1576171.58,1592.0925,,,,,нет,нет,нет,нет,нет,да,нет,да,55.60695244915471,49.13449466329661
16:24:090704:1756,617.0,Земли населенных пунктов,Учтенный,"Местоположение установлено относительно ориентира, расположенного в границах участка. Почтовый адрес ориентира: Российская Федерация, Республика Татарстан (Татарстан), м.р-н Лаишевский, с.п. Габишевское, с Габишево, ул Ивана Матвеева, з/у 66.",Частная,"земельные участки, предназначенные для размещения домов индивидуальной жилой застройки",ЖИЛОЙ,0,нет,16:24:090704,965641.4,1565.059,,,,,нет,нет,нет,нет,нет,да,нет,да,55.60546771094255,49.13588844167318
16:24:090704:1705,549.0,Земли населенных пунктов,Учтенный,"Местоположение установлено относительно ориентира, расположенного в границах участка. Почтовый адрес ориентира: Российская Федерация, Республика Татарстан (Татарстан), м.р-н Лаишевский, с.п. Габишевское, с Габишево, ул Александра Сергеева, з/у 38А.",Частная,"земельные участки, предназначенные для размещения домов индивидуальной жилой застройки",ЖИЛОЙ,0,нет,16:24:090704,881161.03,1605.0292,,,,,нет,нет,нет,нет,нет,да,нет,да,55.60502336828457,49.14106395575249
16:24:210101:302,,Земли населенных пунктов,Ранее учтенный,"Местоположение установлено относительно ориентира, расположенного в границах участка. Почтовый адрес ориентира: Российская Федерация, Республика Татарстан (Татарстан), м.р-н Лаишевский, с.п. Габишевское, с Габишево, ул Приозерная, з/у 1Б.",Частная,Для ведения личного подсобного хозяйства,ЛПХ,0,нет,16:24:210101,2533354.55,1652.55,,,,,нет,нет,нет,нет,да,да,нет,да,55.60681671435946,49.14675080750782
16:24:210101:2664,939.0,Земли населенных пунктов,Учтенный,"Местоположение установлено относительно ориентира, расположенного в границах участка. Почтовый адрес ориентира: Республика Татарстан, Лаишевский муниципальный район, Габишевское сельское поселение, с Габишево.",Частная,Индивидуальное жилищное строительство,ДРУГОЕ,0,нет,16:24:210101,1928432.47,2053.7087,,,,,нет,нет,нет,нет,нет,нет,нет,да,55.61171093322057,49.13150792957228
16:24:210101:247,,Земли населенных пунктов,Ранее учтенный,"Местоположение установлено относительно ориентира, расположенного в границах участка. Почтовый адрес ориентира: Российская Федерация, Республика Татарстан (Татарстан), м.р-н Лаишевский, с.п. Габишевское, с Габишево, ул Кировская, з/у 4.",Частная,Индивидуальное жилищное строительство,ДРУГОЕ,0,нет,16:24:210101,1768891.8,1768.8918,,,,,нет,нет,нет,нет,нет,нет,нет,да,55.610113437762365,49.1429298443602
16:24:210101:231,,Земли населенных пунктов,Ранее учтенный,"Местоположение установлено относительно ориентира, расположенного в границах участка. Почтовый адрес ориентира: Российская Федерация, Республика Татарстан (Татарстан), м.р-н Лаишевский, с.п. Габишевское, с Габишево, ул Ленинская, з/у 1/2.",,Под жилую застройку Индивидуальную,ДРУГОЕ,0,нет,16:24:210101,1230436.93,1658.27,,,,,да,нет,нет,нет,нет,нет,нет,да,55.60993088228782,49.147157681035004
16:24:210101:719,1500.0,Земли населенных пунктов,Ранее учтенный,"Местоположение установлено относительно ориентира, расположенного в границах участка. Почтовый адрес ориентира: Российская Федерация, Республика Татарстан (Татарстан), м.р-н Лаишевский, с.п. Габишевское, с Габишево, ул Марджани, з/у 11.",Частная,Для индивидуального жилищного строительства,ИЖС,0,нет,16:24:210101,2490379.65,1660.2531,,,,,нет,да,нет,нет,нет,да,нет,да,55.60809441678781,49.14934247190108
16:24:210101:712,1500.0,Земли населенных пунктов,Ранее учтенный,"Местоположение установлено относительно ориентира, расположенного в границах участка. Почтовый адрес ориентира: Российская Федерация, Республика Татарстан (Татарстан), м.р-н Лаишевский, с.п. Габишевское, с Габишево, ул Марджани, з/у 10.",,Для индивидуального жилищного строительства,ИЖС,0,нет,16:24:210101,2485479.9,1656.9866,,,,,да,да,нет,нет,нет,да,нет,да,55.60869968873735,49.149231721280444
16:24:210101:487,44.0,Земли населенных пунктов,Ранее учтенный,"Местоположение установлено относительно ориентира, расположенного в границах участка. Почтовый адрес ориентира: Российская Федерация, Республика Татарстан (Татарстан), м.р-н Лаишевский, с.п. Габишевское, с Габишево, тер. ГПК Октябрьская, з/у 487Г.",Частная,для размещения гаража,ДРУГОЕ,0,нет,16:24:210101,72471.27,1647.0744,,,,,нет,нет,нет,нет,нет,нет,нет,да,55.61097590200214,49.13837298527529
16:24:210101:373,14772.0,Земли населенных пунктов,Ранее учтенный,"Местоположение установлено относительно ориентира, расположенного в границах участка. Почтовый адрес ориентира: Российская Федерация, Республика Татарстан (Татарстан), м.р-н Лаишевский, с.п. Габишевское, с Габишево, ул Ленинская, з/у 7А.",Муниципальная,под размещение детского сада,ДРУГОЕ,0,нет,16:24:210101,8654864.58,585.8966,,,,,да,нет,нет,нет,нет,нет,нет,да,55.611469698178254,49.14156450093785
16:24:210101:3035,635.0,Земли населенных пунктов,Учтенный,"Местоположение установлено относительно ориентира, расположенного в границах участка. Почтовый адрес ориентира: Республика Татарстан, Лаишевский муниципальный район, Габишевское сельское поселение, с Габишево, ул. Приозерная.",Частная,Индивидуальное жилищное строительство,ДРУГОЕ,0,нет,16:24:210101,1101373.27,1734.4461,,,,,нет,нет,нет,нет,нет,нет,нет,да,55.60754755690435,49.14030281996809
16:24:210101:793,501.0,Земли населенных пунктов,Ранее учтенный,"Местоположение установлено относительно ориентира, расположенного в границах участка. Почтовый адрес ориентира: Российская Федерация, Республика Татарстан (Татарстан), м.р-н Лаишевский, с.п. Габишевское, с Габишево, ул Ленинская, з/у 30/1.",Частная,Индивидуальное жилищное строительство,ДРУГОЕ,0,нет,16:24:210101,892429.4,1781.2962,,,,,нет,нет,нет,нет,нет,нет,нет,да,55.60850016829346,49.138242223047904
16:24:210101:709,1346.0,Земли населенных пунктов,Ранее учтенный,"Местоположение установлено относительно ориентира, расположенного в границах участка. Почтовый адрес ориентира: Российская Федерация, Республика Татарстан (Татарстан), м.р-н Лаишевский, с.п. Габишевское, с Габишево, пр-кт Молодежный, з/у 25.",Частная,Для индивидуального жилищного строительства,ИЖС,0,нет,16:24:210101,2775316.86,2061.8996,,,,,нет,да,нет,нет,нет,да,нет,да,55.6123364980712,49.13239323529917
16:24:210101:3477,28.0,Земли населенных пунктов,Учтенный,"Местоположение установлено относительно ориентира, расположенного в границах участка. Почтовый адрес ориентира: Республика Татарстан, Лаишевский муниципальный район, Габишевское сельское поселение, с Габишево.",Частная,хранение автотранспорта (гараж),ТРАНСПОРТ,0,нет,16:24:210101,44788.58,1599.5923,,,,,нет,нет,нет,нет,нет,нет,нет,да,55.610266031419165,49.13826882236235
16:24:210101:2427,836.0,Земли населенных пунктов,Учтенный,"Местоположение установлено относительно ориентира, расположенного в границах участка. Почтовый адрес ориентира: Российская Федерация, Республика Татарстан (Татарстан), м.р-н Лаишевский, с.п. Габишевское, с Габишево, ул Олимпийская, з/у 2.",Частная,Под малоэтажное жилищное строительство,ДРУГОЕ,0,нет,16:24:210101,1355323.28,1621.2001,,,,,нет,нет,нет,нет,нет,нет,нет,да,55.60677136976075,49.14812164173746
16:24:210101:331,1254.0,Земли населенных пунктов,Ранее учтенный,"Местоположение установлено относительно ориентира, расположенного в границах участка. Почтовый адрес ориентира: Российская Федерация, Республика Татарстан (Татарстан), м.р-н Лаишевский, с.п. Габишевское, с Габишево, ул Казанская, з/у 28.",,Для индивидуального жилищного строительства,ИЖС,0,нет,16:24:210101,2129149.67,1697.8865,,,,,да,да,нет,нет,нет,да,нет,да,55.60666898397749,49.14204365248316
16:24:090704:1599,699.0,Земли населенных пунктов,Учтенный,"Местоположение установлено относительно ориентира, расположенного в границах участка. Почтовый адрес ориентира: Российская Федерация, Республика Татарстан (Татарстан), м.р-н Лаишевский, с.п. Габишевское, с Габишево, ул Александра Сергеева, з/у 44.",Частная,"земельные участки, предназначенные для размещения домов индивидуальной жилой застройки",ЖИЛОЙ,0,нет,16:24:090704,1091828.35,1561.9862,,,,,нет,нет,нет,нет,нет,да,нет,да,55.605308442672836,49.139571248775404
16:24:090704:1052,792.0,Земли населенных пунктов,Учтенный,"Местоположение установлено относительно ориентира, расположенного в границах участка. Почтовый адрес ориентира: Российская Федерация, Республика Татарстан (Татарстан), м.р-н Лаишевский, с.п. Габишевское, с Габишево, ул Южная, з/у 1.",Частная,"земельные участки, предназначенные для размещения домов индивидуальной жилой застройки",ЖИЛОЙ,0,нет,16:24:090704,1147006.87,1448.241,,,,,нет,нет,нет,нет,нет,да,нет,да,55.60381770755661,49.13640581727019
16:24:090704:2556,1408.0,Земли населенных пунктов,Учтенный,"Местоположение установлено относительно ориентира, расположенного в границах участка. Почтовый адрес ориентира: Российская Федерация, Республика Татарстан (Татарстан), м.р-н Лаишевский, с.п. Габишевское, с Габишево, ул Приволжская, з/у 57.",Частная,"земельные участки, предназначенные для размещения домов индивидуальной жилой застройки",ЖИЛОЙ,0,нет,16:24:090704,2617045.8,1858.6973,,,,,нет,нет,нет,нет,нет,да,нет,да,55.61037515654684,49.12772156995562
16:24:090704:2545,667.0,Земли населенных пунктов,Учтенный,"Местоположение установлено относительно ориентира, расположенного в границах участка. Почтовый адрес ориентира: Российская Федерация, Республика Татарстан (Татарстан), м.р-н Лаишевский, с.п. Габишевское, с Габишево, ул Дубравная, з/у 4.",Частная,"земельные участки, предназначенные для размещения домов индивидуальной жилой застройки",ЖИЛОЙ,0,нет,16:24:090704,993684.53,1489.7819,,,,,нет,нет,нет,нет,нет,да,нет,да,55.603064334054125,49.14109481908059
16:24:090704:1836,500.0,Земли населенных пунктов,Учтенный,"Местоположение установлено относительно ориентира, расположенного в границах участка. Почтовый адрес ориентира: Российская Федерация, Республика Татарстан (Татарстан), м.р-н Лаишевский, с.п. Габишевское, с Габишево, ул Ивана Матвеева, з/у 36.",Частная,"земельные участки, предназначенные для размещения домов индивидуальной жилой застройки",ЖИЛОЙ,0,нет,16:24:090704,809303.4,1618.6068,,,,,нет,нет,нет,нет,нет,да,нет,да,55.60425977274656,49.141702433842156
16:24:090704:1225,1002.0,Земли населенных пунктов,Учтенный,"Местоположение установлено относительно ориентира, расположенного в границах участка. Почтовый адрес ориентира: Российская Федерация, Республика Татарстан (Татарстан), м.р-н Лаишевский, с.п. Габишевское, с Габишево, ул Алексея Малышева, з/у 73.",Частная,"земельные участки, предназначенные для размещения домов индивидуальной жилой застройки",ЖИЛОЙ,0,нет,16:24:090704,1571167.16,1568.0311,,,,,нет,нет,нет,нет,нет,да,нет,да,55.60587082113555,49.13428102228729
16:24:090704:3279,500.0,Земли населенных пунктов,Учтенный,"Местоположение установлено относительно ориентира, расположенного в границах участка. Почтовый адрес ориентира: Российская Федерация, Республика Татарстан (Татарстан), м.р-н Лаишевский, с.п. Габишевское, с Габишево, пер Узорный, з/у 6А.",Частная,"земельные участки, предназначенные для размещения домов индивидуальной жилой застройки",ЖИЛОЙ,0,нет,16:24:090704,880028.25,1760.0565,,,,,нет,нет,нет,нет,нет,да,нет,да,55.609504574492405,49.13386127489009
16:24:090704:1760,699.0,Земли населенных пунктов,Учтенный,"Местоположение установлено относительно ориентира, расположенного в границах участка. Почтовый адрес ориентира: Российская Федерация, Республика Татарстан (Татарстан), м.р-н Лаишевский, с.п. Габишевское, с Габишево, ул Ивана Матвеева, з/у 40.",Частная,"земельные участки, предназначенные для размещения домов индивидуальной жилой застройки",ЖИЛОЙ,0,нет,16:24:090704,1079546.36,1544.4154,,,,,нет,нет,нет,нет,нет,да,нет,да,55.60433461342119,49.14090093997456
16:24:210101:2446,704.0,Земли населенных пунктов,Учтенный,"Местоположение установлено относительно ориентира, расположенного в границах участка. Почтовый адрес ориентира: Российская Федерация, Республика Татарстан (Татарстан), м.р-н Лаишевский, с.п. Габишевское, с Габишево, пер Садовый, з/у 2.",,Под малоэтажное жилищное строительство,ДРУГОЕ,0,нет,16:24:210101,1103968.38,1568.1369,,,,,да,нет,нет,нет,нет,нет,нет,да,55.6053471946678,49.148407187332246
16:24:210101:3424,205.0,Земли населенных пунктов,Учтенный,"Местоположение установлено относительно ориентира, расположенного в границах участка. Почтовый адрес ориентира: Российская Федерация, Республика Татарстан (Татарстан), м.р-н Лаишевский, с.п. Габишевское, с Габишево, ул Олимпийская, з/у 7/2.",Частная,Блокированные односемейные дома с участками,ДРУГОЕ,0,нет,16:24:210101,321468.06,1568.1369,,,,,нет,нет,нет,нет,нет,нет,нет,да,55.6053869953998,49.14881995752809
16:24:210101:2432,978.0,Земли населенных пунктов,Учтенный,"Местоположение установлено относительно ориентира, расположенного в границах участка. Почтовый адрес ориентира: Российская Федерация, Республика Татарстан (Татарстан), м.р-н Лаишевский, с.п. Габишевское, с Габишево, ул Державина, з/у 1.",,Под малоэтажное жилищное строительство,ДРУГОЕ,0,нет,16:24:210101,1585164.4,1620.8225,,,,,да,нет,нет,нет,нет,нет,нет,да,55.60623356873784,49.147640103088975
16:24:090704:2494,734.0,Земли населенных пунктов,Учтенный,"Местоположение установлено относительно ориентира, расположенного в границах участка. Почтовый адрес ориентира: Российская Федерация, Республика Татарстан, Лаишевский муниципальный район, Габишевское сельское поселение, с Габишево, ул. Александра Сергеева, з/у 21.",Частная,"земельные участки, предназначенные для размещения домов индивидуальной жилой застройки",ЖИЛОЙ,0,нет,16:24:090704,1189527.37,1620.6095,,,,,нет,нет,нет,нет,нет,да,нет,да,55.605196921593894,49.144607005563834
16:24:090704:3505,584.0,Земли населенных пунктов,Учтенный,"Местоположение установлено относительно ориентира, расположенного в границах участка. Почтовый адрес ориентира: Российская Федерация, Республика Татарстан (Татарстан), м.р-н Лаишевский, с.п. Габишевское, с Габишево, пер Узорный, з/у 4А.",Частная,"земельные участки, предназначенные для размещения домов индивидуальной жилой застройки",ЖИЛОЙ,0,нет,16:24:090704,995089.34,1703.9201,,,,,нет,нет,нет,нет,нет,да,нет,да,55.60911011990861,49.13437482642602
16:24:210101:318,1316.0,Земли населенных пунктов,Ранее учтенный,"Местоположение установлено относительно ориентира, расположенного в границах участка. Почтовый адрес ориентира: Российская Федерация, Республика Татарстан (Татарстан), м.р-н Лаишевский, с.п. Габишевское, с Габишево, ул Приозерная, з/у 31.",,Под жилую застройку Индивидуальную,ДРУГОЕ,0,нет,16:24:210101,2297230.66,1745.616,,,,,да,нет,нет,нет,нет,нет,нет,да,55.607808770288685,49.1401947687674
16:24:210101:354,,Земли населенных пунктов,Ранее учтенный,"Местоположение установлено относительно ориентира, расположенного в границах участка. Почтовый адрес ориентира: Российская Федерация, Республика Татарстан (Татарстан), м.р-н Лаишевский, с.п. Габишевское, с Габишево, ул Казанская, з/у 17.",,Индивидуальное жилищное строительство,ДРУГОЕ,0,нет,16:24:210101,2175071.71,1659.0936,,,,,да,нет,нет,нет,нет,нет,нет,да,55.60583061640154,49.14325974160715
16:24:210101:2436,865.0,Земли населенных пунктов,Учтенный,"Местоположение установлено относительно ориентира, расположенного в границах участка. Почтовый адрес ориентира: Российская Федерация, Республика Татарстан (Татарстан), м.р-н Лаишевский, с.п. Габишевское, с Габишево, ул Цветочная, з/у 2.",,Под малоэтажное жилищное строительство,ДРУГОЕ,0,нет,16:24:210101,1402696.46,1621.6144,,,,,да,нет,нет,нет,нет,нет,нет,да,55.60585934010385,49.14743252121783
16:24:210101:934,1081.0,Земли населенных пунктов,Учтенный,"Местоположение установлено относительно ориентира, расположенного в границах участка. Почтовый адрес ориентира: Российская Федерация, Республика Татарстан (Татарстан), м.р-н Лаишевский, с.п. Габишевское, с Габишево, ул Светлая, з/у 3.",Частная,Под малоэтажное жилищное строительство,ДРУГОЕ,0,нет,16:24:210101,1684720.45,1558.4833,,,,,нет,нет,нет,нет,нет,нет,нет,да,55.60558964250194,49.14939281275897
16:24:090704:3353,250.0,Земли населенных пунктов,Учтенный,"Российская Федерация, Республика Татарстан (Татарстан), м.р-н Лаишевский, с.п. Габишевское, с Габишево, ул Васильковая, з/у 10В",Частная,блокированные односемейные дома с участками,ДРУГОЕ,0,нет,16:24:090704,358653.28,1434.6131,,,,,нет,нет,нет,нет,нет,нет,нет,да,55.604305832070565,49.13378938082854
16:24:210101:319,1288.0,Земли населенных пунктов,Ранее учтенный,"Местоположение установлено относительно ориентира, расположенного в границах участка. Почтовый адрес ориентира: Российская Федерация, Республика Татарстан (Татарстан), м.р-н Лаишевский, с.п. Габишевское, с Габишево, ул Приозерная, з/у 33.",Частная,Для индивидуального жилищного строительства,ИЖС,0,нет,16:24:210101,2181235.86,1693.5061,,,,,нет,да,нет,нет,нет,да,нет,да,55.607964855542946,49.13988236859569
16:24:210101:640,1500.0,Земли населенных пунктов,Ранее учтенный,"Местоположение установлено относительно ориентира, расположенного в границах участка. Почтовый адрес ориентира: Российская Федерация, Республика Татарстан (Татарстан), м.р-н Лаишевский, с.п. Габишевское, с Габишево, ул Лесная, з/у 6.",,для индивидуального жилищного строительства,ИЖС,0,нет,16:24:210101,2468395.95,1645.5973,,,,,да,да,нет,нет,нет,да,нет,да,55.607566721509514,49.149615038567994
16:24:210101:2544,27.0,Земли населенных пунктов,Учтенный,"Местоположение установлено относительно ориентира, расположенного в границах участка. Почтовый адрес ориентира: Российская Федерация, Республика Татарстан (Татарстан), м.р-н Лаишевский, с.п. Габишевское, с Габишево, тер. ГПК Семерка, з/у 2544Г.",Частная,под размещение индивидуальных гаражей,ДРУГОЕ,0,нет,16:24:210101,38068.67,1409.9508,,,,,нет,нет,нет,нет,нет,нет,нет,да,55.60828800681247,49.13661750140447
16:24:210101:3777,550.0,Земли населенных пунктов,Учтенный,"Российская Федерация, Республика Татарстан (Татарстан), м.р-н Лаишевский, с.п. Габишевское, с Габишево, ул Приволжская, з/у 1В",Частная,"индивидуальное жилищное строительство,для индивидуальной жилой застройки",ДРУГОЕ,0,нет,16:24:210101,929870.37,1690.6734,,,,,нет,нет,нет,нет,нет,нет,нет,да,55.60773566266043,49.14733127285524
16:24:210101:3920,3758.0,Земли населенных пунктов,Учтенный,"Республика Татарстан, Лаишевский муниципальный район, Габишевское сельское поселение, с. Габишево",,Земельные участки (территории) общего пользования,ОГП,0,нет,16:24:210101,2613799.11,695.53,,,,,да,нет,нет,нет,нет,нет,да,да,55.60865669151344,49.13779066121647
16:24:210101:276,1356.0,Земли населенных пунктов,Ранее учтенный,"Местоположение установлено относительно ориентира, расположенного в границах участка. Почтовый адрес ориентира: Российская Федерация, Республика Татарстан (Татарстан), м.р-н Лаишевский, с.п. Габишевское, с Габишево, ул Марджани, з/у 2.",Частная,Под жилую застройку Индивидуальную,ДРУГОЕ,0,нет,16:24:210101,2221215.87,1638.06,,,,,нет,нет,нет,нет,нет,нет,нет,да,55.609319400190934,49.147921423228986
16:24:090704:1049,826.0,Земли населенных пунктов,Учтенный,"Местоположение установлено относительно ориентира, расположенного в границах участка. Почтовый адрес ориентира: Российская Федерация, Республика Татарстан (Татарстан), м.р-н Лаишевский, с.п. Габишевское, с Габишево, ул Уютная, з/у 6.",Частная,"земельные участки, предназначенные для размещения домов индивидуальной жилой застройки",ЖИЛОЙ,0,нет,16:24:090704,1154640.12,1397.8694,,,,,нет,нет,нет,нет,нет,да,нет,да,55.60346614263281,49.136711846863285
16:24:090704:2819,936.0,Земли населенных пунктов,Учтенный,"Местоположение установлено относительно ориентира, расположенного в границах участка. Почтовый адрес ориентира: Российская Федерация, Республика Татарстан (Татарстан), м.р-н Лаишевский, с.п. Габишевское, с Габишево, пер Светлый, з/у 1.",Частная,"земельные участки, предназначенные для размещения домов индивидуальной жилой застройки",ЖИЛОЙ,0,нет,16:24:090704,1720994.37,1838.6692,,,,,нет,нет,нет,нет,нет,да,нет,да,55.60947466690328,49.12927215798586
16:24:090704:1106,1061.0,Земли населенных пунктов,Учтенный,"Местоположение установлено относительно ориентира, расположенного в границах участка. Почтовый адрес ориентира: Российская Федерация, Республика Татарстан (Татарстан), м.р-н Лаишевский, с.п. Габишевское, с Габишево, ул Ивана Матвеева, з/у 89.",Частная,"земельные участки, предназначенные для размещения домов индивидуальной жилой застройки",ЖИЛОЙ,0,нет,16:24:090704,1779357.9,1677.0574,,,,,нет,нет,нет,нет,нет,да,нет,да,55.60834369993787,49.13199381335029
16:24:090704:2592,521.0,Земли населенных пунктов,Учтенный,"Местоположение установлено относительно ориентира, расположенного в границах участка. Почтовый адрес ориентира: Российская Федерация, Республика Татарстан (Татарстан), м.р-н Лаишевский, с.п. Габишевское, с Габишево, ул Юности, з/у 1А.",Частная,"земельные участки, предназначенные для размещения домов индивидуальной жилой застройки",ЖИЛОЙ,0,нет,16:24:090704,935747.83,1796.0611,,,,,нет,нет,нет,нет,нет,да,нет,да,55.60876790506843,49.12803206717278
16:24:090704:2701,698.0,Земли населенных пунктов,Учтенный,"Российская Федерация, Республика Татарстан (Татарстан), м.р-н Лаишевский, с.п. Габишевское, с Габишево, ул Юности, з/у 4",Частная,"земельные участки, предназначенные для размещения домов индивидуальной жилой застройки",ЖИЛОЙ,0,нет,16:24:090704,1278289.49,1831.3603,,,,,нет,нет,нет,нет,нет,да,нет,да,55.60895304028837,49.12730650137537
16:24:090704:2827,698.0,Земли населенных пунктов,Учтенный,"Местоположение установлено относительно ориентира, расположенного в границах участка. Почтовый адрес ориентира: Российская Федерация, Республика Татарстан (Татарстан), м.р-н Лаишевский, с.п. Габишевское, с Габишево, ул Лучистая, з/у 6.",Частная,"земельные участки, предназначенные для размещения домов индивидуальной жилой застройки",ЖИЛОЙ,0,нет,16:24:090704,1138763.34,1631.4661,,,,,нет,нет,нет,нет,нет,да,нет,да,55.60751041683493,49.12902787949129
16:24:090704:1238,999.0,Земли населенных пунктов,Учтенный,"Местоположение установлено относительно ориентира, расположенного в границах участка. Почтовый адрес ориентира: Российская Федерация, Республика Татарстан (Татарстан), м.р-н Лаишевский, с.п. Габишевское, с Габишево, ул Алексея Малышева, з/у 81.",Частная,"земельные участки, предназначенные для размещения домов индивидуальной жилой застройки",ЖИЛОЙ,0,нет,16:24:090704,1579027.69,1580.6083,,,,,нет,нет,нет,нет,нет,да,нет,да,55.60650071319592,49.13315095959663
16:24:090704:1901,547.0,Земли населенных пунктов,Учтенный,"Местоположение установлено относительно ориентира, расположенного в границах участка. Почтовый адрес ориентира: Российская Федерация, Республика Татарстан (Татарстан), м.р-н Лаишевский, с.п. Габишевское, с Габишево, ул Ивана Матвеева, з/у 84.",Частная,"земельные участки, предназначенные для размещения домов индивидуальной жилой застройки",ЖИЛОЙ,0,нет,16:24:090704,880745.05,1610.1372,,,,,нет,нет,нет,нет,нет,да,нет,да,55.60725251119212,49.13298473625582
16:24:090704:2504,626.0,Земли населенных пунктов,Учтенный,"Местоположение установлено относительно ориентира, расположенного в границах участка. Почтовый адрес ориентира: Российская Федерация, Республика Татарстан (Татарстан), м.р-н Лаишевский, с.п. Габишевское, с Габишево, ул Жемчужная, з/у 6.",Частная,"земельные участки, предназначенные для размещения домов индивидуальной жилой застройки",ЖИЛОЙ,0,нет,16:24:090704,950443.91,1518.281,,,,,нет,нет,нет,нет,нет,да,нет,да,55.60514467179414,49.13337333163495
16:24:090704:1229,812.0,Земли населенных пунктов,Учтенный,"Местоположение установлено относительно ориентира, расположенного в границах участка. Почтовый адрес ориентира: Российская Федерация, Республика Татарстан (Татарстан), м.р-н Лаишевский, с.п. Габишевское, с Габишево, ул Александра Сергеева, з/у 69.",Частная,"земельные участки, предназначенные для размещения домов индивидуальной жилой застройки",ЖИЛОЙ,0,нет,16:24:090704,1313475.04,1617.5801,,,,,нет,нет,нет,нет,нет,да,нет,да,55.60740594268483,49.13595709845635
16:24:090704:3231,741.0,Земли населенных пунктов,Учтенный,"Российская Федерация, Республика Татарстан (Татарстан), м.р-н Лаишевский, с.п. Габишевское, с Габишево, ул Александра Сергеева, з/у 84А",Частная,"земельные участки, предназначенные для размещения домов индивидуальной жилой застройки",ЖИЛОЙ,0,нет,16:24:090704,1222999.09,1650.4711,,,,,нет,нет,нет,нет,нет,да,нет,да,55.60849328537506,49.132791125044015
16:24:090704:3324,450.0,Земли населенных пунктов,Учтенный,"Местоположение установлено относительно ориентира, расположенного в границах участка. Почтовый адрес ориентира: Российская Федерация, Республика Татарстан (Татарстан), м.р-н Лаишевский, с.п. Габишевское, с Габишево, ул Александра Сергеева, з/у 51.",Частная,"земельные участки, предназначенные для размещения домов индивидуальной жилой застройки",ЖИЛОЙ,0,нет,16:24:090704,709639.11,1576.9758,,,,,нет,нет,нет,нет,нет,да,нет,да,55.60588755652919,49.13848929024038
16:24:090704:1220,1010.0,Земли населенных пунктов,Учтенный,"Местоположение установлено относительно ориентира, расположенного в границах участка. Почтовый адрес ориентира: Российская Федерация, Республика Татарстан (Татарстан), м.р-н Лаишевский, с.п. Габишевское, с Габишево, ул Ивана Матвеева, з/у 76.",Частная,"земельные участки, предназначенные для размещения домов индивидуальной жилой застройки",ЖИЛОЙ,0,нет,16:24:090704,1591144.1,1575.3902,,,,,нет,нет,нет,нет,нет,да,нет,да,55.60646315713526,49.134309480979304
16:24:090704:1792,676.0,Земли населенных пунктов,Учтенный,"Местоположение установлено относительно ориентира, расположенного в границах участка. Почтовый адрес ориентира: Российская Федерация, Республика Татарстан (Татарстан), м.р-н Лаишевский, с.п. Габишевское, с Габишево, ул Ивана Матвеева, з/у 48.",Частная,"земельные участки, предназначенные для размещения домов индивидуальной жилой застройки",ЖИЛОЙ,0,нет,16:24:090704,1020732.22,1509.9589,,,,,нет,нет,нет,нет,нет,да,нет,да,55.604467380989966,49.13931214490042
16:24:090704:1824,500.0,Земли населенных пунктов,Учтенный,"Местоположение установлено относительно ориентира, расположенного в границах участка. Почтовый адрес ориентира: Российская Федерация, Республика Татарстан (Татарстан), м.р-н Лаишевский, с.п. Габишевское, с Габишево, ул Ивана Матвеева, з/у 60.",Частная,"земельные участки, предназначенные для размещения домов индивидуальной жилой застройки",ЖИЛОЙ,0,нет,16:24:090704,768171.85,1536.3437,,,,,нет,нет,нет,нет,нет,да,нет,да,55.60516774795659,49.136848519276086
16:24:090704:2786,633.0,Земли населенных пунктов,Учтенный,"Местоположение установлено относительно ориентира, расположенного в границах участка. Почтовый адрес ориентира: Российская Федерация, Республика Татарстан (Татарстан), м.р-н Лаишевский, с.п. Габишевское, с Габишево, ул Жемчужная, з/у 11А.",Частная,"земельные участки, предназначенные для размещения домов индивидуальной жилой застройки",ЖИЛОЙ,0,нет,16:24:090704,906930.62,1432.7498,,,,,нет,нет,нет,нет,нет,да,нет,да,55.60419251195289,49.132960943913254
16:24:090704:1589,735.0,Земли населенных пунктов,Учтенный,"Местоположение установлено относительно ориентира, расположенного в границах участка. Почтовый адрес ориентира: Российская Федерация, Республика Татарстан (Татарстан), м.р-н Лаишевский, с.п. Габишевское, с Габишево, ул Ивана Матвеева, з/у 51.",Частная,"земельные участки, предназначенные для размещения домов индивидуальной жилой застройки",ЖИЛОЙ,0,нет,16:24:090704,1136170.64,1545.8104,,,,,нет,нет,нет,нет,нет,да,нет,да,55.60513777389351,49.1380847662116
16:24:090704:2855,571.0,Земли населенных пунктов,Учтенный,"Местоположение установлено относительно ориентира, расположенного в границах участка. Почтовый адрес ориентира: Российская Федерация, Республика Татарстан (Татарстан), м.р-н Лаишевский, с.п. Габишевское, с Габишево, ул Александра Сергеева, з/у 47.",Частная,"земельные участки, предназначенные для размещения домов индивидуальной жилой застройки",ЖИЛОЙ,0,нет,16:24:090704,900453.18,1576.9758,,,,,нет,нет,нет,нет,нет,да,нет,да,55.60568420909497,49.139240718103586
16:24:090704:4192,567.0,Земли населенных пунктов,Учтенный,"Местоположение установлено относительно ориентира, расположенного в границах участка. Почтовый адрес ориентира: Российская Федерация, Республика Татарстан (Татарстан), м.р-н Лаишевский, с.п. Габишевское, с Габишево, ул Александра Сергеева, з/у 88А.",Частная,"земельные участки, предназначенные для размещения домов индивидуальной жилой застройки",ЖИЛОЙ,0,нет,16:24:090704,973576.93,1717.07,,,,,нет,нет,нет,нет,нет,да,нет,да,55.60897328088314,49.13243810338714
16:24:090704:1048,731.0,Земли населенных пунктов,Учтенный,"Местоположение установлено относительно ориентира, расположенного в границах участка. Почтовый адрес ориентира: Российская Федерация, Республика Татарстан (Татарстан), м.р-н Лаишевский, с.п. Габишевское, с Габишево, ул Уютная, з/у 4.",Частная,"земельные участки, предназначенные для размещения домов индивидуальной жилой застройки",ЖИЛОЙ,0,нет,16:24:090704,1049143.41,1435.2167,,,,,нет,нет,нет,нет,нет,да,нет,да,55.6036839448852,49.13690186880197
16:24:090704:1405,1500.0,Земли населенных пунктов,Учтенный,"Местоположение установлено относительно ориентира, расположенного в границах участка. Почтовый адрес ориентира: Российская Федерация, Республика Татарстан (Татарстан), м.р-н Лаишевский, с.п. Габишевское, с Габишево, ул Алексея Малышева, з/у 77.",Частная,"земельные участки, предназначенные для размещения домов индивидуальной жилой застройки",ЖИЛОЙ,0,нет,16:24:090704,2367473.25,1578.3155,,,,,нет,нет,нет,нет,нет,да,нет,да,55.60636303115031,49.13357897803403
16:24:090704:2807,566.0,Земли населенных пунктов,Учтенный,"Местоположение установлено относительно ориентира, расположенного в границах участка. Почтовый адрес ориентира: Российская Федерация, Республика Татарстан (Татарстан), м.р-н Лаишевский, с.п. Габишевское, с Габишево, ул Александра Сергеева, з/у 79.",Частная,"земельные участки, предназначенные для размещения домов индивидуальной жилой застройки",ЖИЛОЙ,0,нет,16:24:090704,909802.61,1607.4251,,,,,нет,нет,нет,нет,нет,да,нет,да,55.60823992872406,49.13428870864273
16:24:090704:1950,519.0,Земли населенных пунктов,Учтенный,"Местоположение установлено относительно ориентира, расположенного в границах участка. Почтовый адрес ориентира: Российская Федерация, Республика Татарстан (Татарстан), м.р-н Лаишевский, с.п. Габишевское, с Габишево, ул Рябиновая, з/у 1А.",Частная,"земельные участки, предназначенные для размещения домов индивидуальной жилой застройки",ЖИЛОЙ,0,нет,16:24:090704,816950.43,1574.0856,,,,,нет,нет,нет,нет,нет,да,нет,да,55.60700466026848,49.13131161220556
16:24:090704:1880,544.0,Земли населенных пунктов,Учтенный,"Местоположение установлено относительно ориентира, расположенного в границах участка. Почтовый адрес ориентира: Российская Федерация, Республика Татарстан (Татарстан), м.р-н Лаишевский, с.п. Габишевское, с Габишево, ул Алексея Малышева, з/у 85.",Частная,"земельные участки, предназначенные для размещения домов индивидуальной жилой застройки",ЖИЛОЙ,0,нет,16:24:090704,856709.97,1574.8345,,,,,нет,нет,нет,нет,нет,да,нет,да,55.606995540456936,49.13253692583096
16:24:090704:3291,660.0,Земли населенных пунктов,Учтенный,"Местоположение установлено относительно ориентира, расположенного в границах участка. Почтовый адрес ориентира: Российская Федерация, Республика Татарстан (Татарстан), м.р-н Лаишевский, с.п. Габишевское, с Габишево, ул Александра Сергеева, з/у 91Б.",Частная,"земельные участки, предназначенные для размещения домов индивидуальной жилой застройки",ЖИЛОЙ,0,нет,16:24:090704,1209337.73,1832.3299,,,,,нет,нет,нет,нет,нет,да,нет,да,55.60998961303273,49.13299289463959
16:24:090704:1886,707.0,Земли населенных пунктов,Учтенный,"Местоположение установлено относительно ориентира, расположенного в границах участка. Почтовый адрес ориентира: Российская Федерация, Республика Татарстан (Татарстан), м.р-н Лаишевский, с.п. Габишевское, с Габишево, ул Ивана Матвеева, з/у 85А.",Частная,"земельные участки, предназначенные для размещения домов индивидуальной жилой застройки",ЖИЛОЙ,0,нет,16:24:090704,1158015.38,1637.9284,,,,,нет,нет,нет,нет,нет,да,нет,да,55.60812074101097,49.13242020949898
16:24:090704:2434,635.0,Земли населенных пунктов,Учтенный,"Местоположение установлено относительно ориентира, расположенного в границах участка. Почтовый адрес ориентира: Российская Федерация, Республика Татарстан (Татарстан), м.р-н Лаишевский, с.п. Габишевское, с Габишево, ул Васильковая, з/у 6.",Частная,"земельные участки, предназначенные для размещения домов индивидуальной жилой застройки",ЖИЛОЙ,0,нет,16:24:090704,954428.88,1503.0376,,,,,нет,нет,нет,нет,нет,да,нет,да,55.60454703659768,49.134442826824355
16:24:090704:2574,500.0,Земли населенных пунктов,Учтенный,"Местоположение установлено относительно ориентира, расположенного в границах участка. Почтовый адрес ориентира: Республика Татарстан, Лаишевский муниципальный район, Габишевское сельское поселение, с Габишево.",Частная,Для индивидуального жилищного строительства,ИЖС,0,нет,16:24:090704,808790.05,1617.5801,,,,,нет,да,нет,нет,нет,да,нет,да,55.60753569293877,49.13542829425043
16:24:210101:2540,28.0,Земли населенных пунктов,Учтенный,"Местоположение установлено относительно ориентира, расположенного в границах участка. Почтовый адрес ориентира: Российская Федерация, Республика Татарстан (Татарстан), м.р-н Лаишевский, с.п. Габишевское, с Габишево, тер. ГПК Молодежный, з/у 2540Г.",Частная,Для размещения гаража,ДРУГОЕ,0,нет,16:24:210101,46628.67,1665.3097,,,,,нет,нет,нет,нет,нет,нет,нет,да,55.611827160795315,49.139278778887856
16:24:090704:949,1011.0,Земли населенных пунктов,Учтенный,"Местоположение установлено относительно ориентира, расположенного в границах участка. Почтовый адрес ориентира: Российская Федерация, Республика Татарстан (Татарстан), м.р-н Лаишевский, с.п. Габишевское, с Габишево, ул Ивана Матвеева, з/у 80.",Частная,"земельные участки, предназначенные для размещения домов индивидуальной жилой застройки",ЖИЛОЙ,0,нет,16:24:090704,1597994.99,1580.6083,,,,,нет,нет,нет,нет,нет,да,нет,да,55.60677816783785,49.133743970040015
16:24:210101:730,1500.0,Земли населенных пунктов,Ранее учтенный,"Российская Федерация, Республика Татарстан (Татарстан), м.р-н Лаишевский, с.п. Габишевское, с Габишево, ул Вахитовская, з/у 8",,Индивидуальное жилищное строительство,ДРУГОЕ,0,нет,16:24:210101,2798756.1,1865.8374,,,,,да,нет,нет,нет,нет,нет,нет,да,55.61478317787646,49.139789427609024
16:24:090704:1096,965.0,Земли населенных пунктов,Учтенный,"Местоположение установлено относительно ориентира, расположенного в границах участка. Почтовый адрес ориентира: Российская Федерация, Республика Татарстан (Татарстан), м.р-н Лаишевский, с.п. Габишевское, с Габишево, ул Алексея Малышева, з/у 97.",Частная,"земельные участки, предназначенные для размещения домов индивидуальной жилой застройки",ЖИЛОЙ,0,нет,16:24:090704,1578698.02,1635.9565,,,,,нет,нет,нет,нет,нет,да,нет,да,55.607929454821964,49.130592521855746
16:24:090704:2828,697.0,Земли населенных пунктов,Учтенный,"Местоположение установлено относительно ориентира, расположенного в границах участка. Почтовый адрес ориентира: Российская Федерация, Республика Татарстан (Татарстан), м.р-н Лаишевский, с.п. Габишевское, с Габишево, ул Лучистая, з/у 4А.",Частная,"земельные участки, предназначенные для размещения домов индивидуальной жилой застройки",ЖИЛОЙ,0,нет,16:24:090704,1144238.2,1641.6617,,,,,нет,нет,нет,нет,нет,да,нет,да,55.60761779601198,49.12924039260988
16:24:210101:732,1500.0,Земли населенных пунктов,Ранее учтенный,"Местоположение установлено относительно ориентира, расположенного в границах участка. Почтовый адрес ориентира: Российская Федерация, Республика Татарстан (Татарстан), м.р-н Лаишевский, с.п. Габишевское, с Габишево, ул Вахитовская, з/у 4.",,Индивидуальное жилищное строительство,ДРУГОЕ,0,нет,16:24:210101,2759619.6,1839.7464,,,,,да,нет,нет,нет,нет,нет,нет,да,55.6147339884473,49.14064199031027
16:24:090704:2579,521.0,Земли населенных пунктов,Учтенный,"Местоположение установлено относительно ориентира, расположенного в границах участка. Почтовый адрес ориентира: Российская Федерация, Республика Татарстан (Татарстан), м.р-н Лаишевский, с.п. Габишевское, с Габишево, ул Изумрудная, з/у 1А.",Частная,"земельные участки, предназначенные для размещения домов индивидуальной жилой застройки",ЖИЛОЙ,0,нет,16:24:090704,956140.82,1835.2031,,,,,нет,нет,нет,нет,нет,да,нет,да,55.609400077390355,49.12701626559325
16:24:090704:2935,609.0,Земли населенных пунктов,Учтенный,"Местоположение установлено относительно ориентира, расположенного в границах участка. Почтовый адрес ориентира: Российская Федерация, Республика Татарстан (Татарстан), м.р-н Лаишевский, с.п. Габишевское, с Габишево, ул Юности, з/у 9.",Частная,"земельные участки, предназначенные для размещения домов индивидуальной жилой застройки",ЖИЛОЙ,0,нет,16:24:090704,1081571.21,1775.979,,,,,нет,нет,нет,нет,нет,да,нет,да,55.608091055306055,49.12703162355359
16:24:090704:2826,698.0,Земли населенных пунктов,Учтенный,"Местоположение установлено относительно ориентира, расположенного в границах участка. Почтовый адрес ориентира: Российская Федерация, Республика Татарстан (Татарстан), м.р-н Лаишевский, с.п. Габишевское, с Габишево, ул Лучистая, з/у 4.",Частная,"земельные участки, предназначенные для размещения домов индивидуальной жилой застройки",ЖИЛОЙ,0,нет,16:24:090704,1145959.58,1641.7759,,,,,нет,нет,нет,нет,нет,да,нет,да,55.60773322588884,49.129415865404624
16:24:090704:2681,620.0,Земли населенных пунктов,Учтенный,"Российская Федерация, Республика Татарстан (Татарстан), м.р-н Лаишевский, с.п. Габишевское, с Габишево, ул Лучистая, з/у 9",Частная,"земельные участки, предназначенные для размещения домов индивидуальной жилой застройки",ЖИЛОЙ,0,нет,16:24:090704,993267.09,1602.0437,,,,,нет,нет,нет,нет,нет,да,нет,да,55.606892755544,49.129177781529904
16:24:210101:458,22.0,Земли населенных пунктов,Ранее учтенный,"Местоположение установлено относительно ориентира, расположенного в границах участка. Почтовый адрес ориентира: Российская Федерация, Республика Татарстан (Татарстан), м.р-н Лаишевский, с.п. Габишевское, с Габишево, тер. ГПК Октябрьская, з/у 458Г.",Частная,Для размещения  гаража,ДРУГОЕ,0,нет,16:24:210101,35191.03,1599.5923,,,,,нет,нет,нет,нет,нет,нет,нет,да,55.61031951758141,49.1389523779256
16:24:090704:2038,519.0,Земли населенных пунктов,Учтенный,"Местоположение установлено относительно ориентира, расположенного в границах участка. Почтовый адрес ориентира: Республика Татарстан, Лаишевский муниципальный район, Габишевское сельское поселение, с Габишево.",Частная,"земельные участки, предназначенные для размещения домов индивидуальной жилой застройки",ЖИЛОЙ,0,нет,16:24:090704,800482.56,1542.3556,,,,,нет,нет,нет,нет,нет,да,нет,да,55.6054292439322,49.13413614275206
16:24:090704:1882,528.0,Земли населенных пунктов,Учтенный,"Местоположение установлено относительно ориентира, расположенного в границах участка. Почтовый адрес ориентира: Российская Федерация, Республика Татарстан (Татарстан), м.р-н Лаишевский, с.п. Габишевское, с Габишево, ул Васильковая, з/у 2.",Частная,"земельные участки, предназначенные для размещения домов индивидуальной жилой застройки",ЖИЛОЙ,0,нет,16:24:090704,800881.07,1516.8202,,,,,нет,нет,нет,нет,нет,да,нет,да,55.60483077357221,49.13520829743928
16:24:090704:2531,565.0,Земли населенных пунктов,Учтенный,"Местоположение установлено относительно ориентира, расположенного в границах участка. Почтовый адрес ориентира: Российская Федерация, Республика Татарстан (Татарстан), м.р-н Лаишевский, с.п. Габишевское, с Габишево, ул Ивана Матвеева, з/у 70.",Частная,"земельные участки, предназначенные для размещения домов индивидуальной жилой застройки",ЖИЛОЙ,0,нет,16:24:090704,889019.7,1573.4862,,,,,нет,нет,нет,нет,нет,да,нет,да,55.60606755685198,49.13518052254127
16:24:090704:2710,614.0,Земли населенных пунктов,Учтенный,"Местоположение установлено относительно ориентира, расположенного в границах участка. Почтовый адрес ориентира: Российская Федерация, Республика Татарстан (Татарстан), м.р-н Лаишевский, с.п. Габишевское, с Габишево, ул Александра Сергеева, з/у 106А.",Частная,"Земельные участки, предназначенные для размещения домов индивидуальной жилой застройки",ЖИЛОЙ,0,нет,16:24:090704,1131222.49,1842.3819,,,,,нет,нет,нет,нет,нет,да,нет,да,55.609915160348194,49.12940709937016
16:24:090704:1885,707.0,Земли населенных пунктов,Учтенный,"Местоположение установлено относительно ориентира, расположенного в границах участка. Почтовый адрес ориентира: Российская Федерация, Республика Татарстан (Татарстан), м.р-н Лаишевский, с.п. Габишевское, с Габишево, ул Ивана Матвеева, з/у 87.",Частная,"земельные участки, предназначенные для размещения домов индивидуальной жилой застройки",ЖИЛОЙ,0,нет,16:24:090704,1157112.04,1636.6507,,,,,нет,нет,нет,нет,нет,да,нет,да,55.60823014785156,49.13219809168861
16:24:090704:3183,583.0,Земли населенных пунктов,Учтенный,"Местоположение установлено относительно ориентира, расположенного в границах участка. Почтовый адрес ориентира: Российская Федерация, Республика Татарстан (Татарстан), м.р-н Лаишевский, с.п. Габишевское, с Габишево, пер Узорный, з/у 7.",Частная,"земельные участки, предназначенные для размещения домов индивидуальной жилой застройки",ЖИЛОЙ,0,нет,16:24:090704,993350.67,1703.8605,,,,,нет,нет,нет,нет,нет,да,нет,да,55.60868531102163,49.13462290920438
16:24:090704:1868,501.0,Земли населенных пунктов,Учтенный,"Местоположение установлено относительно ориентира, расположенного в границах участка. Почтовый адрес ориентира: Российская Федерация, Республика Татарстан (Татарстан), м.р-н Лаишевский, с.п. Габишевское, с Габишево, ул Зеленая, з/у 2.",Частная,"земельные участки, предназначенные для размещения домов индивидуальной жилой застройки",ЖИЛОЙ,0,нет,16:24:090704,743250.38,1483.5337,,,,,нет,нет,нет,нет,нет,да,нет,да,55.60375283971699,49.138443740404774
16:24:090704:1902,547.0,Земли населенных пунктов,Учтенный,"Местоположение установлено относительно ориентира, расположенного в границах участка. Почтовый адрес ориентира: Российская Федерация, Республика Татарстан (Татарстан), м.р-н Лаишевский, с.п. Габишевское, с Габишево, ул Ивана Матвеева, з/у 84А.",Частная,"земельные участки, предназначенные для размещения домов индивидуальной жилой застройки",ЖИЛОЙ,0,нет,16:24:090704,872462.37,1594.9952,,,,,нет,нет,нет,нет,нет,да,нет,да,55.60712399917486,49.13276071917523
16:24:090704:918,995.0,Земли населенных пунктов,Учтенный,"Местоположение установлено относительно ориентира, расположенного в границах участка. Почтовый адрес ориентира: Российская Федерация, Республика Татарстан (Татарстан), м.р-н Лаишевский, с.п. Габишевское, с Габишево, ул Уютная, з/у 5.",Частная,"земельные участки, предназначенные для размещения домов индивидуальной жилой застройки",ЖИЛОЙ,0,нет,16:24:090704,1411344.91,1418.4371,,,,,нет,нет,нет,нет,нет,да,нет,да,55.603387276988336,49.137461969372374
16:24:090704:1586,738.0,Земли населенных пунктов,Учтенный,"Местоположение установлено относительно ориентира, расположенного в границах участка. Почтовый адрес ориентира: Российская Федерация, Республика Татарстан (Татарстан), м.р-н Лаишевский, с.п. Габишевское, с Габишево, ул Ивана Матвеева, з/у 55.",Частная,"земельные участки, предназначенные для размещения домов индивидуальной жилой застройки",ЖИЛОЙ,0,нет,16:24:090704,1141040.77,1546.1257,,,,,нет,нет,нет,нет,нет,да,нет,да,55.60540496032041,49.13737952729723
16:24:090704:1555,496.0,Земли населенных пунктов,Учтенный,"Местоположение установлено относительно ориентира, расположенного в границах участка. Почтовый адрес ориентира: Российская Федерация, Республика Татарстан (Татарстан), м.р-н Лаишевский, с.п. Габишевское, с Габишево, ул Ивана Матвеева, з/у 65.",Частная,"земельный участок, предназначенный для размещения домов индивидуальной жилой застройки",ЖИЛОЙ,0,нет,16:24:090704,784186.66,1581.0215,,,,,нет,нет,нет,нет,нет,да,нет,да,55.6062970727899,49.13558076374268
16:24:090704:2430,635.0,Земли населенных пунктов,Учтенный,"Местоположение установлено относительно ориентира, расположенного в границах участка. Почтовый адрес ориентира: Российская Федерация, Республика Татарстан (Татарстан), м.р-н Лаишевский, с.п. Габишевское, с Габишево, ул Васильковая, з/у 8.",Частная,"земельные участки, предназначенные для размещения домов индивидуальной жилой застройки",ЖИЛОЙ,0,нет,16:24:090704,955329.75,1504.4563,,,,,нет,нет,нет,нет,нет,да,нет,да,55.604346450747826,49.13409377191492
16:24:090704:2806,418.0,Земли населенных пунктов,Учтенный,"Местоположение установлено относительно ориентира, расположенного в границах участка. Почтовый адрес ориентира: Российская Федерация, Республика Татарстан, Лаишевский муниципальный район, Габишевское сельское поселение, с Габишево, ул. Александра Сергеева, з/у 79А.",Частная,"земельные участки, предназначенные для размещения домов индивидуальной жилой застройки",ЖИЛОЙ,0,нет,16:24:090704,684327.36,1637.1468,,,,,нет,нет,нет,нет,нет,да,нет,да,55.60830769198893,49.13396794392145
16:24:090704:3293,672.0,Земли населенных пунктов,Учтенный,"Местоположение установлено относительно ориентира, расположенного в границах участка. Почтовый адрес ориентира: Российская Федерация, Республика Татарстан (Татарстан), м.р-н Лаишевский, с.п. Габишевское, с Габишево, ул Васильковая, з/у 11.",Частная,"земельные участки, предназначенные для размещения домов индивидуальной жилой застройки",ЖИЛОЙ,0,нет,16:24:090704,931547.97,1386.2321,,,,,нет,нет,нет,нет,нет,да,нет,да,55.603702665501075,49.1342317616227
16:24:090704:3182,584.0,Земли населенных пунктов,Учтенный,"Местоположение установлено относительно ориентира, расположенного в границах участка. Почтовый адрес ориентира: Российская Федерация, Республика Татарстан, Лаишевский муниципальный район, Габишевское сельское поселение, с Габишево, пер. Узорный, з/у 7А.",Частная,"земельные участки, предназначенные для размещения домов индивидуальной жилой застройки",ЖИЛОЙ,0,нет,16:24:090704,993465.41,1701.1394,,,,,нет,нет,нет,нет,нет,да,нет,да,55.60857542915212,49.13447983481668
16:24:090704:3356,269.0,Земли населенных пунктов,Учтенный,"Российская Федерация, Республика Татарстан (Татарстан), м.р-н Лаишевский, с.п. Габишевское, с Габишево, ул Васильковая, з/у 14Б",Частная,блокированные односемейные дома с участками,ДРУГОЕ,0,нет,16:24:090704,382756.82,1422.8878,,,,,нет,нет,нет,нет,нет,нет,нет,да,55.603930281391264,49.13311862117587
16:24:090704:1269,1000.0,Земли населенных пунктов,Учтенный,"Местоположение установлено относительно ориентира, расположенного в границах участка. Почтовый адрес ориентира: Российская Федерация, Республика Татарстан (Татарстан), м.р-н Лаишевский, с.п. Габишевское, с Габишево, ул Зеленая, з/у 6.",Частная,"земельные участки, предназначенные для размещения домов индивидуальной жилой застройки",ЖИЛОЙ,0,нет,16:24:090704,1424684.2,1424.6842,,,,,нет,нет,нет,нет,нет,да,нет,да,55.60329093794709,49.13808074582873
16:24:090704:1606,748.0,Земли населенных пунктов,Учтенный,"Местоположение установлено относительно ориентира, расположенного в границах участка. Почтовый адрес ориентира: Российская Федерация, Республика Татарстан (Татарстан), м.р-н Лаишевский, с.п. Габишевское, с Габишево, ул Александра Сергеева, з/у 54.",Частная,"земельные участки, предназначенные для размещения домов индивидуальной жилой застройки",ЖИЛОЙ,0,нет,16:24:090704,1168465.46,1562.1196,,,,,нет,нет,нет,нет,нет,да,нет,да,55.60576934119086,49.137741143218804
16:24:090704:2639,695.0,Земли населенных пунктов,Учтенный,"Местоположение установлено относительно ориентира, расположенного в границах участка. Почтовый адрес ориентира: Российская Федерация, Республика Татарстан (Татарстан), м.р-н Лаишевский, с.п. Габишевское, с Габишево, ул Жемчужная, з/у 10А.",Частная,"земельные участки, предназначенные для размещения домов индивидуальной жилой застройки",ЖИЛОЙ,0,нет,16:24:090704,1048621.98,1508.8086,,,,,нет,нет,нет,нет,нет,да,нет,да,55.60472161070293,49.13266221026124
16:24:210101:2053,32.0,Земли населенных пунктов,Учтенный,"Местоположение установлено относительно ориентира, расположенного в границах участка. Почтовый адрес ориентира: Российская Федерация, Республика Татарстан (Татарстан), м.р-н Лаишевский, с.п. Габишевское, с Габишево, пр-кт Молодежный, з/у 28Г.",,под размещение гаража,ДРУГОЕ,0,нет,16:24:210101,54201.36,1693.7924,,,,,да,нет,нет,нет,нет,нет,нет,да,55.61208894333839,49.1393054761332
16:24:210101:97,,Земли населенных пунктов,Ранее учтенный,"Местоположение установлено относительно ориентира, расположенного в границах участка. Почтовый адрес ориентира: Российская Федерация, Республика Татарстан (Татарстан), м.р-н Лаишевский, с.п. Габишевское, с Габишево, ул им Мусы Джалиля, з/у 23.",,Под жилую застройку Индивидуальную,ДРУГОЕ,0,нет,16:24:210101,2528140.87,1896.58,,,,,да,нет,нет,нет,нет,нет,нет,да,55.610291932750776,49.13702521948384
16:24:210101:27,1552.0,Земли населенных пунктов,Ранее учтенный,"Местоположение установлено относительно ориентира, расположенного в границах участка. Почтовый адрес ориентира: Российская Федерация, Республика Татарстан (Татарстан), м.р-н Лаишевский, с.п. Габишевское, с Габишево, ул Вахитовская, з/у 49.",,Для индивидуального жилищного строительства,ИЖС,0,нет,16:24:210101,3321639.91,2140.2319,,,,,да,да,нет,нет,нет,да,нет,да,55.61450375576449,49.13249660093564
16:24:210101:461,23.0,Земли населенных пунктов,Ранее учтенный,"Местоположение установлено относительно ориентира, расположенного в границах участка. Почтовый адрес ориентира: Российская Федерация, Республика Татарстан (Татарстан), м.р-н Лаишевский, с.п. Габишевское, с Габишево, тер. ГПК Октябрьская, з/у 461Г.",Частная,обслуживание автотранспорта,ТРАНСПОРТ,0,нет,16:24:210101,36790.62,1599.5923,,,,,нет,нет,нет,нет,нет,нет,нет,да,55.61041467735856,49.13896735874994
16:24:210101:3786,600.0,Земли населенных пунктов,Учтенный,"Российская Федерация, Республика Татарстан (Татарстан), м.р-н Лаишевский, с.п. Габишевское, с Габишево, ул Приволжская, з/у 43",Частная,для индивидуального жилищного строительства,ИЖС,0,нет,16:24:210101,1077340.92,1795.5682,,,,,нет,да,нет,нет,нет,да,нет,да,55.61002639471436,49.13509218074063
16:24:210101:3470,778.0,Земли населенных пунктов,Учтенный,"Местоположение установлено относительно ориентира, расположенного в границах участка. Почтовый адрес ориентира: Республика Татарстан, Лаишевский муниципальный район, Габишевское сельское поселение, с Габишево, пр-кт Молодежный, з/у 12.",Частная,под жилую застройку индивидуальную,ДРУГОЕ,0,нет,16:24:210101,1371994.68,1763.4893,,,,,нет,нет,нет,нет,нет,нет,нет,да,55.61258745145309,49.14070148864703
16:24:210101:117,1308.0,Земли населенных пунктов,Учтенный,"Местоположение установлено относительно ориентира, расположенного в границах участка. Почтовый адрес ориентира: Российская Федерация, Республика Татарстан (Татарстан), м.р-н Лаишевский, с.п. Габишевское, с Габишево, ул Солнечная, з/у 1.",Частная,Индивидуальное жилищное строительство,ДРУГОЕ,0,нет,16:24:210101,2651270.61,2026.9653,,,,,нет,нет,нет,нет,нет,нет,нет,да,55.61387059893508,49.135332694501514
16:24:210101:456,24.0,Земли населенных пунктов,Ранее учтенный,"Местоположение установлено относительно ориентира, расположенного в границах участка. Почтовый адрес ориентира: Российская Федерация, Республика Татарстан (Татарстан), м.р-н Лаишевский, с.п. Габишевское, с Габишево, тер. ГПК Октябрьская, з/у 456Г.",Муниципальная,Для размещения гаража,ДРУГОЕ,0,нет,16:24:210101,38390.22,1599.5923,,,,,да,нет,нет,нет,нет,нет,нет,да,55.61025526950973,49.13894220874371
16:24:210101:462,25.0,Земли населенных пунктов,Ранее учтенный,"Местоположение установлено относительно ориентира, расположенного в границах участка. Почтовый адрес ориентира: Российская Федерация, Республика Татарстан (Татарстан), м.р-н Лаишевский, с.п. Габишевское, с Габишево, тер. ГПК Октябрьская, з/у 462Г.",Частная,Для размещения гаража,ДРУГОЕ,0,нет,16:24:210101,39989.81,1599.5923,,,,,нет,нет,нет,нет,нет,нет,нет,да,55.61044855263536,49.138972717833695
16:24:210101:471,22.0,Земли населенных пунктов,Ранее учтенный,"Местоположение установлено относительно ориентира, расположенного в границах участка. Почтовый адрес ориентира: Российская Федерация, Республика Татарстан (Татарстан), м.р-н Лаишевский, с.п. Габишевское, с Габишево, тер. ГПК Октябрьская, з/у 471Г.",Частная,для размещения гаража,ДРУГОЕ,0,нет,16:24:210101,35892.53,1631.4785,,,,,нет,нет,нет,нет,нет,нет,нет,да,55.61073805510678,49.13901852850677
16:24:210101:22,1386.0,Земли населенных пунктов,Ранее учтенный,"Местоположение установлено относительно ориентира, расположенного в границах участка. Почтовый адрес ориентира: Российская Федерация, Республика Татарстан (Татарстан), м.р-н Лаишевский, с.п. Габишевское, с Габишево, ул Вахитовская, з/у 39.",Частная,Для индивидуального жилищного строительства,ИЖС,0,нет,16:24:210101,2885720.05,2082.0491,,,,,нет,да,нет,нет,нет,да,нет,да,55.61438427506359,49.134616991739016
16:24:210101:696,1101.0,Земли населенных пунктов,Ранее учтенный,"Местоположение установлено относительно ориентира, расположенного в границах участка. Почтовый адрес ориентира: Российская Федерация, Республика Татарстан (Татарстан), м.р-н Лаишевский, с.п. Габишевское, с Габишево, ул Приволжская, з/у 62.",,для индивидуального жилищного строительства,ИЖС,0,нет,16:24:210101,2086372.32,1894.9794,,,,,да,да,нет,нет,нет,да,нет,да,55.611024371704005,49.127109942310426
16:24:210101:2511,31.0,Земли населенных пунктов,Учтенный,"Местоположение установлено относительно ориентира, расположенного в границах участка. Почтовый адрес ориентира: Российская Федерация, Республика Татарстан (Татарстан), м.р-н Лаишевский, с.п. Габишевское, с Габишево, тер. ГПК Семерка, з/у 2511Г.",Частная,под размещение индивидуальных гаражей,ДРУГОЕ,0,нет,16:24:210101,43708.47,1409.9508,,,,,нет,нет,нет,нет,нет,нет,нет,да,55.608581458768,49.13615309790439
16:24:210101:466,23.0,Земли населенных пунктов,Ранее учтенный,"Российская Федерация, Республика Татарстан (Татарстан), м.р-н Лаишевский, с.п. Габишевское, с Габишево, тер. ГПК Октябрьская, з/у 466Г",Частная,для размещения гаража,ДРУГОЕ,0,нет,16:24:210101,36790.62,1599.5923,,,,,нет,нет,нет,нет,нет,нет,нет,да,55.61057791089595,49.138993217426346
16:24:090704:989,1043.0,Земли населенных пунктов,Учтенный,"Местоположение установлено относительно ориентира, расположенного в границах участка. Почтовый адрес ориентира: Российская Федерация, Республика Татарстан (Татарстан), м.р-н Лаишевский, с.п. Габишевское, с Габишево, ул Рябиновая, з/у 3.",Частная,"земельные участки, предназначенные для размещения домов индивидуальной жилой застройки",ЖИЛОЙ,0,нет,16:24:090704,1624740.97,1557.7574,,,,,нет,нет,нет,нет,нет,да,нет,да,55.60678767179261,49.131111594826116
16:24:210101:230,781.0,Земли населенных пунктов,Ранее учтенный,"Местоположение установлено относительно ориентира, расположенного в границах участка. Почтовый адрес ориентира: Российская Федерация, Республика Татарстан (Татарстан), м.р-н Лаишевский, с.п. Габишевское, с Габишево, ул Ленинская, з/у 1/1.",,Под жилую застройку Индивидуальную,ДРУГОЕ,0,нет,16:24:210101,1288887.58,1650.3042,,,,,да,нет,нет,нет,нет,нет,нет,да,55.609967746113696,49.1473522622512
16:24:210101:234,1142.0,Земли населенных пунктов,Ранее учтенный,"Местоположение установлено относительно ориентира, расположенного в границах участка. Почтовый адрес ориентира: Российская Федерация, Республика Татарстан (Татарстан), м.р-н Лаишевский, с.п. Габишевское, с Габишево, ул Ленинская, з/у 7.",,Для индивидуального жилищного строительства,ИЖС,0,нет,16:24:210101,1891646.03,1656.4326,,,,,да,да,нет,нет,нет,да,нет,да,55.61012946109197,49.1456705186337
16:24:090704:2754,573.0,Земли населенных пунктов,Учтенный,"Местоположение установлено относительно ориентира, расположенного в границах участка. Почтовый адрес ориентира: Российская Федерация, Республика Татарстан (Татарстан), м.р-н Лаишевский, с.п. Габишевское, с Габишево, ул Алексея Малышева, з/у 101А.",Частная,"земельные участки, предназначенные для размещения домов индивидуальной жилой застройки",ЖИЛОЙ,0,нет,16:24:090704,969378.71,1691.7604,,,,,нет,нет,нет,нет,нет,да,нет,да,55.60836508397222,49.12999387101329
16:24:090704:1922,500.0,Земли населенных пунктов,Учтенный,"Местоположение установлено относительно ориентира, расположенного в границах участка. Почтовый адрес ориентира: Российская Федерация, Республика Татарстан (Татарстан), м.р-н Лаишевский, с.п. Габишевское, с Габишево, ул Дубравная, з/у 2А.",Частная,"земельные участки, предназначенные для размещения домов индивидуальной жилой застройки",ЖИЛОЙ,0,нет,16:24:090704,749125.7,1498.2514,,,,,нет,нет,нет,нет,нет,да,нет,да,55.603399283524006,49.14106916283462
16:24:090704:1914,522.0,Земли населенных пунктов,Учтенный,"Местоположение установлено относительно ориентира, расположенного в границах участка. Почтовый адрес ориентира: Российская Федерация, Республика Татарстан (Татарстан), м.р-н Лаишевский, с.п. Габишевское, с Габишево, ул Веселая, з/у 2А.",Частная,"земельные участки, предназначенные для размещения домов индивидуальной жилой застройки",ЖИЛОЙ,0,нет,16:24:090704,813032.17,1557.5329,,,,,нет,нет,нет,нет,нет,да,нет,да,55.606120791031984,49.13277884710955
16:24:210101:716,1500.0,Земли населенных пунктов,Ранее учтенный,"Местоположение установлено относительно ориентира, расположенного в границах участка. Почтовый адрес ориентира: Российская Федерация, Республика Татарстан (Татарстан), м.р-н Лаишевский, с.п. Габишевское, с Габишево, ул Марджани, з/у 15.",,Для индивидуального жилищного строительства,ИЖС,0,нет,16:24:210101,2466512.1,1644.3414,,,,,да,да,нет,нет,нет,да,нет,да,55.60799670443531,49.15027876737441
16:24:210101:3443,223.0,Земли населенных пунктов,Учтенный,"Местоположение установлено относительно ориентира, расположенного в границах участка. Почтовый адрес ориентира: Российская Федерация, Республика Татарстан (Татарстан), м.р-н Лаишевский, с.п. Габишевское, с Габишево, ул Кировская, з/у 13В.",Частная,Индивидуальные жилые дома с приусадебными земельными участками; блокированные односемейные дома с участками,ЖИЛОЙ,0,нет,16:24:210101,391125.94,1753.928,,,,,нет,нет,нет,нет,нет,да,нет,да,55.608808564539096,49.14322887383861
16:24:210101:787,1001.0,Земли населенных пунктов,Ранее учтенный,"Местоположение установлено относительно ориентира, расположенного в границах участка. Почтовый адрес ориентира: Российская Федерация, Республика Татарстан (Татарстан), м.р-н Лаишевский, с.п. Габишевское, с Габишево, ул Лесная, з/у 9А.",Частная,Индивидуальное жилищное строительство,ДРУГОЕ,0,нет,16:24:210101,1612823.41,1611.2122,,,,,нет,нет,нет,нет,нет,нет,нет,да,55.60692988859641,49.15014051002694
16:24:210101:357,1288.0,Земли населенных пунктов,Ранее учтенный,"Местоположение установлено относительно ориентира, расположенного в границах участка. Почтовый адрес ориентира: Российская Федерация, Республика Татарстан (Татарстан), м.р-н Лаишевский, с.п. Габишевское, с Габишево, ул Казанская, з/у 23.",Частная,Индивидуальное жилищное строительство,ДРУГОЕ,0,нет,16:24:210101,2173863.47,1687.7822,,,,,нет,нет,нет,нет,нет,нет,нет,да,55.605898300253294,49.142104236257104
16:24:000000:7000,1492.0,Земли населенных пунктов,Учтенный,"Российская Федерация, Республика Татарстан, Лаишевский муниципальный район, с/п Габишевское, с Габишево, ул. Лесная",Частная,индивидуальное жилищное строительство,ДРУГОЕ,0,нет,16:24:000000,2387184.63,1599.99,,,,,нет,нет,нет,нет,нет,нет,нет,да,55.607444964065536,49.15110189982554
16:24:090704:1738,852.0,Земли населенных пунктов,Учтенный,"Местоположение установлено относительно ориентира, расположенного в границах участка. Почтовый адрес ориентира: Российская Федерация, Республика Татарстан (Татарстан), м.р-н Лаишевский, с.п. Габишевское, с Габишево, ул Александра Сергеева, з/у 15.",Частная,индивидуальное жилищное строительство,ДРУГОЕ,0,нет,16:24:090704,1370400.59,1608.4514,,,,,нет,нет,нет,нет,нет,нет,нет,да,55.60502686883765,49.145713155430734
16:24:090704:1766,1600.0,Земли населенных пунктов,Учтенный,"Местоположение установлено относительно ориентира, расположенного в границах участка. Почтовый адрес ориентира: Российская Федерация, Республика Татарстан (Татарстан), м.р-н Лаишевский, с.п. Габишевское, с Габишево, ул Сосновая, з/у 3.",Частная,для размещения домов индивидуальной жилой застройки,ЖИЛОЙ,0,нет,16:24:090704,2398174.24,1498.8589,,,,,нет,нет,нет,нет,нет,да,нет,да,55.60281507504771,49.14344425804793
16:24:090704:911,896.0,Земли населенных пунктов,Учтенный,"Местоположение установлено относительно ориентира, расположенного в границах участка. Почтовый адрес ориентира: Российская Федерация, Республика Татарстан (Татарстан), м.р-н Лаишевский, с.п. Габишевское, с Габишево, ул Моховая, з/у 6.",Частная,"земельные участки, предназначенные для размещения домов индивидуальной жилой застройки",ЖИЛОЙ,0,нет,16:24:090704,1245565.26,1390.1398,,,,,нет,нет,нет,нет,нет,да,нет,да,55.602105978144515,49.14818723137597
16:24:090704:3417,1792.0,Земли населенных пунктов,Учтенный,"Российская Федерация, Республика Татарстан (Татарстан), м.р-н Лаишевский, с.п. Габишевское, с Габишево, ул Лунная, з/у 1",Частная,"земельные участки, предназначенные для размещения домов индивидуальной жилой застройки",ЖИЛОЙ,0,нет,16:24:090704,2712166.2,1513.4856,,,,,нет,нет,нет,нет,нет,да,нет,да,55.60272371101321,49.14632848716305
16:24:090704:3615,551.0,Земли населенных пунктов,Учтенный,"Российская Федерация, Республика Татарстан (Татарстан), м.р-н Лаишевский, с.п. Габишевское, с Габишево, ул Ивана Матвеева, з/у 19А",Частная,"земельные участки, предназначенные для размещения домов индивидуальной жилой застройки",ЖИЛОЙ,0,нет,16:24:090704,873292.08,1584.9221,,,,,нет,нет,нет,нет,нет,да,нет,да,55.60434409024991,49.144792907984936
16:24:090704:1284,944.0,Земли населенных пунктов,Учтенный,"Местоположение установлено относительно ориентира, расположенного в границах участка. Почтовый адрес ориентира: Российская Федерация, Республика Татарстан (Татарстан), м.р-н Лаишевский, с.п. Габишевское, с Габишево, ул Дубравная, з/у 8.",Частная,"земельные участки, предназначенные для размещения домов индивидуальной жилой застройки",ЖИЛОЙ,0,нет,16:24:090704,1379721.23,1461.5691,,,,,нет,нет,нет,нет,нет,да,нет,да,55.60275938690063,49.141094384331744
16:24:000000:5078,1108.0,Земли населенных пунктов,Учтенный,"Российская Федерация, Республика Татарстан (Татарстан), м.р-н Лаишевский, с.п. Габишевское, с Габишево, ул Александра Сергеева, з/у 35",Частная,"земельные участки, предназначенные для размещения домов индивидуальной жилой застройки",ЖИЛОЙ,0,нет,16:24:000000,1864100.97,1682.4016,,,,,нет,нет,нет,нет,нет,да,нет,да,55.60557848963231,49.14203249392094
16:24:090704:1309,896.0,Земли населенных пунктов,Учтенный,"Местоположение установлено относительно ориентира, расположенного в границах участка. Почтовый адрес ориентира: Российская Федерация, Республика Татарстан (Татарстан), м.р-н Лаишевский, с.п. Габишевское, с Габишево, ул Озерная, з/у 4.",Частная,"земельные участки, предназначенные для размещения домов индивидуальной жилой застройки",ЖИЛОЙ,0,нет,16:24:090704,1293755.01,1443.923,,,,,нет,нет,нет,нет,нет,да,нет,да,55.6025408553729,49.146825591871334
16:24:090704:3220,700.0,Земли населенных пунктов,Учтенный,"Российская Федерация, Республика Татарстан (Татарстан), м.р-н Лаишевский, с.п. Габишевское, с Габишево, ул Вишневая, з/у 7",Частная,"Земельные участки, предназначенные для размещения домов индивидуальной жилой застройки",ЖИЛОЙ,0,нет,16:24:090704,1022228.41,1460.3263,,,,,нет,нет,нет,нет,нет,да,нет,да,55.60286824589683,49.14035650441669
16:24:210101:3465,748.0,Земли населенных пунктов,Учтенный,"Местоположение установлено относительно ориентира, расположенного в границах участка. Почтовый адрес ориентира: Российская Федерация, Республика Татарстан (Татарстан), м.р-н Лаишевский, с.п. Габишевское, с Габишево, пр-кт Молодежный, з/у 4/2.",Частная,для индивидуального жилищного строительства,ИЖС,0,нет,16:24:210101,1261531.17,1686.539,,,,,нет,да,нет,нет,нет,да,нет,да,55.61260941296546,49.1436607564935
16:24:090704:1938,499.0,Земли населенных пунктов,Учтенный,"Местоположение установлено относительно ориентира, расположенного в границах участка. Почтовый адрес ориентира: Республика Татарстан, Лаишевский муниципальный район, Габишевское сельское поселение, с Габишево, ул. Александра Сергеева.",Частная,"зземельные участки, предназначенные для размещения домов индивидуальной жилой застройки",ЖИЛОЙ,0,нет,16:24:090704,775010.77,1553.1278,,,,,нет,нет,нет,нет,нет,да,нет,да,55.604522582524666,49.146900062309015
16:24:090704:1147,999.0,Земли населенных пунктов,Учтенный,"Местоположение установлено относительно ориентира, расположенного в границах участка. Почтовый адрес ориентира: Российская Федерация, Республика Татарстан (Татарстан), м.р-н Лаишевский, с.п. Габишевское, с Габишево, ул Ивана Матвеева, з/у 11.",Частная,"земельные участки, предназначенные для размещения домов индивидуальной жилой застройки",ЖИЛОЙ,0,нет,16:24:090704,1545373.88,1546.9208,,,,,нет,нет,нет,нет,нет,да,нет,да,55.6040209635443,49.14679736195077
16:24:090704:2673,666.0,Земли населенных пунктов,Учтенный,"Российская Федерация, Республика Татарстан (Татарстан), м.р-н Лаишевский, с.п. Габишевское, с Габишево, ул Алексея Малышева, з/у 9",Частная,"земельные участки, предназначенные для размещения домов индивидуальной жилой застройки",ЖИЛОЙ,0,нет,16:24:090704,1001440.29,1503.6641,,,,,нет,нет,нет,нет,нет,да,нет,да,55.60318417689725,49.14703894380831
16:24:090704:2677,666.0,Земли населенных пунктов,Учтенный,"Местоположение установлено относительно ориентира, расположенного в границах участка. Почтовый адрес ориентира: Российская Федерация, Республика Татарстан (Татарстан), м.р-н Лаишевский, с.п. Габишевское, с Габишево, ул Алексея Малышева, з/у 7А.",Частная,"земельные участки, предназначенные для размещения домов индивидуальной жилой застройки",ЖИЛОЙ,0,нет,16:24:090704,1001440.29,1503.6641,,,,,нет,нет,нет,нет,нет,да,нет,да,55.603164721940686,49.147293988829745
16:24:090704:3222,660.0,Земли населенных пунктов,Учтенный,"Российская Федерация, Республика Татарстан (Татарстан), м.р-н Лаишевский, с.п. Габишевское, с Габишево, ул Сосновая, з/у 5",Частная,"Земельные участки, предназначенные для размещения домов индивидуальной жилой застройки",ЖИЛОЙ,0,нет,16:24:090704,989246.87,1498.8589,,,,,нет,нет,нет,нет,нет,да,нет,да,55.60252569131761,49.1433095586639
16:24:090704:1393,880.0,Земли населенных пунктов,Учтенный,"Местоположение установлено относительно ориентира, расположенного в границах участка. Почтовый адрес ориентира: Российская Федерация, Республика Татарстан (Татарстан), м.р-н Лаишевский, с.п. Габишевское, с Габишево, ул Александра Сергеева, з/у 22.",Частная,для индивидуальной жилой застройки,ДРУГОЕ,0,нет,16:24:090704,1425894.89,1620.34,,,,,нет,нет,нет,нет,нет,нет,нет,да,55.60473392550194,49.1443823959421
16:24:090704:3219,796.0,Земли населенных пунктов,Учтенный,"Российская Федерация, Республика Татарстан (Татарстан), м.р-н Лаишевский, с.п. Габишевское, с Габишево, ул Вишневая, з/у 7/1",Частная,"Земельные участки, предназначенные для размещения домов индивидуальной жилой застройки",ЖИЛОЙ,0,нет,16:24:090704,1162419.73,1460.3263,,,,,нет,нет,нет,нет,нет,да,нет,да,55.6027085070317,49.140316657089635
16:24:210101:4016,37.0,Земли населенных пунктов,Учтенный,"Республика Татарстан, Лаишевский р-н, с. Габишево, Габишевское сельское поселение",,земельные участки (территории) общего пользования,ОГП,0,нет,16:24:210101,25796.22,697.2,,,,,да,нет,нет,нет,нет,нет,да,да,55.60911398554953,49.138714780190845
16:24:210101:4023,25.0,Земли населенных пунктов,Учтенный,"Российская Федерация, Республика Татарстан, Габишевское сельское поселение, с Габишево",,земельные участки (территории) общего пользования,ОГП,0,нет,16:24:210101,17395.48,695.82,,,,,да,нет,нет,нет,нет,нет,да,да,55.61089737781576,49.14441877351991
16:24:210101:4029,11586.0,Земли населенных пунктов,Учтенный,"Республика Татарстан, Лаишевский муниципальный район, Габишевское сельское поселение, с Габишево",Частная,Под размещение многоквартирного жилого дома,ЖИЛОЙ,0,нет,16:24:210101,7878467.26,680.0,,,,,нет,нет,нет,нет,нет,да,нет,да,55.60964298864227,49.13846653401924
16:24:210101:4043,1656.0,Земли населенных пунктов,Учтенный,"Российская Федерация, Республика Татарстан, Лаишевский муниципальный район, Габишевское сельское поселение, с Габишево, ул. Советская, з/у 6",Частная,Многоквартирные жилые дома до 9 этажей,ЖИЛОЙ,0,нет,16:24:210101,1364444.97,823.94,,,,,нет,нет,нет,нет,нет,да,нет,да,55.612301017609724,49.14581357073671
16:24:210101:4049,3996.0,Земли населенных пунктов,Учтенный,"Российская Федерация, Республика Татарстан, Лаишевский муниципальный район, Габишевское сельское поселение, с Габишево, ул. Октябрьская, д. 6",Частная,Многоквартирные жилые дома до 5 этажей,ЖИЛОЙ,0,нет,16:24:210101,2677389.93,670.02,,,,,нет,нет,нет,нет,нет,да,нет,да,55.61176953035875,49.14045563779549
16:24:210101:4063,27.0,Земли населенных пунктов,Учтенный,"Российская Федерация, Республика Татарстан, Лаишевский муниципальный район, Габишевское сельское поселение, с Габишево, ул. Казанская, гараж №52",,размещение гаражей для собственных нужд,ДРУГОЕ,0,нет,16:24:210101,38068.67,1409.95,,,,,да,нет,нет,нет,нет,нет,нет,да,55.60848207176581,49.136705302383916
16:24:090704:4979,2387.0,Земли населенных пунктов,Учтенный,"Российская Федерация, Республика Татарстан (Татарстан), м.р-н Лаишевский, с.п. Габишевское, с Габишево, ул Ягодная, з/у 1",Частная,Магазины,ДРУГОЕ,0,нет,16:24:090704,2668582.22,1117.96,,,,,нет,нет,нет,нет,нет,нет,нет,да,55.60983363154606,49.12579997262878
16:24:210101:4084,81.0,Земли населенных пунктов,Учтенный,"Российская Федерация, Республика Татарстан, Лаишевский муниципальный район, Габишевское сельское поселение, с Габишево",Частная,хранение автотранспорта,ТРАНСПОРТ,0,нет,16:24:210101,135971.06,1678.66,,,,,нет,нет,нет,нет,нет,нет,нет,да,55.6116335130246,49.13855004408381
16:24:210101:4113,41.0,Земли населенных пунктов,Учтенный,"Российская Федерация, Республика Татарстан, Лаишевский муниципальный район, Габишевское сельское поселение, с. Габишево",,хранение автотранспорта,ТРАНСПОРТ,0,нет,16:24:210101,68056.78,1659.92,,,,,да,нет,нет,нет,нет,нет,нет,да,55.61171358237298,49.13920089622811
16:24:210101:4122,28.0,Земли населенных пунктов,Учтенный,"Российская Федерация, Республика Татарстан, Лаишевский муниципальный район муниципальный район, Габишевское сельское поселение, с Габишево",Частная,размещение гаражей для собственных нужд,ДРУГОЕ,0,нет,16:24:210101,39202.45,1400.09,,,,,нет,нет,нет,нет,нет,нет,нет,да,55.60806472687001,49.13732904174403
16:24:090704:5303,1888.0,Земли населенных пунктов,Учтенный,"Российская Федерация, Республика Татарстан (Татарстан), м.р-н Лаишевский, с.п. Габишевское, с Габишево, ул Ягодная, з/у 5",Частная,Магазины,ДРУГОЕ,0,нет,16:24:090704,2122325.34,1124.11,,,,,нет,нет,нет,нет,нет,нет,нет,да,55.60945896776827,49.125271192262005
16:24:090704:5468,1254.0,Земли населенных пунктов,Учтенный,"Российская Федерация, Республика Татарстан, Лаишевский муниципальный район, Габишевское сельское поселение, с Габишево, ул. Изумрудная",Частная,для индивидуального жилищного строительства,ИЖС,0,нет,16:24:090704,2379039.14,1897.16,,,,,нет,да,нет,нет,нет,да,нет,да,55.60893128064845,49.12528603309406
16:24:210101:4148,1094.0,Земли населенных пунктов,Учтенный,"Российская Федерация, Республика Татарстан, Лаишевский муниципальный район, Габишевское сельское поселение, с. Габишево, ул. Приозерная, д. 27",Частная,для индивидуального жилищного строительства,ИЖС,0,нет,16:24:210101,1883241.9,1721.43,,,,,нет,да,нет,нет,нет,да,нет,да,55.60758266666461,49.14078094214606
16:24:210101:3823,219.0,Земли населенных пунктов,Учтенный,"Республика Татарстан, Лаишевский муниципальный район, Габишевское сельское поселение, с Габишево",Муниципальная,Ветеринарное обслуживание (под размещение ветеринарной клиники и ветаптеки),ДРУГОЕ,0,нет,16:24:210101,213875.62,976.601,,,,,да,нет,нет,нет,нет,нет,нет,да,55.61416120206782,49.13128674694239
16:24:210101:81,1465.0,Земли населенных пунктов,Ранее учтенный,"Местоположение установлено относительно ориентира, расположенного в границах участка. Почтовый адрес ориентира: Российская Федерация, Республика Татарстан (Татарстан), м.р-н Лаишевский, с.п. Габишевское, с Габишево, ул Бауманская, з/у 4.",Частная,Под жилую застройку Индивидуальную,ДРУГОЕ,0,нет,16:24:210101,2602916.48,1776.7348,,,,,нет,нет,нет,нет,нет,нет,нет,да,55.613813883541226,49.14072122439476
16:24:210101:321,1410.0,Земли населенных пунктов,Ранее учтенный,"Местоположение установлено относительно ориентира, расположенного в границах участка. Почтовый адрес ориентира: Российская Федерация, Республика Татарстан (Татарстан), м.р-н Лаишевский, с.п. Габишевское, с Габишево, ул Приозерная, з/у 37.",Частная,Индивидуальное жилищное строительство,ДРУГОЕ,0,нет,16:24:210101,2398229.94,1700.87,,,,,нет,нет,нет,нет,нет,нет,нет,да,55.608129076067115,49.13915793579685
16:24:090704:1798,703.0,Земли населенных пунктов,Учтенный,"Местоположение установлено относительно ориентира, расположенного в границах участка. Почтовый адрес ориентира: Российская Федерация, Республика Татарстан (Татарстан), м.р-н Лаишевский, с.п. Габишевское, с Габишево, ул Алексея Малышева, з/у 59.",Частная,"земельные участки, предназначенные для размещения домов индивидуальной жилой застройки",ЖИЛОЙ,0,нет,16:24:090704,1056674.03,1503.0925,,,,,нет,нет,нет,нет,нет,да,нет,да,55.6044580457364,49.136787458615025
16:24:210101:563,26.0,Земли населенных пунктов,Ранее учтенный,"Местоположение установлено относительно ориентира, расположенного в границах участка. Почтовый адрес ориентира: Российская Федерация, Республика Татарстан (Татарстан), м.р-н Лаишевский, с.п. Габишевское, с Габишево, тер. ГПК Вахитовская, з/у 563Г.",Муниципальная,объекты гаражного назначения,ДРУГОЕ,0,нет,16:24:210101,40355.9,1552.15,,,,,да,нет,нет,нет,нет,нет,нет,да,55.613220113146575,49.14238492995962
16:24:210101:482,,Земли населенных пунктов,Ранее учтенный,"Местоположение установлено относительно ориентира, расположенного в границах участка. Почтовый адрес ориентира: Российская Федерация, Республика Татарстан (Татарстан), м.р-н Лаишевский, с.п. Габишевское, с Габишево, тер. ГПК Октябрьская, з/у 482Г.",Муниципальная,Размещение гаражей для собственных нужд,ДРУГОЕ,0,нет,16:24:210101,34588.56,1647.07,,,,,да,нет,нет,нет,нет,нет,нет,да,55.6109441666901,49.13866953030458
16:24:210101:448,,Земли населенных пунктов,Ранее учтенный,"Местоположение установлено относительно ориентира, расположенного в границах участка. Почтовый адрес ориентира: Российская Федерация, Республика Татарстан (Татарстан), м.р-н Лаишевский, с.п. Габишевское, с Габишево, тер. ГПК Семерка, з/у 448Г.",Муниципальная,Размещение гаражей для собственных нужд,ДРУГОЕ,0,нет,16:24:210101,29608.97,1409.95,,,,,да,нет,нет,нет,нет,нет,нет,да,55.60855349396182,49.13640471557333
16:24:210101:95,1191.0,Земли населенных пунктов,Ранее учтенный,"Местоположение установлено относительно ориентира, расположенного в границах участка. Почтовый адрес ориентира: Российская Федерация, Республика Татарстан (Татарстан), м.р-н Лаишевский, с.п. Габишевское, с Габишево, ул им Мусы Джалиля, з/у 19.",Частная,для индивидуального жилищного строительства,ИЖС,0,нет,16:24:210101,2262063.68,1899.2978,,,,,нет,да,нет,нет,нет,да,нет,да,55.610734621060566,49.137080225726194
16:24:210101:3784,400.0,Земли населенных пунктов,Учтенный,"Республика Татарстан, Лаишевский муниципальный район, Габишевское сельское поселение, с Габишево, ул. им Мусы Джалиля",Частная,Индивидуальное жилищное строительство,ДРУГОЕ,0,нет,16:24:210101,716414.72,1791.04,,,,,нет,нет,нет,нет,нет,нет,нет,да,55.60979652233192,49.1355010139488
16:24:210101:768,982.0,Земли населенных пунктов,Ранее учтенный,"Местоположение установлено относительно ориентира, расположенного в границах участка. Почтовый адрес ориентира: Российская Федерация, Республика Татарстан (Татарстан), м.р-н Лаишевский, с.п. Габишевское, с Габишево, ул Вахитовская, з/у 42.",,индивидуальное жилищное строительство,ДРУГОЕ,0,нет,16:24:210101,2116791.25,2155.5919,,,,,да,нет,нет,нет,нет,нет,нет,да,55.615075173933846,49.13346564244578
16:24:210101:303,1499.0,Земли населенных пунктов,Ранее учтенный,"Местоположение установлено относительно ориентира, расположенного в границах участка. Почтовый адрес ориентира: Российская Федерация, Республика Татарстан (Татарстан), м.р-н Лаишевский, с.п. Габишевское, с Габишево, ул Приозерная, з/у 1.",,Индивидуальное жилищное строительство,ДРУГОЕ,0,нет,16:24:210101,2481102.23,1655.1716,,,,,да,нет,нет,нет,нет,нет,нет,да,55.6068381023447,49.14630478060421
16:24:210101:219,,Земли населенных пунктов,Ранее учтенный,"Местоположение установлено относительно ориентира, расположенного в границах участка. Почтовый адрес ориентира: Российская Федерация, Республика Татарстан (Татарстан), м.р-н Лаишевский, с.п. Габишевское, с Габишево, ул Приволжская, з/у 21.",,Для индивидуального жилищного строительства,ИЖС,0,нет,16:24:210101,1722230.6,1722.2306,,,,,да,да,нет,нет,нет,да,нет,да,55.60828911765769,49.14274845164238
16:24:210101:195,676.0,Земли населенных пунктов,Ранее учтенный,"Местоположение установлено относительно ориентира, расположенного в границах участка. Почтовый адрес ориентира: Российская Федерация, Республика Татарстан (Татарстан), м.р-н Лаишевский, с.п. Габишевское, с Габишево, ул Приволжская, з/у 14/1.",Частная,Под жилую застройку Индивидуальную,ДРУГОЕ,0,нет,16:24:210101,1169785.89,1730.4525,,,,,нет,нет,нет,нет,нет,нет,нет,да,55.60878068769157,49.1438154038735
16:24:210101:91,1213.0,Земли населенных пунктов,Ранее учтенный,"Местоположение установлено относительно ориентира, расположенного в границах участка. Почтовый адрес ориентира: Российская Федерация, Республика Татарстан (Татарстан), м.р-н Лаишевский, с.п. Габишевское, с Габишево, ул им Мусы Джалиля, з/у 11.",,Индивидуальное жилищное строительство,ДРУГОЕ,0,нет,16:24:210101,2336516.02,1926.2292,,,,,да,нет,нет,нет,нет,нет,нет,да,55.61178278147513,49.13726687337399
16:24:210101:66,,Земли населенных пунктов,Ранее учтенный,"Местоположение установлено относительно ориентира, расположенного в границах участка. Почтовый адрес ориентира: Российская Федерация, Республика Татарстан (Татарстан), м.р-н Лаишевский, с.п. Габишевское, с Габишево, пр-кт Молодежный, з/у 17.",Частная,Для ведения личного подсобного хозяйства с правом строительства жилого дома,ЛПХ,0,нет,16:24:210101,2887601.16,2027.8098,,,,,нет,нет,нет,нет,да,да,нет,да,55.612334167915606,49.133845278835146
16:24:210101:3431,600.0,Земли населенных пунктов,Учтенный,"Местоположение установлено относительно ориентира, расположенного в границах участка. Почтовый адрес ориентира: Республика Татарстан, Лаишевский муниципальный район, Габишевское сельское поселение, с Габишево.",Частная,для индивидуального жилищного строительства,ИЖС,0,нет,16:24:210101,1238312.58,2063.8543,,,,,нет,да,нет,нет,нет,да,нет,да,55.61200042979618,49.131547640643205
16:24:210101:3040,704.0,Земли населенных пунктов,Учтенный,"Местоположение установлено относительно ориентира, расположенного в границах участка. Почтовый адрес ориентира: Российская Федерация, Республика Татарстан (Татарстан), м.р-н Лаишевский, с.п. Габишевское, с Габишево, ул Приволжская, з/у 10.",Частная,для индивидуального жилищного строительства,ИЖС,0,нет,16:24:210101,1218238.56,1730.4525,,,,,нет,да,нет,нет,нет,да,нет,да,55.60860076594455,49.144846561478126
16:24:210101:252,,Земли населенных пунктов,Ранее учтенный,"Местоположение установлено относительно ориентира, расположенного в границах участка. Почтовый адрес ориентира: Российская Федерация, Республика Татарстан (Татарстан), м.р-н Лаишевский, с.п. Габишевское, с Габишево, ул Кировская, з/у 5.",,Индивидуальное жилищное строительство,ДРУГОЕ,0,нет,16:24:210101,1576547.46,1751.7194,,,,,да,нет,нет,нет,нет,нет,нет,да,55.60977007951804,49.14375221694048
16:24:210101:699,1000.0,Земли населенных пунктов,Ранее учтенный,"Местоположение установлено относительно ориентира, расположенного в границах участка. Почтовый адрес ориентира: Республика Татарстан, Лаишевский муниципальный район, Габишевское сельское поселение, с Габишево, ул Приволжская.",Частная,Индивидуальное жилищное строительство,ДРУГОЕ,0,нет,16:24:210101,1899012.0,1899.012,,,,,нет,нет,нет,нет,нет,нет,нет,да,55.61093378171037,49.12829427152992
16:24:210101:531,,Земли населенных пунктов,Ранее учтенный,"Местоположение установлено относительно ориентира, расположенного в границах участка. Почтовый адрес ориентира: Российская Федерация, Республика Татарстан (Татарстан), м.р-н Лаишевский, с.п. Габишевское, с Габишево, тер. ГПК Вахитовская, з/у 531Г.",Муниципальная, размещение гаражей для собственных нужд,ДРУГОЕ,0,нет,16:24:210101,37251.6,1552.15,,,,,да,нет,нет,нет,нет,нет,нет,да,55.61333720709139,49.14274288809361
16:24:210101:549,,Земли населенных пунктов,Ранее учтенный,"Местоположение установлено относительно ориентира, расположенного в границах участка. Почтовый адрес ориентира: Российская Федерация, Республика Татарстан (Татарстан), м.р-н Лаишевский, с.п. Габишевское, с Габишево, тер. ГПК Вахитовская, з/у 549Г.",Муниципальная, размещение гаражей для собственных нужд,ДРУГОЕ,0,нет,16:24:210101,35699.45,1552.15,,,,,да,нет,нет,нет,нет,нет,нет,да,55.61310713591839,49.1424889106756
16:24:210101:497,23.0,Земли населенных пунктов,Ранее учтенный,"Местоположение установлено относительно ориентира, расположенного в границах участка. Почтовый адрес ориентира: Российская Федерация, Республика Татарстан (Татарстан), м.р-н Лаишевский, с.п. Габишевское, с Габишево, тер. ГПК Молодежный, з/у 497Г.",Частная,Для размещения гаража,ДРУГОЕ,0,нет,16:24:210101,38957.23,1693.7924,,,,,нет,нет,нет,нет,нет,нет,нет,да,55.612175485564514,49.138917617021896
16:24:210101:3028,7677.0,Земли населенных пунктов,Учтенный,"Местоположение установлено относительно ориентира, расположенного в границах участка. Почтовый адрес ориентира: Российская Федерация, Республика Татарстан (Татарстан), м.р-н Лаишевский, с.п. Габишевское, с Габишево, ул Яблоневая, з/у 1Б.",Частная,Под строительство мастерской по производству столярных изделий и магазина розничной торговли,КОМ,0,нет,16:24:210101,8895525.68,1158.7242,,,,,нет,нет,нет,нет,нет,нет,нет,да,55.616848109675594,49.13551754912287
16:24:210101:2543,26.0,Земли населенных пунктов,Учтенный,"Местоположение установлено относительно ориентира, расположенного в границах участка. Почтовый адрес ориентира: Российская Федерация, Республика Татарстан (Татарстан), м.р-н Лаишевский, с.п. Габишевское, с Габишево, тер. ГПК Семерка, з/у 2543Г.",Частная,под размещение индивидуальных гаражей,ДРУГОЕ,0,нет,16:24:210101,36658.72,1409.9508,,,,,нет,нет,нет,нет,нет,нет,нет,да,55.60845635347575,49.13674091031195
16:24:210101:211,1155.0,Земли населенных пунктов,Ранее учтенный,"Местоположение установлено относительно ориентира, расположенного в границах участка. Почтовый адрес ориентира: Российская Федерация, Республика Татарстан (Татарстан), м.р-н Лаишевский, с.п. Габишевское, с Габишево, ул Приволжская, з/у 7.",Частная,Для индивидуального жилищного строительства,ИЖС,0,нет,16:24:210101,1984984.39,1718.6012,,,,,нет,да,нет,нет,нет,да,нет,да,55.60809144641594,49.14547686255404
16:24:210101:127,,Земли населенных пунктов,Ранее учтенный,"Местоположение установлено относительно ориентира, расположенного в границах участка. Почтовый адрес ориентира: Республика Татарстан, Лаишевский муниципальный район, Габишевское сельское поселение, с Габишево.",,Под жилую застройку Индивидуальную,ДРУГОЕ,0,нет,16:24:210101,3084466.19,2095.4254,,,,,да,нет,нет,нет,нет,нет,нет,да,55.61375005532658,49.131379714033464
16:24:210101:720,1500.0,Земли населенных пунктов,Ранее учтенный,"Местоположение установлено относительно ориентира, расположенного в границах участка. Почтовый адрес ориентира: Российская Федерация, Республика Татарстан (Татарстан), м.р-н Лаишевский, с.п. Габишевское, с Габишево, ул Марджани, з/у 13.",Частная,Для индивидуального жилищного строительства,ИЖС,0,нет,16:24:210101,2471973.45,1647.9823,,,,,нет,да,нет,нет,нет,да,нет,да,55.607957242390135,49.14978184519775
16:24:210101:561,,Земли населенных пунктов,Ранее учтенный,"Местоположение установлено относительно ориентира, расположенного в границах участка. Почтовый адрес ориентира: Российская Федерация, Республика Татарстан (Татарстан), м.р-н Лаишевский, с.п. Габишевское, с Габишево, тер. ГПК Вахитовская, з/у 561Г.",Муниципальная, размещение гаражей для собственных нужд,ДРУГОЕ,0,нет,16:24:210101,35699.45,1552.15,,,,,да,нет,нет,нет,нет,нет,нет,да,55.61328708816986,49.14241901246069
16:24:210101:522,21.0,Земли населенных пунктов,Ранее учтенный,"Местоположение установлено относительно ориентира, расположенного в границах участка. Почтовый адрес ориентира: Российская Федерация, Республика Татарстан (Татарстан), м.р-н Лаишевский, с.п. Габишевское, с Габишево, тер. ГПК Вахитовская, з/у 522Г.",Муниципальная,объекты гаражного назначения,ДРУГОЕ,0,нет,16:24:210101,32595.15,1552.15,,,,,да,нет,нет,нет,нет,нет,нет,да,55.61325488905853,49.142811945375165
16:24:210101:363,1572.0,Земли населенных пунктов,Ранее учтенный,"Местоположение установлено относительно ориентира, расположенного в границах участка. Почтовый адрес ориентира: Российская Федерация, Республика Татарстан (Татарстан), м.р-н Лаишевский, с.п. Габишевское, с Габишево, ул Казанская, з/у 35.",Частная,Индивидуальное жилищное строительство,ДРУГОЕ,0,нет,16:24:000000,2612018.22,1661.5892,,,,,нет,нет,нет,нет,нет,нет,нет,да,55.6064522358981,49.139783138762574
16:24:210101:265,891.0,Земли населенных пунктов,Ранее учтенный,"Российская Федерация, Республика Татарстан (Татарстан), м.р-н Лаишевский, с.п. Габишевское, с Габишево, ул Московская, з/у 6",Частная,Под жилую застройку Индивидуальную,ДРУГОЕ,0,нет,16:24:210101,1474270.61,1654.6247,,,,,нет,нет,нет,нет,нет,нет,нет,да,55.6095805036147,49.145836478493955
16:24:210101:2555,25.0,Земли населенных пунктов,Учтенный,"Местоположение установлено относительно ориентира, расположенного в границах участка. Почтовый адрес ориентира: Российская Федерация, Республика Татарстан (Татарстан), м.р-н Лаишевский, с.п. Габишевское, с Габишево, тер. ГПК Октябрьская, з/у 2555Г.",Частная,для размещения гаража,ДРУГОЕ,0,нет,16:24:210101,41176.86,1647.0744,,,,,нет,нет,нет,нет,нет,нет,нет,да,55.61092451418307,49.138354456718524
16:24:210101:2388,37.0,Земли населенных пунктов,Учтенный,"Местоположение установлено относительно ориентира, расположенного в границах участка. Почтовый адрес ориентира: Российская Федерация, Республика Татарстан (Татарстан), м.р-н Лаишевский, с.п. Габишевское, с Габишево, тер. ГПК Семерка, з/у 2388Г.",,под размещение индивидуальных гаражей,ДРУГОЕ,0,нет,16:24:210101,52168.18,1409.9508,,,,,да,нет,нет,нет,нет,нет,нет,да,55.60836287647644,49.136386477217215
16:24:210101:498,25.0,Земли населенных пунктов,Ранее учтенный,"Местоположение установлено относительно ориентира, расположенного в границах участка. Почтовый адрес ориентира: Российская Федерация, Республика Татарстан (Татарстан), м.р-н Лаишевский, с.п. Габишевское, с Габишево, тер. ГПК Молодежный, з/у 498Г.",Частная,для размещения гаража,ДРУГОЕ,0,нет,16:24:210101,42344.81,1693.7924,,,,,нет,нет,нет,нет,нет,нет,нет,да,55.612179756340176,49.13886021447498
16:24:090704:3321,455.0,Земли населенных пунктов,Учтенный,"Местоположение установлено относительно ориентира, расположенного в границах участка. Почтовый адрес ориентира: Российская Федерация, Республика Татарстан (Татарстан), м.р-н Лаишевский, с.п. Габишевское, с Габишево, ул Александра Сергеева, з/у 53А.",Частная,"земельные участки, предназначенные для размещения домов индивидуальной жилой застройки",ЖИЛОЙ,0,нет,16:24:090704,724390.48,1592.067,,,,,нет,нет,нет,нет,нет,да,нет,да,55.606223722507,49.13844065175507
16:24:090704:2897,482.0,Земли населенных пунктов,Учтенный,"Местоположение установлено относительно ориентира, расположенного в границах участка. Почтовый адрес ориентира: Российская Федерация, Республика Татарстан (Татарстан), м.р-н Лаишевский, с.п. Габишевское, с Габишево, ул Южная, з/у 10А.",Частная,"земельные участки, предназначенные для размещения домов индивидуальной жилой застройки",ЖИЛОЙ,0,нет,16:24:090704,656570.95,1362.1804,,,,,нет,нет,нет,нет,нет,да,нет,да,55.60365951784063,49.134868592885965
16:24:090704:2747,452.0,Земли населенных пунктов,Учтенный,"Местоположение установлено относительно ориентира, расположенного в границах участка. Почтовый адрес ориентира: Российская Федерация, Республика Татарстан (Татарстан), м.р-н Лаишевский, с.п. Габишевское, с Габишево, ул Александра Сергеева, з/у 110А.",Частная,"земельные участки, предназначенные для размещения домов индивидуальной жилой застройки",ЖИЛОЙ,0,нет,16:24:090704,831581.92,1839.783,,,,,нет,нет,нет,нет,нет,да,нет,да,55.60965918374104,49.12824372888147
16:24:090704:2632,655.0,Земли населенных пунктов,Учтенный,"Местоположение установлено относительно ориентира, расположенного в границах участка. Почтовый адрес ориентира: Российская Федерация, Республика Татарстан (Татарстан), м.р-н Лаишевский, с.п. Габишевское, с Габишево, ул Сосновая, з/у 4.",Частная,"Земельные участки, предназначенные для размещения домов индивидуальной жилой застройки",ЖИЛОЙ,0,нет,16:24:090704,996348.8,1521.1432,,,,,нет,нет,нет,нет,нет,да,нет,да,55.60307451676889,49.142629955416474
16:24:090704:1810,508.0,Земли населенных пунктов,Учтенный,"Местоположение установлено относительно ориентира, расположенного в границах участка. Почтовый адрес ориентира: Российская Федерация, Республика Татарстан (Татарстан), м.р-н Лаишевский, с.п. Габишевское, с Габишево, ул Алексея Малышева, з/у 41.",Частная,"земельные участки, предназначенные для размещения домов индивидуальной жилой застройки",ЖИЛОЙ,0,нет,16:24:090704,782030.49,1539.4301,,,,,нет,нет,нет,нет,нет,да,нет,да,55.604087127150365,49.14005293972455
16:24:090704:1721,500.0,Земли населенных пунктов,Учтенный,"Местоположение установлено относительно ориентира, расположенного в границах участка. Почтовый адрес ориентира: Российская Федерация, Республика Татарстан (Татарстан), м.р-н Лаишевский, с.п. Габишевское, с Габишево, ул Ивана Матвеева, з/у 37А.",Частная,"земельные участки, предназначенные для размещения домов индивидуальной жилой застройки",ЖИЛОЙ,0,нет,16:24:090704,789533.95,1579.0679,,,,,нет,нет,нет,нет,нет,да,нет,да,55.60482187790019,49.140990231028155
16:24:090704:1349,1100.0,Земли населенных пунктов,Учтенный,"Местоположение установлено относительно ориентира, расположенного в границах участка. Почтовый адрес ориентира: Российская Федерация, Республика Татарстан (Татарстан), м.р-н Лаишевский, с.п. Габишевское, с Габишево, ул Ивана Матвеева, з/у 17.",Частная,"земельные участки, предназначенные для размещения домов индивидуальной жилой застройки",ЖИЛОЙ,0,нет,16:24:090704,1744252.95,1585.6845,,,,,нет,нет,нет,нет,нет,да,нет,да,55.604205873915916,49.14522039304799
16:24:210101:507,,Земли населенных пунктов,Ранее учтенный,"Местоположение установлено относительно ориентира, расположенного в границах участка. Почтовый адрес ориентира: Российская Федерация, Республика Татарстан (Татарстан), м.р-н Лаишевский, с.п. Габишевское, с Габишево, тер. ГПК Молодежный, з/у 507Г.",Муниципальная,Размещение гаражей для собственных нужд,ДРУГОЕ,0,нет,16:24:210101,37263.43,1693.79,,,,,да,нет,нет,нет,нет,нет,нет,да,55.61197221662745,49.138675166785944
16:24:210101:366,1650.0,Земли населенных пунктов,Ранее учтенный,"Местоположение установлено относительно ориентира, расположенного в границах участка. Почтовый адрес ориентира: Российская Федерация, Республика Татарстан (Татарстан), м.р-н Лаишевский, с.п. Габишевское, с Габишево, ул Казанская, з/у 41.",,Ведение личного подсобного хозяйства,ЛПХ,0,нет,16:24:000000,2692602.82,1631.8805,,,,,да,нет,нет,нет,да,да,нет,да,55.60678006865758,49.13868455346758
16:24:090704:2021,522.0,Земли населенных пунктов,Учтенный,"Местоположение установлено относительно ориентира, расположенного в границах участка. Почтовый адрес ориентира: Российская Федерация, Республика Татарстан (Татарстан), м.р-н Лаишевский, с.п. Габишевское, с Габишево, ул Юности, з/у 2А.",Частная,"земельные участки, предназначенные для размещения домов индивидуальной жилой застройки",ЖИЛОЙ,0,нет,16:24:090704,956274.61,1831.9437,,,,,нет,нет,нет,нет,нет,да,нет,да,55.609148310273156,49.12746773972232
16:24:210101:3309,744.0,Земли населенных пунктов,Учтенный,"Местоположение установлено относительно ориентира, расположенного в границах участка. Почтовый адрес ориентира: Российская Федерация, Республика Татарстан (Татарстан), м.р-н Лаишевский, с.п. Габишевское, с Габишево, ул Приволжская, з/у 46А.",Частная,Для индивидуального жилищного строительства,ИЖС,0,нет,16:24:210101,1398393.98,1879.5618,,,,,нет,да,нет,нет,нет,да,нет,да,55.61066564535523,49.13238912016365
16:24:210101:341,1603.0,Земли населенных пунктов,Ранее учтенный,"Местоположение установлено относительно ориентира, расположенного в границах участка. Почтовый адрес ориентира: Российская Федерация, Республика Татарстан (Татарстан), м.р-н Лаишевский, с.п. Габишевское, с Габишево, ул Казанская, з/у 8.",,Для ведения личного подсобного хозяйства,ЛПХ,0,нет,16:24:210101,2641741.11,1647.9982,,,,,да,нет,нет,нет,да,да,нет,да,55.606272031926416,49.145747414237235
16:24:090704:1390,592.0,Земли населенных пунктов,Учтенный,"Местоположение установлено относительно ориентира, расположенного в границах участка. Почтовый адрес ориентира: Российская Федерация, Республика Татарстан (Татарстан), м.р-н Лаишевский, с.п. Габишевское, с Габишево, ул Александра Сергеева, з/у 63А.",Частная,"земельные участки, предназначенные для размещения домов индивидуальной жилой застройки",ЖИЛОЙ,0,нет,16:24:090704,967457.83,1634.2193,,,,,нет,нет,нет,нет,нет,да,нет,да,55.60706638036149,49.13695686141219
16:24:210101:486,22.0,Земли населенных пунктов,Ранее учтенный,"Местоположение установлено относительно ориентира, расположенного в границах участка. Почтовый адрес ориентира: Российская Федерация, Республика Татарстан (Татарстан), м.р-н Лаишевский, с.п. Габишевское, с Габишево, тер. ГПК Октябрьская, з/у 486Г.",Частная,Для размещения  гаража,ДРУГОЕ,0,нет,16:24:210101,36235.64,1647.0744,,,,,нет,нет,нет,нет,нет,нет,нет,да,55.61096704565629,49.138446766042115
16:24:210101:286,,Земли населенных пунктов,Ранее учтенный,"Местоположение установлено относительно ориентира, расположенного в границах участка. Почтовый адрес ориентира: Российская Федерация, Республика Татарстан (Татарстан), м.р-н Лаишевский, с.п. Габишевское, с Габишево, ул Приозерная, з/у 26.",Частная,Индивидуальное жилищное строительство,ДРУГОЕ,0,нет,16:24:210101,2191390.28,1717.39,,,,,нет,нет,нет,нет,нет,нет,нет,да,55.60786575446443,49.14194066995777
16:24:210101:244,1441.0,Земли населенных пунктов,Ранее учтенный,"Местоположение установлено относительно ориентира, расположенного в границах участка. Почтовый адрес ориентира: Российская Федерация, Республика Татарстан (Татарстан), м.р-н Лаишевский, с.п. Габишевское, с Габишево, ул Ленинская, з/у 23.",Частная,Для индивидуального жилищного строительства,ИЖС,0,нет,16:24:210101,2574645.51,1786.71,,,,,нет,да,нет,нет,нет,да,нет,да,55.610115080946386,49.14213390143827
16:24:090704:1202,1335.0,Земли населенных пунктов,Учтенный,"Местоположение установлено относительно ориентира, расположенного в границах участка. Почтовый адрес ориентира: Российская Федерация, Республика Татарстан (Татарстан), м.р-н Лаишевский, с.п. Габишевское, с Габишево, ул Ивана Матвеева, з/у 4.",,"земельные участки, предназначенные для размещения домов индивидуальной жилой застройки",ЖИЛОЙ,0,нет,16:24:090704,1978299.79,1481.8725,,,,,да,нет,нет,нет,нет,да,нет,да,55.60337072785145,49.148665992586885
16:24:210101:533,,Земли населенных пунктов,Ранее учтенный,"Местоположение установлено относительно ориентира, расположенного в границах участка. Почтовый адрес ориентира: Российская Федерация, Республика Татарстан (Татарстан), м.р-н Лаишевский, с.п. Габишевское, с Габишево, тер. ГПК Вахитовская, з/у 533Г.",Муниципальная, размещение гаражей для собственных нужд,ДРУГОЕ,0,нет,16:24:210101,35699.45,1552.15,,,,,да,нет,нет,нет,нет,нет,нет,да,55.613266631268836,49.14272802874518
16:24:210101:504,25.0,Земли населенных пунктов,Ранее учтенный,"Местоположение установлено относительно ориентира, расположенного в границах участка. Почтовый адрес ориентира: Российская Федерация, Республика Татарстан (Татарстан), м.р-н Лаишевский, с.п. Габишевское, с Габишево, тер. ГПК Молодежный, з/у 504Г.",Частная,объекты гаражного назначения,ДРУГОЕ,0,нет,16:24:210101,42344.81,1693.7924,,,,,нет,нет,нет,нет,нет,нет,нет,да,55.61206800582859,49.13868935580068
16:24:210101:2438,650.0,Земли населенных пунктов,Учтенный,"Местоположение установлено относительно ориентира, расположенного в границах участка. Почтовый адрес ориентира: Российская Федерация, Республика Татарстан (Татарстан), м.р-н Лаишевский, с.п. Габишевское, с Габишево, ул Олимпийская, з/у 6.",,Под малоэтажное жилищное строительство,ДРУГОЕ,0,нет,16:24:210101,1019288.98,1568.1369,,,,,да,нет,нет,нет,нет,нет,нет,да,55.60578105413329,49.14826118712062
16:24:210101:171,1149.0,Земли населенных пунктов,Ранее учтенный,"Местоположение установлено относительно ориентира, расположенного в границах участка. Почтовый адрес ориентира: Российская Федерация, Республика Татарстан (Татарстан), м.р-н Лаишевский, с.п. Габишевское, с Габишево, ул Приволжская, з/у 52.",,индивидуальное жилищное строительство,ДРУГОЕ,0,нет,16:24:210101,2194746.38,1910.1361,,,,,да,нет,нет,нет,нет,нет,нет,да,55.61081556808765,49.130853723729906
16:24:210101:911,1158.0,Земли населенных пунктов,Учтенный,"Местоположение установлено относительно ориентира, расположенного в границах участка. Почтовый адрес ориентира: Российская Федерация, Республика Татарстан (Татарстан), м.р-н Лаишевский, с.п. Габишевское, с Габишево, ул Ленинская, з/у 2.",,Для малоэтажного жилищного строительства,ДРУГОЕ,0,нет,16:24:210101,1859318.61,1605.6292,,,,,да,нет,нет,нет,нет,нет,нет,да,55.61023541786604,49.14923528640393
16:24:210101:272,1484.0,Земли населенных пунктов,Ранее учтенный,"Местоположение установлено относительно ориентира, расположенного в границах участка. Почтовый адрес ориентира: Российская Федерация, Республика Татарстан (Татарстан), м.р-н Лаишевский, с.п. Габишевское, с Габишево, ул Московская, з/у 9.",Частная,Для индивидуального жилищного строительства,ИЖС,0,нет,16:24:210101,2440520.51,1644.56,,,,,нет,да,нет,нет,нет,да,нет,да,55.609041047839696,49.14679091482133
16:24:210101:290,1269.0,Земли населенных пунктов,Ранее учтенный,"Местоположение установлено относительно ориентира, расположенного в границах участка. Почтовый адрес ориентира: Республика Татарстан, Лаишевский муниципальный район, с Габишево, ул Приозерная, д 18.",,Для индивидуального жилищного строительства,ИЖС,0,нет,16:24:210101,2168274.44,1708.6481,,,,,да,да,нет,нет,нет,да,нет,да,55.6077747880217,49.143439245975394
16:24:210101:330,1486.0,Земли населенных пунктов,Ранее учтенный,"Местоположение установлено относительно ориентира, расположенного в границах участка. Почтовый адрес ориентира: Российская Федерация, Республика Татарстан (Татарстан), м.р-н Лаишевский, с.п. Габишевское, с Габишево, ул Казанская, з/у 30.",,Под жилую застройку Индивидуальную,ДРУГОЕ,0,нет,16:24:210101,2523155.19,1697.951,,,,,да,нет,нет,нет,нет,нет,нет,да,55.60671373428227,49.141732390420124
16:24:210101:253,832.0,Земли населенных пунктов,Ранее учтенный,"Местоположение установлено относительно ориентира, расположенного в границах участка. Почтовый адрес ориентира: Российская Федерация, Республика Татарстан (Татарстан), м.р-н Лаишевский, с.п. Габишевское, с Габишево, ул Кировская, з/у 7.",Частная,Индивидуальное жилищное строительство,ДРУГОЕ,0,нет,16:24:210101,1452523.32,1745.8213,,,,,нет,нет,нет,нет,нет,нет,нет,да,55.609571144500876,49.143575334761884
16:24:210101:225,762.0,Земли населенных пунктов,Ранее учтенный,"Местоположение установлено относительно ориентира, расположенного в границах участка. Почтовый адрес ориентира: Российская Федерация, Республика Татарстан (Татарстан), м.р-н Лаишевский, с.п. Габишевское, с Габишево, ул Приволжская, з/у 31/1.",Частная,Под жилую застройку Индивидуальную,ДРУГОЕ,0,нет,16:24:210101,1337037.81,1754.6428,,,,,нет,нет,нет,нет,нет,нет,нет,да,55.608841780226975,49.14117880499575
16:24:210101:220,,Земли населенных пунктов,Ранее учтенный,"Местоположение установлено относительно ориентира, расположенного в границах участка. Почтовый адрес ориентира: Российская Федерация, Республика Татарстан (Татарстан), м.р-н Лаишевский, с.п. Габишевское, с Габишево, ул Приволжская, з/у 23.",,Для индивидуального жилищного строительства,ИЖС,0,нет,16:24:210101,1740299.1,1740.2991,,,,,да,да,нет,нет,нет,да,нет,да,55.60839582060287,49.142309297191524
16:24:210101:904,951.0,Земли населенных пунктов,Учтенный,"Местоположение установлено относительно ориентира, расположенного в границах участка. Почтовый адрес ориентира: Российская Федерация, Республика Татарстан (Татарстан), м.р-н Лаишевский, с.п. Габишевское, с Габишево, ул Береговая, з/у 25.",Частная,Для малоэтажного жилищного строительства,ДРУГОЕ,0,нет,16:24:210101,1444518.22,1518.9466,,,,,нет,нет,нет,нет,нет,нет,нет,да,55.60981583798099,49.150634247295834
16:24:210101:85,1494.0,Земли населенных пунктов,Ранее учтенный,"Местоположение установлено относительно ориентира, расположенного в границах участка. Почтовый адрес ориентира: Российская Федерация, Республика Татарстан (Татарстан), м.р-н Лаишевский, с.п. Габишевское, с Габишево, ул Наратлы, з/у 5.",Частная,под жилую застройку индивидуальную,ДРУГОЕ,0,нет,16:24:210101,2685150.51,1797.2895,,,,,нет,нет,нет,нет,нет,нет,нет,да,55.61319838099873,49.13956748042908
16:24:210101:80,,Земли населенных пунктов,Ранее учтенный,"Местоположение установлено относительно ориентира, расположенного в границах участка. Почтовый адрес ориентира: Российская Федерация, Республика Татарстан (Татарстан), м.р-н Лаишевский, с.п. Габишевское, с Габишево, ул Бауманская, з/у 6.",,для индивидуального жилищного строительства,ИЖС,0,нет,16:24:210101,2592923.2,1782.08,,,,,да,да,нет,нет,нет,да,нет,да,55.613584944853095,49.1407401850125
16:24:210101:444,,Земли населенных пунктов,Ранее учтенный,"Местоположение установлено относительно ориентира, расположенного в границах участка. Почтовый адрес ориентира: Российская Федерация, Республика Татарстан (Татарстан), м.р-н Лаишевский, с.п. Габишевское, с Габишево, тер. ГПК Семерка, з/у 444Г.",Муниципальная,Размещение гаражей для собственных нужд,ДРУГОЕ,0,нет,16:24:210101,29608.97,1409.95,,,,,да,нет,нет,нет,нет,нет,нет,да,55.60848343918265,49.136635023557396
16:24:210101:439,22.0,Земли населенных пунктов,Ранее учтенный,"Местоположение установлено относительно ориентира, расположенного в границах участка. Почтовый адрес ориентира: Российская Федерация, Республика Татарстан (Татарстан), м.р-н Лаишевский, с.п. Габишевское, с Габишево, тер. ГПК Семерка, з/у 439Г.",Муниципальная;Частная,Размещение гаражей для собственных нужд,ДРУГОЕ,0,нет,16:24:210101,31018.92,1409.95,,,,,да,нет,нет,нет,нет,нет,нет,да,55.60842007336095,49.13685722943621
16:24:210101:2991,678.0,Земли населенных пунктов,Учтенный,"Местоположение установлено относительно ориентира, расположенного в границах участка. Почтовый адрес ориентира: Российская Федерация, Республика Татарстан (Татарстан), м.р-н Лаишевский, с.п. Габишевское, с Габишево, ул Тукая, з/у 9А.",Частная,для индивидуального жилищного строительства,ИЖС,0,нет,16:24:210101,1364586.67,2012.6647,,,,,нет,да,нет,нет,нет,да,нет,да,55.611681030546876,49.13377816608345
16:24:210101:3421,589.0,Земли населенных пунктов,Учтенный,"Местоположение установлено относительно ориентира, расположенного в границах участка. Почтовый адрес ориентира: Российская Федерация, Республика Татарстан (Татарстан), м.р-н Лаишевский, с.п. Габишевское, с Габишево, пр-кт Молодежный, з/у 7/1.",Частная,Блокированные односемейные дома с участками,ДРУГОЕ,0,нет,16:24:210101,1124610.98,1909.3565,,,,,нет,нет,нет,нет,нет,нет,нет,да,55.61204017013669,49.13821721266775
16:24:210101:3043,739.0,Земли населенных пунктов,Учтенный,"Местоположение установлено относительно ориентира, расположенного в границах участка. Почтовый адрес ориентира: Российская Федерация, Республика Татарстан (Татарстан), м.р-н Лаишевский, с.п. Габишевское, с Габишево, ул им Мусы Джалиля, з/у 32А.",Частная,для индивидуального жилищного строительства,ИЖС,0,нет,16:24:210101,1189329.31,1609.3766,,,,,нет,да,нет,нет,нет,да,нет,да,55.608264189697415,49.13488151299206
16:24:210101:2445,701.0,Земли населенных пунктов,Учтенный,"Местоположение установлено относительно ориентира, расположенного в границах участка. Почтовый адрес ориентира: Российская Федерация, Республика Татарстан (Татарстан), м.р-н Лаишевский, с.п. Габишевское, с Габишево, пер Садовый, з/у 3.",,Под малоэтажное жилищное строительство,ДРУГОЕ,0,нет,16:24:210101,1110887.04,1584.7176,,,,,да,нет,нет,нет,нет,нет,нет,да,55.605049117074365,49.147658509499614
16:24:090704:1054,925.0,Земли населенных пунктов,Учтенный,"Местоположение установлено относительно ориентира, расположенного в границах участка. Почтовый адрес ориентира: Российская Федерация, Республика Татарстан (Татарстан), м.р-н Лаишевский, с.п. Габишевское, с Габишево, ул Изумрудная, з/у 8.",Частная,"земельные участки, предназначенные для размещения домов индивидуальной жилой застройки",ЖИЛОЙ,0,нет,16:24:090704,1746691.19,1888.3148,,,,,нет,нет,нет,нет,нет,да,нет,да,55.60913326222336,49.12568229530581
16:24:210101:62,2753.0,Земли населенных пунктов,Ранее учтенный,"Местоположение установлено относительно ориентира, расположенного в границах участка. Почтовый адрес ориентира: Российская Федерация, Республика Татарстан (Татарстан), м.р-н Лаишевский, с.п. Габишевское, с Габишево, пр-кт Молодежный, з/у 27.",Частная,Для индивидуального жилищного строительства,ИЖС,0,нет,16:24:210101,5712165.29,2074.8875,,,,,нет,да,нет,нет,нет,да,нет,да,55.61238067960196,49.13175563177158
16:24:210101:2498,30.0,Земли населенных пунктов,Учтенный,"Местоположение установлено относительно ориентира, расположенного в границах участка. Почтовый адрес ориентира: Российская Федерация, Республика Татарстан (Татарстан), м.р-н Лаишевский, с.п. Габишевское, с Габишево, тер. ГПК Семерка, з/у 2498Г.",,под размещение индивидуальных гаражей,ДРУГОЕ,0,нет,16:24:210101,42298.52,1409.9508,,,,,да,нет,нет,нет,нет,нет,нет,да,55.60833794780018,49.13646600308622
16:24:210101:208,,Земли населенных пунктов,Ранее учтенный,"Местоположение установлено относительно ориентира, расположенного в границах участка. Почтовый адрес ориентира: Российская Федерация, Республика Татарстан (Татарстан), м.р-н Лаишевский, с.п. Габишевское, с Габишево, ул Приволжская, з/у 3.",,Индивидуальное жилищное строительство,ДРУГОЕ,0,нет,16:24:210101,1993031.78,1707.825,,,,,да,нет,нет,нет,нет,нет,нет,да,55.60797498515644,49.146445941280184
16:24:210101:2281,724.0,Земли населенных пунктов,Учтенный,"Местоположение установлено относительно ориентира, расположенного в границах участка. Почтовый адрес ориентира: Российская Федерация, Республика Татарстан (Татарстан), м.р-н Лаишевский, с.п. Габишевское, с Габишево, пр-кт Молодежный, з/у 20А.",,для индивидуального жилищного строительства,ИЖС,0,нет,16:24:210101,1399179.81,1932.5688,,,,,да,да,нет,нет,нет,да,нет,да,55.61302699424799,49.138620476276934
16:24:210101:161,1524.0,Земли населенных пунктов,Ранее учтенный,"Местоположение установлено относительно ориентира, расположенного в границах участка. Почтовый адрес ориентира: Российская Федерация, Республика Татарстан (Татарстан), м.р-н Лаишевский, с.п. Габишевское, с Габишево, ул Тукая, з/у 10.",,Индивидуальное жилищное строительство,ДРУГОЕ,0,нет,16:24:210101,3051144.32,2002.06,,,,,да,нет,нет,нет,нет,нет,нет,да,55.61108851336667,49.133863365234
16:24:090704:2544,666.0,Земли населенных пунктов,Учтенный,"Местоположение установлено относительно ориентира, расположенного в границах участка. Почтовый адрес ориентира: Российская Федерация, Республика Татарстан (Татарстан), м.р-н Лаишевский, с.п. Габишевское, с Габишево, ул Дубравная, з/у 4А.",Частная,"земельные участки, предназначенные для размещения домов индивидуальной жилой застройки",ЖИЛОЙ,0,нет,16:24:090704,993723.75,1492.0777,,,,,нет,нет,нет,нет,нет,да,нет,да,55.60320884922923,49.141129152531775
16:24:090704:1870,504.0,Земли населенных пунктов,Учтенный,"Местоположение установлено относительно ориентира, расположенного в границах участка. Почтовый адрес ориентира: Российская Федерация, Республика Татарстан (Татарстан), м.р-н Лаишевский, с.п. Габишевское, с Габишево, ул Уютная, з/у 1А.",Частная,"земельные участки, предназначенные для размещения домов индивидуальной жилой застройки",ЖИЛОЙ,0,нет,16:24:090704,715031.91,1418.7141,,,,,нет,нет,нет,нет,нет,да,нет,да,55.603911293822755,49.137550252039794
16:24:090704:2565,697.0,Земли населенных пунктов,Учтенный,"Российская Федерация, Республика Татарстан (Татарстан), м.р-н Лаишевский, с.п. Габишевское, с Габишево, ул Луговая, з/у 8",Частная,"земельные участки, предназначенные для размещения домов индивидуальной жилой застройки",ЖИЛОЙ,0,нет,16:24:090704,1083920.94,1555.1233,,,,,нет,нет,нет,нет,нет,да,нет,да,55.60620154141539,49.130981589798246
16:24:090704:2708,579.0,Земли населенных пунктов,Учтенный,"Местоположение установлено относительно ориентира, расположенного в границах участка. Почтовый адрес ориентира: Российская Федерация, Республика Татарстан (Татарстан), м.р-н Лаишевский, с.п. Габишевское, с Габишево, ул Александра Сергеева, з/у 11А.",Частная,"земельные участки, предназначенные для размещения домов индивидуальной жилой застройки",ЖИЛОЙ,0,нет,16:24:090704,917907.17,1585.3319,,,,,нет,нет,нет,нет,нет,да,нет,да,55.604897957371634,49.14647010064792
16:24:090704:2591,522.0,Земли населенных пунктов,Учтенный,"Российская Федерация, Республика Татарстан (Татарстан), м.р-н Лаишевский, с.п. Габишевское, с Габишево, ул Юности, з/у 1",Частная,"земельные участки, предназначенные для размещения домов индивидуальной жилой застройки",ЖИЛОЙ,0,нет,16:24:090704,922211.81,1766.6893,,,,,нет,нет,нет,нет,нет,да,нет,да,55.60864185795572,49.12825806743442
16:24:090704:2148,401.0,Земли населенных пунктов,Учтенный,"Местоположение установлено относительно ориентира, расположенного в границах участка. Почтовый адрес ориентира: Российская Федерация, Республика Татарстан, Лаишевский муниципальный район, Габишевское сельское поселение, с Габишево, ул. Ивана Матвеева.",Частная,"земельные участки, предназначенные для размещения домов индивидуальной жилой застройки",ЖИЛОЙ,0,нет,16:24:090704,632565.91,1577.4711,,,,,нет,нет,нет,нет,нет,да,нет,да,55.606436878496766,49.13532992546039
16:24:090704:1873,514.0,Земли населенных пунктов,Учтенный,"Местоположение установлено относительно ориентира, расположенного в границах участка. Почтовый адрес ориентира: Российская Федерация, Республика Татарстан (Татарстан), м.р-н Лаишевский, с.п. Габишевское, с Габишево, ул Жемчужная, з/у 1.",Частная,"земельные участки, предназначенные для размещения домов индивидуальной жилой застройки",ЖИЛОЙ,0,нет,16:24:090704,792646.13,1542.1131,,,,,нет,нет,нет,нет,нет,да,нет,да,55.605084638017274,49.13475346899902
16:24:090704:2838,562.0,Земли населенных пунктов,Учтенный,"Местоположение установлено относительно ориентира, расположенного в границах участка. Почтовый адрес ориентира: Российская Федерация, Республика Татарстан (Татарстан), м.р-н Лаишевский, с.п. Габишевское, с Габишево, ул Васильковая, з/у 9А.",Частная,"земельные участки, предназначенные для размещения домов индивидуальной жилой застройки",ЖИЛОЙ,0,нет,16:24:090704,766305.32,1363.5326,,,,,нет,нет,нет,нет,нет,да,нет,да,55.60380835034243,49.13463067491867
16:24:090704:1723,502.0,Земли населенных пунктов,Учтенный,"Местоположение установлено относительно ориентира, расположенного в границах участка. Почтовый адрес ориентира: Российская Федерация, Республика Татарстан (Татарстан), м.р-н Лаишевский, с.п. Габишевское, с Габишево, ул Приволжская, з/у 61.",Частная,"земельные участки, предназначенные для размещения домов индивидуальной жилой застройки",ЖИЛОЙ,0,нет,16:24:090704,936650.37,1865.8374,,,,,нет,нет,нет,нет,нет,да,нет,да,55.610504816067476,49.12669469124294
16:24:090704:1755,617.0,Земли населенных пунктов,Учтенный,"Местоположение установлено относительно ориентира, расположенного в границах участка. Почтовый адрес ориентира: Российская Федерация, Республика Татарстан (Татарстан), м.р-н Лаишевский, с.п. Габишевское, с Габишево, ул Ивана Матвеева, з/у 66А.",Частная,"земельные участки, предназначенные для размещения домов индивидуальной жилой застройки",ЖИЛОЙ,0,нет,16:24:090704,965641.4,1565.059,,,,,нет,нет,нет,нет,нет,да,нет,да,55.605569870362075,49.13566706821811
16:24:090704:1937,500.0,Земли населенных пунктов,Учтенный,"Местоположение установлено относительно ориентира, расположенного в границах участка. Почтовый адрес ориентира: Российская Федерация, Республика Татарстан (Татарстан), м.р-н Лаишевский, с.п. Габишевское, с Габишево, ул Александра Сергеева, з/у 12А.",Частная,"зземельные участки, предназначенные для размещения домов индивидуальной жилой застройки",ЖИЛОЙ,0,нет,16:24:090704,773460.4,1546.9208,,,,,нет,нет,нет,нет,нет,да,нет,да,55.60434668553999,49.14683571129687
16:24:090704:907,1099.0,Земли населенных пунктов,Учтенный,"Местоположение установлено относительно ориентира, расположенного в границах участка. Почтовый адрес ориентира: Российская Федерация, Республика Татарстан (Татарстан), м.р-н Лаишевский, с.п. Габишевское, с Габишево, ул Алексея Малышева, з/у 17.",Частная,"земельные участки, предназначенные для размещения домов индивидуальной жилой застройки",ЖИЛОЙ,0,нет,16:24:090704,1701783.04,1548.4832,,,,,нет,нет,нет,нет,нет,да,нет,да,55.603310346646836,49.14542730530811
16:24:090704:2532,447.0,Земли населенных пунктов,Учтенный,"Местоположение установлено относительно ориентира, расположенного в границах участка. Почтовый адрес ориентира: Российская Федерация, Республика Татарстан (Татарстан), м.р-н Лаишевский, с.п. Габишевское, с Габишево, ул Ивана Матвеева, з/у 70А.",Частная,"земельные участки, предназначенные для размещения домов индивидуальной жилой застройки",ЖИЛОЙ,0,нет,16:24:090704,703348.33,1573.4862,,,,,нет,нет,нет,нет,нет,да,нет,да,55.605912589758304,49.134910868287356
16:24:090704:1947,500.0,Земли населенных пунктов,Учтенный,"Местоположение установлено относительно ориентира, расположенного в границах участка. Почтовый адрес ориентира: Российская Федерация, Республика Татарстан (Татарстан), м.р-н Лаишевский, с.п. Габишевское, с Габишево, ул Алексея Малышева, з/у 37.",Частная,"земельные участки, предназначенные для размещения домов индивидуальной жилой застройки",ЖИЛОЙ,0,нет,16:24:090704,761536.0,1523.072,,,,,нет,нет,нет,нет,нет,да,нет,да,55.60379427806478,49.14107791607851
16:24:090704:1288,1000.0,Земли населенных пунктов,Учтенный,"Местоположение установлено относительно ориентира, расположенного в границах участка. Почтовый адрес ориентира: Российская Федерация, Республика Татарстан (Татарстан), м.р-н Лаишевский, с.п. Габишевское, с Габишево, ул Вишневая, з/у 3.",Частная,"земельные участки, предназначенные для размещения домов индивидуальной жилой застройки",ЖИЛОЙ,0,нет,16:24:090704,1513346.0,1513.346,,,,,нет,нет,нет,нет,нет,да,нет,да,55.603237663638865,49.14049163370495
16:24:000000:5748,1604.0,Земли населенных пунктов,Учтенный,"Местоположение установлено относительно ориентира, расположенного в границах участка. Почтовый адрес ориентира: Российская Федерация, Республика Татарстан (Татарстан), м.р-н Лаишевский, с.п. Габишевское, с Габишево, ул Казанская, з/у 7.",Частная,индивидуальное жилищное строительство,ДРУГОЕ,0,нет,16:24:000000,2600348.5,1621.1649,,,,,нет,нет,нет,нет,нет,нет,нет,да,55.60545821541408,49.14549211268122
16:24:210101:426,,Земли населенных пунктов,Ранее учтенный,"Местоположение установлено относительно ориентира, расположенного в границах участка. Почтовый адрес ориентира: Российская Федерация, Республика Татарстан (Татарстан), м.р-н Лаишевский, с.п. Габишевское, с Габишево, тер. ГПК Семерка, з/у 426Г.",Муниципальная,Под размещение индивидуальных гаражей,ДРУГОЕ,0,нет,16:24:210101,59217.93,1409.95,,,,,да,нет,нет,нет,нет,нет,нет,да,55.608240914954834,49.136652073161564
16:24:210101:3390,1001.0,Земли населенных пунктов,Учтенный,"Местоположение установлено относительно ориентира, расположенного в границах участка. Почтовый адрес ориентира: Республика Татарстан, Лаишевский муниципальный район, Габишевское сельское поселение, с Габишево.",Частная,для индивидуального жилищного строительства,ИЖС,0,нет,16:24:210101,1887562.28,1885.6766,,,,,нет,да,нет,нет,нет,да,нет,да,55.61497397302302,49.13828356067948
16:24:210101:2454,820.0,Земли населенных пунктов,Учтенный,"Местоположение установлено относительно ориентира, расположенного в границах участка. Почтовый адрес ориентира: Российская Федерация, Республика Татарстан (Татарстан), м.р-н Лаишевский, с.п. Габишевское, с Габишево, ул Олимпийская, з/у 5.",,Под малоэтажное жилищное строительство,ДРУГОЕ,0,нет,16:24:210101,1285872.26,1568.1369,,,,,да,нет,нет,нет,нет,нет,нет,да,55.60561895547092,49.148828094441775
16:24:210101:2,,Земли населенных пунктов,Ранее учтенный,"Местоположение установлено относительно ориентира, расположенного в границах участка. Почтовый адрес ориентира: Российская Федерация, Республика Татарстан (Татарстан), м.р-н Лаишевский, с.п. Габишевское, с Габишево, ул Вахитовская, з/у 3.",,Индивиудальное жилищное строительство и ведение личного хозяйства,ДРУГОЕ,0,нет,16:24:210101,1870150.92,1700.1372,,,,,да,нет,нет,нет,нет,нет,нет,да,55.61362146568377,49.14490735090262
16:24:210101:88,1392.0,Земли населенных пунктов,Ранее учтенный,"Местоположение установлено относительно ориентира, расположенного в границах участка. Почтовый адрес ориентира: Российская Федерация, Республика Татарстан (Татарстан), м.р-н Лаишевский, с.п. Габишевское, с Габишево, ул Наратлы, з/у 2.",,Индивидуальное жилищное строительство,ДРУГОЕ,0,нет,16:24:210101,2601025.64,1868.5529,,,,,да,нет,нет,нет,нет,нет,нет,да,55.61372219315281,49.13849724949555
16:24:210101:900,967.0,Земли населенных пунктов,Учтенный,"Местоположение установлено относительно ориентира, расположенного в границах участка. Почтовый адрес ориентира: Российская Федерация, Республика Татарстан (Татарстан), м.р-н Лаишевский, с.п. Габишевское, с Габишево, ул Береговая, з/у 17.",Частная,Для малоэтажного жилищного строительства,ДРУГОЕ,0,нет,16:24:210101,1500105.75,1551.2986,,,,,нет,нет,нет,нет,нет,нет,нет,да,55.610650222650385,49.15069265204195
16:24:210101:527,29.0,Земли населенных пунктов,Ранее учтенный,"Местоположение установлено относительно ориентира, расположенного в границах участка. Почтовый адрес ориентира: Российская Федерация, Республика Татарстан (Татарстан), м.р-н Лаишевский, с.п. Габишевское, с Габишево, тер. ГПК Вахитовская, з/у 527Г.",Муниципальная,объекты гаражного назначения,ДРУГОЕ,0,нет,16:24:210101,45012.35,1552.15,,,,,да,нет,нет,нет,нет,нет,нет,да,55.61349044649203,49.14277476704752
16:24:210101:3441,225.0,Земли населенных пунктов,Учтенный,"Местоположение установлено относительно ориентира, расположенного в границах участка. Почтовый адрес ориентира: Российская Федерация, Республика Татарстан (Татарстан), м.р-н Лаишевский, с.п. Габишевское, с Габишево, ул Кировская, з/у 13А.",Частная,Индивидуальные жилые дома с приусадебными земельными участками; блокированные односемейные дома с участками,ЖИЛОЙ,0,нет,16:24:210101,394633.8,1753.928,,,,,нет,нет,нет,нет,нет,да,нет,да,55.60900680763303,49.14331970339381
16:24:210101:3300,624.0,Земли населенных пунктов,Учтенный,"Местоположение установлено относительно ориентира, расположенного в границах участка. Почтовый адрес ориентира: Республика Татарстан, Лаишевский муниципальный район, Габишевское сельское поселение, с Габишево.",Частная,"бытовое обслуживание, магазины, общественное питание",ДРУГОЕ,0,нет,16:24:210101,712260.43,1141.443,,,,,нет,нет,нет,нет,нет,нет,нет,да,55.61296245231262,49.12938291524415
16:24:210101:2629,399.0,Земли населенных пунктов,Учтенный,"Республика Татарстан, Лаишевский муниципальный район, Габишевское сельское поселение, с Габишево",Частная,для индивидуального жилищного строительства,ИЖС,0,нет,16:24:210101,604742.51,1515.6454,,,,,нет,да,нет,нет,нет,да,нет,да,55.60982755488615,49.15084696996283
16:24:210101:235,1156.0,Земли населенных пунктов,Ранее учтенный,"Местоположение установлено относительно ориентира, расположенного в границах участка. Почтовый адрес ориентира: Российская Федерация, Республика Татарстан (Татарстан), м.р-н Лаишевский, с.п. Габишевское, с Габишево, ул Ленинская, з/у 9.",,Для индивидуального жилищного строительства,ИЖС,0,нет,16:24:210101,1914836.09,1656.4326,,,,,да,да,нет,нет,нет,да,нет,да,55.61005127404831,49.145191242476486
16:24:210101:2188,25.0,Земли населенных пунктов,Учтенный,"Местоположение установлено относительно ориентира, расположенного в границах участка. Почтовый адрес ориентира: Российская Федерация, Республика Татарстан (Татарстан), м.р-н Лаишевский, с.п. Габишевское, с Габишево, тер. ГПК Семерка, з/у 2188Г.",,под размещение индивидуальных гаражей,ДРУГОЕ,0,нет,16:24:210101,35002.19,1400.0875,,,,,да,нет,нет,нет,нет,нет,нет,да,55.608186062422035,49.1374051762397
16:24:210101:184,1313.0,Земли населенных пунктов,Ранее учтенный,"Местоположение установлено относительно ориентира, расположенного в границах участка. Почтовый адрес ориентира: Российская Федерация, Республика Татарстан (Татарстан), м.р-н Лаишевский, с.п. Габишевское, с Габишево, ул Приволжская, з/у 28.",Частная,Ведение личного подсобного хозяйства и индивидуальное жилищное строительство,ЛПХ,0,нет,16:24:210101,2439792.83,1858.1819,,,,,нет,нет,нет,нет,да,да,нет,да,55.61026769972614,49.13801576830068
16:24:210101:530,,Земли населенных пунктов,Ранее учтенный,"Местоположение установлено относительно ориентира, расположенного в границах участка. Почтовый адрес ориентира: Российская Федерация, Республика Татарстан (Татарстан), м.р-н Лаишевский, с.п. Габишевское, с Габишево, тер. ГПК Вахитовская, з/у 530Г.",Муниципальная, размещение гаражей для собственных нужд,ДРУГОЕ,0,нет,16:24:210101,37251.6,1552.15,,,,,да,нет,нет,нет,нет,нет,нет,да,55.61337300205603,49.14275079528087
16:24:210101:372,1260.0,Земли населенных пунктов,Ранее учтенный,"Местоположение установлено относительно ориентира, расположенного в границах участка. Почтовый адрес ориентира: Российская Федерация, Республика Татарстан (Татарстан), м.р-н Лаишевский, с.п. Габишевское, с Габишево, ул Казанская, з/у 53.",Частная,Индивидуальное жилищное строительство,ДРУГОЕ,0,нет,16:24:210101,2059862.99,1634.8119,,,,,нет,нет,нет,нет,нет,нет,нет,да,55.6077054993476,49.13667227313012
16:24:210101:324,1392.0,Земли населенных пунктов,Ранее учтенный,"Местоположение установлено относительно ориентира, расположенного в границах участка. Почтовый адрес ориентира: Российская Федерация, Республика Татарстан (Татарстан), м.р-н Лаишевский, с.п. Габишевское, с Габишево, ул Казанская, з/у 42.",,Индивидуальное жилищное строительство,ДРУГОЕ,0,нет,16:24:210101,2343845.28,1683.8,,,,,да,нет,нет,нет,нет,нет,нет,да,55.607496950786384,49.139370718194606
16:24:210101:326,1480.0,Земли населенных пунктов,Ранее учтенный,"Местоположение установлено относительно ориентира, расположенного в границах участка. Почтовый адрес ориентира: Российская Федерация, Республика Татарстан (Татарстан), м.р-н Лаишевский, с.п. Габишевское, с Габишево, ул Казанская, з/у 38.",,Индивидуальное жилищное строительство,ДРУГОЕ,0,нет,16:24:210101,2562209.3,1731.22,,,,,да,нет,нет,нет,нет,нет,нет,да,55.607257569742124,49.13992420283136
16:24:210101:254,,Земли населенных пунктов,Ранее учтенный,"Местоположение установлено относительно ориентира, расположенного в границах участка. Почтовый адрес ориентира: Российская Федерация, Республика Татарстан (Татарстан), м.р-н Лаишевский, с.п. Габишевское, с Габишево, ул Кировская, з/у 9.",,Индивидуальное жилищное строительство,ДРУГОЕ,0,нет,16:24:210101,1395792.0,1744.74,,,,,да,нет,нет,нет,нет,нет,нет,да,55.60937269777546,49.14351486249025
16:24:210101:2150,26.0,Земли населенных пунктов,Учтенный,"Местоположение установлено относительно ориентира, расположенного в границах участка. Почтовый адрес ориентира: Российская Федерация, Республика Татарстан (Татарстан), м.р-н Лаишевский, с.п. Габишевское, с Габишево, тер. ГПК Семерка, з/у 2150Г.",,под размещение индивидуальных гаражей,ДРУГОЕ,0,нет,16:24:210101,36402.28,1400.0875,,,,,да,нет,нет,нет,нет,нет,нет,да,55.608204093039205,49.137347530060005
16:24:210101:199,,Земли населенных пунктов,Ранее учтенный,"Местоположение установлено относительно ориентира, расположенного в границах участка. Почтовый адрес ориентира: Российская Федерация, Республика Татарстан (Татарстан), м.р-н Лаишевский, с.п. Габишевское, с Габишево, ул Приволжская, з/у 8/1.",Частная,Под жилую застройку Индивидуальную,ДРУГОЕ,0,нет,16:24:210101,1279841.18,1736.56,,,,,нет,нет,нет,нет,нет,нет,нет,да,55.608642495887125,49.14544375320782
16:24:210101:194,805.0,Земли населенных пунктов,Ранее учтенный,"Местоположение установлено относительно ориентира, расположенного в границах участка. Почтовый адрес ориентира: Российская Федерация, Республика Татарстан (Татарстан), м.р-н Лаишевский, с.п. Габишевское, с Габишево, ул Приволжская, з/у 14/2.",Частная,Под жилую застройку Индивидуальную,ДРУГОЕ,0,нет,16:24:210101,1402821.01,1742.6348,,,,,нет,нет,нет,нет,нет,нет,нет,да,55.608840048724986,49.143537238314224
16:24:090704:2606,600.0,Земли населенных пунктов,Учтенный,"Местоположение установлено относительно ориентира, расположенного в границах участка. Почтовый адрес ориентира: Республика Татарстан, Лаишевский муниципальный район, Габишевское сельское поселение, с Габишево, ул. Лучистая.",Частная,"земельные участки, предназначенные для размещения домов индивидуальной жилой застройки",ЖИЛОЙ,0,нет,16:24:090704,979156.92,1631.9282,,,,,нет,нет,нет,нет,нет,да,нет,да,55.607806465361975,49.12987397248101
16:24:090704:1768,470.0,Земли населенных пунктов,Учтенный,"Местоположение установлено относительно ориентира, расположенного в границах участка. Почтовый адрес ориентира: Российская Федерация, Республика Татарстан (Татарстан), м.р-н Лаишевский, с.п. Габишевское, с Габишево, ул Алексея Малышева, з/у 23.",Частная,"земельные участки, предназначенные для размещения домов индивидуальной жилой застройки",ЖИЛОЙ,0,нет,16:24:090704,724812.85,1542.155,,,,,нет,нет,нет,нет,нет,да,нет,да,55.60343118505757,49.144084606429466
16:24:090704:1170,944.0,Земли населенных пунктов,Учтенный,"Местоположение установлено относительно ориентира, расположенного в границах участка. Почтовый адрес ориентира: Республика Татарстан, Лаишевский муниципальный район, Габишевское сельское поселение, с Габишево.",Частная,"земельные участки, предназначенные для размещения домов индивидуальной жилой застройки",ЖИЛОЙ,0,нет,16:24:090704,1333005.88,1412.0825,,,,,нет,нет,нет,нет,нет,да,нет,да,55.603119974865685,49.13801822605883
16:24:210101:3397,400.0,Земли населенных пунктов,Учтенный,"Местоположение установлено относительно ориентира, расположенного в границах участка. Почтовый адрес ориентира: Российская Федерация, Республика Татарстан (Татарстан), м.р-н Лаишевский, с.п. Габишевское, с Габишево, ул 8 Марта, з/у 8А.",Частная,Индивидуальное жилищное строительство,ДРУГОЕ,0,нет,16:24:210101,830749.16,2076.8729,,,,,нет,нет,нет,нет,нет,нет,нет,да,55.61328966928372,49.13224918811732
16:24:090704:1948,600.0,Земли населенных пунктов,Учтенный,"Местоположение установлено относительно ориентира, расположенного в границах участка. Почтовый адрес ориентира: Российская Федерация, Республика Татарстан (Татарстан), м.р-н Лаишевский, с.п. Габишевское, с Габишево, ул Алексея Малышева, з/у 37А.",Частная,"земельные участки, предназначенные для размещения домов индивидуальной жилой застройки",ЖИЛОЙ,0,нет,16:24:090704,937686.0,1562.81,,,,,нет,нет,нет,нет,нет,да,нет,да,55.603867911757,49.14116713657142
16:24:090704:943,990.0,Земли населенных пунктов,Учтенный,"Местоположение установлено относительно ориентира, расположенного в границах участка. Почтовый адрес ориентира: Российская Федерация, Республика Татарстан (Татарстан), м.р-н Лаишевский, с.п. Габишевское, с Габишево, ул Александра Сергеева, з/у 39.",Частная,"земельные участки, предназначенные для размещения домов индивидуальной жилой застройки",ЖИЛОЙ,0,нет,16:24:090704,1612410.72,1628.6977,,,,,нет,нет,нет,нет,нет,да,нет,да,55.60564718935847,49.14130542835892
16:24:090704:2666,909.0,Земли населенных пунктов,Учтенный,"Местоположение установлено относительно ориентира, расположенного в границах участка. Почтовый адрес ориентира: Республика Татарстан, р-н. Лаишевский, с. Габишево, Габишевское сельское поселение.",Частная,Для индивидуального жилищного строительства,ИЖС,0,нет,16:24:090704,1469418.41,1616.5219,,,,,нет,да,нет,нет,нет,да,нет,да,55.60767715125357,49.135515075228284
16:24:090704:2009,500.0,Земли населенных пунктов,Учтенный,"Местоположение установлено относительно ориентира, расположенного в границах участка. Почтовый адрес ориентира: Российская Федерация, Республика Татарстан (Татарстан), м.р-н Лаишевский, с.п. Габишевское, с Габишево, ул Ивана Матвеева, з/у 29.",Частная,"земельные участки, предназначенные для размещения домов индивидуальной жилой застройки",ЖИЛОЙ,0,нет,16:24:090704,810193.1,1620.3862,,,,,нет,нет,нет,нет,нет,да,нет,да,55.604449796526325,49.1426543954906
16:24:090704:1912,453.0,Земли населенных пунктов,Учтенный,"Местоположение установлено относительно ориентира, расположенного в границах участка. Почтовый адрес ориентира: Российская Федерация, Республика Татарстан (Татарстан), м.р-н Лаишевский, с.п. Габишевское, с Габишево, ул Лунная, з/у 2А.",Частная,"земельные участки, предназначенные для размещения домов индивидуальной жилой застройки",ЖИЛОЙ,0,нет,16:24:090704,685882.77,1514.09,,,,,нет,нет,нет,нет,нет,да,нет,да,55.60293233601372,49.145442952074035
16:24:090704:1887,709.0,Земли населенных пунктов,Учтенный,"Местоположение установлено относительно ориентира, расположенного в границах участка. Почтовый адрес ориентира: Российская Федерация, Республика Татарстан (Татарстан), м.р-н Лаишевский, с.п. Габишевское, с Габишево, ул Ивана Матвеева, з/у 81.",Частная,"земельные участки, предназначенные для размещения домов индивидуальной жилой застройки",ЖИЛОЙ,0,нет,16:24:090704,1141587.27,1610.1372,,,,,нет,нет,нет,нет,нет,да,нет,да,55.60766299447901,49.13321784785914
16:24:090704:3354,250.0,Земли населенных пунктов,Учтенный,"Российская Федерация, Республика Татарстан (Татарстан), м.р-н Лаишевский, с.п. Габишевское, с Габишево, ул Васильковая, з/у 10Б",Частная,блокированные односемейные дома с участками,ДРУГОЕ,0,нет,16:24:090704,357937.92,1431.75,,,,,нет,нет,нет,нет,нет,нет,нет,да,55.60423719474695,49.13387671134877
16:24:210101:711,1500.0,Земли населенных пунктов,Ранее учтенный,"Местоположение установлено относительно ориентира, расположенного в границах участка. Почтовый адрес ориентира: Российская Федерация, Республика Татарстан (Татарстан), м.р-н Лаишевский, с.п. Габишевское, с Габишево, ул Марджани, з/у 12.",,Для индивидуального жилищного строительства,ИЖС,0,нет,16:24:210101,2520016.35,1680.0109,,,,,да,да,нет,нет,нет,да,нет,да,55.60865083389384,49.149699861079064
16:24:210101:3426,268.0,Земли населенных пунктов,Учтенный,"Местоположение установлено относительно ориентира, расположенного в границах участка. Почтовый адрес ориентира: Российская Федерация, Республика Татарстан (Татарстан), м.р-н Лаишевский, с.п. Габишевское, с Габишево, ул Олимпийская, з/у 7/1.",Частная,Блокированные односемейные дома с участками,ДРУГОЕ,0,нет,16:24:210101,420260.69,1568.1369,,,,,нет,нет,нет,нет,нет,нет,нет,да,55.60545998064212,49.14882213883583
16:24:210101:2449,1000.0,Земли населенных пунктов,Учтенный,"Российская Федерация, Республика Татарстан (Татарстан), м.р-н Лаишевский, с.п. Габишевское, с Габишево, ул Державина, з/у 5",Частная,Под малоэтажное жилищное строительство,ДРУГОЕ,0,нет,16:24:210101,1613497.2,1613.4972,,,,,нет,нет,нет,нет,нет,нет,нет,да,55.6061137715342,49.1487128624196
16:24:210101:721,1500.0,Земли населенных пунктов,Ранее учтенный,"Местоположение установлено относительно ориентира, расположенного в границах участка. Почтовый адрес ориентира: Российская Федерация, Республика Татарстан (Татарстан), м.р-н Лаишевский, с.п. Габишевское, с Габишево, ул Марджани, з/у 9.",,Для индивидуального жилищного строительства,ИЖС,0,нет,16:24:210101,2529007.35,1686.0049,,,,,да,да,нет,нет,нет,да,нет,да,55.6080549508906,49.148845612893105
16:24:210101:295,1133.0,Земли населенных пунктов,Ранее учтенный,"Российская Федерация, Республика Татарстан (Татарстан), м.р-н Лаишевский, с.п. Габишевское, с Габишево, ул Приозерная, з/у 8",Частная,Индивидуальное жилищное строительство,ДРУГОЕ,0,нет,16:24:210101,1908455.0,1684.4263,,,,,нет,нет,нет,нет,нет,нет,нет,да,55.607495916526396,49.145328999880356
16:24:210101:935,1053.0,Земли населенных пунктов,Учтенный,"Местоположение установлено относительно ориентира, расположенного в границах участка. Почтовый адрес ориентира: Российская Федерация, Республика Татарстан (Татарстан), м.р-н Лаишевский, с.п. Габишевское, с Габишево, ул Светлая, з/у 5.",,Под малоэтажное жилищное строительство,ДРУГОЕ,0,нет,16:24:210101,1610460.41,1529.4021,,,,,да,нет,нет,нет,нет,нет,нет,да,55.60527381095764,49.149440446134
16:24:090704:1787,949.0,Земли населенных пунктов,Учтенный,"Местоположение установлено относительно ориентира, расположенного в границах участка. Почтовый адрес ориентира: Российская Федерация, Республика Татарстан (Татарстан), м.р-н Лаишевский, с.п. Габишевское, с Габишево, ул Ивана Матвеева, з/у 54Б.",Частная,"земельные участки, предназначенные для размещения домов индивидуальной жилой застройки",ЖИЛОЙ,0,нет,16:24:090704,1424846.44,1501.4188,,,,,нет,нет,нет,нет,нет,да,нет,да,55.60471096652518,49.137961853120494
16:24:090704:1235,993.0,Земли населенных пунктов,Учтенный,"Местоположение установлено относительно ориентира, расположенного в границах участка. Почтовый адрес ориентира: Российская Федерация, Республика Татарстан (Татарстан), м.р-н Лаишевский, с.п. Габишевское, с Габишево, ул Ивана Матвеева, з/у 69.",Частная,"земельные участки, предназначенные для размещения домов индивидуальной жилой застройки",ЖИЛОЙ,0,нет,16:24:090704,1573133.34,1584.2229,,,,,нет,нет,нет,нет,нет,да,нет,да,55.60663729139517,49.13506004341459
16:24:090704:1952,521.0,Земли населенных пунктов,Учтенный,"Местоположение установлено относительно ориентира, расположенного в границах участка. Почтовый адрес ориентира: Российская Федерация, Республика Татарстан (Татарстан), м.р-н Лаишевский, с.п. Габишевское, с Габишево, ул Луговая, з/у 2А.",Частная,"земельные участки, предназначенные для размещения домов индивидуальной жилой застройки",ЖИЛОЙ,0,нет,16:24:090704,820367.02,1574.6008,,,,,нет,нет,нет,нет,нет,да,нет,да,55.60675300313746,49.13176287295015
16:24:090704:2688,623.0,Земли населенных пунктов,Учтенный,"Местоположение установлено относительно ориентира, расположенного в границах участка. Почтовый адрес ориентира: Российская Федерация, Республика Татарстан (Татарстан), м.р-н Лаишевский, с.п. Габишевское, с Габишево, ул Александра Сергеева, з/у 104А.",Частная,"земельные участки, предназначенные для размещения домов индивидуальной жилой застройки",ЖИЛОЙ,0,нет,16:24:090704,1163033.78,1866.8279,,,,,нет,нет,нет,нет,нет,да,нет,да,55.61015673383097,49.12982100594068
16:24:090704:1590,735.0,Земли населенных пунктов,Учтенный,"Российская Федерация, Республика Татарстан (Татарстан), м.р-н Лаишевский, с.п. Габишевское, с Габишево, ул Ивана Матвеева, з/у 49",Частная,"земельные участки, предназначенные для размещения домов индивидуальной жилой застройки",ЖИЛОЙ,0,нет,16:24:090704,1123806.47,1528.9884,,,,,нет,нет,нет,нет,нет,да,нет,да,55.60507221392061,49.13834322390323
16:24:090704:2459,696.0,Земли населенных пунктов,Учтенный,"Российская Федерация, Республика Татарстан (Татарстан), м.р-н Лаишевский, с.п. Габишевское, с Габишево, ул Луговая, з/у 3",Частная,"земельные участки, предназначенные для размещения домов индивидуальной жилой застройки",ЖИЛОЙ,0,нет,16:24:090704,1082137.74,1554.7956,,,,,нет,нет,нет,нет,нет,да,нет,да,55.60618892144248,49.132185227954075
16:24:090704:2858,819.0,Земли населенных пунктов,Учтенный,"Местоположение установлено относительно ориентира, расположенного в границах участка. Почтовый адрес ориентира: Российская Федерация, Республика Татарстан (Татарстан), м.р-н Лаишевский, с.п. Габишевское, с Габишево, ул Александра Сергеева, з/у 47А.",Частная,"земельные участки, предназначенные для размещения домов индивидуальной жилой застройки",ЖИЛОЙ,0,нет,16:24:090704,1296667.99,1583.2332,,,,,нет,нет,нет,нет,нет,да,нет,да,55.60590064057298,49.13949828882951
16:24:090704:2680,635.0,Земли населенных пунктов,Учтенный,"Российская Федерация, Республика Татарстан (Татарстан), м.р-н Лаишевский, с.п. Габишевское, с Габишево, ул Лучистая, з/у 9А",Частная,"земельные участки, предназначенные для размещения домов индивидуальной жилой застройки",ЖИЛОЙ,0,нет,16:24:090704,1017297.75,1602.0437,,,,,нет,нет,нет,нет,нет,да,нет,да,55.60678649971765,49.128963107992924
16:24:090704:1898,722.0,Земли населенных пунктов,Учтенный,"Местоположение установлено относительно ориентира, расположенного в границах участка. Почтовый адрес ориентира: Российская Федерация, Республика Татарстан, Лаишевский муниципальный район, Габишевское сельское поселение, с Габишево, ул. Ивана Матвеева, з/у 88А.",Частная,"земельные участки, предназначенные для размещения домов индивидуальной жилой застройки",ЖИЛОЙ,0,нет,16:24:090704,1169186.66,1619.3721,,,,,нет,нет,нет,нет,нет,да,нет,да,55.6075392382259,49.13219877052324
16:24:090704:3305,582.0,Земли населенных пунктов,Учтенный,"Местоположение установлено относительно ориентира, расположенного в границах участка. Почтовый адрес ориентира: Российская Федерация, Республика Татарстан (Татарстан), м.р-н Лаишевский, с.п. Габишевское, с Габишево, ул Ивана Матвеева, з/у 94А.",Частная,"земельные участки, предназначенные для размещения домов индивидуальной жилой застройки",ЖИЛОЙ,0,нет,16:24:090704,950913.56,1633.8721,,,,,нет,нет,нет,нет,нет,да,нет,да,55.60803593657813,49.131382092339614
16:24:090704:2801,677.0,Земли населенных пунктов,Учтенный,"Российская Федерация, Республика Татарстан (Татарстан), м.р-н Лаишевский, с.п. Габишевское, с Габишево, ул Спортивная, з/у 10",Частная,"земельные участки, предназначенные для размещения домов индивидуальной жилой застройки",ЖИЛОЙ,0,нет,16:24:090704,1172902.5,1732.5,,,,,нет,нет,нет,нет,нет,да,нет,да,55.60783218252527,49.127472434572816
16:24:090704:1179,861.0,Земли населенных пунктов,Учтенный,"Местоположение установлено относительно ориентира, расположенного в границах участка. Почтовый адрес ориентира: Российская Федерация, Республика Татарстан (Татарстан), м.р-н Лаишевский, с.п. Габишевское, с Габишево, ул Александра Сергеева, з/у 107.",Частная,"земельные участки, предназначенные для размещения домов индивидуальной жилой застройки",ЖИЛОЙ,0,нет,16:24:090704,1604478.06,1863.5053,,,,,нет,нет,нет,нет,нет,да,нет,да,55.61014707444363,49.126551713327665
16:24:210101:3059,606.0,Земли населенных пунктов,Учтенный,"Местоположение установлено относительно ориентира, расположенного в границах участка. Почтовый адрес ориентира: Российская Федерация, Республика Татарстан (Татарстан), м.р-н Лаишевский, с.п. Габишевское, с Габишево, ул Вахитовская, з/у 20А.",Частная,для индивидуального жилищного строительства,ИЖС,0,нет,16:24:210101,1153021.11,1902.6751,,,,,нет,да,нет,нет,нет,да,нет,да,55.614738662092556,49.13758911937538
16:24:090704:1930,518.0,Земли населенных пунктов,Учтенный,"Местоположение установлено относительно ориентира, расположенного в границах участка. Почтовый адрес ориентира: Российская Федерация, Республика Татарстан (Татарстан), м.р-н Лаишевский, с.п. Габишевское, с Габишево, ул Уютная, з/у 2.",Частная,"земельные участки, предназначенные для размещения домов индивидуальной жилой застройки",ЖИЛОЙ,0,нет,16:24:090704,750358.53,1448.5686,,,,,нет,нет,нет,нет,нет,да,нет,да,55.603964395842326,49.13697947695354
16:24:090704:2837,114.0,Земли населенных пунктов,Учтенный,"Местоположение установлено относительно ориентира, расположенного в границах участка. Почтовый адрес ориентира: Республика Татарстан, Лаишевский муниципальный район, Габишевское сельское поселение, с Габишево, ул. Васильковая.",Частная,"земельные участки, предназначенные для размещения домов индивидуальной жилой застройки",ЖИЛОЙ,0,нет,16:24:090704,171318.63,1502.795,,,,,нет,нет,нет,нет,нет,да,нет,да,55.60400865603335,49.13459899256151
16:24:090704:3350,250.0,Земли населенных пунктов,Учтенный,"Российская Федерация, Республика Татарстан (Татарстан), м.р-н Лаишевский, с.п. Габишевское, с Габишево, ул Васильковая, з/у 10",Частная,блокированные односемейные дома с участками,ДРУГОЕ,0,нет,16:24:090704,366470.48,1465.8819,,,,,нет,нет,нет,нет,нет,нет,нет,да,55.604183832675844,49.13408605397545
16:24:090704:3273,586.0,Земли населенных пунктов,Учтенный,"Местоположение установлено относительно ориентира, расположенного в границах участка. Почтовый адрес ориентира: Российская Федерация, Республика Татарстан (Татарстан), м.р-н Лаишевский, с.п. Габишевское, с Габишево, ул Александра Сергеева, з/у 87.",Частная,"земельные участки, предназначенные для размещения домов индивидуальной жилой застройки",ЖИЛОЙ,0,нет,16:24:090704,1009753.77,1723.1293,,,,,нет,нет,нет,нет,нет,да,нет,да,55.6090023123543,49.13378858916811
16:24:090704:2755,574.0,Земли населенных пунктов,Учтенный,"Местоположение установлено относительно ориентира, расположенного в границах участка. Почтовый адрес ориентира: Российская Федерация, Республика Татарстан (Татарстан), м.р-н Лаишевский, с.п. Габишевское, с Габишево, ул Алексея Малышева, з/у 99.",Частная,"земельные участки, предназначенные для размещения домов индивидуальной жилой застройки",ЖИЛОЙ,0,нет,16:24:090704,971045.67,1691.7172,,,,,нет,нет,нет,нет,нет,да,нет,да,55.60809546079257,49.130476846205546
16:24:090704:1196,1476.0,Земли населенных пунктов,Учтенный,"Местоположение установлено относительно ориентира, расположенного в границах участка. Почтовый адрес ориентира: Российская Федерация, Республика Татарстан (Татарстан), м.р-н Лаишевский, с.п. Габишевское, с Габишево, ул Александра Сергеева, з/у 55.",Частная,"земельные участки, предназначенные для размещения домов индивидуальной жилой застройки",ЖИЛОЙ,0,нет,16:24:090704,2364758.2,1602.1397,,,,,нет,нет,нет,нет,нет,да,нет,да,55.606223957569895,49.1380944593196
16:24:090704:2774,521.0,Земли населенных пунктов,Учтенный,"Российская Федерация, Республика Татарстан (Татарстан), м.р-н Лаишевский, с.п. Габишевское, с Габишево, ул Васильковая, з/у 9",Частная,"земельные участки, предназначенные для размещения домов индивидуальной жилой застройки",ЖИЛОЙ,0,нет,16:24:090704,742767.92,1425.6582,,,,,нет,нет,нет,нет,нет,да,нет,да,55.60390981803345,49.13442856928611
16:24:090704:2787,633.0,Земли населенных пунктов,Учтенный,"Российская Федерация, Республика Татарстан (Татарстан), м.р-н Лаишевский, с.п. Габишевское, с Габишево, ул Жемчужная, з/у 9",Частная,"земельные участки, предназначенные для размещения домов индивидуальной жилой застройки",ЖИЛОЙ,0,нет,16:24:090704,956910.4,1511.7068,,,,,нет,нет,нет,нет,нет,да,нет,да,55.60450147534063,49.13349370805451
16:24:090704:3158,563.0,Земли населенных пунктов,Учтенный,"Российская Федерация, Республика Татарстан (Татарстан), м.р-н Лаишевский, с.п. Габишевское, с Габишево, ул Уютная, з/у 8",Частная,"земельные участки, предназначенные для размещения домов индивидуальной жилой застройки",ЖИЛОЙ,0,нет,16:24:090704,743069.13,1319.8386,,,,,нет,нет,нет,нет,нет,да,нет,да,55.60336124178965,49.13658069767597
16:24:090704:3268,511.0,Земли населенных пунктов,Учтенный,"Местоположение установлено относительно ориентира, расположенного в границах участка. Почтовый адрес ориентира: Российская Федерация, Республика Татарстан (Татарстан), м.р-н Лаишевский, с.п. Габишевское, с Габишево, ул Александра Сергеева, з/у 91А.",Частная,"земельные участки, предназначенные для размещения домов индивидуальной жилой застройки",ЖИЛОЙ,0,нет,16:24:090704,916836.51,1794.2006,,,,,нет,нет,нет,нет,нет,да,нет,да,55.60978043989913,49.13313634181123
16:24:090704:2780,844.0,Земли населенных пунктов,Учтенный,"Местоположение установлено относительно ориентира, расположенного в границах участка. Почтовый адрес ориентира: Российская Федерация, Республика Татарстан (Татарстан), м.р-н Лаишевский, с.п. Габишевское, с Габишево, ул Александра Сергеева, з/у 108А.",Частная,"земельные участки, предназначенные для размещения домов индивидуальной жилой застройки",ЖИЛОЙ,0,нет,16:24:090704,1554941.04,1842.3472,,,,,нет,нет,нет,нет,нет,да,нет,да,55.60963016899592,49.12931295470544
16:24:090704:1693,470.0,Земли населенных пунктов,Учтенный,"Местоположение установлено относительно ориентира, расположенного в границах участка. Почтовый адрес ориентира: Российская Федерация, Республика Татарстан (Татарстан), м.р-н Лаишевский, с.п. Габишевское, с Габишево, ул Александра Сергеева, з/у 61Б.",Частная,"земельные участки, предназначенные для размещения домов индивидуальной жилой застройки",ЖИЛОЙ,0,нет,16:24:090704,768083.07,1634.2193,,,,,нет,нет,нет,нет,нет,да,нет,да,55.606881339450034,49.13746834508191
16:24:090704:1594,699.0,Земли населенных пунктов,Учтенный,"Местоположение установлено относительно ориентира, расположенного в границах участка. Почтовый адрес ориентира: Российская Федерация, Республика Татарстан (Татарстан), м.р-н Лаишевский, с.п. Габишевское, с Габишево, ул Ивана Матвеева, з/у 45.",Частная,"земельные участки, предназначенные для размещения домов индивидуальной жилой застройки",ЖИЛОЙ,0,нет,16:24:090704,1068555.78,1528.6921,,,,,нет,нет,нет,нет,нет,да,нет,да,55.60495698482697,49.13943969189303
16:24:090704:2763,500.0,Земли населенных пунктов,Учтенный,"Местоположение установлено относительно ориентира, расположенного в границах участка. Почтовый адрес ориентира: Российская Федерация, Республика Татарстан (Татарстан), м.р-н Лаишевский, с.п. Габишевское, с Габишево, ул Южная, з/у 4.",Частная,"земельные участки, предназначенные для размещения домов индивидуальной жилой застройки",ЖИЛОЙ,0,нет,16:24:090704,724120.5,1448.241,,,,,нет,нет,нет,нет,нет,да,нет,да,55.604042745710046,49.135917324348554
16:24:090704:1786,899.0,Земли населенных пунктов,Учтенный,"Местоположение установлено относительно ориентира, расположенного в границах участка. Почтовый адрес ориентира: Российская Федерация, Республика Татарстан (Татарстан), м.р-н Лаишевский, с.п. Габишевское, с Габишево, ул Ивана Матвеева, з/у 54В.",Частная,"земельные участки, предназначенные для размещения домов индивидуальной жилой застройки",ЖИЛОЙ,0,нет,16:24:090704,1351097.48,1502.8893,,,,,нет,нет,нет,нет,нет,да,нет,да,55.60476721396111,49.137638687363214
16:24:090704:2600,629.0,Земли населенных пунктов,Учтенный,"Российская Федерация, Республика Татарстан, Лаишевский муниципальный район, Габишевское сельское поселение, с Габишево, ул. Веселая",Частная,"Земельные участки, предназначенные для размещения домов индивидуальной жилой застройки",ЖИЛОЙ,0,нет,16:24:090704,960216.3,1526.576,,,,,нет,нет,нет,нет,нет,да,нет,да,55.60565756158115,49.13217663308901
16:24:090704:2877,528.0,Земли населенных пунктов,Учтенный,"Местоположение установлено относительно ориентира, расположенного в границах участка. Почтовый адрес ориентира: Российская Федерация, Республика Татарстан (Татарстан), м.р-н Лаишевский, с.п. Габишевское, с Габишево, пер Узорный, з/у 5А.",Частная,"земельные участки, предназначенные для размещения домов индивидуальной жилой застройки",ЖИЛОЙ,0,нет,16:24:090704,899638.34,1703.8605,,,,,нет,нет,нет,нет,нет,да,нет,да,55.60884270093251,49.13468100866319
16:24:090704:3205,713.0,Земли населенных пунктов,Учтенный,"Российская Федерация, Республика Татарстан (Татарстан), м.р-н Лаишевский, с.п. Габишевское, с Габишево, ул Луговая, з/у 14",Частная,"Земельные участки, предназначенные для размещения домов индивидуальной жилой застройки",ЖИЛОЙ,0,нет,16:24:090704,1104502.03,1549.0912,,,,,нет,нет,нет,нет,нет,да,нет,да,55.605721542442026,49.13014554374432
16:24:210101:467,23.0,Земли населенных пунктов,Ранее учтенный,"Местоположение установлено относительно ориентира, расположенного в границах участка. Почтовый адрес ориентира: Российская Федерация, Республика Татарстан (Татарстан), м.р-н Лаишевский, с.п. Габишевское, с Габишево, тер. ГПК Октябрьская, з/у 467Г.",Частная,для размещения гаража,ДРУГОЕ,0,нет,16:24:210101,36790.62,1599.5923,,,,,нет,нет,нет,нет,нет,нет,нет,да,55.61060968467418,49.138998253552515
16:24:090704:2727,583.0,Земли населенных пунктов,Учтенный,"Местоположение установлено относительно ориентира, расположенного в границах участка. Почтовый адрес ориентира: Российская Федерация, Республика Татарстан (Татарстан), м.р-н Лаишевский, с.п. Габишевское, с Габишево, ул Спортивная, з/у 7А.",Частная,"земельные участки, предназначенные для размещения домов индивидуальной жилой застройки",ЖИЛОЙ,0,нет,16:24:090704,999675.87,1714.7099,,,,,нет,нет,нет,нет,нет,да,нет,да,55.60742011508229,49.12797954556797
16:24:090704:2541,626.0,Земли населенных пунктов,Учтенный,"Местоположение установлено относительно ориентира, расположенного в границах участка. Почтовый адрес ориентира: Российская Федерация, Республика Татарстан (Татарстан), м.р-н Лаишевский, с.п. Габишевское, с Габишево, ул Спортивная, з/у 4А.",Частная,"земельные участки, предназначенные для размещения домов индивидуальной жилой застройки",ЖИЛОЙ,0,нет,16:24:090704,1102678.78,1761.4677,,,,,нет,нет,нет,нет,нет,да,нет,да,55.60822899856408,49.12818880643315
16:24:210101:2430,646.0,Земли населенных пунктов,Учтенный,"Местоположение установлено относительно ориентира, расположенного в границах участка. Почтовый адрес ориентира: Российская Федерация, Республика Татарстан (Татарстан), м.р-н Лаишевский, с.п. Габишевское, с Габишево, ул Державина, з/у 10.",Частная,Под малоэтажное жилищное строительство,ДРУГОЕ,0,нет,16:24:210101,1044883.17,1617.4662,,,,,нет,нет,нет,нет,нет,нет,нет,да,55.60647181145023,49.148653839665684
16:24:090704:2934,620.0,Земли населенных пунктов,Учтенный,"Российская Федерация, Республика Татарстан (Татарстан), м.р-н Лаишевский, с.п. Габишевское, с Габишево, ул Юности, з/у 9/1",Частная,"земельные участки, предназначенные для размещения домов индивидуальной жилой застройки",ЖИЛОЙ,0,нет,16:24:090704,1109206.54,1789.0428,,,,,нет,нет,нет,нет,нет,да,нет,да,55.60788786450607,49.126698674189804
16:24:090704:2578,696.0,Земли населенных пунктов,Учтенный,"Местоположение установлено относительно ориентира, расположенного в границах участка. Почтовый адрес ориентира: Российская Федерация, Республика Татарстан (Татарстан), м.р-н Лаишевский, с.п. Габишевское, с Габишево, ул Спортивная, з/у 3А.",Частная,"земельные участки, предназначенные для размещения домов индивидуальной жилой застройки",ЖИЛОЙ,0,нет,16:24:090704,1142676.03,1641.7759,,,,,нет,нет,нет,нет,нет,да,нет,да,55.60789603859105,49.12880835601029
16:24:090704:2703,697.0,Земли населенных пунктов,Учтенный,"Местоположение установлено относительно ориентира, расположенного в границах участка. Почтовый адрес ориентира: Российская Федерация, Республика Татарстан (Татарстан), м.р-н Лаишевский, с.п. Габишевское, с Габишево, ул Юности, з/у 4А.",Частная,"земельные участки, предназначенные для размещения домов индивидуальной жилой застройки",ЖИЛОЙ,0,нет,16:24:090704,1269098.99,1820.802,,,,,нет,нет,нет,нет,нет,да,нет,да,55.60884165053003,49.12711255546488
16:24:090704:2679,800.0,Земли населенных пунктов,Учтенный,"Российская Федерация, Республика Татарстан (Татарстан), м.р-н Лаишевский, с.п. Габишевское, с Габишево, ул Лучистая, з/у 11",Частная,"земельные участки, предназначенные для размещения домов индивидуальной жилой застройки",ЖИЛОЙ,0,нет,16:24:090704,1281507.68,1601.8846,,,,,нет,нет,нет,нет,нет,да,нет,да,55.606723802430466,49.12882724058783
16:24:210101:24,1328.0,Земли населенных пунктов,Ранее учтенный,"Местоположение установлено относительно ориентира, расположенного в границах участка. Почтовый адрес ориентира: Российская Федерация, Республика Татарстан (Татарстан), м.р-н Лаишевский, с.п. Габишевское, с Габишево, ул Вахитовская, з/у 43.",,Для индивидуального жилищного строительства,ИЖС,0,нет,16:24:210101,2766338.47,2083.0862,,,,,да,да,нет,нет,нет,да,нет,да,55.614352903073645,49.133852876942115
16:24:090704:2792,576.0,Земли населенных пунктов,Учтенный,"Местоположение установлено относительно ориентира, расположенного в границах участка. Почтовый адрес ориентира: Российская Федерация, Республика Татарстан (Татарстан), м.р-н Лаишевский, с.п. Габишевское, с Габишево, ул Александра Сергеева, з/у 96А.",Частная,"земельные участки, предназначенные для размещения домов индивидуальной жилой застройки",ЖИЛОЙ,0,нет,16:24:090704,1037881.73,1801.878,,,,,нет,нет,нет,нет,нет,да,нет,да,55.61002338523637,49.131881419116475
16:24:210101:3422,667.0,Земли населенных пунктов,Учтенный,"Местоположение установлено относительно ориентира, расположенного в границах участка. Почтовый адрес ориентира: Российская Федерация, Республика Татарстан (Татарстан), м.р-н Лаишевский, с.п. Габишевское, с Габишево, пр-кт Молодежный, з/у 7/2.",Частная,Блокированные односемейные дома с участками,ДРУГОЕ,0,нет,16:24:210101,1273540.79,1909.3565,,,,,нет,нет,нет,нет,нет,нет,нет,да,55.6120056775447,49.13842992299408
16:24:090704:2526,666.0,Земли населенных пунктов,Учтенный,"Местоположение установлено относительно ориентира, расположенного в границах участка. Почтовый адрес ориентира: Российская Федерация, Республика Татарстан (Татарстан), м.р-н Лаишевский, с.п. Габишевское, с Габишево, ул Зеленая, з/у 5.",Частная,"земельные участки, предназначенные для размещения домов индивидуальной жилой застройки",ЖИЛОЙ,0,нет,16:24:090704,961234.94,1443.2957,,,,,нет,нет,нет,нет,нет,да,нет,да,55.603190705123964,49.138935241143486
16:24:090704:2051,695.0,Земли населенных пунктов,Учтенный,"Местоположение установлено относительно ориентира, расположенного в границах участка. Почтовый адрес ориентира: Российская Федерация, Республика Татарстан (Татарстан), м.р-н Лаишевский, с.п. Габишевское, с Габишево, ул Веселая, з/у 3.",Частная,"земельные участки, предназначенные для размещения домов индивидуальной жилой застройки",ЖИЛОЙ,0,нет,16:24:090704,1073010.71,1543.9003,,,,,нет,нет,нет,нет,нет,да,нет,да,55.60553960970748,49.133349233510444
16:24:090704:4152,674.0,Земли населенных пунктов,Учтенный,"Местоположение установлено относительно ориентира, расположенного в границах участка. Почтовый адрес ориентира: Российская Федерация, Республика Татарстан (Татарстан), м.р-н Лаишевский, с.п. Габишевское, с Габишево, ул Александра Сергеева, з/у 92А.",Частная,"земельные участки, предназначенные для размещения домов индивидуальной жилой застройки",ЖИЛОЙ,0,нет,16:24:090704,1186808.72,1760.84,,,,,нет,нет,нет,нет,нет,да,нет,да,55.6092729707209,49.13194209128613
16:24:090704:1274,999.0,Земли населенных пунктов,Учтенный,"Местоположение установлено относительно ориентира, расположенного в границах участка. Почтовый адрес ориентира: Российская Федерация, Республика Татарстан (Татарстан), м.р-н Лаишевский, с.п. Габишевское, с Габишево, ул Уютная, з/у 3.",Частная,"земельные участки, предназначенные для размещения домов индивидуальной жилой застройки",ЖИЛОЙ,0,нет,16:24:090704,1417018.66,1418.4371,,,,,нет,нет,нет,нет,нет,да,нет,да,55.603627542019225,49.13755633230607
16:24:090704:1231,839.0,Земли населенных пунктов,Учтенный,"Местоположение установлено относительно ориентира, расположенного в границах участка. Почтовый адрес ориентира: Российская Федерация, Республика Татарстан (Татарстан), м.р-н Лаишевский, с.п. Габишевское, с Габишево, ул Александра Сергеева, з/у 77.",Частная,"земельные участки, предназначенные для размещения домов индивидуальной жилой застройки",ЖИЛОЙ,0,нет,16:24:090704,1348629.66,1607.4251,,,,,нет,нет,нет,нет,нет,да,нет,да,55.60812310330474,49.1346239401837
16:24:090704:4153,719.0,Земли населенных пунктов,Учтенный,"Местоположение установлено относительно ориентира, расположенного в границах участка. Почтовый адрес ориентира: Российская Федерация, Республика Татарстан (Татарстан), м.р-н Лаишевский, с.п. Габишевское, с Габишево, ул Александра Сергеева, з/у 90А.",Частная,"земельные участки, предназначенные для размещения домов индивидуальной жилой застройки",ЖИЛОЙ,0,нет,16:24:090704,1234284.44,1716.67,,,,,нет,нет,нет,нет,нет,да,нет,да,55.60906178035546,49.13222717041563
16:24:090704:2598,698.0,Земли населенных пунктов,Учтенный,"Российская Федерация, Республика Татарстан (Татарстан), м.р-н Лаишевский, с.п. Габишевское, с Габишево, ул Веселая, з/у 10",Частная,"Земельные участки, предназначенные для размещения домов индивидуальной жилой застройки",ЖИЛОЙ,0,нет,16:24:090704,1057749.69,1515.4007,,,,,нет,нет,нет,нет,нет,да,нет,да,55.60547269291613,49.13176981916644
16:24:090704:3278,600.0,Земли населенных пунктов,Учтенный,"Местоположение установлено относительно ориентира, расположенного в границах участка. Почтовый адрес ориентира: Российская Федерация, Республика Татарстан (Татарстан), м.р-н Лаишевский, с.п. Габишевское, с Габишево, ул Александра Сергеева, з/у 83А.",Частная,"земельные участки, предназначенные для размещения домов индивидуальной жилой застройки",ЖИЛОЙ,0,нет,16:24:090704,1043117.52,1738.5292,,,,,нет,нет,нет,нет,нет,да,нет,да,55.60898186773302,49.133225217497746
16:24:090704:1603,748.0,Земли населенных пунктов,Учтенный,"Местоположение установлено относительно ориентира, расположенного в границах участка. Почтовый адрес ориентира: Российская Федерация, Республика Татарстан (Татарстан), м.р-н Лаишевский, с.п. Габишевское, с Габишево, ул Александра Сергеева, з/у 50.",Частная,"земельные участки, предназначенные для размещения домов индивидуальной жилой застройки",ЖИЛОЙ,0,нет,16:24:090704,1171967.45,1566.8014,,,,,нет,нет,нет,нет,нет,да,нет,да,55.60548031193523,49.13847803519009
16:24:090704:2638,695.0,Земли населенных пунктов,Учтенный,"Российская Федерация, Республика Татарстан (Татарстан), м.р-н Лаишевский, с.п. Габишевское, с Габишево, ул Жемчужная, з/у 10",Частная,"земельные участки, предназначенные для размещения домов индивидуальной жилой застройки",ЖИЛОЙ,0,нет,16:24:090704,1054078.14,1516.6592,,,,,нет,нет,нет,нет,нет,да,нет,да,55.604837204811034,49.13283805683682
16:24:090704:3239,686.0,Земли населенных пунктов,Учтенный,"Российская Федерация, Республика Татарстан (Татарстан), м.р-н Лаишевский, с.п. Габишевское, с Габишево, ул Александра Сергеева, з/у 86",Частная,"земельные участки, предназначенные для размещения домов индивидуальной жилой застройки",ЖИЛОЙ,0,нет,16:24:090704,1160336.21,1691.4522,,,,,нет,нет,нет,нет,нет,да,нет,да,55.60880495220606,49.13277769635913
16:24:090704:2601,626.0,Земли населенных пунктов,Учтенный,"Российская Федерация, Республика Татарстан (Татарстан), м.р-н Лаишевский, с.п. Габишевское, с Габишево, ул Веселая, з/у 6",Частная,"Земельные участки, предназначенные для размещения домов индивидуальной жилой застройки",ЖИЛОЙ,0,нет,16:24:090704,966809.42,1544.424,,,,,нет,нет,нет,нет,нет,да,нет,да,55.605782885282,49.132309786986475
16:24:090704:3163,666.0,Земли населенных пунктов,Учтенный,"Российская Федерация, Республика Татарстан (Татарстан), м.р-н Лаишевский, с.п. Габишевское, с Габишево, ул Александра Сергеева, з/у 80",Частная,"земельные участки, предназначенные для размещения домов индивидуальной жилой застройки",ЖИЛОЙ,0,нет,16:24:090704,1099213.75,1650.4711,,,,,нет,нет,нет,нет,нет,да,нет,да,55.608203256082945,49.1334758531548
16:24:090704:3501,410.0,Земли населенных пунктов,Учтенный,"Местоположение установлено относительно ориентира, расположенного в границах участка. Почтовый адрес ориентира: Российская Федерация, Республика Татарстан (Татарстан), м.р-н Лаишевский, с.п. Габишевское, с Габишево, пер Узорный, з/у 3А.",Частная,"земельные участки, предназначенные для размещения домов индивидуальной жилой застройки",ЖИЛОЙ,0,нет,16:24:090704,698582.8,1703.8605,,,,,нет,нет,нет,нет,нет,да,нет,да,55.60912604522406,49.134915112224505
16:24:090704:3320,453.0,Земли населенных пунктов,Учтенный,"Российская Федерация, Республика Татарстан (Татарстан), м.р-н Лаишевский, с.п. Габишевское, с Габишево, ул Александра Сергеева, з/у 51Б",Частная,"земельные участки, предназначенные для размещения домов индивидуальной жилой застройки",ЖИЛОЙ,0,нет,16:24:090704,727138.43,1605.1621,,,,,нет,нет,нет,нет,нет,да,нет,да,55.60627439050092,49.13890856601393
16:24:210101:3826,743.0,Земли населенных пунктов,Учтенный,"Российская Федерация, Республика Татарстан (Татарстан), м.р-н Лаишевский, с.п. Габишевское, с Габишево, ул Вахитовская, з/у 37",Частная,Для индивидуального жилищного строительства,ИЖС,0,нет,16:24:210101,1537231.86,2068.9527,,,,,нет,да,нет,нет,нет,да,нет,да,55.61443960265283,49.135227363065255
16:24:210101:469,21.0,Земли населенных пунктов,Ранее учтенный,"Местоположение установлено относительно ориентира, расположенного в границах участка. Почтовый адрес ориентира: Российская Федерация, Республика Татарстан (Татарстан), м.р-н Лаишевский, с.п. Габишевское, с Габишево, тер. ГПК Октябрьская, з/у 469Г.",Частная,для размещения гаража,ДРУГОЕ,0,нет,16:24:210101,33591.44,1599.5923,,,,,нет,нет,нет,нет,нет,нет,нет,да,55.61067427424096,49.13900820167684
16:24:210101:3393,845.0,Земли населенных пунктов,Учтенный,"Российская Федерация, Республика Татарстан (Татарстан), м.р-н Лаишевский, с.п. Габишевское, с Габишево, ул Приволжская, з/у 45А",Частная,для индивидуального жилищного строительства,ИЖС,0,нет,16:24:210101,1515988.39,1794.0691,,,,,нет,да,нет,нет,нет,да,нет,да,55.60994076778089,49.13479513856716
16:24:210101:455,24.0,Земли населенных пунктов,Ранее учтенный,"Местоположение установлено относительно ориентира, расположенного в границах участка. Почтовый адрес ориентира: Российская Федерация, Республика Татарстан (Татарстан), м.р-н Лаишевский, с.п. Габишевское, с Габишево, тер. ГПК Октябрьская, з/у 455Г.",Частная,Для размещения гаража,ДРУГОЕ,0,нет,16:24:210101,38390.22,1599.5923,,,,,нет,нет,нет,нет,нет,нет,нет,да,55.61022248986124,49.138937043067656
16:24:210101:3995,1560.0,Земли населенных пунктов,Учтенный,"Российская Федерация, Республика Татарстан, Лаишевский муниципальный район, Габишевское сельское поселение, с. Габишево, ул. Марджани, д. 1",Частная,для индивидуального жилищного строительства,ИЖС,0,нет,16:24:210101,2548321.0,1633.54,,,,,нет,да,нет,нет,нет,да,нет,да,55.609542038669936,49.148002090440286
16:24:090704:1630,24731.0,Земли населенных пунктов,Учтенный,"Местоположение установлено относительно ориентира, расположенного в границах участка. Почтовый адрес ориентира: Российская Федерация, Республика Татарстан (Татарстан), м.р-н Лаишевский, с.п. Габишевское, с Габишево, ул Ивана Матвеева, з/у 95.",Муниципальная,Образование и просвещение ,ДРУГОЕ,0,нет,16:24:090704,15540757.61,628.3918,,,,,да,нет,нет,нет,нет,нет,нет,да,55.609186025988535,49.130734022368465
16:24:210101:44,,Земли населенных пунктов,Ранее учтенный,"Местоположение установлено относительно ориентира, расположенного в границах участка. Почтовый адрес ориентира: Российская Федерация, Республика Татарстан (Татарстан), м.р-н Лаишевский, с.п. Габишевское, с Габишево, пр-кт Молодежный, з/у 26.",,Индивидуальное жилищное строительство,ДРУГОЕ,0,нет,16:24:210101,3156051.41,1967.6131,,,,,да,нет,нет,нет,нет,нет,нет,да,55.61295377228771,49.137248855930146
16:24:210101:56,,Земли населенных пунктов,Ранее учтенный,"Местоположение установлено относительно ориентира, расположенного в границах участка. Почтовый адрес ориентира: Российская Федерация, Республика Татарстан (Татарстан), м.р-н Лаишевский, с.п. Габишевское, с Габишево, пр-кт Молодежный, з/у 50.",,Индивидуальное жилищное строительство,ДРУГОЕ,0,нет,16:24:210101,2492330.28,2076.9419,,,,,да,нет,нет,нет,нет,нет,нет,да,55.6133481638434,49.13154885781412
16:24:210201:24,161331.0,Земли особо охраняемых территорий и объектов,Учтенный,"Республика Татарстан, Лаишевский муниципальный район, Габишевское сельское поселение",Муниципальная,для размещения лугопарка,ДРУГОЕ,0,нет,16:24:210201,367786.28,2.2797,,,,,да,нет,нет,нет,нет,нет,нет,нет,55.60161398520885,49.15038008426523
16:24:210101:11,1527.0,Земли населенных пунктов,Ранее учтенный,"Местоположение установлено относительно ориентира, расположенного в границах участка. Почтовый адрес ориентира: Российская Федерация, Республика Татарстан (Татарстан), м.р-н Лаишевский, с.п. Габишевское, с Габишево, ул Вахитовская, з/у 17.",,Для строительства индивидуального жилого дома,ЖИЛОЙ,0,нет,16:24:210101,2785088.89,1823.8958,,,,,да,нет,нет,нет,нет,да,нет,да,55.61406205554135,49.140036760685845
16:24:210101:164,1136.0,Земли населенных пунктов,Ранее учтенный,"Местоположение установлено относительно ориентира, расположенного в границах участка. Почтовый адрес ориентира: Российская Федерация, Республика Татарстан (Татарстан), м.р-н Лаишевский, с.п. Габишевское, с Габишево, ул Тукая, з/у 16.",Частная,Под жилую застройку Индивидуальную,ДРУГОЕ,0,нет,16:24:210101,2165242.58,1906.02,,,,,нет,нет,нет,нет,нет,нет,нет,да,55.61114128699937,49.13253657078485
16:24:210101:3906,1093.0,Земли населенных пунктов,Учтенный,"Республика Татарстан, Лаишевский муниципальный  район, Габишевское сельское поселение,  с Габишево, ул. им Мусы Джалиля, д. 33А ",Частная,для индивидуального жилищного строительства,ИЖС,0,нет,16:24:210101,1883214.41,1722.98,,,,,нет,да,нет,нет,нет,да,нет,да,55.60889990535317,49.13651666713167
16:24:210101:690,1015.0,Земли населенных пунктов,Ранее учтенный,"Местоположение установлено относительно ориентира, расположенного в границах участка. Почтовый адрес ориентира: Российская Федерация, Республика Татарстан (Татарстан), м.р-н Лаишевский, с.п. Габишевское, с Габишево, ул Тукая, з/у 17А.",,Под жилую застройку индивидуальную,ДРУГОЕ,0,нет,16:24:210101,2081874.52,2051.11,,,,,да,нет,нет,нет,нет,нет,нет,да,55.6116702504525,49.13227108224271
16:24:210101:3478,27.0,Земли населенных пунктов,Учтенный,"Местоположение установлено относительно ориентира, расположенного в границах участка. Почтовый адрес ориентира: Российская Федерация, Республика Татарстан, Лаишевский муниципальный район, Габишевское сельское поселение, с Габишево.",Частная,хранение автотранспорта (гараж),ТРАНСПОРТ,0,нет,16:24:210101,44759.85,1657.7722,,,,,нет,нет,нет,нет,нет,нет,нет,да,55.6115396843453,49.13919593285275
16:24:210101:476,,Земли населенных пунктов,Ранее учтенный,"Российская Федерация, Республика Татарстан (Татарстан), м.р-н Лаишевский, с.п. Габишевское, с Габишево, тер. ГПК Октябрьская, з/у 476Г",Муниципальная,Размещение гаражей для собственных нужд,ДРУГОЕ,0,нет,16:24:210101,41176.86,1647.07,,,,,да,нет,нет,нет,нет,нет,нет,да,55.610956562117835,49.13902508113084
16:24:210101:624,,Земли населенных пунктов,Ранее учтенный,"Местоположение установлено относительно ориентира, расположенного в границах участка. Почтовый адрес ориентира: Республика Татарстан, р-н. Лаишевский, с. Габишево.",Муниципальная,Размещение гаражей для собственных нужд,ДРУГОЕ,0,нет,16:24:210101,681605.3,1654.38,,,,,да,нет,нет,нет,нет,нет,нет,да,55.61147465980336,49.13918565112158
16:24:090704:1691,597.0,Земли населенных пунктов,Учтенный,"Российская Федерация, Республика Татарстан (Татарстан), м.р-н Лаишевский, с.п. Габишевское, с Габишево, ул Александра Сергеева, з/у 102А",Частная,"земельные участки, предназначенные для размещения домов индивидуальной жилой застройки",ЖИЛОЙ,0,нет,16:24:090704,1114496.26,1866.8279,,,,,нет,нет,нет,нет,нет,да,нет,да,55.610285045203725,49.13033424708802
16:24:210101:166,,Земли населенных пунктов,Ранее учтенный,"Местоположение установлено относительно ориентира, расположенного в границах участка. Почтовый адрес ориентира: Российская Федерация, Республика Татарстан (Татарстан), м.р-н Лаишевский, с.п. Габишевское, с Габишево, ул Тукая, з/у 20.",Частная,Под жилую застройку Индивидуальную,ДРУГОЕ,0,нет,16:24:210101,2409182.23,1906.0,,,,,нет,нет,нет,нет,нет,нет,нет,да,55.61110356800011,49.131819508673836
16:24:210101:73,,Земли населенных пунктов,Ранее учтенный,"Российская Федерация, Республика Татарстан (Татарстан), м.р-н Лаишевский, с.п. Габишевское, с Габишево, ул Бауманская, з/у 5",,Для индивидуального жилищного строительства,ИЖС,0,нет,16:24:210101,1552287.82,1755.98,,,,,да,да,нет,нет,нет,да,нет,да,55.61361215293906,49.141779226252694
16:24:090704:3286,517.0,Земли населенных пунктов,Учтенный,"Местоположение установлено относительно ориентира, расположенного в границах участка. Почтовый адрес ориентира: Российская Федерация, Республика Татарстан (Татарстан), м.р-н Лаишевский, с.п. Габишевское, с Габишево, ул Александра Сергеева, з/у 83В.",Частная,"земельные участки, предназначенные для размещения домов индивидуальной жилой застройки",ЖИЛОЙ,0,нет,16:24:090704,898819.6,1738.5292,,,,,нет,нет,нет,нет,нет,да,нет,да,55.609326797655015,49.132956997308305
16:24:210101:251,,Земли населенных пунктов,Ранее учтенный,"Местоположение установлено относительно ориентира, расположенного в границах участка. Почтовый адрес ориентира: Российская Федерация, Республика Татарстан (Татарстан), м.р-н Лаишевский, с.п. Габишевское, с Габишево, ул Кировская, з/у 3.",,Индивидуальное строительство жилого дома,ЖИЛОЙ,0,нет,16:24:210101,1436879.53,1657.3005,,,,,да,нет,нет,нет,нет,да,нет,да,55.61000800739586,49.14375641161649
16:24:210101:358,,Земли населенных пунктов,Ранее учтенный,"Местоположение установлено относительно ориентира, расположенного в границах участка. Почтовый адрес ориентира: Российская Федерация, Республика Татарстан (Татарстан), м.р-н Лаишевский, с.п. Габишевское, с Габишево, ул Казанская, з/у 25.",,индивидуальное жилищное строительство,ДРУГОЕ,0,нет,16:24:210101,2197823.42,1690.6334,,,,,да,нет,нет,нет,нет,нет,нет,да,55.60587703701215,49.14174582698077
16:24:000000:6983,132255.0,Земли населенных пунктов,Учтенный,"Российская Федерация, Республика Татарстан, Лаишевский муниципальный район, Габишевское сельское поселение. с. Габишево",Муниципальная,Улично-дорожная сеть – 12.0.1.,ДРУГОЕ,0,нет,16:24:000000,81771838.15,618.29,,,,,да,нет,нет,нет,нет,нет,нет,да,55.60571829726736,49.13625870011238
16:24:090704:1664,551.0,Земли населенных пунктов,Учтенный,"Местоположение установлено относительно ориентира, расположенного в границах участка. Почтовый адрес ориентира: Российская Федерация, Республика Татарстан (Татарстан), м.р-н Лаишевский, с.п. Габишевское, с Габишево, ул Александра Сергеева, з/у 14А.",Частная,"Земельные участки, предназначенные для размещения домов индивидуальной жилой застройки",ЖИЛОЙ,0,нет,16:24:090704,874781.26,1587.6248,,,,,нет,нет,нет,нет,нет,да,нет,да,55.60459822959498,49.14625520345597
16:24:090704:2107,733.0,Земли населенных пунктов,Учтенный,"Местоположение установлено относительно ориентира, расположенного в границах участка. Почтовый адрес ориентира: Российская Федерация, Республика Татарстан (Татарстан), м.р-н Лаишевский, с.п. Габишевское, с Габишево, ул Алексея Малышева, з/у 27.",Частная,"Земельные участки, предназначенные для размещения домов индивидуальной жилой застройки",ЖИЛОЙ,0,нет,16:24:090704,1161816.21,1585.0153,,,,,нет,нет,нет,нет,нет,да,нет,да,55.60363112975498,49.143316927575654
16:24:090704:2108,733.0,Земли населенных пунктов,Учтенный,"Местоположение установлено относительно ориентира, расположенного в границах участка. Почтовый адрес ориентира: Российская Федерация, Республика Татарстан (Татарстан), м.р-н Лаишевский, с.п. Габишевское, с Габишево, ул Алексея Малышева, з/у 27А.",Частная,"Земельные участки, предназначенные для размещения домов индивидуальной жилой застройки",ЖИЛОЙ,0,нет,16:24:090704,1161816.21,1585.0153,,,,,нет,нет,нет,нет,нет,да,нет,да,55.60365351428004,49.14303660512138
16:24:090704:2044,668.0,Земли населенных пунктов,Учтенный,"Российская Федерация, Республика Татарстан (Татарстан), м.р-н Лаишевский, с.п. Габишевское, с Габишево, ул Александра Сергеева, з/у 25",Частная,"Земельные участки, предназначенные для размещения домов индивидуальной жилой застройки",ЖИЛОЙ,0,нет,16:24:090704,1089469.79,1630.9428,,,,,нет,нет,нет,нет,нет,да,нет,да,55.60522766239654,49.14381116152449
16:24:090704:1324,1100.0,Земли населенных пунктов,Учтенный,"Российская Федерация, Республика Татарстан (Татарстан), м.р-н Лаишевский, с.п. Габишевское, с Габишево, ул Ивана Матвеева, з/у 20",,"земельные участки, предназначенные для размещения домов индивидуальной жилой застройки",ЖИЛОЙ,0,нет,16:24:090704,1720622.53,1564.2023,,,,,да,нет,нет,нет,нет,да,нет,да,55.603792518418096,49.14506913057055
16:24:090704:1297,1000.0,Земли населенных пунктов,Учтенный,"Местоположение установлено относительно ориентира, расположенного в границах участка. Почтовый адрес ориентира: Российская Федерация, Республика Татарстан (Татарстан), м.р-н Лаишевский, с.п. Габишевское, с Габишево, ул Звездная, з/у 6.",Частная,"земельные участки, предназначенные для размещения домов индивидуальной жилой застройки",ЖИЛОЙ,0,нет,16:24:090704,1466601.8,1466.6018,,,,,нет,нет,нет,нет,нет,да,нет,да,55.60258425491994,49.14410862573346
16:24:090704:953,1738.0,Земли населенных пунктов,Учтенный,"Российская Федерация, Республика Татарстан (Татарстан), м.р-н Лаишевский, с.п. Габишевское, с Габишево, ул Александра Сергеева, з/у 1",Частная,"земельные участки, предназначенные для размещения домов индивидуальной жилой застройки",ЖИЛОЙ,0,нет,16:24:090704,2650165.66,1524.8364,,,,,нет,нет,нет,нет,нет,да,нет,да,55.604561355776184,49.14937989423853
16:24:090704:1151,999.0,Земли населенных пунктов,Учтенный,"Местоположение установлено относительно ориентира, расположенного в границах участка. Почтовый адрес ориентира: Российская Федерация, Республика Татарстан (Татарстан), м.р-н Лаишевский, с.п. Габишевское, с Габишево, ул Александра Сергеева, з/у 4.",Частная,"земельные участки, предназначенные для размещения домов индивидуальной жилой застройки",ЖИЛОЙ,0,нет,16:24:090704,1527969.9,1529.4994,,,,,нет,нет,нет,нет,нет,да,нет,да,55.604199650609395,49.14840152486405
16:24:090704:1201,1333.0,Земли населенных пунктов,Учтенный,"Местоположение установлено относительно ориентира, расположенного в границах участка. Почтовый адрес ориентира: Российская Федерация, Республика Татарстан (Татарстан), м.р-н Лаишевский, с.п. Габишевское, с Габишево, ул Алексея Малышева, з/у 3.",Частная,"земельные участки, предназначенные для размещения домов индивидуальной жилой застройки",ЖИЛОЙ,0,нет,16:24:090704,1914262.38,1436.0558,,,,,нет,нет,нет,нет,нет,да,нет,да,55.60298107469791,49.14854905671646
16:24:210101:9,1039.0,Земли населенных пунктов,Ранее учтенный,"Местоположение установлено относительно ориентира, расположенного в границах участка. Почтовый адрес ориентира: Российская Федерация, Республика Татарстан (Татарстан), м.р-н Лаишевский, с.п. Габишевское, с Габишево, ул Вахитовская, з/у 13.",,Индивидуальное жилищное строительство,ДРУГОЕ,0,нет,16:24:210101,1808233.83,1740.3598,,,,,да,нет,нет,нет,нет,нет,нет,да,55.61372344525934,49.142867299538906
16:24:090704:2675,666.0,Земли населенных пунктов,Учтенный,"Местоположение установлено относительно ориентира, расположенного в границах участка. Почтовый адрес ориентира: Российская Федерация, Республика Татарстан (Татарстан), м.р-н Лаишевский, с.п. Габишевское, с Габишево, ул Алексея Малышева, з/у 7.",Частная,"земельные участки, предназначенные для размещения домов индивидуальной жилой застройки",ЖИЛОЙ,0,нет,16:24:090704,1001440.29,1503.6641,,,,,нет,нет,нет,нет,нет,да,нет,да,55.60313433806304,49.14755310882144
16:24:090704:954,1000.0,Земли населенных пунктов,Учтенный,"Российская Федерация, Республика Татарстан (Татарстан), м.р-н Лаишевский, с.п. Габишевское, с Габишево, ул Александра Сергеева, з/у 6",Частная,"земельные участки, предназначенные для размещения домов индивидуальной жилой застройки",ЖИЛОЙ,0,нет,16:24:090704,1540429.6,1540.4296,,,,,нет,нет,нет,нет,нет,да,нет,да,55.604245174436166,49.14801345379074
16:24:090704:912,896.0,Земли населенных пунктов,Учтенный,"Местоположение установлено относительно ориентира, расположенного в границах участка. Почтовый адрес ориентира: Российская Федерация, Республика Татарстан (Татарстан), м.р-н Лаишевский, с.п. Габишевское, с Габишево, ул Озерная, з/у 2.",Частная,"земельные участки, предназначенные для размещения домов индивидуальной жилой застройки",ЖИЛОЙ,0,нет,16:24:090704,1317944.86,1470.92,,,,,нет,нет,нет,нет,нет,да,нет,да,55.60276074903801,49.146906122217295
16:24:090704:955,1000.0,Земли населенных пунктов,Учтенный,"Местоположение установлено относительно ориентира, расположенного в границах участка. Почтовый адрес ориентира: Российская Федерация, Республика Татарстан (Татарстан), м.р-н Лаишевский, с.п. Габишевское, с Габишево, ул Ивана Матвеева, з/у 14.",Частная,"земельные участки, предназначенные для размещения домов индивидуальной жилой застройки",ЖИЛОЙ,0,нет,16:24:090704,1539173.8,1539.1738,,,,,нет,нет,нет,нет,нет,да,нет,да,55.60351486971328,49.14660233525924
16:24:210101:3,,Земли населенных пунктов,Ранее учтенный,"Местоположение установлено относительно ориентира, расположенного в границах участка. Почтовый адрес ориентира: Республика Татарстан, р-н. Лаишевский, с. Габишево.",,Под жилую застройку Индивидуальную,ДРУГОЕ,0,нет,16:24:210101,1875905.43,1714.72,,,,,да,нет,нет,нет,нет,нет,нет,да,55.61364539213294,49.1445486550626
16:24:090704:1351,1100.0,Земли населенных пунктов,Учтенный,"Местоположение установлено относительно ориентира, расположенного в границах участка. Почтовый адрес ориентира: Российская Федерация, Республика Татарстан (Татарстан), м.р-н Лаишевский, с.п. Габишевское, с Габишево, ул Ивана Матвеева, з/у 21.",Частная,"земельные участки, предназначенные для размещения домов индивидуальной жилой застройки",ЖИЛОЙ,0,нет,16:24:090704,1743465.13,1584.9683,,,,,нет,нет,нет,нет,нет,да,нет,да,55.60430607874555,49.14436582780776
16:24:210101:10,,Земли населенных пунктов,Ранее учтенный,"Местоположение установлено относительно ориентира, расположенного в границах участка. Почтовый адрес ориентира: Российская Федерация, Республика Татарстан (Татарстан), м.р-н Лаишевский, с.п. Габишевское, с Габишево, ул Вахитовская, з/у 15.",Частная,Под жилую застройку Индивидуальную,ДРУГОЕ,0,нет,16:24:210101,1902311.68,1743.64,,,,,нет,нет,нет,нет,нет,нет,нет,да,55.61373646218393,49.14245740795055
16:24:090704:2493,169.0,Земли населенных пунктов,Учтенный,"Местоположение установлено относительно ориентира, расположенного в границах участка. Почтовый адрес ориентира: Российская Федерация, Республика Татарстан, Лаишевский муниципальный район, Габишевское сельское поселение, с Габишево, ул. Александра Сергеева, з/у 21.",Частная,"земельные участки, предназначенные для размещения домов индивидуальной жилой застройки",ЖИЛОЙ,0,нет,16:24:090704,273883.01,1620.6095,,,,,нет,нет,нет,нет,нет,да,нет,да,55.60528704727306,49.14459785145263
16:24:090704:1579,823.0,Земли населенных пунктов,Учтенный,"Местоположение установлено относительно ориентира, расположенного в границах участка. Почтовый адрес ориентира: Российская Федерация, Республика Татарстан (Татарстан), м.р-н Лаишевский, с.п. Габишевское, с Габишево, ул Александра Сергеева, з/у 17.",Частная,"земельные участки, предназначенные для размещения домов индивидуальной жилой застройки",ЖИЛОЙ,0,нет,16:24:090704,1331040.78,1617.3035,,,,,нет,нет,нет,нет,нет,да,нет,да,55.60507350655956,49.14532874662882
16:24:090704:1578,1049.0,Земли населенных пунктов,Учтенный,"Местоположение установлено относительно ориентира, расположенного в границах участка. Почтовый адрес ориентира: Российская Федерация, Республика Татарстан (Татарстан), м.р-н Лаишевский, с.п. Габишевское, с Габишево, ул Александра Сергеева, з/у 19.",Частная,"земельные участки, предназначенные для размещения домов индивидуальной жилой застройки",ЖИЛОЙ,0,нет,16:24:090704,1700135.18,1620.72,,,,,нет,нет,нет,нет,нет,да,нет,да,55.60516582845054,49.1449921480091
16:24:090704:1311,896.0,Земли населенных пунктов,Учтенный,"Местоположение установлено относительно ориентира, расположенного в границах участка. Почтовый адрес ориентира: Российская Федерация, Республика Татарстан (Татарстан), м.р-н Лаишевский, с.п. Габишевское, с Габишево, ул Лунная, з/у 5.",Частная,"земельные участки, предназначенные для размещения домов индивидуальной жилой застройки",ЖИЛОЙ,0,нет,16:24:090704,1334431.88,1489.3213,,,,,нет,нет,нет,нет,нет,да,нет,да,55.602386233720416,49.14618841931678
16:24:210101:77,,Земли населенных пунктов,Ранее учтенный,"Местоположение установлено относительно ориентира, расположенного в границах участка. Почтовый адрес ориентира: Республика Татарстан, Лаишевский муниципальный район, Габишевское сельское поселение, с Габишево.",Частная,Под жилую застройку Индивидуальную,ДРУГОЕ,0,нет,16:24:210101,2012307.58,1751.36,,,,,нет,нет,нет,нет,нет,нет,нет,да,55.612640083439146,49.1414830983921
16:24:210101:4,,Земли населенных пунктов,Ранее учтенный,"Местоположение установлено относительно ориентира, расположенного в границах участка. Почтовый адрес ориентира: Российская Федерация, Республика Татарстан (Татарстан), м.р-н Лаишевский, с.п. Габишевское, с Габишево, ул Вахитовская, з/у 7/1.",,Под жилую застройку Индивидуальную,ДРУГОЕ,0,нет,16:24:210101,1399539.57,1723.57,,,,,да,нет,нет,нет,нет,нет,нет,да,55.61372324123046,49.14419541958215
16:24:090704:1150,1000.0,Земли населенных пунктов,Учтенный,"Местоположение установлено относительно ориентира, расположенного в границах участка. Почтовый адрес ориентира: Российская Федерация, Республика Татарстан (Татарстан), м.р-н Лаишевский, с.п. Габишевское, с Габишево, ул Ивана Матвеева, з/у 5.",Частная,"земельные участки, предназначенные для размещения домов индивидуальной жилой застройки",ЖИЛОЙ,0,нет,16:24:090704,1519180.3,1519.1803,,,,,нет,нет,нет,нет,нет,да,нет,да,55.603884291336406,49.147962426498374
16:24:090704:1155,1000.0,Земли населенных пунктов,Учтенный,"Местоположение установлено относительно ориентира, расположенного в границах участка. Почтовый адрес ориентира: Российская Федерация, Республика Татарстан (Татарстан), м.р-н Лаишевский, с.п. Габишевское, с Габишево, ул Ивана Матвеева, з/у 12.",Частная,"земельные участки, предназначенные для размещения домов индивидуальной жилой застройки",ЖИЛОЙ,0,нет,16:24:090704,1509222.2,1509.22,,,,,нет,нет,нет,нет,нет,да,нет,да,55.60349164168432,49.147008593966845
16:24:090704:1395,880.0,Земли населенных пунктов,Учтенный,"Местоположение установлено относительно ориентира, расположенного в границах участка. Почтовый адрес ориентира: Российская Федерация, Республика Татарстан (Татарстан), м.р-н Лаишевский, с.п. Габишевское, с Габишево, ул Александра Сергеева, з/у 20.",Частная,для индивидуальной жилой застройки,ДРУГОЕ,0,нет,16:24:090704,1402772.18,1594.06,,,,,нет,нет,нет,нет,нет,нет,нет,да,55.60464806157281,49.145114888671934
16:24:090704:1392,880.0,Земли населенных пунктов,Учтенный,"Местоположение установлено относительно ориентира, расположенного в границах участка. Почтовый адрес ориентира: Российская Федерация, Республика Татарстан (Татарстан), м.р-н Лаишевский, с.п. Габишевское, с Габишево, ул Александра Сергеева, з/у 24.",Частная,для индивидуальной жилой застройки,ДРУГОЕ,0,нет,16:24:090704,1426132.22,1620.6,,,,,нет,нет,нет,нет,нет,нет,нет,да,55.60478236296983,49.14405895662348
16:24:090704:1571,1124.0,Земли населенных пунктов,Учтенный,"Местоположение установлено относительно ориентира, расположенного в границах участка. Почтовый адрес ориентира: Российская Федерация, Республика Татарстан (Татарстан), м.р-н Лаишевский, с.п. Габишевское, с Габишево, ул Александра Сергеева, з/у 13.",Частная,"земельные участки, предназначенные для размещения домов индивидуальной жилой застройки",ЖИЛОЙ,0,нет,16:24:090704,1805119.61,1605.98,,,,,нет,нет,нет,нет,нет,да,нет,да,55.60499533570899,49.14611260687011
16:24:210101:814,760.0,Земли населенных пунктов,Учтенный,"Российская Федерация, Республика Татарстан (Татарстан), м.р-н Лаишевский, с.п. Габишевское, с Габишево, ул им Мусы Джалиля, з/у 6А",Частная,индивидуальное жилищное строительство,ДРУГОЕ,0,нет,16:24:210101,1503954.27,1978.8872,,,,,нет,нет,нет,нет,нет,нет,нет,да,55.61197081470931,49.13623169596615
16:24:210101:76,980.0,Земли населенных пунктов,Ранее учтенный,"Российская Федерация, Республика Татарстан (Татарстан), м.р-н Лаишевский, с.п. Габишевское, с Габишево, ул Бауманская, з/у 13",,Индивидуальное жилищное строительство,ДРУГОЕ,0,нет,16:24:210101,1719610.02,1754.7,,,,,да,нет,нет,нет,нет,нет,нет,да,55.61306991983353,49.14171076498211
16:24:090704:2712,319.0,Земли населенных пунктов,Учтенный,"Местоположение установлено относительно ориентира, расположенного в границах участка. Почтовый адрес ориентира: Российская Федерация, Республика Татарстан (Татарстан), м.р-н Лаишевский, с.п. Габишевское, с Габишево, ул Александра Сергеева, з/у 3А.",Частная,Блокированные односемейные дома с участками,ДРУГОЕ,0,нет,16:24:090704,491214.57,1539.8576,,,,,нет,нет,нет,нет,нет,нет,нет,да,55.60469971404752,49.14852294614806
16:24:210101:4018,21.0,Земли населенных пунктов,Учтенный,"Республика Татарстан, Лаишевский муниципальный район, Габишевское сельское поселение, с. Габишево",,земельные участки (территории) общего пользования,ОГП,0,нет,16:24:210101,8571.11,408.15,,,,,да,нет,нет,нет,нет,нет,да,да,55.61251998312184,49.13566060923927
16:24:210101:4022,32.0,Земли населенных пунктов,Учтенный,"Местоположение установлено относительно ориентира, расположенного в границах участка. Почтовый адрес ориентира: Российская федерация, Республика Татарстан, Лаишевский муниципальный район, Габишевское сельское поселение, с Габишево.",,земельные участки (территории) общего пользования,ОГП,0,нет,16:24:210101,22412.45,700.39,,,,,да,нет,нет,нет,нет,нет,да,да,55.610391822343104,49.13941141845977
16:24:000000:7145,2061.0,Земли населенных пунктов,Учтенный,"Местоположение установлено относительно ориентира, расположенного в границах участка. Почтовый адрес ориентира: Республика Татарстан (Татарстан), муниципальный район Лаишевский, сельское поселение Габишевское, село Габишево, улица Лесная, дом 15 строение 1.",Частная,индивидуальное жилищное строительство,ДРУГОЕ,0,нет,16:24:000000,3250912.58,1577.35,,,,,нет,нет,нет,нет,нет,нет,нет,да,55.60679743332047,49.15119393112333
16:24:000000:7379,2375.0,Земли населенных пунктов,Учтенный,"Российская Федерация, Республика Татарстан, Лаишевский муниципальный район, Габишевское сельское поселение, с Габишево, ул. Светлая	",Частная,индивидуальные жилые дома с приусадебными земельными участками,ЖИЛОЙ,0,нет,16:24:000000,3575830.16,1505.61,,,,,нет,нет,нет,нет,нет,да,нет,да,55.605366958709176,49.15041932248424
16:24:000000:7446,2128.0,Земли населенных пунктов,Учтенный,"Российская Федерация, Республика Татарстан, Лаишевский муниципальный район, Габишевское сельское поселение, с Габишево, ул. Светлая",Частная,индивидуальные жилые дома с приусадебными земельными участками,ЖИЛОЙ,0,нет,16:24:000000,3258560.01,1531.28,,,,,нет,нет,нет,нет,нет,да,нет,да,55.60592436551482,49.15075555863929
16:24:210101:4099,36.0,Земли населенных пунктов,Учтенный,"Российская Федерация, Республика Татарстан, Лаишевский муниципальный район, Габишевское сельское поселение, с. Габишево",,хранение автотранспорта,ТРАНСПОРТ,0,нет,16:24:210101,60976.53,1693.79,,,,,да,нет,нет,нет,нет,нет,нет,да,55.61197550110357,49.139025538268065
16:24:090704:5259,1246.0,Земли населенных пунктов,Учтенный,"Российская Федерация, Республика Татарстан, Лаишевский муниципальный район, Габишевское сельское поселение, село Габишево, улица Моховая, земельный участок № 8 ",Частная,"земельные участки, предназначенные для размещения домов индивидуальной жилой застройки",ЖИЛОЙ,0,нет,16:24:090704,1711320.57,1373.45,,,,,нет,нет,нет,нет,нет,да,нет,да,55.601863491486476,49.14803831136586
16:24:090704:5261,1682.0,Земли населенных пунктов,Учтенный,"Российская Федерация, Республика Татарстан, Лаишевский муниципальный район, Габишевское сельское поселение, село Габишево, улица Моховая, земельный участок № 8 ",Частная,"земельные участки, предназначенные для размещения домов индивидуальной жилой застройки",ЖИЛОЙ,0,нет,16:24:090704,2335154.07,1388.32,,,,,нет,нет,нет,нет,нет,да,нет,да,55.602130860670606,49.14853903381343
16:24:210101:4117,35.0,Земли населенных пунктов,Учтенный,"Российская Федерация, Республика Татарстан, Лаишевский муниципальный район, Габишевское сельское поселение, с Габишево",,хранение автотранспорта,ТРАНСПОРТ,0,нет,16:24:210101,57647.6,1647.07,,,,,да,нет,нет,нет,нет,нет,нет,да,55.611522333864606,49.13876153952836
16:24:210101:4157,21.0,Земли населенных пунктов,Учтенный,"Республика Татарстан, Лаишевский муниципальный район, Габишевское сельское поселение, с Габишево",,Размещение гаражей для собственных нужд,ДРУГОЕ,0,нет,16:24:210101,34588.56,1647.07,,,,,да,нет,нет,нет,нет,нет,нет,да,55.610762047411605,49.138650255247065
16:24:210101:4164,2081.0,Земли населенных пунктов,Учтенный,"Российская Федерация, Республика Татарстан, Лаишевский муниципальный район, Габишевское сельское поселение, с Габишево",Частная,индивидуальные жилые дома с приусадебными земельными участками,ЖИЛОЙ,0,нет,16:24:210101,3112072.03,1495.47,,,,,нет,нет,нет,нет,нет,да,нет,да,55.60496819550379,49.1501765795236
16:24:210101:4171,1059.0,Земли населенных пунктов,Учтенный,"Российская Федерация, Республика Татарстан, Лаишевский муниципальный район, Габишевское сельское поселение, с Габишево, ул. Вахитовская",Частная,для индивидуального жилищного строительства,ИЖС,0,нет,16:24:210101,2269091.77,2142.67,,,,,нет,да,нет,нет,нет,да,нет,да,55.61458682171705,49.13204489178182
16:24:210101:4172,703.0,Земли населенных пунктов,Учтенный,"Российская Федерация, Республика Татарстан, Лаишевский муниципальный район, Габишевское сельское поселение, с Габишево, ул. Вахитовская",Частная,для индивидуального жилищного строительства,ИЖС,0,нет,16:24:210101,1503600.65,2138.83,,,,,нет,да,нет,нет,нет,да,нет,да,55.614442476592224,49.131921015721396
16:24:210101:165,1127.0,Земли населенных пунктов,Ранее учтенный,"Местоположение установлено относительно ориентира, расположенного в границах участка. Почтовый адрес ориентира: Российская Федерация, Республика Татарстан (Татарстан), м.р-н Лаишевский, с.п. Габишевское, с Габишево, ул Тукая, з/у 18.",,Под жилую застройку Индивидуальную,ДРУГОЕ,0,нет,16:24:210101,2143667.94,1902.1011,,,,,да,нет,нет,нет,нет,нет,нет,да,55.611150552492134,49.132190168818944
16:24:210101:2177,494.0,Земли населенных пунктов,Учтенный,"Местоположение установлено относительно ориентира, расположенного в границах участка. Почтовый адрес ориентира: Российская Федерация, Республика Татарстан (Татарстан), м.р-н Лаишевский, с.п. Габишевское, с Габишево, ул Приволжская, з/у 2В.",Частная,Для индивидуального жилищного строительства,ИЖС,0,нет,16:24:210101,852307.59,1725.319,,,,,нет,да,нет,нет,нет,да,нет,да,55.608473264999844,49.14698018434597
16:24:210101:701,1000.0,Земли населенных пунктов,Ранее учтенный,"Местоположение установлено относительно ориентира, расположенного в границах участка. Почтовый адрес ориентира: Российская Федерация, Республика Татарстан (Татарстан), м.р-н Лаишевский, с.п. Габишевское, с Габишево, ул Яблоневая, з/у 4.",,Под жилую застройку индивидуальную,ДРУГОЕ,0,нет,16:24:210101,1919357.1,1919.3571,,,,,да,нет,нет,нет,нет,нет,нет,да,55.61098603756407,49.128666910220716
16:24:210101:496,26.0,Земли населенных пунктов,Ранее учтенный,"Местоположение установлено относительно ориентира, расположенного в границах участка. Почтовый адрес ориентира: Российская Федерация, Республика Татарстан (Татарстан), м.р-н Лаишевский, с.п. Габишевское, с Габишево, тер. ГПК Молодежный, з/у 496Г.",,Обслуживание автотранспорта,ТРАНСПОРТ,0,нет,16:24:210101,44038.6,1693.7924,,,,,да,нет,нет,нет,нет,нет,нет,да,55.612175177649675,49.13897634730733
16:24:210101:424,,Земли населенных пунктов,Ранее учтенный,"Местоположение установлено относительно ориентира, расположенного в границах участка. Почтовый адрес ориентира: Российская Федерация, Республика Татарстан (Татарстан), м.р-н Лаишевский, с.п. Габишевское, с Габишево, тер. ГПК Семерка, з/у 424Г.",Муниципальная,Размещение гаражей для собственных нужд,ДРУГОЕ,0,нет,16:24:210101,42002.62,1400.09,,,,,да,нет,нет,нет,нет,нет,нет,да,55.60823888719786,49.1368600803223
16:24:210101:266,,Земли населенных пунктов,Ранее учтенный,"Местоположение установлено относительно ориентира, расположенного в границах участка. Почтовый адрес ориентира: Российская Федерация, Республика Татарстан (Татарстан), м.р-н Лаишевский, с.п. Габишевское, с Габишево, ул Московская, з/у 8.",,Под жилую застройку Индивидуальную,ДРУГОЕ,0,нет,16:24:210101,1514666.16,1682.9624,,,,,да,нет,нет,нет,нет,нет,нет,да,55.609327268529924,49.1458933873784
16:24:210101:262,,Земли населенных пунктов,Ранее учтенный,"Местоположение установлено относительно ориентира, расположенного в границах участка. Почтовый адрес ориентира: Российская Федерация, Республика Татарстан (Татарстан), м.р-н Лаишевский, с.п. Габишевское, с Габишево, ул Советская, з/у 15.",Частная,Под жилую застройку Индивидуальную,ДРУГОЕ,0,нет,16:24:210101,1565211.96,1666.89,,,,,нет,нет,нет,нет,нет,нет,нет,да,55.60941772572745,49.14506938409321
16:24:090704:1943,620.0,Земли населенных пунктов,Учтенный,"Местоположение установлено относительно ориентира, расположенного в границах участка. Почтовый адрес ориентира: Российская Федерация, Республика Татарстан (Татарстан), м.р-н Лаишевский, с.п. Габишевское, с Габишево, ул Жемчужная, з/у 5.",Частная,"земельные участки, предназначенные для размещения домов индивидуальной жилой застройки",ЖИЛОЙ,0,нет,16:24:090704,939301.49,1515.0024,,,,,нет,нет,нет,нет,нет,да,нет,да,55.60481892024003,49.1340267875663
16:24:090704:1404,1500.0,Земли населенных пунктов,Учтенный,"Местоположение установлено относительно ориентира, расположенного в границах участка. Почтовый адрес ориентира: Российская Федерация, Республика Татарстан (Татарстан), м.р-н Лаишевский, с.п. Габишевское, с Габишево, ул Алексея Малышева, з/у 75.",,"земельные участки, предназначенные для размещения домов индивидуальной жилой застройки",ЖИЛОЙ,0,нет,16:24:090704,2344325.25,1562.8835,,,,,да,нет,нет,нет,нет,да,нет,да,55.60607551494585,49.133913918916335
16:24:210101:906,1146.0,Земли населенных пунктов,Учтенный,"Местоположение установлено относительно ориентира, расположенного в границах участка. Почтовый адрес ориентира: Российская Федерация, Республика Татарстан (Татарстан), м.р-н Лаишевский, с.п. Габишевское, с Габишево, ул Береговая, з/у 2.",Частная,Для малоэтажного жилищного строительства,ДРУГОЕ,0,нет,16:24:210101,1836582.81,1602.6028,,,,,нет,нет,нет,нет,нет,нет,нет,да,55.61068504996174,49.1499424033349
16:24:210101:915,1086.0,Земли населенных пунктов,Учтенный,"Местоположение установлено относительно ориентира, расположенного в границах участка. Почтовый адрес ориентира: Российская Федерация, Республика Татарстан (Татарстан), м.р-н Лаишевский, с.п. Габишевское, с Габишево, ул Марджани, з/у 22.",Частная,Для индивидуального жилищного строительства,ИЖС,0,нет,16:24:210101,1678400.29,1545.4883,,,,,нет,да,нет,нет,нет,да,нет,да,55.60908626828542,49.15120591221754
16:24:210101:423,,Земли населенных пунктов,Ранее учтенный,"Местоположение установлено относительно ориентира, расположенного в границах участка. Почтовый адрес ориентира: Российская Федерация, Республика Татарстан (Татарстан), м.р-н Лаишевский, с.п. Габишевское, с Габишево, тер. ГПК Семерка, з/у 423Г.",Муниципальная,Под размещение индивидуальных гаражей,ДРУГОЕ,0,нет,16:24:210101,33602.1,1400.09,,,,,да,нет,нет,нет,нет,нет,нет,да,55.60822058387871,49.13692185158293
16:24:210101:571,,Земли населенных пунктов,Ранее учтенный,"Местоположение установлено относительно ориентира, расположенного в границах участка. Почтовый адрес ориентира: Российская Федерация, Республика Татарстан (Татарстан), м.р-н Лаишевский, с.п. Габишевское, с Габишево, тер. ГПК Вахитовская, з/у 571Г.",Муниципальная, размещение гаражей для собственных нужд,ДРУГОЕ,0,нет,16:24:210101,40081.36,1603.25,,,,,да,нет,нет,нет,нет,нет,нет,да,55.61293383950457,49.142345924295725
16:24:210101:2677,25.0,Земли населенных пунктов,Учтенный,"Российская Федерация, Республика Татарстан (Татарстан), м.р-н Лаишевский, с.п. Габишевское, с Габишево, тер. ГПК Семерка, з/у 2677Г",Частная,для размещения индивидуальных гаражей,ДРУГОЕ,0,нет,16:24:210101,35154.85,1406.1942,,,,,нет,нет,нет,нет,нет,нет,нет,да,55.608404301678526,49.13689003742599
16:24:210101:212,,Земли населенных пунктов,Ранее учтенный,"Местоположение установлено относительно ориентира, расположенного в границах участка. Почтовый адрес ориентира: Российская Федерация, Республика Татарстан (Татарстан), м.р-н Лаишевский, с.п. Габишевское, с Габишево, ул Приволжская, з/у 9.",Частная,Индивидуальное строительство жилого дома,ЖИЛОЙ,0,нет,16:24:210101,1829807.38,1718.129,,,,,нет,нет,нет,нет,нет,да,нет,да,55.6081469801414,49.14512464896365
16:24:210101:119,1235.0,Земли населенных пунктов,Ранее учтенный,"Местоположение установлено относительно ориентира, расположенного в границах участка. Почтовый адрес ориентира: Российская Федерация, Республика Татарстан (Татарстан), м.р-н Лаишевский, с.п. Габишевское, с Габишево, ул Солнечная, з/у 4.",Частная,Индивидуальное жилищное строительство,ДРУГОЕ,0,нет,16:24:210101,2543778.9,2059.74,,,,,нет,нет,нет,нет,нет,нет,нет,да,55.613740263606665,49.13416511514417
16:24:210101:2988,638.0,Земли населенных пунктов,Учтенный,"Местоположение установлено относительно ориентира, расположенного в границах участка. Почтовый адрес ориентира: Российская Федерация, Республика Татарстан (Татарстан), м.р-н Лаишевский, с.п. Габишевское, с Габишево, ул Казанская, з/у 48.",Частная,для индивидуального жилищного строительства,ИЖС,0,нет,16:24:210101,1073421.09,1682.4782,,,,,нет,да,нет,нет,нет,да,нет,да,55.60792385065521,49.137587528540074
16:24:210101:268,984.0,Земли населенных пунктов,Ранее учтенный,"Местоположение установлено относительно ориентира, расположенного в границах участка. Почтовый адрес ориентира: Российская Федерация, Республика Татарстан (Татарстан), м.р-н Лаишевский, с.п. Габишевское, с Габишево, ул Московская, з/у 12.",,Для индивидуального жилищного строительства,ИЖС,0,нет,16:24:210101,1719265.86,1747.22,,,,,да,да,нет,нет,нет,да,нет,да,55.60896789995911,49.145658756587416
16:24:210101:2195,25.0,Земли населенных пунктов,Учтенный,"Местоположение установлено относительно ориентира, расположенного в границах участка. Почтовый адрес ориентира: Российская Федерация, Республика Татарстан (Татарстан), м.р-н Лаишевский, с.п. Габишевское, с Габишево, тер. ГПК Семерка, з/у 2195Г.",Частная,под размещение индивидуальных гаражей,ДРУГОЕ,0,нет,16:24:210101,35002.19,1400.0875,,,,,нет,нет,нет,нет,нет,нет,нет,да,55.60824559082192,49.13739919804893
16:24:210101:191,,Земли населенных пунктов,Ранее учтенный,"Местоположение установлено относительно ориентира, расположенного в границах участка. Почтовый адрес ориентира: Российская Федерация, Республика Татарстан (Татарстан), м.р-н Лаишевский, с.п. Габишевское, с Габишево, ул Приволжская, з/у 18.",,Индивидуальное строительство жилого дома,ЖИЛОЙ,0,нет,16:24:210101,1513628.13,1753.9144,,,,,да,нет,нет,нет,нет,да,нет,да,55.6090229698413,49.14221374556749
16:24:210101:188,990.0,Земли населенных пунктов,Ранее учтенный,"Местоположение установлено относительно ориентира, расположенного в границах участка. Почтовый адрес ориентира: Российская Федерация, Республика Татарстан (Татарстан), м.р-н Лаишевский, с.п. Габишевское, с Габишево, ул Приволжская, з/у 22.",,Под жилую застройку Индивидуальную,ДРУГОЕ,0,нет,16:24:210101,1766161.19,1784.0012,,,,,да,нет,нет,нет,нет,нет,нет,да,55.609307136453936,49.14170808029745
16:24:210101:144,1476.0,Земли населенных пунктов,Ранее учтенный,"Местоположение установлено относительно ориентира, расположенного в границах участка. Почтовый адрес ориентира: Российская Федерация, Республика Татарстан (Татарстан), м.р-н Лаишевский, с.п. Габишевское, с Габишево, ул Тукая, з/у 23.",,Для ведения личного подсобного хозяйства,ЛПХ,0,нет,16:24:210101,3103470.66,2102.6224,,,,,да,нет,нет,нет,да,да,нет,да,55.61186436432285,49.13065811015105
16:24:210101:871,1121.0,Земли населенных пунктов,Учтенный,"Местоположение установлено относительно ориентира, расположенного в границах участка. Почтовый адрес ориентира: Российская Федерация, Республика Татарстан (Татарстан), м.р-н Лаишевский, с.п. Габишевское, с Габишево, ул Вахитовская, з/у 32.",,для индивидуального жилищного строительства,ИЖС,0,нет,16:24:210101,2328416.32,2077.0886,,,,,да,да,нет,нет,нет,да,нет,да,55.6149557975029,49.135332044642986
16:24:210101:885,800.0,Земли населенных пунктов,Учтенный,"Местоположение установлено относительно ориентира, расположенного в границах участка. Почтовый адрес ориентира: Российская Федерация, Республика Татарстан (Татарстан), м.р-н Лаишевский, с.п. Габишевское, с Габишево, ул Марджани, з/у 20.",Частная,Для ведения личного подсобного хозяйства,ЛПХ,0,нет,16:24:210101,1239508.4,1549.3855,,,,,нет,нет,нет,нет,да,да,нет,да,55.609015948818126,49.15053649589893
16:24:210101:308,1464.0,Земли населенных пунктов,Ранее учтенный,"Местоположение установлено относительно ориентира, расположенного в границах участка. Почтовый адрес ориентира: Российская Федерация, Республика Татарстан (Татарстан), м.р-н Лаишевский, с.п. Габишевское, с Габишево, ул Приозерная, з/у 11.",,Под жилую застройку индивидуальную,ДРУГОЕ,0,нет,16:24:210101,2449326.9,1673.0375,,,,,да,нет,нет,нет,нет,нет,нет,да,55.606952363112306,49.14436908661479
16:24:210101:223,1185.0,Земли населенных пунктов,Ранее учтенный,"Местоположение установлено относительно ориентира, расположенного в границах участка. Почтовый адрес ориентира: Российская Федерация, Республика Татарстан (Татарстан), м.р-н Лаишевский, с.п. Габишевское, с Габишево, ул Приволжская, з/у 29.",,под жилую застройку индивидуальную,ДРУГОЕ,0,нет,16:24:210101,2077679.82,1753.32,,,,,да,нет,нет,нет,нет,нет,нет,да,55.608671386136464,49.14148147694821
16:24:210101:2191,24.0,Земли населенных пунктов,Учтенный,"Местоположение установлено относительно ориентира, расположенного в границах участка. Почтовый адрес ориентира: Российская Федерация, Республика Татарстан (Татарстан), м.р-н Лаишевский, с.п. Габишевское, с Габишево, тер. ГПК Семерка, з/у 2191Г.",,под размещение индивидуальных гаражей,ДРУГОЕ,0,нет,16:24:210101,33602.1,1400.0875,,,,,да,нет,нет,нет,нет,нет,нет,да,55.608119370646,49.13716175370191
16:24:210101:233,1618.0,Земли населенных пунктов,Ранее учтенный,"Местоположение установлено относительно ориентира, расположенного в границах участка. Почтовый адрес ориентира: Республика Татарстан, Лаишевский муниципальный район, Габишевское сельское поселение, с Габишево, ул. Ленинская, д. 5.",Частная,Для ведения личного подсобного хозяйства,ЛПХ,0,нет,16:24:210101,2681753.61,1657.45,,,,,нет,нет,нет,нет,да,да,нет,да,55.61004478999322,49.14601222743521
16:24:210101:142,1081.0,Земли населенных пунктов,Ранее учтенный,"Местоположение установлено относительно ориентира, расположенного в границах участка. Почтовый адрес ориентира: Российская Федерация, Республика Татарстан (Татарстан), м.р-н Лаишевский, с.п. Габишевское, с Габишево, ул Тукая, з/у 27.",,Для индивидуального жилищного строительства,ИЖС,0,нет,16:24:210101,2195679.53,2031.1559,,,,,да,да,нет,нет,нет,да,нет,да,55.61207539531135,49.128509118080764
16:24:210101:416,,Земли населенных пунктов,Ранее учтенный,"Местоположение установлено относительно ориентира, расположенного в границах участка. Почтовый адрес ориентира: Российская Федерация, Республика Татарстан (Татарстан), м.р-н Лаишевский, с.п. Габишевское, с Габишево, тер. ГПК Семерка, з/у 416Г.",Муниципальная,Под размещение индивидуальных гаражей,ДРУГОЕ,0,нет,16:24:210101,50758.23,1409.95,,,,,да,нет,нет,нет,нет,нет,нет,да,55.6083894499442,49.13677121349526
16:24:210101:180,1334.0,Земли населенных пунктов,Ранее учтенный,"Местоположение установлено относительно ориентира, расположенного в границах участка. Почтовый адрес ориентира: Российская Федерация, Республика Татарстан (Татарстан), м.р-н Лаишевский, с.п. Габишевское, с Габишево, ул Приволжская, з/у 36.",,Для индивидуального жилищного строительства,ИЖС,0,нет,16:24:210101,2625767.96,1968.3418,,,,,да,да,нет,нет,нет,да,нет,да,55.61061855803891,49.13438521471824
16:24:210101:123,1338.0,Земли населенных пунктов,Ранее учтенный,"Местоположение установлено относительно ориентира, расположенного в границах участка. Почтовый адрес ориентира: Российская Федерация, Республика Татарстан (Татарстан), м.р-н Лаишевский, с.п. Габишевское, с Габишево, ул 8 Марта, з/у 5.",,Индивидуальное жилищное строительство,ДРУГОЕ,0,нет,16:24:210101,2810001.9,2100.1509,,,,,да,нет,нет,нет,нет,нет,нет,да,55.613633733114476,49.13331001972584
16:24:210101:908,1181.0,Земли населенных пунктов,Учтенный,"Местоположение установлено относительно ориентира, расположенного в границах участка. Почтовый адрес ориентира: Российская Федерация, Республика Татарстан (Татарстан), м.р-н Лаишевский, с.п. Габишевское, с Габишево, ул Береговая, з/у 6.",Частная,Для малоэтажного жилищного строительства,ДРУГОЕ,0,нет,16:24:210101,1889566.58,1599.9717,,,,,нет,нет,нет,нет,нет,нет,нет,да,55.61015664082382,49.14984295913353
16:24:210101:68,,Земли населенных пунктов,Ранее учтенный,"Местоположение установлено относительно ориентира, расположенного в границах участка. Почтовый адрес ориентира: Российская Федерация, Республика Татарстан (Татарстан), м.р-н Лаишевский, с.п. Габишевское, с Габишево, пр-кт Молодежный, з/у 13.",,Под жилую застройку Индивидуальную,ДРУГОЕ,0,нет,16:24:210101,3067311.36,2017.97,,,,,да,нет,нет,нет,нет,нет,нет,да,55.612124056108144,49.13475333686749
16:24:210101:382,344.0,Земли населенных пунктов,Ранее учтенный,"Местоположение установлено относительно ориентира, расположенного в границах участка. Почтовый адрес ориентира: Российская Федерация, Республика Татарстан (Татарстан), м.р-н Лаишевский, с.п. Габишевское, с Габишево, ул Советская, з/у 10.",,Под размещение магазина,ДРУГОЕ,0,нет,16:24:210101,373880.18,1086.861,,,,,да,нет,нет,нет,нет,нет,нет,да,55.61210221117513,49.14565801319106
16:24:210101:342,,Земли населенных пунктов,Ранее учтенный,"Местоположение установлено относительно ориентира, расположенного в границах участка. Почтовый адрес ориентира: Российская Федерация, Республика Татарстан (Татарстан), м.р-н Лаишевский, с.п. Габишевское, с Габишево, ул Казанская, з/у 6.",Частная,Для индивидуального жилищного строительства,ИЖС,0,нет,16:24:210101,1977458.16,1647.8818,,,,,нет,да,нет,нет,нет,да,нет,да,55.606290078518825,49.146236941719884
16:24:210101:323,1390.0,Земли населенных пунктов,Ранее учтенный,"Местоположение установлено относительно ориентира, расположенного в границах участка. Почтовый адрес ориентира: Российская Федерация, Республика Татарстан (Татарстан), м.р-н Лаишевский, с.п. Габишевское, с Габишево, ул Казанская, з/у 44.",Частная,Для индивидуального жилищного строительства,ИЖС,0,нет,16:24:210101,2340477.69,1683.8,,,,,нет,да,нет,нет,нет,да,нет,да,55.60764878041,49.13903732159113
16:24:210101:282,1096.0,Земли населенных пунктов,Ранее учтенный,"Российская Федерация, Республика Татарстан (Татарстан), м.р-н Лаишевский, с.п. Габишевское, с Габишево, ул Приозерная, з/у 34",,Для ведения личного подсобного хозяйства с правом строительства жилого дома,ЛПХ,0,нет,16:24:210101,1917231.92,1749.2992,,,,,да,нет,нет,нет,да,да,нет,да,55.608288597556566,49.14070973576911
16:24:210101:131,,Земли населенных пунктов,Ранее учтенный,"Местоположение установлено относительно ориентира, расположенного в границах участка. Почтовый адрес ориентира: Российская Федерация, Республика Татарстан (Татарстан), м.р-н Лаишевский, с.п. Габишевское, с Габишево, ул Яблоневая, з/у 9.",Частная,Ведение личного подсобного хозяйства,ЛПХ,0,нет,16:24:210101,3116662.15,2103.0109,,,,,нет,нет,нет,нет,да,да,нет,да,55.61198489236317,49.13002017186233
16:24:210101:3388,1339.0,Земли населенных пунктов,Учтенный,"Местоположение установлено относительно ориентира, расположенного в границах участка. Почтовый адрес ориентира: Российская Федерация, Республика Татарстан (Татарстан), м.р-н Лаишевский, с.п. Габишевское, с Габишево, ул Приволжская, з/у 44.",Частная,для ведения личного подсобного хозяйства,ЛПХ,0,нет,16:24:210101,2491202.0,1860.49,,,,,нет,нет,нет,нет,да,да,нет,да,55.610603252626255,49.1327504706505
16:24:090704:1994,667.0,Земли населенных пунктов,Учтенный,"Местоположение установлено относительно ориентира, расположенного в границах участка. Почтовый адрес ориентира: Российская Федерация, Республика Татарстан (Татарстан), м.р-н Лаишевский, с.п. Габишевское, с Габишево, ул Александра Сергеева, з/у 8А.",Частная,"земельные участки, предназначенные для размещения домов индивидуальной жилой застройки",ЖИЛОЙ,0,нет,16:24:090704,1031796.17,1546.9208,,,,,нет,нет,нет,нет,нет,да,нет,да,55.604371419207254,49.14747346699869
16:24:090704:1909,500.0,Земли населенных пунктов,Учтенный,"Местоположение установлено относительно ориентира, расположенного в границах участка. Почтовый адрес ориентира: Российская Федерация, Республика Татарстан (Татарстан), м.р-н Лаишевский, с.п. Габишевское, с Габишево, ул Сосновая, з/у 2А.",Частная,"земельные участки, предназначенные для размещения домов индивидуальной жилой застройки",ЖИЛОЙ,0,нет,16:24:090704,786777.3,1573.5546,,,,,нет,нет,нет,нет,нет,да,нет,да,55.60327022597171,49.14256117192193
16:24:090704:1790,680.0,Земли населенных пунктов,Учтенный,"Местоположение установлено относительно ориентира, расположенного в границах участка. Почтовый адрес ориентира: Российская Федерация, Республика Татарстан (Татарстан), м.р-н Лаишевский, с.п. Габишевское, с Габишево, ул Ивана Матвеева, з/у 52.",Частная,"земельные участки, предназначенные для размещения домов индивидуальной жилой застройки",ЖИЛОЙ,0,нет,16:24:090704,1031240.4,1516.53,,,,,нет,нет,нет,нет,нет,да,нет,да,55.60455241616049,49.138796646988794
16:24:090704:1628,520.0,Земли населенных пунктов,Учтенный,"Местоположение установлено относительно ориентира, расположенного в границах участка. Почтовый адрес ориентира: Российская Федерация, Республика Татарстан (Татарстан), м.р-н Лаишевский, с.п. Габишевское, с Габишево, ул Зеленая, з/у 8/1.",Частная,"земельные участки, предназначенные для размещения домов индивидуальной жилой застройки",ЖИЛОЙ,0,нет,16:24:090704,707707.21,1360.9754,,,,,нет,нет,нет,нет,нет,да,нет,да,55.60294973002563,49.13795599456218
16:24:090704:1591,735.0,Земли населенных пунктов,Учтенный,"Местоположение установлено относительно ориентира, расположенного в границах участка. Почтовый адрес ориентира: Российская Федерация, Республика Татарстан (Татарстан), м.р-н Лаишевский, с.п. Габишевское, с Габишево, ул Ивана Матвеева, з/у 47А.",Частная,"земельные участки, предназначенные для размещения домов индивидуальной жилой застройки",ЖИЛОЙ,0,нет,16:24:090704,1123580.61,1528.6811,,,,,нет,нет,нет,нет,нет,да,нет,да,55.60501928017164,49.13859807985423
16:24:090704:1158,1689.0,Земли населенных пунктов,Учтенный,"Местоположение установлено относительно ориентира, расположенного в границах участка. Почтовый адрес ориентира: Российская Федерация, Республика Татарстан (Татарстан), м.р-н Лаишевский, с.п. Габишевское, с Габишево, ул Ивана Матвеева, з/у 2.",Частная,"земельные участки, предназначенные для размещения домов индивидуальной жилой застройки",ЖИЛОЙ,0,нет,16:24:090704,2443351.65,1446.6262,,,,,нет,нет,нет,нет,нет,да,нет,да,55.60326393911039,49.14918188813453
16:24:090704:1207,999.0,Земли населенных пунктов,Учтенный,"Местоположение установлено относительно ориентира, расположенного в границах участка. Почтовый адрес ориентира: Российская Федерация, Республика Татарстан (Татарстан), м.р-н Лаишевский, с.п. Габишевское, с Габишево, ул Александра Сергеева, з/у 72.",Частная,"земельные участки, предназначенные для размещения домов индивидуальной жилой застройки",ЖИЛОЙ,0,нет,16:24:090704,1591209.0,1592.8018,,,,,нет,нет,нет,нет,нет,да,нет,да,55.607384696689145,49.13479946806677
16:24:090704:1921,500.0,Земли населенных пунктов,Учтенный,"Местоположение установлено относительно ориентира, расположенного в границах участка. Почтовый адрес ориентира: Российская Федерация, Республика Татарстан (Татарстан), м.р-н Лаишевский, с.п. Габишевское, с Габишево, ул Дубравная, з/у 2.",Частная,"земельные участки, предназначенные для размещения домов индивидуальной жилой застройки",ЖИЛОЙ,0,нет,16:24:090704,781584.6,1563.1692,,,,,нет,нет,нет,нет,нет,да,нет,да,55.60336286759999,49.1413798035403
16:24:090704:1769,629.0,Земли населенных пунктов,Учтенный,"Местоположение установлено относительно ориентира, расположенного в границах участка. Почтовый адрес ориентира: Российская Федерация, Республика Татарстан (Татарстан), м.р-н Лаишевский, с.п. Габишевское, с Габишево, ул Алексея Малышева, з/у 23А.",Частная,"земельные участки, предназначенные для размещения домов индивидуальной жилой застройки",ЖИЛОЙ,0,нет,16:24:090704,979729.96,1557.5993,,,,,нет,нет,нет,нет,нет,да,нет,да,55.60353460767724,49.14405114469009
16:24:090704:1339,1099.0,Земли населенных пунктов,Учтенный,"Местоположение установлено относительно ориентира, расположенного в границах участка. Почтовый адрес ориентира: Российская Федерация, Республика Татарстан (Татарстан), м.р-н Лаишевский, с.п. Габишевское, с Габишево, ул Алексея Малышева, з/у 25.",Частная,"земельные участки, предназначенные для размещения домов индивидуальной жилой застройки",ЖИЛОЙ,0,нет,16:24:090704,1740821.6,1584.0051,,,,,нет,нет,нет,нет,нет,да,нет,да,55.603510735141946,49.14371836905595
16:24:090704:1215,992.0,Земли населенных пунктов,Учтенный,"Местоположение установлено относительно ориентира, расположенного в границах участка. Почтовый адрес ориентира: Российская Федерация, Республика Татарстан (Татарстан), м.р-н Лаишевский, с.п. Габишевское, с Габишево, ул Ивана Матвеева, з/у 71.",Частная,"земельные участки, предназначенные для размещения домов индивидуальной жилой застройки",ЖИЛОЙ,0,нет,16:24:090704,1579238.11,1591.9739,,,,,нет,нет,нет,нет,нет,да,нет,да,55.60679505052809,49.134777005881915
16:24:090704:1093,1084.0,Земли населенных пунктов,Учтенный,"Российская Федерация, Республика Татарстан (Татарстан), м.р-н Лаишевский, с.п. Габишевское, с Габишево, ул Алексея Малышева, з/у 93",Государственная субъекта РФ,Для индивидуального жилищного строительства,ИЖС,0,нет,16:24:090704,1711926.3,1579.2678,,,,,да,да,нет,нет,нет,да,нет,да,55.60760030168225,49.131182474809094
16:24:210101:784,1064.0,Земли населенных пунктов,Ранее учтенный,"Местоположение установлено относительно ориентира, расположенного в границах участка. Почтовый адрес ориентира: Российская Федерация, Республика Татарстан (Татарстан), м.р-н Лаишевский, с.п. Габишевское, с Габишево, ул Тукая, з/у 3А.",,Индивидуальное жилищное строительство,ДРУГОЕ,0,нет,16:24:210101,2084808.94,1959.4069,,,,,да,нет,нет,нет,нет,нет,нет,да,55.61152600455066,49.13566215400982
16:24:210101:529,,Земли населенных пунктов,Ранее учтенный,"Местоположение установлено относительно ориентира, расположенного в границах участка. Почтовый адрес ориентира: Российская Федерация, Республика Татарстан (Татарстан), м.р-н Лаишевский, с.п. Габишевское, с Габишево, тер. ГПК Вахитовская, з/у 529Г.",Муниципальная, размещение гаражей для собственных нужд,ДРУГОЕ,0,нет,16:24:210101,41908.05,1552.15,,,,,да,нет,нет,нет,нет,нет,нет,да,55.61341057656948,49.14275743786499
16:24:210101:379,459.0,Земли населенных пунктов,Ранее учтенный,"Местоположение установлено относительно ориентира, расположенного в границах участка. Почтовый адрес ориентира: Российская Федерация, Республика Татарстан (Татарстан), м.р-н Лаишевский, с.п. Габишевское, с Габишево, ул Ленинская, з/у 4.",Частная,"Под размещение магазина ""Промтовары""",ДРУГОЕ,0,нет,16:24:210101,495890.56,1080.3716,,,,,нет,нет,нет,нет,нет,нет,нет,да,55.61089385863127,49.144969984772565
16:24:090704:3302,1285.0,Земли населенных пунктов,Учтенный,"Местоположение установлено относительно ориентира, расположенного в границах участка. Почтовый адрес ориентира: Российская Федерация, Республика Татарстан (Татарстан), м.р-н Лаишевский, с.п. Габишевское, с Габишево, ул Звездная, з/у 7.",Частная,"земельные участки, предназначенные для размещения домов индивидуальной жилой застройки",ЖИЛОЙ,0,нет,16:24:090704,1860180.65,1447.6114,,,,,нет,нет,нет,нет,нет,да,нет,да,55.602263239754805,49.14474511058581
16:24:210101:312,1507.0,Земли населенных пунктов,Ранее учтенный,"Местоположение установлено относительно ориентира, расположенного в границах участка. Почтовый адрес ориентира: Российская Федерация, Республика Татарстан (Татарстан), м.р-н Лаишевский, с.п. Габишевское, с Габишево, ул Приозерная, з/у 19.",,Для ведения личного подсобного хозяйства,ЛПХ,0,нет,16:24:210101,2552973.59,1694.08,,,,,да,нет,нет,нет,да,да,нет,да,55.607035702638804,49.14295338826096
16:24:210101:2185,25.0,Земли населенных пунктов,Учтенный,"Местоположение установлено относительно ориентира, расположенного в границах участка. Почтовый адрес ориентира: Российская Федерация, Республика Татарстан (Татарстан), м.р-н Лаишевский, с.п. Габишевское, с Габишево, тер. ГПК Семерка, з/у 2185Г.",Частная,под размещение индивидуальных гаражей,ДРУГОЕ,0,нет,16:24:210101,35002.19,1400.0875,,,,,нет,нет,нет,нет,нет,нет,нет,да,55.60826366192973,49.137343233832134
16:24:210101:774,1001.0,Земли населенных пунктов,Ранее учтенный,"Местоположение установлено относительно ориентира, расположенного в границах участка. Почтовый адрес ориентира: Российская Федерация, Республика Татарстан (Татарстан), м.р-н Лаишевский, с.п. Габишевское, с Габишево, ул Вахитовская, з/у 36.",Частная,Для индивидуального жилищного строительства,ИЖС,0,нет,16:24:210101,2142830.99,2140.6903,,,,,нет,да,нет,нет,нет,да,нет,да,55.615047286913025,49.134418764108034
16:24:210101:478,25.0,Земли населенных пунктов,Ранее учтенный,"Местоположение установлено относительно ориентира, расположенного в границах участка. Почтовый адрес ориентира: Российская Федерация, Республика Татарстан (Татарстан), м.р-н Лаишевский, с.п. Габишевское, с Габишево, тер. ГПК Октябрьская, з/у 478Г.",Частная,Хранение автотранспорта,ТРАНСПОРТ,0,нет,16:24:210101,41176.86,1647.0744,,,,,нет,нет,нет,нет,нет,нет,нет,да,55.61093882388924,49.138887834631944
16:24:210101:285,1056.0,Земли населенных пунктов,Ранее учтенный,"Местоположение установлено относительно ориентира, расположенного в границах участка. Почтовый адрес ориентира: Российская Федерация, Республика Татарстан (Татарстан), м.р-н Лаишевский, с.п. Габишевское, с Габишево, ул Приозерная, з/у 28.",,Индивидуальное жилищное строительство,ДРУГОЕ,0,нет,16:24:210101,1826688.55,1729.8187,,,,,да,нет,нет,нет,нет,нет,нет,да,55.60807167297418,49.14160289333646
16:24:210101:280,,Земли населенных пунктов,Ранее учтенный,"Местоположение установлено относительно ориентира, расположенного в границах участка. Почтовый адрес ориентира: Российская Федерация, Республика Татарстан (Татарстан), м.р-н Лаишевский, с.п. Габишевское, с Габишево, ул Приозерная, з/у 38.",Частная,Под жилую застройку Индивидуальную,ДРУГОЕ,0,нет,16:24:210101,1994805.17,1768.44,,,,,нет,нет,нет,нет,нет,нет,нет,да,55.60860731810914,49.14014667779948
16:24:210101:2457,121.0,Земли населенных пунктов,Учтенный,"Местоположение установлено относительно ориентира, расположенного в границах участка. Почтовый адрес ориентира: Российская Федерация, Республика Татарстан (Татарстан), м.р-н Лаишевский, с.п. Габишевское, с Габишево, ул Светлая, з/у 2/1.",Частная,Под малоэтажное жилищное строительство,ДРУГОЕ,0,нет,16:24:210101,190243.44,1572.2598,,,,,нет,нет,нет,нет,нет,нет,нет,да,55.60607645163891,49.15026256359539
16:24:210101:187,,Земли населенных пунктов,Ранее учтенный,"Местоположение установлено относительно ориентира, расположенного в границах участка. Почтовый адрес ориентира: Российская Федерация, Республика Татарстан (Татарстан), м.р-н Лаишевский, с.п. Габишевское, с Габишево, ул Приволжская, з/у 24/1.",,Под жилую застройку Индивидуальную,ДРУГОЕ,0,нет,16:24:210101,1134624.76,1784.0,,,,,да,нет,нет,нет,нет,нет,нет,да,55.60932432082585,49.14138951747454
16:24:210101:112,,Земли населенных пунктов,Ранее учтенный,"Местоположение установлено относительно ориентира, расположенного в границах участка. Почтовый адрес ориентира: Российская Федерация, Республика Татарстан (Татарстан), м.р-н Лаишевский, с.п. Габишевское, с Габишево, ул им Мусы Джалиля, з/у 1.",,Под жилую застройку Индивидуальную,ДРУГОЕ,0,нет,16:24:210101,2507219.24,1886.55,,,,,да,нет,нет,нет,нет,нет,нет,да,55.61378080900931,49.137674915025585
16:24:210101:692,1022.0,Земли населенных пунктов,Ранее учтенный,"Местоположение установлено относительно ориентира, расположенного в границах участка. Почтовый адрес ориентира: Российская Федерация, Республика Татарстан (Татарстан), м.р-н Лаишевский, с.п. Габишевское, с Габишево, ул Лесная, з/у 14.",,Для индивидуального жилищного строительства,ИЖС,0,нет,16:24:210101,1635189.47,1599.99,,,,,да,да,нет,нет,нет,да,нет,да,55.607469571586556,49.15071294432074
16:24:210101:501,,Земли населенных пунктов,Ранее учтенный,"Местоположение установлено относительно ориентира, расположенного в границах участка. Почтовый адрес ориентира: Российская Федерация, Республика Татарстан (Татарстан), м.р-н Лаишевский, с.п. Габишевское, с Габишево, тер. ГПК Молодежный, з/у 501Г.",Муниципальная,Размещение гаражей для собственных нужд,ДРУГОЕ,0,нет,16:24:210101,37263.43,1693.79,,,,,да,нет,нет,нет,нет,нет,нет,да,55.612171606799926,49.13868550688394
16:24:210101:367,1701.0,Земли населенных пунктов,Ранее учтенный,"Местоположение установлено относительно ориентира, расположенного в границах участка. Почтовый адрес ориентира: Российская Федерация, Республика Татарстан (Татарстан), м.р-н Лаишевский, с.п. Габишевское, с Габишево, ул Казанская, з/у 43.",Частная,Для индивидуального строительства жилого дома,ЖИЛОЙ,0,нет,16:24:000000,2781245.56,1635.065,,,,,нет,нет,нет,нет,нет,да,нет,да,55.606978105891336,49.13836476384389
16:24:210101:2357,500.0,Земли населенных пунктов,Учтенный,"Местоположение установлено относительно ориентира, расположенного в границах участка. Почтовый адрес ориентира: Российская Федерация, Республика Татарстан (Татарстан), м.р-н Лаишевский, с.п. Габишевское, с Габишево, ул Советская, з/у 22.",Частная,Для индивидуального жилищного строительства,ИЖС,0,нет,16:24:210101,865226.25,1730.4525,,,,,нет,да,нет,нет,нет,да,нет,да,55.608881066448376,49.144149971225346
16:24:210101:693,1106.0,Земли населенных пунктов,Ранее учтенный,"Местоположение установлено относительно ориентира, расположенного в границах участка. Почтовый адрес ориентира: Российская Федерация, Республика Татарстан (Татарстан), м.р-н Лаишевский, с.п. Габишевское, с Габишево, ул Тукая, з/у 32.",Частная,Для индивидуального жилищного строительства,ИЖС,0,нет,16:24:210101,2118652.38,1915.5989,,,,,нет,да,нет,нет,нет,да,нет,да,55.61133597718471,49.127574809452895
16:24:210101:513,28.0,Земли населенных пунктов,Ранее учтенный,"Местоположение установлено относительно ориентира, расположенного в границах участка. Почтовый адрес ориентира: Российская Федерация, Республика Татарстан (Татарстан), м.р-н Лаишевский, с.п. Габишевское, с Габишево, тер. ГПК Молодежный, з/у 513Г.",Частная,обслуживание автотранспорта,ТРАНСПОРТ,0,нет,16:24:210101,47426.19,1693.7924,,,,,нет,нет,нет,нет,нет,нет,нет,да,55.61177843383048,49.1386197743067
16:24:210101:489,27.0,Земли населенных пунктов,Ранее учтенный,"Местоположение установлено относительно ориентира, расположенного в границах участка. Почтовый адрес ориентира: Российская Федерация, Республика Татарстан (Татарстан), м.р-н Лаишевский, с.п. Габишевское, с Габишево, тер. ГПК Молодежный, з/у 489Г.",Частная,Для размещения гаража,ДРУГОЕ,0,нет,16:24:210101,45723.92,1693.4787,,,,,нет,нет,нет,нет,нет,нет,нет,да,55.61214315147534,49.13939677329982
16:24:210101:52,,Земли населенных пунктов,Ранее учтенный,"Местоположение установлено относительно ориентира, расположенного в границах участка. Почтовый адрес ориентира: Российская Федерация, Республика Татарстан (Татарстан), м.р-н Лаишевский, с.п. Габишевское, с Габишево, пр-кт Молодежный, з/у 42.",Частная,Для ведения личного подсобного хозяйства,ЛПХ,0,нет,16:24:210101,3218971.63,2078.1,,,,,нет,нет,нет,нет,да,да,нет,да,55.613128972691406,49.13316025389899
16:24:210101:452,,Земли населенных пунктов,Ранее учтенный,"Местоположение установлено относительно ориентира, расположенного в границах участка. Почтовый адрес ориентира: Российская Федерация, Республика Татарстан (Татарстан), м.р-н Лаишевский, с.п. Габишевское, с Габишево, тер. ГПК Семерка, з/у 452Г.",Муниципальная,Размещение гаражей для собственных нужд,ДРУГОЕ,0,нет,16:24:210101,29401.84,1400.09,,,,,да,нет,нет,нет,нет,нет,нет,да,55.60833657221626,49.13709765029487
16:24:210101:436,23.0,Земли населенных пунктов,Ранее учтенный,"Местоположение установлено относительно ориентира, расположенного в границах участка. Почтовый адрес ориентира: Российская Федерация, Республика Татарстан (Татарстан), м.р-н Лаишевский, с.п. Габишевское, с Габишево, тер. ГПК Семерка, з/у 436Г.",Муниципальная,Размещение гаражей для собственных нужд,ДРУГОЕ,0,нет,16:24:210101,32202.01,1400.09,,,,,да,нет,нет,нет,нет,нет,нет,да,55.608377844725304,49.1370012213957
16:24:210101:329,,Земли населенных пунктов,Ранее учтенный,"Местоположение установлено относительно ориентира, расположенного в границах участка. Почтовый адрес ориентира: Российская Федерация, Республика Татарстан (Татарстан), м.р-н Лаишевский, с.п. Габишевское, с Габишево, ул Казанская, з/у 32.",Частная,Для индивидуального жилищного строительства,ИЖС,0,нет,16:24:210101,3039240.08,1699.8,,,,,нет,да,нет,нет,нет,да,нет,да,55.60672900480411,49.14087829748564
16:24:210101:267,,Земли населенных пунктов,Ранее учтенный,"Местоположение установлено относительно ориентира, расположенного в границах участка. Почтовый адрес ориентира: Российская Федерация, Республика Татарстан (Татарстан), м.р-н Лаишевский, с.п. Габишевское, с Габишево, ул Московская, з/у 10.",Частная,Под жилую застройку Индивидуальную,ДРУГОЕ,0,нет,16:24:210101,1584729.81,1747.22,,,,,нет,нет,нет,нет,нет,нет,нет,да,55.609166066929255,49.145847196195184
16:24:210101:169,1063.0,Земли населенных пунктов,Ранее учтенный,"Местоположение установлено относительно ориентира, расположенного в границах участка. Почтовый адрес ориентира: Российская Федерация, Республика Татарстан (Татарстан), м.р-н Лаишевский, с.п. Габишевское, с Габишево, ул Тукая, з/у 26.",Частная,Индивидуальное жилищное строительство,ДРУГОЕ,0,нет,16:24:210101,2047748.32,1926.386,,,,,нет,нет,нет,нет,нет,нет,нет,да,55.61122323559302,49.13052302565922
16:24:210101:120,1380.0,Земли населенных пунктов,Ранее учтенный,"Местоположение установлено относительно ориентира, расположенного в границах участка. Почтовый адрес ориентира: Российская Федерация, Республика Татарстан (Татарстан), м.р-н Лаишевский, с.п. Габишевское, с Габишево, ул Солнечная, з/у 2.",,Индивидуальное жилищное строительство,ДРУГОЕ,0,нет,16:24:210101,2873364.24,2082.148,,,,,да,нет,нет,нет,нет,нет,нет,да,55.613980265395256,49.134181598683064
16:24:210101:802,1000.0,Земли населенных пунктов,Ранее учтенный,"Местоположение установлено относительно ориентира, расположенного в границах участка. Ориентир Культурно -спортивный центр. Почтовый адрес ориентира: Российская Федерация, Республика Татарстан (Татарстан), м.р-н Лаишевский, с.п. Габишевское, с Габишево, ул Державина, з/у 20.",Частная,Индивидуальное жилищное строительство,ДРУГОЕ,0,нет,16:24:210101,1569176.7,1569.1767,,,,,нет,нет,нет,нет,нет,нет,нет,да,55.60633629948677,49.15107723419987
16:24:210101:65,1532.0,Земли населенных пунктов,Ранее учтенный,"Российская Федерация, Республика Татарстан (Татарстан), м.р-н Лаишевский, с.п. Габишевское, с Габишево, пр-кт Молодежный, з/у 19",Частная,Для ведения личного подсобного хозяйства,ЛПХ,0,нет,16:24:210101,3126984.81,2041.1128,,,,,нет,нет,нет,нет,да,да,нет,да,55.61227856921092,49.133496653426825
16:24:210101:506,24.0,Земли населенных пунктов,Ранее учтенный,"Местоположение установлено относительно ориентира, расположенного в границах участка. Почтовый адрес ориентира: Российская Федерация, Республика Татарстан (Татарстан), м.р-н Лаишевский, с.п. Габишевское, с Габишево, тер. ГПК Молодежный, з/у 506Г.",Частная,Для размещения  гаража,ДРУГОЕ,0,нет,16:24:210101,40651.02,1693.7924,,,,,нет,нет,нет,нет,нет,нет,нет,да,55.612003528872265,49.138673758812125
16:24:210101:305,,Земли населенных пунктов,Ранее учтенный,"Местоположение установлено относительно ориентира, расположенного в границах участка. Почтовый адрес ориентира: Российская Федерация, Республика Татарстан (Татарстан), м.р-н Лаишевский, с.п. Габишевское, с Габишево, ул Приозерная, з/у 5.",Муниципальная,Для индивидуального жилищного строительства,ИЖС,0,нет,16:24:210101,2169542.44,1668.8788,,,,,да,да,нет,нет,нет,да,нет,да,55.60687036418217,49.14561974361485
16:24:210101:2895,646.0,Земли населенных пунктов,Учтенный,"Местоположение установлено относительно ориентира, расположенного в границах участка. Почтовый адрес ориентира: Республика Татарстан, Лаишевский муниципальный район, Габишевское сельское поселение, с Габишево, ул. Тукая.",Частная,для индивидуального жилищного строительства,ИЖС,0,нет,16:24:210101,1284808.4,1988.8675,,,,,нет,да,нет,нет,нет,да,нет,да,55.61162724090779,49.13522979353855
16:24:210101:2627,500.0,Земли населенных пунктов,Учтенный,"Местоположение установлено относительно ориентира, расположенного в границах участка. Почтовый адрес ориентира: Российская Федерация, Республика Татарстан (Татарстан), м.р-н Лаишевский, с.п. Габишевское, с Габишево, ул Приволжская, з/у 6А.",Частная,индивидуальная жилая застройка,ДРУГОЕ,0,нет,16:24:210101,873503.9,1747.0078,,,,,нет,нет,нет,нет,нет,нет,нет,да,55.608666806323676,49.1456928072059
16:24:210101:189,,Земли населенных пунктов,Ранее учтенный,"Местоположение установлено относительно ориентира, расположенного в границах участка. Почтовый адрес ориентира: Российская Федерация, Республика Татарстан (Татарстан), м.р-н Лаишевский, с.п. Габишевское, с Габишево, ул Приволжская, з/у 20/2.",,Под жилую застройку Индивидуальную,ДРУГОЕ,0,нет,16:24:210101,1248795.45,1783.99,,,,,да,нет,нет,нет,нет,нет,нет,да,55.609157491114566,49.14182868302127
16:24:090704:1762,549.0,Земли населенных пунктов,Учтенный,"Местоположение установлено относительно ориентира, расположенного в границах участка. Почтовый адрес ориентира: Российская Федерация, Республика Татарстан (Татарстан), м.р-н Лаишевский, с.п. Габишевское, с Габишево, ул Алексея Малышева, з/у 39.",Частная,"земельные участки, предназначенные для размещения домов индивидуальной жилой застройки",ЖИЛОЙ,0,нет,16:24:090704,837361.43,1525.2485,,,,,нет,нет,нет,нет,нет,да,нет,да,55.60400199241906,49.14077929421563
16:24:210101:491,26.0,Земли населенных пунктов,Ранее учтенный,"Местоположение установлено относительно ориентира, расположенного в границах участка. Почтовый адрес ориентира: Российская Федерация, Республика Татарстан (Татарстан), м.р-н Лаишевский, с.п. Габишевское, с Габишево, тер. ГПК Молодежный, з/у 491Г.",Муниципальная,Для размещения гаража,ДРУГОЕ,0,нет,16:24:210101,44038.6,1693.7924,,,,,да,нет,нет,нет,нет,нет,нет,да,55.61215157314324,49.13927565221887
16:24:210101:3807,1336.0,Земли населенных пунктов,Учтенный,"Местоположение установлено относительно ориентира, расположенного в границах участка. Почтовый адрес ориентира: Российская Федерация, Республика Татарстан, Лаишевский муниципальный район, Габишевское сельское поселение, с Габишево, ул. Советская, д. 20.",Частная,Для индивидуального жилищного строительства,ИЖС,0,нет,16:24:210101,2327232.51,1741.9405,,,,,нет,да,нет,нет,нет,да,нет,да,55.609193121613764,49.14420462799308
16:24:210101:376,387.0,Земли населенных пунктов,Ранее учтенный,"Местоположение установлено относительно ориентира, расположенного в границах участка. Почтовый адрес ориентира: Российская Федерация, Республика Татарстан (Татарстан), м.р-н Лаишевский, с.п. Габишевское, с Габишево, пр-кт Молодежный, з/у 1.",Муниципальная,Под размещение административного здания,ДРУГОЕ,0,нет,16:24:210101,388549.16,1004.003,,,,,да,нет,нет,нет,нет,нет,нет,да,55.611641996484195,49.14440724295028
16:24:210101:364,1678.0,Земли населенных пунктов,Ранее учтенный,"Местоположение установлено относительно ориентира, расположенного в границах участка. Почтовый адрес ориентира: Российская Федерация, Республика Татарстан (Татарстан), м.р-н Лаишевский, с.п. Габишевское, с Габишево, ул Казанская, з/у 37.",,Ведение личного подсобного хозяйства,ЛПХ,0,нет,16:24:210101,2734619.99,1629.6901,,,,,да,нет,нет,нет,да,да,нет,да,55.60660971120314,49.13951536329102
16:24:210101:2990,815.0,Земли населенных пунктов,Учтенный,"Местоположение установлено относительно ориентира, расположенного в границах участка. Почтовый адрес ориентира: Российская Федерация, Республика Татарстан (Татарстан), м.р-н Лаишевский, с.п. Габишевское, с Габишево, ул Тукая, з/у 9.",Частная,для индивидуального жилищного строительства,ИЖС,0,нет,16:24:210101,1630146.13,2000.1793,,,,,нет,да,нет,нет,нет,да,нет,да,55.611557227091566,49.133830348360306
16:24:210101:3030,754.0,Земли населенных пунктов,Учтенный,"Местоположение установлено относительно ориентира, расположенного в границах участка. Почтовый адрес ориентира: Республика Татарстан, Лаишевский муниципальный район, Габишевское сельское поселение, с Габишево, ул. Тукая.",Частная,под жилую застройку индивидуальную,ДРУГОЕ,0,нет,16:24:210101,1472629.18,1953.0891,,,,,нет,нет,нет,нет,нет,нет,нет,да,55.61094589484703,49.13535595449822
16:24:210101:2514,466.0,Земли населенных пунктов,Учтенный,"Местоположение установлено относительно ориентира, расположенного в границах участка. Почтовый адрес ориентира: Российская Федерация, Республика Татарстан (Татарстан), м.р-н Лаишевский, с.п. Габишевское, с Габишево, ул Бауманская, з/у 9А.",Частная,Под жилую застройку Индивидуальную,ДРУГОЕ,0,нет,16:24:210101,812401.15,1743.3501,,,,,нет,нет,нет,нет,нет,нет,нет,да,55.613244171685366,49.141952967491804
16:24:090704:3277,500.0,Земли населенных пунктов,Учтенный,"Местоположение установлено относительно ориентира, расположенного в границах участка. Почтовый адрес ориентира: Российская Федерация, Республика Татарстан (Татарстан), м.р-н Лаишевский, с.п. Габишевское, с Габишево, пер Узорный, з/у 6.",Частная,"земельные участки, предназначенные для размещения домов индивидуальной жилой застройки",ЖИЛОЙ,0,нет,16:24:090704,872257.25,1744.5145,,,,,нет,нет,нет,нет,нет,да,нет,да,55.609334152718745,49.13401308068679
16:24:090704:2529,698.0,Земли населенных пунктов,Учтенный,"Российская Федерация, Республика Татарстан (Татарстан), м.р-н Лаишевский, с.п. Габишевское, с Габишево, ул Луговая, з/у 4",Частная,"Земельные участки, предназначенные для размещения домов индивидуальной жилой застройки",ЖИЛОЙ,0,нет,16:24:090704,1088139.0,1558.9384,,,,,нет,нет,нет,нет,нет,да,нет,да,55.60656124281152,49.131622729395964
16:24:090704:1772,501.0,Земли населенных пунктов,Учтенный,"Местоположение установлено относительно ориентира, расположенного в границах участка. Почтовый адрес ориентира: Российская Федерация, Республика Татарстан (Татарстан), м.р-н Лаишевский, с.п. Габишевское, с Габишево, ул Алексея Малышева, з/у 71А.",Частная,"земельные участки, предназначенные для размещения домов индивидуальной жилой застройки",ЖИЛОЙ,0,нет,16:24:090704,775306.07,1547.5171,,,,,нет,нет,нет,нет,нет,да,нет,да,55.60566181438372,49.13447418291861
16:24:210101:236,1038.0,Земли населенных пунктов,Ранее учтенный,"Местоположение установлено относительно ориентира, расположенного в границах участка. Почтовый адрес ориентира: Российская Федерация, Республика Татарстан (Татарстан), м.р-н Лаишевский, с.п. Габишевское, с Габишево, ул Ленинская, з/у 11.",Частная,Под жилую застройку Индивидуальную,ДРУГОЕ,0,нет,16:24:210101,1713570.26,1650.8384,,,,,нет,нет,нет,нет,нет,нет,нет,да,55.610257753765474,49.14459974019117
16:24:090704:2597,696.0,Земли населенных пунктов,Учтенный,"Местоположение установлено относительно ориентира, расположенного в границах участка. Почтовый адрес ориентира: Российская Федерация, Республика Татарстан (Татарстан), м.р-н Лаишевский, с.п. Габишевское, с Габишево, ул Веселая, з/у 10А.",Частная,"Земельные участки, предназначенные для размещения домов индивидуальной жилой застройки",ЖИЛОЙ,0,нет,16:24:090704,1054718.89,1515.4007,,,,,нет,нет,нет,нет,нет,да,нет,да,55.605335930415166,49.131616768961074
16:24:090704:1993,666.0,Земли населенных пунктов,Учтенный,"Местоположение установлено относительно ориентира, расположенного в границах участка. Почтовый адрес ориентира: Российская Федерация, Республика Татарстан (Татарстан), м.р-н Лаишевский, с.п. Габишевское, с Габишево, ул Александра Сергеева, з/у 8.",Частная,"земельные участки, предназначенные для размещения домов индивидуальной жилой застройки",ЖИЛОЙ,0,нет,16:24:090704,1029551.28,1545.8728,,,,,нет,нет,нет,нет,нет,да,нет,да,55.60435198375135,49.14772865555889
16:24:090704:1567,716.0,Земли населенных пунктов,Учтенный,"Местоположение установлено относительно ориентира, расположенного в границах участка. Почтовый адрес ориентира: Российская Федерация, Республика Татарстан (Татарстан), м.р-н Лаишевский, с.п. Габишевское, с Габишево, ул Александра Сергеева, з/у 40А.",Частная,Для индивидуальной жилой застройки,ДРУГОЕ,0,нет,16:24:090704,1131047.3,1579.675,,,,,нет,нет,нет,нет,нет,нет,нет,да,55.605010622953934,49.14036444444678
16:24:090704:1564,711.0,Земли населенных пунктов,Учтенный,"Местоположение установлено относительно ориентира, расположенного в границах участка. Почтовый адрес ориентира: Российская Федерация, Республика Татарстан (Татарстан), м.р-н Лаишевский, с.п. Габишевское, с Габишево, ул Александра Сергеева, з/у 60А.",Частная,Для индивидуальной жилой застройки,ДРУГОЕ,0,нет,16:24:090704,1121738.8,1577.6917,,,,,нет,нет,нет,нет,нет,нет,нет,да,55.606190360747796,49.13636342263682
16:24:090704:1159,1001.0,Земли населенных пунктов,Учтенный,"Местоположение установлено относительно ориентира, расположенного в границах участка. Почтовый адрес ориентира: Российская Федерация, Республика Татарстан (Татарстан), м.р-н Лаишевский, с.п. Габишевское, с Габишево, ул Ивана Матвеева, з/у 6.",Частная,"земельные участки, предназначенные для размещения домов индивидуальной жилой застройки",ЖИЛОЙ,0,нет,16:24:090704,1495523.83,1494.0298,,,,,нет,нет,нет,нет,нет,да,нет,да,55.60335487761661,49.1481736735618
16:24:090704:1761,400.0,Земли населенных пунктов,Учтенный,"Местоположение установлено относительно ориентира, расположенного в границах участка. Почтовый адрес ориентира: Российская Федерация, Республика Татарстан (Татарстан), м.р-н Лаишевский, с.п. Габишевское, с Габишево, ул Ивана Матвеева, з/у 40А.",Частная,"земельные участки, предназначенные для размещения домов индивидуальной жилой застройки",ЖИЛОЙ,0,нет,16:24:090704,616688.56,1541.7214,,,,,нет,нет,нет,нет,нет,да,нет,да,55.60413354191576,49.140738338418885
16:24:090704:1690,540.0,Земли населенных пунктов,Учтенный,"Местоположение установлено относительно ориентира, расположенного в границах участка. Почтовый адрес ориентира: Российская Федерация, Республика Татарстан (Татарстан), м.р-н Лаишевский, с.п. Габишевское, с Габишево, ул Александра Сергеева, з/у 102.",Частная,"земельные участки, предназначенные для размещения домов индивидуальной жилой застройки",ЖИЛОЙ,0,нет,16:24:090704,1008087.07,1866.8279,,,,,нет,нет,нет,нет,нет,да,нет,да,55.61023127484706,49.130615719862874
16:24:000000:5975,670.0,Земли населенных пунктов,Учтенный,"Местоположение установлено относительно ориентира, расположенного в границах участка. Почтовый адрес ориентира: Республика Татарстан, Лаишевский муниципальный район, Габишевское сельское поселение, с Габишево, ул. Казанская.",Частная,Для ведения личного подсобного хозяйства,ЛПХ,0,нет,16:24:000000,1093359.94,1631.8805,,,,,нет,нет,нет,нет,да,да,нет,да,55.60663552506465,49.139110623982475
16:24:090704:937,1082.0,Земли населенных пунктов,Учтенный,"Местоположение установлено относительно ориентира, расположенного в границах участка. Почтовый адрес ориентира: Российская Федерация, Республика Татарстан (Татарстан), м.р-н Лаишевский, с.п. Габишевское, с Габишево, ул Алексея Малышева, з/у 89.",Государственная субъекта РФ,Для индивидуального жилищного строительства,ИЖС,0,нет,16:24:090704,1703735.27,1574.6167,,,,,да,да,нет,нет,нет,да,нет,да,55.60725990217888,49.13179254095528
16:24:090704:2088,520.0,Земли населенных пунктов,Учтенный,"Местоположение установлено относительно ориентира, расположенного в границах участка. Почтовый адрес ориентира: Российская Федерация, Республика Татарстан (Татарстан), м.р-н Лаишевский, с.п. Габишевское, с Габишево, ул Лучистая, з/у 1.",Частная,"Земельные участки, предназначенные для размещения домов индивидуальной жилой застройки",ЖИЛОЙ,0,нет,16:24:090704,801629.82,1541.5958,,,,,нет,нет,нет,нет,нет,да,нет,да,55.60747783723423,49.130463264601886
16:24:090704:1189,985.0,Земли населенных пунктов,Учтенный,"Местоположение установлено относительно ориентира, расположенного в границах участка. Почтовый адрес ориентира: Российская Федерация, Республика Татарстан (Татарстан), м.р-н Лаишевский, с.п. Габишевское, с Габишево, ул Александра Сергеева, з/у 43.",Частная,"земельные участки, предназначенные для размещения домов индивидуальной жилой застройки",ЖИЛОЙ,0,нет,16:24:090704,1573851.12,1597.8184,,,,,нет,нет,нет,нет,нет,да,нет,да,55.60572933867081,49.140211608243916
16:24:210101:901,969.0,Земли населенных пунктов,Учтенный,"Местоположение установлено относительно ориентира, расположенного в границах участка. Почтовый адрес ориентира: Российская Федерация, Республика Татарстан (Татарстан), м.р-н Лаишевский, с.п. Габишевское, с Габишево, ул Береговая, з/у 19.",Частная,Для малоэтажного жилищного строительства,ДРУГОЕ,0,нет,16:24:210101,1493861.85,1541.6531,,,,,нет,нет,нет,нет,нет,нет,нет,да,55.610455560713625,49.1506793774808
16:24:210101:886,896.0,Земли населенных пунктов,Учтенный,"Местоположение установлено относительно ориентира, расположенного в границах участка. Почтовый адрес ориентира: Российская Федерация, Республика Татарстан (Татарстан), м.р-н Лаишевский, с.п. Габишевское, с Габишево, ул Марджани, з/у 16А.",Частная,Для ведения личного подсобного хозяйства,ЛПХ,0,нет,16:24:210101,1384757.52,1545.4883,,,,,нет,нет,нет,нет,да,да,нет,да,55.609013493779116,49.15078746305943
16:24:210101:623,1271.0,Земли населенных пунктов,Ранее учтенный,"Местоположение установлено относительно ориентира, расположенного в границах участка. Почтовый адрес ориентира: Российская Федерация, Республика Татарстан (Татарстан), м.р-н Лаишевский, с.п. Габишевское, с Габишево, ул Ленинская, з/у 28.",,Индивидуальное жилищное строительство,ДРУГОЕ,0,нет,16:24:210101,2264027.47,1781.2962,,,,,да,нет,нет,нет,нет,нет,нет,да,55.60860321627524,49.138601473321536
16:24:210101:628,,Земли населенных пунктов,Ранее учтенный,"Местоположение установлено относительно ориентира, расположенного в границах участка. Почтовый адрес ориентира: Республика Татарстан, р-н. Лаишевский, с. Габишево.",Муниципальная,Размещение гаражей для собственных нужд,ДРУГОЕ,0,нет,16:24:210101,456222.0,1629.36,,,,,да,нет,нет,нет,нет,нет,нет,да,55.61075764293464,49.1383647073197
16:24:210101:43,1608.0,Земли населенных пунктов,Ранее учтенный,"Местоположение установлено относительно ориентира, расположенного в границах участка. Почтовый адрес ориентира: Российская Федерация, Республика Татарстан (Татарстан), м.р-н Лаишевский, с.п. Габишевское, с Габишево, пр-кт Молодежный, з/у 24.",,Для ведения личного подсобного хозяйства,ЛПХ,0,нет,16:24:210101,3138054.45,1951.5264,,,,,да,нет,нет,нет,да,да,нет,да,55.61302025008737,49.137659729392254
16:24:210101:412,31.0,Земли населенных пунктов,Ранее учтенный,"Местоположение установлено относительно ориентира, расположенного в границах участка. Почтовый адрес ориентира: Российская Федерация, Республика Татарстан (Татарстан), м.р-н Лаишевский, с.п. Габишевское, с Габишево, тер. ГПК Семерка, з/у 412Г.",Муниципальная,Под размещение индивидуальных гаражей,ДРУГОЕ,0,нет,16:24:210101,43402.71,1400.09,,,,,да,нет,нет,нет,нет,нет,нет,да,55.60832664637204,49.13694588568982
16:24:210101:297,1135.0,Земли населенных пунктов,Ранее учтенный,"Местоположение установлено относительно ориентира, расположенного в границах участка. Почтовый адрес ориентира: Российская Федерация, Республика Татарстан (Татарстан), м.р-н Лаишевский, с.п. Габишевское, с Габишево, ул Приозерная, з/у 4.",Частная,Индивидуальное жилищное строительство,ДРУГОЕ,0,нет,16:24:210101,1906694.44,1679.907,,,,,нет,нет,нет,нет,нет,нет,нет,да,55.60752689538299,49.14614228080177
16:24:210101:2606,38.0,Земли населенных пунктов,Учтенный,"Местоположение установлено относительно ориентира, расположенного в границах участка. Почтовый адрес ориентира: Российская Федерация, Республика Татарстан (Татарстан), м.р-н Лаишевский, с.п. Габишевское, с Габишево, тер. ГПК Семерка, з/у 2606Г.",Частная,под размещение индивидуальных гаражей,ДРУГОЕ,0,нет,16:24:210101,53649.82,1411.8373,,,,,нет,нет,нет,нет,нет,нет,нет,да,55.608266278745624,49.136693227178
16:24:210101:209,942.0,Земли населенных пунктов,Ранее учтенный,"Местоположение установлено относительно ориентира, расположенного в границах участка. Почтовый адрес ориентира: Российская Федерация, Республика Татарстан (Татарстан), м.р-н Лаишевский, с.п. Габишевское, с Габишево, ул Приволжская, з/у 5/1.",Частная,индивидуальное жилищное строительство,ДРУГОЕ,0,нет,16:24:210101,1618922.33,1718.6012,,,,,нет,нет,нет,нет,нет,нет,нет,да,55.608035162284615,49.146050242297385
16:24:210101:150,1502.0,Земли населенных пунктов,Ранее учтенный,"Местоположение установлено относительно ориентира, расположенного в границах участка. Почтовый адрес ориентира: Российская Федерация, Республика Татарстан (Татарстан), м.р-н Лаишевский, с.п. Габишевское, с Габишево, ул Тукая, з/у 11.",Частная,Индивидуальное строительство жилого дома,ЖИЛОЙ,0,нет,16:24:210101,3054367.62,2033.5337,,,,,нет,нет,нет,нет,нет,да,нет,да,55.611725168328256,49.13337125846522
16:24:210101:93,1280.0,Земли населенных пунктов,Ранее учтенный,"Местоположение установлено относительно ориентира, расположенного в границах участка. Почтовый адрес ориентира: Российская Федерация, Республика Татарстан (Татарстан), м.р-н Лаишевский, с.п. Габишевское, с Габишево, ул им Мусы Джалиля, з/у 15.",Частная,Индивидуальное жилищное строительство,ДРУГОЕ,0,нет,16:24:210101,2465573.38,1926.2292,,,,,нет,нет,нет,нет,нет,нет,нет,да,55.61134005476292,49.13706233269077
16:24:210101:79,,Земли населенных пунктов,Ранее учтенный,"Местоположение установлено относительно ориентира, расположенного в границах участка. Почтовый адрес ориентира: Российская Федерация, Республика Татарстан (Татарстан), м.р-н Лаишевский, с.п. Габишевское, с Габишево, ул Бауманская, з/у 8.",Частная,Под жилую застройку Индивидуальную,ДРУГОЕ,0,нет,16:24:210101,2618522.64,1777.68,,,,,нет,нет,нет,нет,нет,нет,нет,да,55.61343872041079,49.14071771194211
16:24:210101:447,,Земли населенных пунктов,Ранее учтенный,"Местоположение установлено относительно ориентира, расположенного в границах участка. Почтовый адрес ориентира: Российская Федерация, Республика Татарстан (Татарстан), м.р-н Лаишевский, с.п. Габишевское, с Габишево, тер. ГПК Семерка, з/у 447Г.",Муниципальная,Размещение гаражей для собственных нужд,ДРУГОЕ,0,нет,16:24:210101,29608.97,1409.95,,,,,да,нет,нет,нет,нет,нет,нет,да,55.608546577304864,49.13642681680528
16:24:210101:2517,38.0,Земли населенных пунктов,Учтенный,"Российская Федерация, Республика Татарстан (Татарстан), м.р-н Лаишевский, с.п. Габишевское, с Габишево, тер. ГПК Семерка, з/у 2517Г",Частная,под размещение индивидуальных гаражей,ДРУГОЕ,0,нет,16:24:210101,53578.13,1409.9508,,,,,нет,нет,нет,нет,нет,нет,нет,да,55.60844893395316,49.13655608759837
16:24:210101:2386,29.0,Земли населенных пунктов,Учтенный,"Местоположение установлено относительно ориентира, расположенного в границах участка. Почтовый адрес ориентира: Российская Федерация, Республика Татарстан (Татарстан), м.р-н Лаишевский, с.п. Габишевское, с Габишево, тер. ГПК Семерка, з/у 2386Г.",,под размещение индивидуальных гаражей,ДРУГОЕ,0,нет,16:24:210101,40602.54,1400.0875,,,,,да,нет,нет,нет,нет,нет,нет,да,55.60817819974979,49.136973182194446
16:24:210101:2989,638.0,Земли населенных пунктов,Учтенный,"Местоположение установлено относительно ориентира, расположенного в границах участка. Почтовый адрес ориентира: Российская Федерация, Республика Татарстан (Татарстан), м.р-н Лаишевский, с.п. Габишевское, с Габишево, ул Ленинская, з/у 36.",Частная,для индивидуального жилищного строительства,ИЖС,0,нет,16:24:210101,1070706.47,1678.2233,,,,,нет,да,нет,нет,нет,да,нет,да,55.60779501852983,49.1379203040416
16:24:210101:183,,Земли населенных пунктов,Ранее учтенный,"Местоположение установлено относительно ориентира, расположенного в границах участка. Почтовый адрес ориентира: Российская Федерация, Республика Татарстан (Татарстан), м.р-н Лаишевский, с.п. Габишевское, с Габишево, ул Приволжская, з/у 30.",,Индивидуальное жилищное строительство,ДРУГОЕ,0,нет,16:24:210101,2719885.97,1888.8097,,,,,да,нет,нет,нет,нет,нет,нет,да,55.61026328934929,49.13750034961626
16:24:210101:3790,500.0,Земли населенных пунктов,Учтенный,"Российская Федерация, Республика Татарстан (Татарстан), м.р-н Лаишевский, с.п. Габишевское, с Габишево, ул Приозерная, з/у 39",Частная,Для индивидуального жилищного строительства,ИЖС,0,нет,16:24:210101,911647.95,1823.2959,,,,,нет,да,нет,нет,нет,да,нет,да,55.608841384377,49.13806182776377
16:24:210101:261,920.0,Земли населенных пунктов,Ранее учтенный,"Местоположение установлено относительно ориентира, расположенного в границах участка. Почтовый адрес ориентира: Российская Федерация, Республика Татарстан (Татарстан), м.р-н Лаишевский, с.п. Габишевское, с Габишево, ул Советская, з/у 17.",Частная,для индивидуального жилищного строительства,ИЖС,0,нет,16:24:210101,1606767.76,1746.4867,,,,,нет,да,нет,нет,нет,да,нет,да,55.609192445871585,49.145030588569874
16:24:210101:2533,25.0,Земли населенных пунктов,Учтенный,"Местоположение установлено относительно ориентира, расположенного в границах участка. Почтовый адрес ориентира: Российская Федерация, Республика Татарстан (Татарстан), м.р-н Лаишевский, с.п. Габишевское, с Габишево, тер. ГПК Семерка, з/у 2533Г.",Частная,под размещение индивидуальных гаражей,ДРУГОЕ,0,нет,16:24:210101,35002.19,1400.0875,,,,,нет,нет,нет,нет,нет,нет,нет,да,55.60815752126498,49.13703954859095
16:24:210101:113,1204.0,Земли населенных пунктов,Ранее учтенный,"Местоположение установлено относительно ориентира, расположенного в границах участка. Почтовый адрес ориентира: Российская Федерация, Республика Татарстан (Татарстан), м.р-н Лаишевский, с.п. Габишевское, с Габишево, ул им Мусы Джалиля, з/у 3.",Частная,для индивидуального жилищного строительства,ИЖС,0,нет,16:24:210101,2287773.74,1900.1443,,,,,нет,да,нет,нет,нет,да,нет,да,55.613580339594364,49.13747544301945
16:24:090704:2564,697.0,Земли населенных пунктов,Учтенный,"Российская Федерация, Республика Татарстан (Татарстан), м.р-н Лаишевский, с.п. Габишевское, с Габишево, ул Луговая, з/у 10",Частная,"земельные участки, предназначенные для размещения домов индивидуальной жилой застройки",ЖИЛОЙ,0,нет,16:24:090704,1079845.51,1549.2762,,,,,нет,нет,нет,нет,нет,да,нет,да,55.6059786654255,49.13059357823429
16:24:090704:1724,471.0,Земли населенных пунктов,Учтенный,"Местоположение установлено относительно ориентира, расположенного в границах участка. Почтовый адрес ориентира: Российская Федерация, Республика Татарстан (Татарстан), м.р-н Лаишевский, с.п. Габишевское, с Габишево, ул Приволжская, з/у 63.",Частная,"земельные участки, предназначенные для размещения домов индивидуальной жилой застройки",ЖИЛОЙ,0,нет,16:24:090704,878809.42,1865.8374,,,,,нет,нет,нет,нет,нет,да,нет,да,55.610592372396695,49.12647687810196
16:24:090704:1350,1100.0,Земли населенных пунктов,Учтенный,"Местоположение установлено относительно ориентира, расположенного в границах участка. Почтовый адрес ориентира: Российская Федерация, Республика Татарстан (Татарстан), м.р-н Лаишевский, с.п. Габишевское, с Габишево, ул Ивана Матвеева, з/у 15.",Частная,"земельные участки, предназначенные для размещения домов индивидуальной жилой застройки",ЖИЛОЙ,0,нет,16:24:090704,1737287.53,1579.3523,,,,,нет,нет,нет,нет,нет,да,нет,да,55.60415579627232,49.145647610645305
16:24:090704:1117,882.0,Земли населенных пунктов,Учтенный,"Местоположение установлено относительно ориентира, расположенного в границах участка. Почтовый адрес ориентира: Российская Федерация, Республика Татарстан (Татарстан), м.р-н Лаишевский, с.п. Габишевское, с Габишево, ул Александра Сергеева, з/у 109.",,"земельные участки, предназначенные для размещения домов индивидуальной жилой застройки",ЖИЛОЙ,0,нет,16:24:090704,1645668.59,1865.8374,,,,,да,нет,нет,нет,нет,да,нет,да,55.610254688090414,49.12622652086527
16:24:210101:631,,Земли населенных пунктов,Ранее учтенный,"Местоположение установлено относительно ориентира, расположенного в границах участка. Почтовый адрес ориентира: Республика Татарстан, р-н. Лаишевский, с. Габишево.",Муниципальная,Размещение гаражей для собственных нужд,ДРУГОЕ,0,нет,16:24:210101,1106234.85,1486.87,,,,,да,нет,нет,нет,нет,нет,нет,да,55.61325879182532,49.14345057365141
16:24:210101:336,1381.0,Земли населенных пунктов,Ранее учтенный,"Местоположение установлено относительно ориентира, расположенного в границах участка. Почтовый адрес ориентира: Российская Федерация, Республика Татарстан (Татарстан), м.р-н Лаишевский, с.п. Габишевское, с Габишево, ул Казанская, з/у 18.",Частная,Для ведения личного подсобного хозяйства,ЛПХ,0,нет,16:24:210101,2302335.67,1667.1511,,,,,нет,нет,нет,нет,да,да,нет,да,55.60647155553979,49.143866480510304
16:24:210101:3435,916.0,Земли населенных пунктов,Учтенный,"Местоположение установлено относительно ориентира, расположенного в границах участка. Почтовый адрес ориентира: Российская Федерация, Республика Татарстан (Татарстан), м.р-н Лаишевский, с.п. Габишевское, с Габишево, ул Московская, з/у 3А.",Частная,Под жилую застройку Индивидуальную,ДРУГОЕ,0,нет,16:24:210101,1511171.27,1649.7503,,,,,нет,нет,нет,нет,нет,нет,нет,да,55.60968103398816,49.14701803061513
16:24:210101:353,1259.0,Земли населенных пунктов,Ранее учтенный,"Местоположение установлено относительно ориентира, расположенного в границах участка. Почтовый адрес ориентира: Российская Федерация, Республика Татарстан (Татарстан), м.р-н Лаишевский, с.п. Габишевское, с Габишево, ул Казанская, з/у 15.",,Индивидуальное жилищное строительство,ДРУГОЕ,0,нет,16:24:210101,2076521.45,1649.3419,,,,,да,нет,нет,нет,нет,нет,нет,да,55.60588615641569,49.143530408821874
16:24:210101:2434,388.0,Земли населенных пунктов,Учтенный,"Местоположение установлено относительно ориентира, расположенного в границах участка. Почтовый адрес ориентира: Российская Федерация, Республика Татарстан (Татарстан), м.р-н Лаишевский, с.п. Габишевское, с Габишево, ул Державина, з/у 2.",,Под малоэтажное жилищное строительство,ДРУГОЕ,0,нет,16:24:210101,629186.39,1621.6144,,,,,да,нет,нет,нет,нет,нет,нет,да,55.6060223033152,49.147554234179175
16:24:210101:2452,1127.0,Земли населенных пунктов,Учтенный,"Местоположение установлено относительно ориентира, расположенного в границах участка. Почтовый адрес ориентира: Российская Федерация, Республика Татарстан (Татарстан), м.р-н Лаишевский, с.п. Габишевское, с Габишево, ул Светлая, з/у 1.",Частная,Под малоэтажное жилищное строительство,ДРУГОЕ,0,нет,16:24:210101,1771936.79,1572.2598,,,,,нет,нет,нет,нет,нет,нет,нет,да,55.60581902668462,49.1494877350288
16:24:090704:1320,896.0,Земли населенных пунктов,Учтенный,"Местоположение установлено относительно ориентира, расположенного в границах участка. Почтовый адрес ориентира: Российская Федерация, Республика Татарстан (Татарстан), м.р-н Лаишевский, с.п. Габишевское, с Габишево, ул Озерная, з/у 5.",Частная,"земельные участки, предназначенные для размещения домов индивидуальной жилой застройки",ЖИЛОЙ,0,нет,16:24:090704,1291245.4,1441.1221,,,,,нет,нет,нет,нет,нет,да,нет,да,55.60222834489572,49.14753518870621
16:24:090704:2652,522.0,Земли населенных пунктов,Учтенный,"Местоположение установлено относительно ориентира, расположенного в границах участка. Почтовый адрес ориентира: Российская Федерация, Республика Татарстан (Татарстан), м.р-н Лаишевский, с.п. Габишевское, с Габишево, ул Рябиновая, з/у 2А.",Частная,"земельные участки, предназначенные для размещения домов индивидуальной жилой застройки",ЖИЛОЙ,0,нет,16:24:090704,804713.01,1541.5958,,,,,нет,нет,нет,нет,нет,да,нет,да,55.607318436521986,49.13063134785496
16:24:210101:722,994.0,Земли населенных пунктов,Ранее учтенный,"Местоположение установлено относительно ориентира, расположенного в границах участка. Почтовый адрес ориентира: Российская Федерация, Республика Татарстан (Татарстан), м.р-н Лаишевский, с.п. Габишевское, с Габишево, ул Лесная, з/у 4.",,для индивидуального жилищного строительства,ИЖС,0,нет,16:24:210101,1637775.03,1647.661,,,,,да,да,нет,нет,нет,да,нет,да,55.607595206956596,49.14916134496059
16:24:210101:2444,702.0,Земли населенных пунктов,Учтенный,"Местоположение установлено относительно ориентира, расположенного в границах участка. Почтовый адрес ориентира: Российская Федерация, Республика Татарстан (Татарстан), м.р-н Лаишевский, с.п. Габишевское, с Габишево, ул Цветочная, з/у 8.",Частная,Под малоэтажное жилищное строительство,ДРУГОЕ,0,нет,16:24:210101,1112471.76,1584.7176,,,,,нет,нет,нет,нет,нет,нет,нет,да,55.60510687032942,49.147207550002186
16:24:210101:359,,Земли населенных пунктов,Ранее учтенный,"Местоположение установлено относительно ориентира, расположенного в границах участка. Почтовый адрес ориентира: Российская Федерация, Республика Татарстан (Татарстан), м.р-н Лаишевский, с.п. Габишевское, с Габишево, ул Казанская, з/у 27.",,Индивидуальное жилищное строительство,ДРУГОЕ,0,нет,16:24:210101,2312853.66,1690.6825,,,,,да,нет,нет,нет,нет,нет,нет,да,55.60606556192198,49.14149342445391
16:24:210101:888,770.0,Земли населенных пунктов,Учтенный,"Местоположение установлено относительно ориентира, расположенного в границах участка. Почтовый адрес ориентира: Российская Федерация, Республика Татарстан (Татарстан), м.р-н Лаишевский, с.п. Габишевское, с Габишево, ул Лесная, з/у 1А.",Частная,Для индивидуального жилищного строительства,ИЖС,0,нет,16:24:210101,1271670.94,1651.5207,,,,,нет,да,нет,нет,нет,да,нет,да,55.60718167497987,49.14788259317304
16:24:210101:2451,981.0,Земли населенных пунктов,Учтенный,"Местоположение установлено относительно ориентира, расположенного в границах участка. Почтовый адрес ориентира: Российская Федерация, Республика Татарстан (Татарстан), м.р-н Лаишевский, с.п. Габишевское, с Габишево, ул Державина, з/у 9.",,Под малоэтажное жилищное строительство,ДРУГОЕ,0,нет,16:24:210101,1542386.86,1572.2598,,,,,да,нет,нет,нет,нет,нет,нет,да,55.60606934146357,49.149636345121166
16:24:210101:808,1000.0,Земли населенных пунктов,Ранее учтенный,"Местоположение установлено относительно ориентира, расположенного в границах участка. Ориентир Культурно-спортивный центр. Почтовый адрес ориентира: Российская Федерация, Республика Татарстан (Татарстан), м.р-н Лаишевский, с.п. Габишевское, с Габишево, ул Державина, з/у 16.",,Индивидуальное жилищное строительство,ДРУГОЕ,0,нет,16:24:210101,1796157.9,1796.16,,,,,да,нет,нет,нет,нет,нет,нет,да,55.606428121465264,49.150045536032486
16:24:210101:714,1500.0,Земли населенных пунктов,Ранее учтенный,"Местоположение установлено относительно ориентира, расположенного в границах участка. Почтовый адрес ориентира: Российская Федерация, Республика Татарстан (Татарстан), м.р-н Лаишевский, с.п. Габишевское, с Габишево, ул Марджани, з/у 8.",Частная,Для индивидуального жилищного строительства,ИЖС,0,нет,16:24:210101,2520016.35,1680.0109,,,,,нет,да,нет,нет,нет,да,нет,да,55.608601977263746,49.1501679997118
16:24:210101:697,1000.0,Земли населенных пунктов,Ранее учтенный,"Местоположение установлено относительно ориентира, расположенного в границах участка. Почтовый адрес ориентира: Российская Федерация, Республика Татарстан (Татарстан), м.р-н Лаишевский, с.п. Габишевское, с Габишево, ул Приволжская, з/у 60.",Частная,Индивидуальное жилищное строительство,ДРУГОЕ,0,нет,16:24:210101,1898430.6,1898.4306,,,,,нет,нет,нет,нет,нет,нет,нет,да,55.61100052076726,49.12743280913515
16:24:210101:277,1256.0,Земли населенных пунктов,Ранее учтенный,"Местоположение установлено относительно ориентира, расположенного в границах участка. Почтовый адрес ориентира: Российская Федерация, Республика Татарстан (Татарстан), м.р-н Лаишевский, с.п. Габишевское, с Габишево, ул Марджани, з/у 3.",Частная,Под жилую застройку Индивидуальную,ДРУГОЕ,0,нет,16:24:210101,2059268.27,1639.54,,,,,нет,нет,нет,нет,нет,нет,нет,да,55.60910228941222,49.14788143690368
16:24:210101:736,1002.0,Земли населенных пунктов,Ранее учтенный,"Российская Федерация, Республика Татарстан (Татарстан), м.р-н Лаишевский, с.п. Габишевское, с Габишево, ул Вахитовская, з/у 10",,Индивидуальное жилищное строительство,ДРУГОЕ,0,нет,16:24:210101,1880453.7,1876.7003,,,,,да,нет,нет,нет,нет,нет,нет,да,55.61470919414195,49.13919587988444
16:24:090704:1116,866.0,Земли населенных пунктов,Учтенный,"Местоположение установлено относительно ориентира, расположенного в границах участка. Почтовый адрес ориентира: Российская Федерация, Республика Татарстан (Татарстан), м.р-н Лаишевский, с.п. Габишевское, с Габишево, ул Александра Сергеева, з/у 93.",Частная,"земельные участки, предназначенные для размещения домов индивидуальной жилой застройки",ЖИЛОЙ,0,нет,16:24:090704,1637360.66,1890.7167,,,,,нет,нет,нет,нет,нет,да,нет,да,55.610112640036306,49.129019221716355
16:24:090704:2936,596.0,Земли населенных пунктов,Учтенный,"Местоположение установлено относительно ориентира, расположенного в границах участка. Почтовый адрес ориентира: Российская Федерация, Республика Татарстан (Татарстан), м.р-н Лаишевский, с.п. Габишевское, с Габишево, ул Юности, з/у 9А.",Частная,"земельные участки, предназначенные для размещения домов индивидуальной жилой застройки",ЖИЛОЙ,0,нет,16:24:090704,1066269.51,1789.0428,,,,,нет,нет,нет,нет,нет,да,нет,да,55.60799451955525,49.12686351812832
16:24:210101:2878,6718.0,Земли населенных пунктов,Учтенный,"Местоположение установлено относительно ориентира, расположенного в границах участка. Почтовый адрес ориентира: Республика Татарстан, Лаишевский муниципальный район, Габишевское сельское поселение, с Габишево.",Муниципальная,"земельные участки улиц, проспектов, площадей, земель резерва (земли общего пользования)",ОГП,0,нет,16:24:210101,4834314.45,719.61,,,,,да,нет,нет,нет,нет,нет,да,да,55.615561990211404,49.13477424577329
16:24:090704:1585,789.0,Земли населенных пунктов,Учтенный,"Местоположение установлено относительно ориентира, расположенного в границах участка. Почтовый адрес ориентира: Российская Федерация, Республика Татарстан (Татарстан), м.р-н Лаишевский, с.п. Габишевское, с Габишево, ул Ивана Матвеева, з/у 55А.",Частная,"земельные участки, предназначенные для размещения домов индивидуальной жилой застройки",ЖИЛОЙ,0,нет,16:24:090704,1219893.18,1546.1257,,,,,нет,нет,нет,нет,нет,да,нет,да,55.60549815413648,49.137220620627595
16:24:090704:1896,724.0,Земли населенных пунктов,Учтенный,"Местоположение установлено относительно ориентира, расположенного в границах участка. Почтовый адрес ориентира: Российская Федерация, Республика Татарстан (Татарстан), м.р-н Лаишевский, с.п. Габишевское, с Габишево, ул Ивана Матвеева, з/у 90А.",Частная,"земельные участки, предназначенные для размещения домов индивидуальной жилой застройки",ЖИЛОЙ,0,нет,16:24:090704,1182128.38,1632.774,,,,,нет,нет,нет,нет,нет,да,нет,да,55.60777049870023,49.13181034573223
16:24:090704:2899,500.0,Земли населенных пунктов,Учтенный,"Российская Федерация, Республика Татарстан (Татарстан), м.р-н Лаишевский, с.п. Габишевское, с Габишево, ул Южная, з/у 10",Частная,"земельные участки, предназначенные для размещения домов индивидуальной жилой застройки",ЖИЛОЙ,0,нет,16:24:090704,681090.2,1362.1804,,,,,нет,нет,нет,нет,нет,да,нет,да,55.603525131724545,49.13508745484567
16:24:090704:2905,617.0,Земли населенных пунктов,Учтенный,"Местоположение установлено относительно ориентира, расположенного в границах участка. Почтовый адрес ориентира: Российская  Федерация, Республика Татарстан, Лаишевский муницпальный район, Габишевское сельское поселение, с Габишево, ул. Южная, з/у 3А.",Частная,"земельные участки, предназначенные для размещения домов индивидуальной жилой застройки",ЖИЛОЙ,0,нет,16:24:090704,847809.58,1374.0836,,,,,нет,нет,нет,нет,нет,да,нет,да,55.60349245264196,49.13595514816955
16:24:090704:2830,730.0,Земли населенных пунктов,Учтенный,"Российская Федерация, Республика Татарстан (Татарстан), м.р-н Лаишевский, с.п. Габишевское, с Габишево, ул Уютная, з/у 7",Частная,"земельные участки, предназначенные для размещения домов индивидуальной жилой застройки",ЖИЛОЙ,0,нет,16:24:090704,1035459.08,1418.4371,,,,,нет,нет,нет,нет,нет,да,нет,да,55.60322499356429,49.13740246854021
16:24:090704:2642,553.0,Земли населенных пунктов,Учтенный,"Местоположение установлено относительно ориентира, расположенного в границах участка. Почтовый адрес ориентира: Российская Федерация, Республика Татарстан (Татарстан), м.р-н Лаишевский, с.п. Габишевское, с Габишево, пер Светлый, з/у 2.",Частная,"земельные участки, предназначенные для размещения домов индивидуальной жилой застройки",ЖИЛОЙ,0,нет,16:24:090704,1016623.81,1838.3794,,,,,нет,нет,нет,нет,нет,да,нет,да,55.60944831554578,49.1284142452039
16:24:090704:2709,613.0,Земли населенных пунктов,Учтенный,"Местоположение установлено относительно ориентира, расположенного в границах участка. Почтовый адрес ориентира: Российская Федерация, Республика Татарстан (Татарстан), м.р-н Лаишевский, с.п. Габишевское, с Габишево, ул Александра Сергеева, з/у 106.",Частная,"Земельные участки, предназначенные для размещения домов индивидуальной жилой застройки",ЖИЛОЙ,0,нет,16:24:090704,1139167.81,1858.3488,,,,,нет,нет,нет,нет,нет,да,нет,да,55.61003779160757,49.12966099679229
16:24:090704:2049,696.0,Земли населенных пунктов,Учтенный,"Местоположение установлено относительно ориентира, расположенного в границах участка. Почтовый адрес ориентира: Российская Федерация, Республика Татарстан (Татарстан), м.р-н Лаишевский, с.п. Габишевское, с Габишево, ул Веселая, з/у 7А.",Частная,"земельные участки, предназначенные для размещения домов индивидуальной жилой застройки",ЖИЛОЙ,0,нет,16:24:090704,1054796.0,1515.5115,,,,,нет,нет,нет,нет,нет,да,нет,да,55.60509401490664,49.13257348697563
16:24:090704:2811,802.0,Земли населенных пунктов,Учтенный,"Местоположение установлено относительно ориентира, расположенного в границах участка. Почтовый адрес ориентира: Российская Федерация, Республика Татарстан (Татарстан), м.р-н Лаишевский, с.п. Габишевское, с Габишево, ул Александра Сергеева, з/у 49А.",Частная,"Земельные участки, предназначенные для размещения домов индивидуальной жилой застройки",ЖИЛОЙ,0,нет,16:24:090704,1265390.55,1577.7937,,,,,нет,нет,нет,нет,нет,да,нет,да,55.60596398507078,49.13892582374664
16:24:090704:3207,532.0,Земли населенных пунктов,Учтенный,"Российская Федерация, Республика Татарстан, Лаишевский муниципальный район, Габишевское сельское поселение, с Габишево, ул. Васильковая, з/у 14",Частная,"земельные участки, предназначенные для размещения домов индивидуальной жилой застройки",ЖИЛОЙ,0,нет,16:24:090704,756976.31,1422.8878,,,,,нет,нет,нет,нет,нет,да,нет,да,55.60378722387913,49.133431355186815
16:24:090704:3285,567.0,Земли населенных пунктов,Учтенный,"Местоположение установлено относительно ориентира, расположенного в границах участка. Почтовый адрес ориентира: Российская Федерация, Республика Татарстан (Татарстан), м.р-н Лаишевский, с.п. Габишевское, с Габишево, ул Александра Сергеева, з/у 83Б.",Частная,"земельные участки, предназначенные для размещения домов индивидуальной жилой застройки",ЖИЛОЙ,0,нет,16:24:090704,985746.06,1738.5292,,,,,нет,нет,нет,нет,нет,да,нет,да,55.60916297084625,49.13307298384551
16:24:090704:4154,605.0,Земли населенных пунктов,Учтенный,"Местоположение установлено относительно ориентира, расположенного в границах участка. Почтовый адрес ориентира: Российская Федерация, Республика Татарстан (Татарстан), м.р-н Лаишевский, с.п. Габишевское, с Габишево, ул Александра Сергеева, з/у 90.",Частная,"земельные участки, предназначенные для размещения домов индивидуальной жилой застройки",ЖИЛОЙ,0,нет,16:24:090704,1043894.16,1725.44,,,,,нет,нет,нет,нет,нет,да,нет,да,55.609206552495436,49.13244923633466
16:24:210101:756,999.0,Земли населенных пунктов,Ранее учтенный,"Местоположение установлено относительно ориентира, расположенного в границах участка. Почтовый адрес ориентира: Российская Федерация, Республика Татарстан (Татарстан), м.р-н Лаишевский, с.п. Габишевское, с Габишево, ул Вахитовская, з/у 22.",,индивидуальное жилищное строительство,ДРУГОЕ,0,нет,16:24:210101,2042820.63,2044.87,,,,,да,нет,нет,нет,нет,нет,нет,да,55.614849592621184,49.137010981012345
16:24:090704:2535,627.0,Земли населенных пунктов,Учтенный,"Российская Федерация, Республика Татарстан (Татарстан), м.р-н Лаишевский, с.п. Габишевское, с Габишево, ул Юности, з/у 5",Частная,"земельные участки, предназначенные для размещения домов индивидуальной жилой застройки",ЖИЛОЙ,0,нет,16:24:090704,1106136.91,1764.1737,,,,,нет,нет,нет,нет,нет,да,нет,да,55.608390115406294,49.1275525647329
16:24:090704:2682,622.0,Земли населенных пунктов,Учтенный,"Российская Федерация, Республика Татарстан (Татарстан), м.р-н Лаишевский, с.п. Габишевское, с Габишево, ул Лучистая, з/у 3",Частная,"земельные участки, предназначенные для размещения домов индивидуальной жилой застройки",ЖИЛОЙ,0,нет,16:24:090704,958872.59,1541.5958,,,,,нет,нет,нет,нет,нет,да,нет,да,55.60739930277446,49.13007474020896
16:24:090704:1121,952.0,Земли населенных пунктов,Учтенный,"Местоположение установлено относительно ориентира, расположенного в границах участка. Почтовый адрес ориентира: Российская Федерация, Республика Татарстан (Татарстан), м.р-н Лаишевский, с.п. Габишевское, с Габишево, ул Александра Сергеева, з/у 103.",Частная,"земельные участки, предназначенные для размещения домов индивидуальной жилой застройки",ЖИЛОЙ,0,нет,16:24:090704,1767057.47,1856.1528,,,,,нет,нет,нет,нет,нет,да,нет,да,55.60999128299935,49.12717432067852
16:24:090704:1120,980.0,Земли населенных пунктов,Учтенный,"Местоположение установлено относительно ориентира, расположенного в границах участка. Почтовый адрес ориентира: Российская Федерация, Республика Татарстан (Татарстан), м.р-н Лаишевский, с.п. Габишевское, с Габишево, ул Александра Сергеева, з/у 101.",Частная,"земельные участки, предназначенные для размещения домов индивидуальной жилой застройки",ЖИЛОЙ,0,нет,16:24:090704,1819029.74,1856.1528,,,,,нет,нет,нет,нет,нет,да,нет,да,55.6099324514843,49.1275533323721
16:24:090704:2147,520.0,Земли населенных пунктов,Учтенный,"Местоположение установлено относительно ориентира, расположенного в границах участка. Почтовый адрес ориентира: Российская Федерация, Республика Татарстан (Татарстан), м.р-н Лаишевский, с.п. Габишевское, с Габишево, ул Спортивная, з/у 1А.",Частная,"Земельные участки, предназначенные для размещения домов индивидуальной жилой застройки",ЖИЛОЙ,0,нет,16:24:090704,853723.47,1641.7759,,,,,нет,нет,нет,нет,нет,да,нет,да,55.60820238771263,49.129164020213494
16:24:090704:2702,697.0,Земли населенных пунктов,Учтенный,"Российская Федерация, Республика Татарстан (Татарстан), м.р-н Лаишевский, с.п. Габишевское, с Габишево, ул Юности, з/у 6",Частная,"земельные участки, предназначенные для размещения домов индивидуальной жилой застройки",ЖИЛОЙ,0,нет,16:24:090704,1273702.12,1827.4062,,,,,нет,нет,нет,нет,нет,да,нет,да,55.60873026046244,49.12691861065373
16:24:210101:3994,1226.0,Земли населенных пунктов,Учтенный,"Местоположение установлено относительно ориентира, расположенного в границах участка. Почтовый адрес ориентира: Российская Федерация, Республика Татарстан, Лаишевский муниципальный район, с Габишево, ул. Марджани, д. 4.",Частная,для индивидуального жилищного строительства,ИЖС,0,нет,16:24:210101,2063803.28,1683.36,,,,,нет,да,нет,нет,нет,да,нет,да,55.60892174437535,49.147812361640185
16:24:210101:780,1306.0,Земли населенных пунктов,Ранее учтенный,"Местоположение установлено относительно ориентира, расположенного в границах участка. Почтовый адрес ориентира: Российская Федерация, Республика Татарстан (Татарстан), м.р-н Лаишевский, с.п. Габишевское, с Габишево, ул Вахитовская, з/у 2.",Частная,Индивидуальное жилищное строительство,ДРУГОЕ,0,нет,16:24:210101,2405064.69,1841.5503,,,,,нет,нет,нет,нет,нет,нет,нет,да,55.61470803317242,49.14109116792402
16:24:090704:1389,590.0,Земли населенных пунктов,Учтенный,"Местоположение установлено относительно ориентира, расположенного в границах участка. Почтовый адрес ориентира: Российская Федерация, Республика Татарстан (Татарстан), м.р-н Лаишевский, с.п. Габишевское, с Габишево, ул Александра Сергеева, з/у 63.",,"земельные участки, предназначенные для размещения домов индивидуальной жилой застройки",ЖИЛОЙ,0,нет,16:24:090704,943823.94,1599.7016,,,,,да,нет,нет,нет,нет,да,нет,да,55.606916375848826,49.13665801663977
16:24:090704:1791,683.0,Земли населенных пунктов,Учтенный,"Местоположение установлено относительно ориентира, расположенного в границах участка. Почтовый адрес ориентира: Российская Федерация, Республика Татарстан (Татарстан), м.р-н Лаишевский, с.п. Габишевское, с Габишево, ул Ивана Матвеева, з/у 50.",Частная,"земельные участки, предназначенные для размещения домов индивидуальной жилой застройки",ЖИЛОЙ,0,нет,16:24:090704,1033390.75,1513.0172,,,,,нет,нет,нет,нет,нет,да,нет,да,55.604498416782334,49.13904758539355
16:24:090704:1899,723.0,Земли населенных пунктов,Учтенный,"Местоположение установлено относительно ориентира, расположенного в границах участка. Почтовый адрес ориентира: Российская Федерация, Республика Татарстан (Татарстан), м.р-н Лаишевский, с.п. Габишевское, с Габишево, ул Ивана Матвеева, з/у 88.",Частная,"земельные участки, предназначенные для размещения домов индивидуальной жилой застройки",ЖИЛОЙ,0,нет,16:24:090704,1152747.15,1594.3944,,,,,нет,нет,нет,нет,нет,да,нет,да,55.60742988807541,49.132420580830406
16:24:090704:2432,635.0,Земли населенных пунктов,Учтенный,"Местоположение установлено относительно ориентира, расположенного в границах участка. Почтовый адрес ориентира: Российская Федерация, Республика Татарстан (Татарстан), м.р-н Лаишевский, с.п. Габишевское, с Габишево, ул Васильковая, з/у 4.",Частная,"земельные участки, предназначенные для размещения домов индивидуальной жилой застройки",ЖИЛОЙ,0,нет,16:24:090704,958076.76,1508.7823,,,,,нет,нет,нет,нет,нет,да,нет,да,55.60474758549219,49.134791916935235
16:24:090704:3270,500.0,Земли населенных пунктов,Учтенный,"Местоположение установлено относительно ориентира, расположенного в границах участка. Почтовый адрес ориентира: Российская Федерация, Республика Татарстан (Татарстан), м.р-н Лаишевский, с.п. Габишевское, с Габишево, ул Александра Сергеева, з/у 89А.",Частная,"земельные участки, предназначенные для размещения домов индивидуальной жилой застройки",ЖИЛОЙ,0,нет,16:24:090704,869264.6,1738.5292,,,,,нет,нет,нет,нет,нет,да,нет,да,55.60946707469166,49.13333939775603
16:24:090704:2052,695.0,Земли населенных пунктов,Учтенный,"Местоположение установлено относительно ориентира, расположенного в границах участка. Почтовый адрес ориентира: Российская Федерация, Республика Татарстан (Татарстан), м.р-н Лаишевский, с.п. Габишевское, с Габишево, ул Веселая, з/у 5.",Частная,"земельные участки, предназначенные для размещения домов индивидуальной жилой застройки",ЖИЛОЙ,0,нет,16:24:090704,1067490.6,1535.9577,,,,,нет,нет,нет,нет,нет,да,нет,да,55.605316920592564,49.13296150111248
16:24:090704:2773,500.0,Земли населенных пунктов,Учтенный,"Местоположение установлено относительно ориентира, расположенного в границах участка. Почтовый адрес ориентира: Российская Федерация, Республика Татарстан (Татарстан), м.р-н Лаишевский, с.п. Габишевское, с Габишево, ул Южная, з/у 6.",Частная,"земельные участки, предназначенные для размещения домов индивидуальной жилой застройки",ЖИЛОЙ,0,нет,16:24:090704,724120.5,1448.241,,,,,нет,нет,нет,нет,нет,да,нет,да,55.60388189416481,49.135629526198045
16:24:090704:3250,734.0,Земли населенных пунктов,Учтенный,"Российская Федерация, Республика Татарстан (Татарстан), м.р-н Лаишевский, с.п. Габишевское, с Габишево, ул Луговая, з/у 13",Частная,"Земельные участки, предназначенные для размещения домов индивидуальной жилой застройки",ЖИЛОЙ,0,нет,16:24:090704,1134696.1,1545.9075,,,,,нет,нет,нет,нет,нет,да,нет,да,55.60537339815746,49.13076493167337
16:24:090704:2533,628.0,Земли населенных пунктов,Учтенный,"Местоположение установлено относительно ориентира, расположенного в границах участка. Почтовый адрес ориентира: Российская Федерация, Республика Татарстан (Татарстан), м.р-н Лаишевский, с.п. Габишевское, с Габишево, ул Юности, з/у 7А.",Частная,"земельные участки, предназначенные для размещения домов индивидуальной жилой застройки",ЖИЛОЙ,0,нет,16:24:090704,1107901.08,1764.1737,,,,,нет,нет,нет,нет,нет,да,нет,да,55.608189600087066,49.12720325714989
16:24:090704:1168,959.0,Земли населенных пунктов,Учтенный,"Местоположение установлено относительно ориентира, расположенного в границах участка. Почтовый адрес ориентира: Российская Федерация, Республика Татарстан (Татарстан), м.р-н Лаишевский, с.п. Габишевское, с Габишево, ул Александра Сергеева, з/у 99.",Частная,"земельные участки, предназначенные для размещения домов индивидуальной жилой застройки",ЖИЛОЙ,0,нет,16:24:090704,1780050.54,1856.1528,,,,,нет,нет,нет,нет,нет,да,нет,да,55.609899146900794,49.127982499476744
16:24:090704:3160,707.0,Земли населенных пунктов,Учтенный,"Российская Федерация, Республика Татарстан (Татарстан), м.р-н Лаишевский, с.п. Габишевское, с Габишево, ул Уютная, з/у 8/1",Частная,"земельные участки, предназначенные для размещения домов индивидуальной жилой застройки",ЖИЛОЙ,0,нет,16:24:090704,930969.12,1316.788,,,,,нет,нет,нет,нет,нет,да,нет,да,55.60309125307046,49.13633459789896
16:24:090704:2913,498.0,Земли населенных пунктов,Учтенный,"Местоположение установлено относительно ориентира, расположенного в границах участка. Почтовый адрес ориентира: Российская Федерация, Республика Татарстан, Лаишевский муниципальный район, Габишевское сельское поселение, с Габишево, ул. Алексея Малышева.",Частная,"земельные участки, предназначенные для размещения домов индивидуальной жилой застройки",ЖИЛОЙ,0,нет,16:24:090704,787142.93,1580.6083,,,,,нет,нет,нет,нет,нет,да,нет,да,55.606632347964215,49.132824342279584
16:24:090704:3230,552.0,Земли населенных пунктов,Учтенный,"Российская Федерация, Республика Татарстан (Татарстан), м.р-н Лаишевский, с.п. Габишевское, с Габишево, ул Александра Сергеева, з/у 84",Частная,"земельные участки, предназначенные для размещения домов индивидуальной жилой застройки",ЖИЛОЙ,0,нет,16:24:090704,911060.05,1650.4711,,,,,нет,нет,нет,нет,нет,да,нет,да,55.60859807946274,49.133035021834445
16:24:090704:3290,662.0,Земли населенных пунктов,Учтенный,"Местоположение установлено относительно ориентира, расположенного в границах участка. Почтовый адрес ориентира: Российская Федерация, Республика Татарстан (Татарстан), м.р-н Лаишевский, с.п. Габишевское, с Габишево, ул Александра Сергеева, з/у 85В.",Частная,"земельные участки, предназначенные для размещения домов индивидуальной жилой застройки",ЖИЛОЙ,0,нет,16:24:090704,1210141.49,1828.0083,,,,,нет,нет,нет,нет,нет,да,нет,да,55.61002096366807,49.13254397468159
16:24:090704:3164,648.0,Земли населенных пунктов,Учтенный,"Российская Федерация, Республика Татарстан, муниципальный район Лаишевский, сельское поселение Габишевское, село Габишево, улица Александра Сергеева, земельный участок 78А",Частная,"земельные участки, предназначенные для размещения домов индивидуальной жилой застройки",ЖИЛОЙ,0,нет,16:24:090704,1065559.41,1644.3818,,,,,нет,нет,нет,нет,нет,да,нет,да,55.608091096287595,49.13360256620242
16:24:090704:2909,560.0,Земли населенных пунктов,Учтенный,"Местоположение установлено относительно ориентира, расположенного в границах участка. Почтовый адрес ориентира: Российская Федерация, Республика Татарстан (Татарстан), м.р-н Лаишевский, с.п. Габишевское, с Габишево, ул Александра Сергеева, з/у 73А.",Частная,"земельные участки, предназначенные для размещения домов индивидуальной жилой застройки",ЖИЛОЙ,0,нет,16:24:090704,900332.05,1607.7358,,,,,нет,нет,нет,нет,нет,да,нет,да,55.607837837479074,49.13518245901336
16:24:210101:477,26.0,Земли населенных пунктов,Ранее учтенный,"Местоположение установлено относительно ориентира, расположенного в границах участка. Почтовый адрес ориентира: Российская Федерация, Республика Татарстан (Татарстан), м.р-н Лаишевский, с.п. Габишевское, с Габишево, тер. ГПК Октябрьская, з/у 477Г.",Частная,обслуживание автотранспорта,ТРАНСПОРТ,0,нет,16:24:210101,42823.93,1647.0744,,,,,нет,нет,нет,нет,нет,нет,нет,да,55.6109373677808,49.138951812459894
16:24:090704:2534,627.0,Земли населенных пунктов,Учтенный,"Российская Федерация, Республика Татарстан (Татарстан), м.р-н Лаишевский, с.п. Габишевское, с Габишево, ул Юности, з/у 7",Частная,"земельные участки, предназначенные для размещения домов индивидуальной жилой застройки",ЖИЛОЙ,0,нет,16:24:090704,1106136.91,1764.1737,,,,,нет,нет,нет,нет,нет,да,нет,да,55.60829028046272,49.127404196969174
16:24:210101:758,1250.0,Земли населенных пунктов,Ранее учтенный,"Местоположение установлено относительно ориентира, расположенного в границах участка. Почтовый адрес ориентира: Российская Федерация, Республика Татарстан (Татарстан), м.р-н Лаишевский, с.п. Габишевское, с Габишево, ул Вахитовская, з/у 44.",Частная,Индивидуальное жилищное строительство,ДРУГОЕ,0,нет,16:24:210101,2718429.62,2174.7437,,,,,нет,нет,нет,нет,нет,нет,нет,да,55.61508578119896,49.1331012588522
16:24:090704:2724,584.0,Земли населенных пунктов,Учтенный,"Местоположение установлено относительно ориентира, расположенного в границах участка. Почтовый адрес ориентира: Российская Федерация, Республика Татарстан (Татарстан), м.р-н Лаишевский, с.п. Габишевское, с Габишево, ул Спортивная, з/у 7.",Частная,"земельные участки, предназначенные для размещения домов индивидуальной жилой застройки",ЖИЛОЙ,0,нет,16:24:090704,1001390.58,1714.7099,,,,,нет,нет,нет,нет,нет,да,нет,да,55.607513473942696,49.128142153617766
16:24:090704:3211,500.0,Земли населенных пунктов,Учтенный,"Российская Федерация, Республика Татарстан (Татарстан), м.р-н Лаишевский, с.п. Габишевское, с Габишево, ул Васильковая, з/у 12",Частная,"земельные участки, предназначенные для размещения домов индивидуальной жилой застройки",ЖИЛОЙ,0,нет,16:24:090704,711443.9,1422.8878,,,,,нет,нет,нет,нет,нет,да,нет,да,55.603966272022085,49.133676152482195
16:24:090704:3269,500.0,Земли населенных пунктов,Учтенный,"Местоположение установлено относительно ориентира, расположенного в границах участка. Почтовый адрес ориентира: Российская Федерация, Республика Татарстан (Татарстан), м.р-н Лаишевский, с.п. Габишевское, с Габишево, ул Александра Сергеева, з/у 91.",Частная,"земельные участки, предназначенные для размещения домов индивидуальной жилой застройки",ЖИЛОЙ,0,нет,16:24:090704,869264.6,1738.5292,,,,,нет,нет,нет,нет,нет,да,нет,да,55.60962226677373,49.1332299588899
16:24:090704:2145,500.0,Земли населенных пунктов,Учтенный,"Местоположение установлено относительно ориентира, расположенного в границах участка. Почтовый адрес ориентира: Российская Федерация, Республика Татарстан (Татарстан), м.р-н Лаишевский, с.п. Габишевское, с Габишево, ул Зеленая, з/у 1А.",Частная,"земельные участки, предназначенные для размещения домов индивидуальной жилой застройки",ЖИЛОЙ,0,нет,16:24:090704,746585.3,1493.1706,,,,,нет,нет,нет,нет,нет,да,нет,да,55.60368910448195,49.13898798119607
16:24:090704:2862,640.0,Земли населенных пунктов,Учтенный,"Российская Федерация, Республика Татарстан (Татарстан), м.р-н Лаишевский, с.п. Габишевское, с Габишево, ул Жемчужная, з/у 14",Частная,"земельные участки, предназначенные для размещения домов индивидуальной жилой застройки",ЖИЛОЙ,0,нет,16:24:090704,935324.1,1461.4439,,,,,нет,нет,нет,нет,нет,да,нет,да,55.60452860534908,49.13230088362129
16:24:090704:3162,694.0,Земли населенных пунктов,Учтенный,"Российская Федерация, Республика Татарстан (Татарстан), м.р-н Лаишевский, с.п. Габишевское, с Габишево, ул Александра Сергеева, з/у 82",Частная,"земельные участки, предназначенные для размещения домов индивидуальной жилой застройки",ЖИЛОЙ,0,нет,16:24:090704,1145426.94,1650.4711,,,,,нет,нет,нет,нет,нет,да,нет,да,55.608303521984574,49.13326809260998
16:24:210101:735,1022.0,Земли населенных пунктов,Ранее учтенный,"Местоположение установлено относительно ориентира, расположенного в границах участка. Почтовый адрес ориентира: Республика Татарстан, р-н. Лаишевский, с. Габишево.",Частная,Индивидуальное жилищное строительство,ДРУГОЕ,0,нет,16:24:210101,1927161.49,1885.6766,,,,,нет,нет,нет,нет,нет,нет,нет,да,55.614732857594824,49.13887648001131
16:24:090704:2700,695.0,Земли населенных пунктов,Учтенный,"Местоположение установлено относительно ориентира, расположенного в границах участка. Почтовый адрес ориентира: Российская Федерация, Республика Татарстан (Татарстан), м.р-н Лаишевский, с.п. Габишевское, с Габишево, ул Изумрудная, з/у 3А.",Частная,Для индивидуального жилищного строительства,ИЖС,0,нет,16:24:090704,1274927.32,1834.4278,,,,,нет,да,нет,нет,нет,да,нет,да,55.609071368569495,49.12662167841906
16:24:090704:1587,735.0,Земли населенных пунктов,Учтенный,"Местоположение установлено относительно ориентира, расположенного в границах участка. Почтовый адрес ориентира: Российская Федерация, Республика Татарстан (Татарстан), м.р-н Лаишевский, с.п. Габишевское, с Габишево, ул Ивана Матвеева, з/у 53.",Частная,"земельные участки, предназначенные для размещения домов индивидуальной жилой застройки",ЖИЛОЙ,0,нет,16:24:090704,1136402.39,1546.1257,,,,,нет,нет,нет,нет,нет,да,нет,да,55.60526917281487,49.13760963734752
16:24:090704:2901,500.0,Земли населенных пунктов,Учтенный,"Местоположение установлено относительно ориентира, расположенного в границах участка. Почтовый адрес ориентира: Российская Федерация, Республика Татарстан (Татарстан), м.р-н Лаишевский, с.п. Габишевское, с Габишево, ул Южная, з/у 8.",Частная,"земельные участки, предназначенные для размещения домов индивидуальной жилой застройки",ЖИЛОЙ,0,нет,16:24:090704,688967.3,1377.9346,,,,,нет,нет,нет,нет,нет,да,нет,да,55.60373556556046,49.13537445106146
16:24:090704:1559,501.0,Земли населенных пунктов,Учтенный,"Местоположение установлено относительно ориентира, расположенного в границах участка. Почтовый адрес ориентира: Российская Федерация, Республика Татарстан (Татарстан), м.р-н Лаишевский, с.п. Габишевское, с Габишево, ул Александра Сергеева, з/у 62А.",Частная,"земельные участки, предназначенные для размещения домов индивидуальной жилой застройки",ЖИЛОЙ,0,нет,16:24:090704,795428.33,1587.6813,,,,,нет,нет,нет,нет,нет,да,нет,да,55.60662163691895,49.13625737025065
16:24:090704:2525,668.0,Земли населенных пунктов,Учтенный,"Местоположение установлено относительно ориентира, расположенного в границах участка. Почтовый адрес ориентира: Российская Федерация, Республика Татарстан (Татарстан), м.р-н Лаишевский, с.п. Габишевское, с Габишево, ул Зеленая, з/у 3.",Частная,"земельные участки, предназначенные для размещения домов индивидуальной жилой застройки",ЖИЛОЙ,0,нет,16:24:090704,965751.65,1445.736,,,,,нет,нет,нет,нет,нет,да,нет,да,55.603483873740664,49.139042420498726
16:24:090704:2876,528.0,Земли населенных пунктов,Учтенный,"Местоположение установлено относительно ориентира, расположенного в границах участка. Почтовый адрес ориентира: Российская Федерация, Республика Татарстан (Татарстан), м.р-н Лаишевский, с.п. Габишевское, с Габишево, пер Узорный, з/у 5.",Частная,"земельные участки, предназначенные для размещения домов индивидуальной жилой застройки",ЖИЛОЙ,0,нет,16:24:090704,899638.34,1703.8605,,,,,нет,нет,нет,нет,нет,да,нет,да,55.60898402634564,49.134782945237724
16:24:210101:40,,Земли населенных пунктов,Ранее учтенный,"Местоположение установлено относительно ориентира, расположенного в границах участка. Почтовый адрес ориентира: Российская Федерация, Республика Татарстан (Татарстан), м.р-н Лаишевский, с.п. Габишевское, с Габишево, пр-кт Молодежный, з/у 18.",Частная,Для ведения личного подсобного хозяйства,ЛПХ,0,нет,16:24:210101,2809186.26,1801.92,,,,,нет,нет,нет,нет,да,да,нет,да,55.612787015531964,49.139414058409635
16:24:210101:89,1227.0,Земли населенных пунктов,Ранее учтенный,"Российская Федерация, Республика Татарстан (Татарстан), м.р-н Лаишевский, с.п. Габишевское, с Габишево, ул им Мусы Джалиля, з/у 7",,Для индивидуального жилищного строительства,ИЖС,0,нет,16:24:210101,2393166.2,1950.4207,,,,,да,да,нет,нет,нет,да,нет,да,55.61217620571203,49.137267044937275
16:24:210101:797,732.0,Земли населенных пунктов,Ранее учтенный,"Местоположение установлено относительно ориентира, расположенного в границах участка. Почтовый адрес ориентира: Российская Федерация, Республика Татарстан (Татарстан), м.р-н Лаишевский, с.п. Габишевское, с Габишево, пр-кт Молодежный, з/у 35.",Частная,Для индивидуального жилищного строительства,ИЖС,0,нет,16:24:210101,1547570.46,2114.1673,,,,,нет,да,нет,нет,нет,да,нет,да,55.61250979484373,49.13050223071245
16:24:210101:3062,720.0,Земли населенных пунктов,Учтенный,"Местоположение установлено относительно ориентира, расположенного в границах участка. Почтовый адрес ориентира: Российская Федерация, Республика Татарстан (Татарстан), м.р-н Лаишевский, с.п. Габишевское, с Габишево, пр-кт Молодежный, з/у 46.",Частная,Индивидуальное жилищное строительство,ДРУГОЕ,0,нет,16:24:210101,1493761.39,2074.6686,,,,,нет,нет,нет,нет,нет,нет,нет,да,55.613055628816376,49.132207000329075
16:24:210101:157,1473.0,Земли населенных пунктов,Ранее учтенный,"Местоположение установлено относительно ориентира, расположенного в границах участка. Почтовый адрес ориентира: Российская Федерация, Республика Татарстан (Татарстан), м.р-н Лаишевский, с.п. Габишевское, с Габишево, ул Тукая, з/у 4.",,для индивидуального жилищного строительства,ИЖС,0,нет,16:24:210101,2797146.43,1898.9453,,,,,да,да,нет,нет,нет,да,нет,да,55.61084349371301,49.13764050989568
16:24:210101:3307,734.0,Земли населенных пунктов,Учтенный,"Местоположение установлено относительно ориентира, расположенного в границах участка. Почтовый адрес ориентира: Российская Федерация, Республика Татарстан (Татарстан), м.р-н Лаишевский, с.п. Габишевское, с Габишево, ул Приволжская, з/у 47.",Частная,для индивидуального жилищного строительства,ИЖС,0,нет,16:24:210101,1316846.72,1794.0691,,,,,нет,да,нет,нет,нет,да,нет,да,55.61000378170443,49.134151126223166
16:24:210101:50,1435.0,Земли населенных пунктов,Ранее учтенный,"Местоположение установлено относительно ориентира, расположенного в границах участка. Почтовый адрес ориентира: Российская Федерация, Республика Татарстан (Татарстан), м.р-н Лаишевский, с.п. Габишевское, с Габишево, пр-кт Молодежный, з/у 38.",,Для ведения личного подсобного хозяйства с правом строительства жилого дома,ЛПХ,0,нет,16:24:210101,2941595.74,2049.8925,,,,,да,нет,нет,нет,да,да,нет,да,55.613230401555484,49.13400454525547
16:24:210101:126,1418.0,Земли населенных пунктов,Ранее учтенный,"Местоположение установлено относительно ориентира, расположенного в границах участка. Почтовый адрес ориентира: Российская Федерация, Республика Татарстан (Татарстан), м.р-н Лаишевский, с.п. Габишевское, с Габишево, ул 8 Марта, з/у 2.",Частная,индивидуальное жилищное строительство,ДРУГОЕ,0,нет,16:24:210101,3015478.53,2126.57,,,,,нет,нет,нет,нет,нет,нет,нет,да,55.61407534004782,49.13211045910218
16:24:210101:381,2800.0,Земли населенных пунктов,Ранее учтенный,"Местоположение установлено относительно ориентира, расположенного в границах участка. Почтовый адрес ориентира: Российская Федерация, Республика Татарстан (Татарстан), м.р-н Лаишевский, с.п. Габишевское, с Габишево, пр-кт Молодежный, з/у 11.",Частная,Под строительство 32-х квартирного жилого дома,ЖИЛОЙ,0,нет,16:24:210101,1932603.4,690.2155,,,,,нет,нет,нет,нет,нет,да,нет,да,55.61218678671796,49.135834715634374
16:24:210101:473,32.0,Земли населенных пунктов,Ранее учтенный,"Местоположение установлено относительно ориентира, расположенного в границах участка. Почтовый адрес ориентира: Российская Федерация, Республика Татарстан (Татарстан), м.р-н Лаишевский, с.п. Габишевское, с Габишево, тер. ГПК Октябрьская, з/у 473Г.",Частная,для размещения гаража,ДРУГОЕ,0,нет,16:24:210101,52706.38,1647.0744,,,,,нет,нет,нет,нет,нет,нет,нет,да,55.61080993676195,49.13902992441538
16:24:210101:457,24.0,Земли населенных пунктов,Ранее учтенный,"Местоположение установлено относительно ориентира, расположенного в границах участка. Почтовый адрес ориентира: Российская Федерация, Республика Татарстан (Татарстан), м.р-н Лаишевский, с.п. Габишевское, с Габишево, тер. ГПК Октябрьская, з/у 457Г.",Муниципальная,для размещения гаража,ДРУГОЕ,0,нет,16:24:210101,38390.22,1599.5923,,,,,да,нет,нет,нет,нет,нет,нет,да,55.61028830059706,49.13894743857556
16:24:210101:626,,Земли населенных пунктов,Ранее учтенный,"Местоположение установлено относительно ориентира, расположенного в границах участка. Почтовый адрес ориентира: Республика Татарстан, р-н. Лаишевский, с. Габишево.",Муниципальная,Размещение гаражей для собственных нужд,ДРУГОЕ,0,нет,16:24:210101,624241.2,1647.07,,,,,да,нет,нет,нет,нет,нет,нет,да,55.61119615763715,49.1386883937079
16:24:210101:406,,Земли населенных пунктов,Ранее учтенный,"Республика Татарстан, р-н. Лаишевский, с. Габишево",Муниципальная,Размещение гаражей для собственных нужд,ДРУГОЕ,0,нет,16:24:210101,895771.69,1599.59,,,,,да,нет,нет,нет,нет,нет,нет,да,55.61038159962992,49.13856745338624
16:24:090704:2910,401.0,Земли населенных пунктов,Учтенный,"Местоположение установлено относительно ориентира, расположенного в границах участка. Почтовый адрес ориентира: Российская Федерация, Республика Татарстан (Татарстан), м.р-н Лаишевский, с.п. Габишевское, с Габишево, ул Александра Сергеева, з/у 73.",Частная,"земельные участки, предназначенные для размещения домов индивидуальной жилой застройки",ЖИЛОЙ,0,нет,16:24:090704,644577.47,1607.4251,,,,,нет,нет,нет,нет,нет,да,нет,да,55.60774122995167,49.13512102973543
16:24:210101:227,1082.0,Земли населенных пунктов,Ранее учтенный,"Местоположение установлено относительно ориентира, расположенного в границах участка. Почтовый адрес ориентира: Российская Федерация, Республика Татарстан (Татарстан), м.р-н Лаишевский, с.п. Габишевское, с Габишево, ул Приволжская, з/у 35.",Частная,под жилую застройку индивидуальную,ДРУГОЕ,0,нет,16:24:210101,1925032.62,1779.14,,,,,нет,нет,нет,нет,нет,нет,нет,да,55.60911736702637,49.14045608513786
16:24:210101:2187,25.0,Земли населенных пунктов,Учтенный,"Местоположение установлено относительно ориентира, расположенного в границах участка. Почтовый адрес ориентира: Российская Федерация, Республика Татарстан (Татарстан), м.р-н Лаишевский, с.п. Габишевское, с Габишево, тер. ГПК Семерка, з/у 2187Г.",Частная,под размещение индивидуальных гаражей,ДРУГОЕ,0,нет,16:24:210101,35002.19,1400.0875,,,,,нет,нет,нет,нет,нет,нет,нет,да,55.6082279242334,49.13745474015335
16:24:210101:258,,Земли населенных пунктов,Ранее учтенный,"Местоположение установлено относительно ориентира, расположенного в границах участка. Почтовый адрес ориентира: Российская Федерация, Республика Татарстан (Татарстан), м.р-н Лаишевский, с.п. Габишевское, с Габишево, ул Советская, з/у 18.",,Под жилую застройку Индивидуальную,ДРУГОЕ,0,нет,16:24:210101,1570256.22,1742.79,,,,,да,нет,нет,нет,нет,нет,нет,да,55.60947285528885,49.14411506053153
16:24:000000:6539,358.0,Земли населенных пунктов,Учтенный,"Местоположение установлено относительно ориентира, расположенного в границах участка. Почтовый адрес ориентира: Республика Татарстан, Лаишевский муниципальный район, Габишевское сельское поселение, с Габишево.",Муниципальная,Земельные участки (территории) общего пользования,ОГП,0,нет,16:24:000000,256422.05,716.2627,,,,,да,нет,нет,нет,нет,нет,да,да,55.615706660656166,49.14163191677645
16:24:210101:4013,34.0,Земли населенных пунктов,Учтенный,"Республика Татарстан, Лаишевский муниципальный район, Габишевское сельское поселение, с. Габишево",,"объекты автомобильного транспорта (автовокзалы, автостанции, посты ГИБДД, автозаправочные станции, станции технического обслуживания, автомойки, стоянки транспорта, гаражи, весовые пункты, транспортные развязки, остановочные павильоны, автомобильные дороги, улицы, объекты дорожного сервиса и пр.)",ТРАНСПОРТ,0,нет,16:24:210101,54386.14,1599.59,,,,,да,нет,нет,нет,нет,нет,нет,да,55.610451427587535,49.13857373330503
16:24:210101:34,779.0,Земли населенных пунктов,Ранее учтенный,"Местоположение установлено относительно ориентира, расположенного в границах участка. Почтовый адрес ориентира: Российская Федерация, Республика Татарстан (Татарстан), м.р-н Лаишевский, с.п. Габишевское, с Габишево, пр-кт Молодежный, з/у 8/1.",Частная,Под жилую застройку Индивидуальную,ДРУГОЕ,0,нет,16:24:210101,1343072.26,1724.0979,,,,,нет,нет,нет,нет,нет,нет,нет,да,55.61266983007879,49.14231923192672
16:24:090704:1774,1249.0,Земли населенных пунктов,Учтенный,"Местоположение установлено относительно ориентира, расположенного в границах участка. Почтовый адрес ориентира: Российская Федерация, Республика Татарстан (Татарстан), м.р-н Лаишевский, с.п. Габишевское, с Габишево, ул Лунная, з/у 7.",Частная,"земельные участки, предназначенные для размещения домов индивидуальной жилой застройки",ЖИЛОЙ,0,нет,16:24:090704,1800337.33,1441.423,,,,,нет,нет,нет,нет,нет,да,нет,да,55.602105575261554,49.14610240741924
16:24:090704:1916,500.0,Земли населенных пунктов,Учтенный,"Местоположение установлено относительно ориентира, расположенного в границах участка. Почтовый адрес ориентира: Российская Федерация, Республика Татарстан (Татарстан), м.р-н Лаишевский, с.п. Габишевское, с Габишево, ул Дубравная, з/у 1А.",Частная,"земельные участки, предназначенные для размещения домов индивидуальной жилой застройки",ЖИЛОЙ,0,нет,16:24:090704,781584.6,1563.1692,,,,,нет,нет,нет,нет,нет,да,нет,да,55.60329911953296,49.14192381203927
16:24:210101:3067,325.0,Земли населенных пунктов,Учтенный,"Местоположение установлено относительно ориентира, расположенного в границах участка. Почтовый адрес ориентира: Республика Татарстан, Лаишевский муниципальный район, Габишевское сельское поселение.",Частная,"Размещение подстанции, закрытого трансформаторного пункта",ДРУГОЕ,0,нет,16:24:210101,227105.22,698.7853,,,,,нет,нет,нет,нет,нет,нет,нет,да,55.61111497319688,49.14229038180938
16:24:210101:32,813.0,Земли населенных пунктов,Ранее учтенный,"Местоположение установлено относительно ориентира, расположенного в границах участка. Почтовый адрес ориентира: Российская Федерация, Республика Татарстан (Татарстан), м.р-н Лаишевский, с.п. Габишевское, с Габишево, пр-кт Молодежный, з/у 6/2.",,Для индивидуального жилищного строительства,ИЖС,0,нет,16:24:210101,1401691.59,1724.0979,,,,,да,да,нет,нет,нет,да,нет,да,55.612631540281406,49.1428144979863
16:24:090704:1946,600.0,Земли населенных пунктов,Учтенный,"Местоположение установлено относительно ориентира, расположенного в границах участка. Почтовый адрес ориентира: Российская Федерация, Республика Татарстан (Татарстан), м.р-н Лаишевский, с.п. Габишевское, с Габишево, ул Алексея Малышева, з/у 35А.",Частная,"земельные участки, предназначенные для размещения домов индивидуальной жилой застройки",ЖИЛОЙ,0,нет,16:24:090704,971164.08,1618.6068,,,,,нет,нет,нет,нет,нет,да,нет,да,55.603832299876984,49.14147217511041
16:24:090704:1367,1100.0,Земли населенных пунктов,Учтенный,"Местоположение установлено относительно ориентира, расположенного в границах участка. Почтовый адрес ориентира: Российская Федерация, Республика Татарстан (Татарстан), м.р-н Лаишевский, с.п. Габишевское, с Габишево, ул Александра Сергеева, з/у 26.",,"земельные участки, предназначенные для размещения домов индивидуальной жилой застройки",ЖИЛОЙ,0,нет,16:24:090704,1782499.18,1620.4538,,,,,да,нет,нет,нет,нет,да,нет,да,55.604828434374824,49.14366586258522
16:24:210101:7,,Земли населенных пунктов,Ранее учтенный,"Местоположение установлено относительно ориентира, расположенного в границах участка. Почтовый адрес ориентира: Российская Федерация, Республика Татарстан (Татарстан), м.р-н Лаишевский, с.п. Габишевское, с Габишево, ул Вахитовская, з/у 9/2.",Частная,Индивидуальное жилищное строительство,ДРУГОЕ,0,нет,16:24:210101,1476624.44,1739.25,,,,,нет,нет,нет,нет,нет,нет,нет,да,55.613751857233694,49.14349845017316
16:24:210101:635,,Земли населенных пунктов,Ранее учтенный,"Местоположение установлено относительно ориентира, расположенного в границах участка. Почтовый адрес ориентира: Республика Татарстан, р-н. Лаишевский, с. Габишево.",Муниципальная,Размещение гаражей для собственных нужд,ДРУГОЕ,0,нет,16:24:210101,1175965.89,1589.14,,,,,да,нет,нет,нет,нет,нет,нет,да,55.61291471440582,49.14296458268513
16:24:210101:538,,Земли населенных пунктов,Ранее учтенный,"Местоположение установлено относительно ориентира, расположенного в границах участка. Почтовый адрес ориентира: Российская Федерация, Республика Татарстан (Татарстан), м.р-н Лаишевский, с.п. Габишевское, с Габишево, тер. ГПК Вахитовская, з/у 538Г.",Муниципальная, размещение гаражей для собственных нужд,ДРУГОЕ,0,нет,16:24:210101,45012.35,1552.15,,,,,да,нет,нет,нет,нет,нет,нет,да,55.61351015875273,49.142545856323636
16:24:090704:1164,980.0,Земли населенных пунктов,Учтенный,"Российская Федерация, Республика Татарстан (Татарстан), м.р-н Лаишевский, с.п. Габишевское, с Габишево, ул Александра Сергеева, з/у 7",Частная,"земельные участки, предназначенные для размещения домов индивидуальной жилой застройки",ЖИЛОЙ,0,нет,16:24:090704,1552265.32,1583.9442,,,,,нет,нет,нет,нет,нет,да,нет,да,55.60483669851775,49.14754081256028
16:24:090704:2713,463.0,Земли населенных пунктов,Учтенный,"Местоположение установлено относительно ориентира, расположенного в границах участка. Почтовый адрес ориентира: Российская Федерация, Республика Татарстан (Татарстан), м.р-н Лаишевский, с.п. Габишевское, с Габишево, ул Александра Сергеева, з/у 3.",Частная,Блокированные односемейные дома с участками,ДРУГОЕ,0,нет,16:24:090704,712954.07,1539.8576,,,,,нет,нет,нет,нет,нет,нет,нет,да,55.60465334190222,49.148623340854485
16:24:210101:8,,Земли населенных пунктов,Ранее учтенный,"Местоположение установлено относительно ориентира, расположенного в границах участка. Почтовый адрес ориентира: Российская Федерация, Республика Татарстан (Татарстан), м.р-н Лаишевский, с.п. Габишевское, с Габишево, ул Вахитовская, з/у 11.",,Индивидуальное жилищное строительство,ДРУГОЕ,0,нет,16:24:210101,1910409.27,1736.7357,,,,,да,нет,нет,нет,нет,нет,нет,да,55.61378099608678,49.143215671336975
16:24:210101:4040,7940.0,Земли населенных пунктов,Учтенный,"Российская Федерация, Республика Татарстан, Лаишевский муниципальный район, с Габишево, с/с Габишевское, ул. Советская, д. 4А",Частная,Многоквартирные жилые дома до 9 этажей,ЖИЛОЙ,0,нет,16:24:210101,5709708.79,719.11,,,,,нет,нет,нет,нет,нет,да,нет,да,55.613123168313045,49.14485062810552
16:24:210101:4042,3113.0,Земли населенных пунктов,Учтенный,"Российская Федерация, Республика Татарстан, Лаишевский муниципальный район, Габишевское сельское поселение, с Габишево, ул. Октябрьская, з/у 4",Частная,Многоквартирные жилые дома до 5 этажей,ЖИЛОЙ,0,нет,16:24:210101,2101881.1,675.19,,,,,нет,нет,нет,нет,нет,да,нет,да,55.60969216182866,49.14030340509638
16:24:210101:4047,3114.0,Земли населенных пунктов,Учтенный,"Российская Федерация, Республика Татарстан, Лаишевский муниципальный район, Габишевское сельское поселение, с Габишево, ул. Октябрьская, д. 4",Частная,Многоквартирные жилые дома до 5 этажей,ЖИЛОЙ,0,нет,16:24:210101,2089095.41,670.87,,,,,нет,нет,нет,нет,нет,да,нет,да,55.61015946556991,49.1395080014315
16:24:000000:7193,1389.0,Земли населенных пунктов,Учтенный,"Российская Федерация, Республика Татарстан, Лаишевский муниципальный район, Габишевское сельское поселение, с Габишево, пер. Узорный, з/у 1",Частная,для размещения домов индивидуальной жилой застройки,ЖИЛОЙ,0,нет,16:24:000000,2483101.83,1787.69,,,,,нет,нет,нет,нет,нет,да,нет,да,55.60949391985814,49.134865439073046
16:24:210101:4058,3970.0,Земли населенных пунктов,Учтенный,"Российская Федерация, Республика Татарстан, Лаишевский муниципальный район, Габишевское сельское поселение, с. Габишево, ул. Ленинская, д. 8",Частная,Многоквартирные жилые дома до 5 этажей,ЖИЛОЙ,0,нет,16:24:210101,3304664.92,832.41,,,,,нет,нет,нет,нет,нет,да,нет,да,55.611122616961154,49.14310840782993
16:24:210101:4062,2923.0,Земли населенных пунктов,Учтенный,"Местоположение установлено относительно ориентира, расположенного в границах участка. Почтовый адрес ориентира: Республика Татарстан, Лаишевский муниципальный район, Габишевское сельское поселение, с Габишево, ул Ленинская, з/у 6.",Частная,Многоквартирные жилые дома до 5 этажей,ЖИЛОЙ,0,нет,16:24:210101,3335832.24,1141.24,,,,,нет,нет,нет,нет,нет,да,нет,да,55.610838387442584,49.143834440468325
16:24:090704:4970,1246.0,Земли населенных пунктов,Учтенный,"Российская Федерация, Республика Татарстан, Лаишевский муниципальный район, Габишевское сельское поселение, с Габишево, ул. Озерная",Частная,"земельные участки, предназначенные для размещения домов индивидуальной жилой застройки",ЖИЛОЙ,0,нет,16:24:090704,1772413.57,1422.48,,,,,нет,нет,нет,нет,нет,да,нет,да,55.601919671303946,49.14739944716598
16:24:210101:4087,420.0,Земли населенных пунктов,Учтенный,"Российская Федерация, Республика Татарстан, Лаишевский муниципальный муниципальный район,  Габишевское сельское поселение,  с Габишево, пр-кт. Молодежный, д. 4, кв. 1",Частная,индивидуальное жилищное строительство,ДРУГОЕ,0,нет,16:24:210101,723155.87,1721.8,,,,,нет,нет,нет,нет,нет,нет,нет,да,55.612544901239275,49.14331032642619
16:24:000000:7449,2320.0,Земли населенных пунктов,Учтенный,"Российская Федерация, Республика Татарстан, Лаишевский муниципальный район, Габишевское сельское поселение, с. Габишево, ул. Светлая",Частная,индивидуальные жилые дома с приусадебными земельными участками,ЖИЛОЙ,0,нет,16:24:000000,3531222.82,1522.08,,,,,нет,нет,нет,нет,нет,да,нет,да,55.60566742227006,49.15055694831312
16:24:210101:4098,39.0,Земли населенных пунктов,Учтенный,"Российская Федерация, Республика Татарстан, Лаишевский муниципальный район, с/п Габишевское, с Габишево",,хранение автотранспорта,ТРАНСПОРТ,0,нет,16:24:210101,64235.9,1647.07,,,,,да,нет,нет,нет,нет,нет,нет,да,55.61143911196766,49.139130691706804
16:24:210101:4115,73.0,Земли населенных пунктов,Учтенный,"Российская Федерация, Республика Татарстан, Лаишевский муниципальный район, Габишевское сельское поселение, с Габишево",,хранение автотранспорта,ТРАНСПОРТ,0,нет,16:24:210101,123274.18,1688.69,,,,,да,нет,нет,нет,нет,нет,нет,да,55.61166307459683,49.1389520240397
16:24:090704:5269,39.0,Земли населенных пунктов,Учтенный,"Российская Федерация, Республика Татарстан, Габишевский муниципальный район, Габишевское сельское поселение, село Габишево ",Частная,Под опоры ВЛ-35 кВ Столбище-Б.Матюшино,ДРУГОЕ,0,нет,16:24:090704,26353.11,675.72,,,,,нет,нет,нет,нет,нет,нет,нет,да,55.604167447338845,49.13734278781415
16:24:210101:4120,22.0,Земли населенных пунктов,Учтенный,"Республика Татарстан, Лаишевский муниципальный район, Габишевское сельское поселение, с Габишево",,Хранение автотранспорта,ТРАНСПОРТ,0,нет,16:24:210101,35191.03,1599.59,,,,,да,нет,нет,нет,нет,нет,нет,да,55.61008747385988,49.13839107107272
16:24:090704:5654,998.0,Земли населенных пунктов,Учтенный,"Российская Федерация, Республика Татарстан (Татарстан), м.р-н Лаишевский, с.п. Габишевское, с Габишево, ул Александра Сергеева, з/у 66",Частная,"земельные участки, предназначенные для размещения домов индивидуальной жилой застройки",ЖИЛОЙ,0,нет,16:24:090704,1585559.13,1588.74,,,,,нет,нет,нет,нет,нет,да,нет,да,55.6069456815378,49.135621592652306
16:24:210101:4152,1130.0,Земли населенных пунктов,Учтенный,"Республика Татарстан, Лаишевский муниципальный район, Габишевское сельское поселение, с Габишево, пр-кт Молодежный, д. 34",Частная,Для индивидуального жилищного строительства,ИЖС,0,нет,16:24:210101,2259306.52,1999.39,,,,,нет,да,нет,нет,нет,да,нет,да,55.61314840400596,49.135282310341914
16:24:210101:700,1000.0,Земли населенных пунктов,Ранее учтенный,"Местоположение установлено относительно ориентира, расположенного в границах участка. Почтовый адрес ориентира: Российская Федерация, Республика Татарстан (Татарстан), м.р-н Лаишевский, с.п. Габишевское, с Габишево, ул Яблоневая, з/у 2.",Частная,индивидуальное жилищное строительство,ДРУГОЕ,0,нет,16:24:210101,1907857.3,1907.8573,,,,,нет,нет,нет,нет,нет,нет,нет,да,55.610764875616084,49.12866255635778
16:24:210101:53,1388.0,Земли населенных пунктов,Ранее учтенный,"Местоположение установлено относительно ориентира, расположенного в границах участка. Почтовый адрес ориентира: Российская Федерация, Республика Татарстан (Татарстан), м.р-н Лаишевский, с.п. Габишевское, с Габишево, пр-кт Молодежный, з/у 44.",,Для индивидуального жилищного строительства,ИЖС,0,нет,16:24:210101,2887453.62,2080.298,,,,,да,да,нет,нет,нет,да,нет,да,55.61330486001948,49.13285880324891
16:24:210101:3467,756.0,Земли населенных пунктов,Учтенный,"Местоположение установлено относительно ориентира, расположенного в границах участка. Почтовый адрес ориентира: Республика Татарстан, Лаишевский муниципальный район, Габишевское сельское поселение, с Габишево, ул. Тукая.",Частная,под жилую застройку индивидуальную,ДРУГОЕ,0,нет,16:24:210101,1535194.53,2030.6806,,,,,нет,нет,нет,нет,нет,нет,нет,да,55.61159853782635,49.13299896296415
16:24:210101:241,,Земли населенных пунктов,Ранее учтенный,"Местоположение установлено относительно ориентира, расположенного в границах участка. Почтовый адрес ориентира: Российская Федерация, Республика Татарстан (Татарстан), м.р-н Лаишевский, с.п. Габишевское, с Габишево, ул Ленинская, з/у 19.",Частная,Для индивидуального жилищного строительства,ИЖС,0,нет,16:24:210101,1857516.49,1679.49,,,,,нет,да,нет,нет,нет,да,нет,да,55.61056178555149,49.14288656550086
16:24:090704:2633,655.0,Земли населенных пунктов,Учтенный,"Местоположение установлено относительно ориентира, расположенного в границах участка. Почтовый адрес ориентира: Российская Федерация, Республика Татарстан (Татарстан), м.р-н Лаишевский, с.п. Габишевское, с Габишево, ул Сосновая, з/у 4А.",Частная,"Земельные участки, предназначенные для размещения домов индивидуальной жилой застройки",ЖИЛОЙ,0,нет,16:24:090704,991261.21,1513.3759,,,,,нет,нет,нет,нет,нет,да,нет,да,55.60291482205376,49.142579215875216
16:24:090704:2566,697.0,Земли населенных пунктов,Учтенный,"Местоположение установлено относительно ориентира, расположенного в границах участка. Почтовый адрес ориентира: Российская Федерация, Республика Татарстан (Татарстан), м.р-н Лаишевский, с.п. Габишевское, с Габишево, ул Луговая, з/у 8А.",Частная,"земельные участки, предназначенные для размещения домов индивидуальной жилой застройки",ЖИЛОЙ,0,нет,16:24:090704,1081427.28,1551.5456,,,,,нет,нет,нет,нет,нет,да,нет,да,55.60608609325791,49.13080606933463
16:24:090704:1860,500.0,Земли населенных пунктов,Учтенный,"Местоположение установлено относительно ориентира, расположенного в границах участка. Почтовый адрес ориентира: Российская Федерация, Республика Татарстан (Татарстан), м.р-н Лаишевский, с.п. Габишевское, с Габишево, ул Вишневая, з/у 1.",Частная,"земельные участки, предназначенные для размещения домов индивидуальной жилой застройки",ЖИЛОЙ,0,нет,16:24:090704,756790.95,1513.5819,,,,,нет,нет,нет,нет,нет,да,нет,да,55.60351609256045,49.14046402322964
16:24:210101:894,973.0,Земли населенных пунктов,Учтенный,"Местоположение установлено относительно ориентира, расположенного в границах участка. Почтовый адрес ориентира: Российская Федерация, Республика Татарстан (Татарстан), м.р-н Лаишевский, с.п. Габишевское, с Габишево, ул Береговая, з/у 5.",Частная,Для малоэтажного жилищного строительства,ДРУГОЕ,0,нет,16:24:210101,1489671.95,1531.0092,,,,,нет,нет,нет,нет,нет,нет,нет,да,55.61181553500187,49.15079155904328
16:24:210101:72,1142.0,Земли населенных пунктов,Ранее учтенный,"Российская Федерация, Республика Татарстан (Татарстан), м.р-н Лаишевский, с.п. Габишевское, с Габишево, ул Бауманская, з/у 3",,Индивидуальное жилищное строительство,ДРУГОЕ,0,нет,16:24:210101,2014962.27,1764.4153,,,,,да,нет,нет,нет,нет,нет,нет,да,55.61385834459898,49.141952666559405
16:24:210101:748,1021.0,Земли населенных пунктов,Ранее учтенный,"Местоположение установлено относительно ориентира, расположенного в границах участка. Почтовый адрес ориентира: Российская Федерация, Республика Татарстан (Татарстан), м.р-н Лаишевский, с.п. Габишевское, с Габишево, ул Вахитовская, з/у 28.",Частная,индивидуальное жилищное строительство,ДРУГОЕ,0,нет,16:24:210101,2108648.84,2065.278,,,,,нет,нет,нет,нет,нет,нет,нет,да,55.61490127969124,49.13612747045549
16:24:210101:298,1121.0,Земли населенных пунктов,Ранее учтенный,"Местоположение установлено относительно ориентира, расположенного в границах участка. Почтовый адрес ориентира: Российская Федерация, Республика Татарстан (Татарстан), м.р-н Лаишевский, с.п. Габишевское, с Габишево, ул Приозерная, з/у 2.",Частная,Индивидуальное жилищное строительство,ДРУГОЕ,0,нет,16:24:210101,1889858.36,1685.8683,,,,,нет,нет,нет,нет,нет,нет,нет,да,55.60738476981462,49.14645210289049
16:24:210101:485,22.0,Земли населенных пунктов,Ранее учтенный,"Местоположение установлено относительно ориентира, расположенного в границах участка. Почтовый адрес ориентира: Российская Федерация, Республика Татарстан (Татарстан), м.р-н Лаишевский, с.п. Габишевское, с Габишево, тер. ГПК Октябрьская, з/у 485Г.",Частная,Для размещения гаража,ДРУГОЕ,0,нет,16:24:210101,36235.64,1647.0744,,,,,нет,нет,нет,нет,нет,нет,нет,да,55.61096381893001,49.13850188458603
16:24:210101:362,1582.0,Земли населенных пунктов,Ранее учтенный,"Местоположение установлено относительно ориентира, расположенного в границах участка. Почтовый адрес ориентира: Российская Федерация, Республика Татарстан (Татарстан), м.р-н Лаишевский, с.п. Габишевское, с Габишево, ул Казанская, з/у 33.",,Индивидуальное жилищное строительство,ДРУГОЕ,0,нет,16:24:000000,2720330.0,1719.5512,,,,,да,нет,нет,нет,нет,нет,нет,да,55.606283299554875,49.14012215973594
16:24:210101:3502,355.0,Земли населенных пунктов,Учтенный,"Республика Татарстан, р-н. Лаишевский, с. Габишево, Габишевское, ул. Яблоневая, д. 1А",Частная,ведение личного подсобного хозяйства и индивидуальное жилищное строительство,ЛПХ,0,нет,16:24:210101,758519.06,2136.6734,,,,,нет,нет,нет,нет,да,да,нет,да,55.613830286039594,49.13101928202092
16:24:210101:2073,841.0,Земли населенных пунктов,Учтенный,"Местоположение установлено относительно ориентира, расположенного в границах участка. Почтовый адрес ориентира: Российская Федерация, Республика Татарстан (Татарстан), м.р-н Лаишевский, с.п. Габишевское, с Габишево, ул Лесная, з/у 1С.",,Для индивидуального жилищного строительства,ИЖС,0,нет,16:24:210101,1386853.74,1649.0532,,,,,да,да,нет,нет,нет,да,нет,да,55.606994410757075,49.14857441134496
16:24:210101:2589,617.0,Земли населенных пунктов,Учтенный,"Местоположение установлено относительно ориентира, расположенного в границах участка. Почтовый адрес ориентира: Республика Татарстан, Лаишевский муниципальный район, Габишевское сельское поселение, с Габишево.",,земельные участки (территории) общего пользования.,ОГП,0,нет,16:24:210101,436601.23,707.62,,,,,да,нет,нет,нет,нет,нет,да,да,55.61013812607214,49.132912373763666
16:24:210101:2459,136.0,Земли населенных пунктов,Учтенный,"Местоположение установлено относительно ориентира, расположенного в границах участка. Почтовый адрес ориентира: Российская Федерация, Республика Татарстан (Татарстан), м.р-н Лаишевский, с.п. Габишевское, с Габишево, ул Светлая, з/у 2/3.",,Под малоэтажное жилищное строительство,ДРУГОЕ,0,нет,16:24:210101,213325.79,1568.572,,,,,да,нет,нет,нет,нет,нет,нет,да,55.60600791293195,49.15094102837682
16:24:210101:221,,Земли населенных пунктов,Ранее учтенный,"Местоположение установлено относительно ориентира, расположенного в границах участка. Почтовый адрес ориентира: Российская Федерация, Республика Татарстан (Татарстан), м.р-н Лаишевский, с.п. Габишевское, с Габишево, ул Приволжская, з/у 25.",Частная,Под жилую застройку Индивидуальную,ДРУГОЕ,0,нет,16:24:210101,1793642.57,1753.32,,,,,нет,нет,нет,нет,нет,нет,нет,да,55.60842112445298,49.14196956721503
16:24:210101:3068,766.0,Земли населенных пунктов,Учтенный,"Местоположение установлено относительно ориентира, расположенного в границах участка. Почтовый адрес ориентира: Российская Федерация, Республика Татарстан (Татарстан), м.р-н Лаишевский, с.п. Габишевское, с Габишево, ул Вахитовская, з/у 20.",Частная,для индивидуального жилищного строительства,ИЖС,0,нет,16:24:210101,1491115.29,1946.6257,,,,,нет,да,нет,нет,нет,да,нет,да,55.61502088507986,49.13764539184124
16:24:210101:178,1353.0,Земли населенных пунктов,Ранее учтенный,"Местоположение установлено относительно ориентира, расположенного в границах участка. Почтовый адрес ориентира: Российская Федерация, Республика Татарстан (Татарстан), м.р-н Лаишевский, с.п. Габишевское, с Габишево, ул Приволжская, з/у 40.",,Для индивидуального жилищного строительства,ИЖС,0,нет,16:24:210101,2506334.27,1852.4274,,,,,да,да,нет,нет,нет,да,нет,да,55.610656025488105,49.133509476982276
16:24:210101:907,1158.0,Земли населенных пунктов,Учтенный,"Местоположение установлено относительно ориентира, расположенного в границах участка. Почтовый адрес ориентира: Российская Федерация, Республика Татарстан (Татарстан), м.р-н Лаишевский, с.п. Габишевское, с Габишево, ул Береговая, з/у 4.",Частная,Для малоэтажного жилищного строительства,ДРУГОЕ,0,нет,16:24:210101,1857529.74,1604.0844,,,,,нет,нет,нет,нет,нет,нет,нет,да,55.610432862813866,49.14991522024527
16:24:210101:872,822.0,Земли населенных пунктов,Учтенный,"Местоположение установлено относительно ориентира, расположенного в границах участка. Почтовый адрес ориентира: Российская Федерация, Республика Татарстан (Татарстан), м.р-н Лаишевский, с.п. Габишевское, с Габишево, пр-кт Молодежный, з/у 11А.",Частная,для индивидуального жилищного строительства,ИЖС,0,нет,16:24:210101,1476441.79,1796.16,,,,,нет,да,нет,нет,нет,да,нет,да,55.61189724619708,49.13579146034081
16:24:210101:702,1000.0,Земли населенных пунктов,Ранее учтенный,"Местоположение установлено относительно ориентира, расположенного в границах участка. Почтовый адрес ориентира: Российская Федерация, Республика Татарстан (Татарстан), м.р-н Лаишевский, с.п. Габишевское, с Габишево, ул Яблоневая, з/у 6.",,для индивидуального жилищного строительства,ИЖС,0,нет,16:24:210101,1961019.3,1961.0193,,,,,да,да,нет,нет,нет,да,нет,да,55.611158654462514,49.12882254875368
16:24:210101:484,22.0,Земли населенных пунктов,Ранее учтенный,"Местоположение установлено относительно ориентира, расположенного в границах участка. Почтовый адрес ориентира: Российская Федерация, Республика Татарстан (Татарстан), м.р-н Лаишевский, с.п. Габишевское, с Габишево, тер. ГПК Октябрьская, з/у 484Г.",Частная,Для размещения  гаражей,ДРУГОЕ,0,нет,16:24:210101,36235.64,1647.0744,,,,,нет,нет,нет,нет,нет,нет,нет,да,55.61096055616989,49.13855709823488
16:24:210101:3471,700.0,Земли населенных пунктов,Учтенный,"Местоположение установлено относительно ориентира, расположенного в границах участка. Почтовый адрес ориентира: Российская Федерация, Республика Татарстан, Лаишевский муниципальный район, Габишевское сельское поселение, с Габишево, пр-кт Молодежный, з/у 12А.",Частная,под жилую застройку индивидуальную,ДРУГОЕ,0,нет,16:24:210101,1228749.34,1755.3562,,,,,нет,нет,нет,нет,нет,нет,нет,да,55.612847792056755,49.14085667371909
16:24:210101:2280,695.0,Земли населенных пунктов,Учтенный,"Местоположение установлено относительно ориентира, расположенного в границах участка. Почтовый адрес ориентира: Российская Федерация, Республика Татарстан (Татарстан), м.р-н Лаишевский, с.п. Габишевское, с Габишево, пр-кт Молодежный, з/у 20.",Частная,для индивидуального жилищного строительства,ИЖС,0,нет,16:24:210101,1343135.32,1932.5688,,,,,нет,да,нет,нет,нет,да,нет,да,55.612748123716855,49.13855673049984
16:24:210101:152,,Земли населенных пунктов,Ранее учтенный,"Местоположение установлено относительно ориентира, расположенного в границах участка. Почтовый адрес ориентира: Российская Федерация, Республика Татарстан (Татарстан), м.р-н Лаишевский, с.п. Габишевское, с Габишево, ул Тукая, з/у 7.",,Для ведения личного подсобного хозяйства,ЛПХ,0,нет,16:24:210101,3243448.2,1999.66,,,,,да,нет,нет,нет,да,да,нет,да,55.61166311462963,49.13423685908938
16:24:210101:750,1011.0,Земли населенных пунктов,Ранее учтенный,"Местоположение установлено относительно ориентира, расположенного в границах участка. Почтовый адрес ориентира: Российская Федерация, Республика Татарстан (Татарстан), м.р-н Лаишевский, с.п. Габишевское, с Габишево, ул Вахитовская, з/у 24.",Частная,Индивидуальное жилищное строительство,ДРУГОЕ,0,нет,16:24:210101,2070213.78,2047.6892,,,,,нет,нет,нет,нет,нет,нет,нет,да,55.614961290787605,49.13671358315623
16:24:210101:283,1033.0,Земли населенных пунктов,Ранее учтенный,"Местоположение установлено относительно ориентира, расположенного в границах участка. Почтовый адрес ориентира: Российская Федерация, Республика Татарстан (Татарстан), м.р-н Лаишевский, с.п. Габишевское, с Габишево, ул Приозерная, з/у 32.",,Для индивидуального жилищного строительства,ИЖС,0,нет,16:24:210101,1808281.17,1750.5142,,,,,да,да,нет,нет,нет,да,нет,да,55.60825204246595,49.140939358309986
16:24:210101:256,966.0,Земли населенных пунктов,Ранее учтенный,"Местоположение установлено относительно ориентира, расположенного в границах участка. Почтовый адрес ориентира: Российская Федерация, Республика Татарстан (Татарстан), м.р-н Лаишевский, с.п. Габишевское, с Габишево, ул Советская, з/у 14.",Частная,Для индивидуального жилищного строительства,ИЖС,0,нет,16:24:210101,1594771.53,1650.9022,,,,,нет,да,нет,нет,нет,да,нет,да,55.60992297607951,49.14434414356413
16:24:210101:2293,1927.0,Земли населенных пунктов,Учтенный,"Российская Федерация, Республика Татарстан (Татарстан), м.р-н Лаишевский, с.п. Габишевское, с Габишево, ул Яблоневая, з/у 1Г",Частная,Под строительство мастерской по производству столярных изделий и магазина розничной торговли,КОМ,0,нет,16:24:210101,2226698.99,1155.5262,,,,,нет,нет,нет,нет,нет,нет,нет,да,55.61624914973352,49.13456093638297
16:24:210101:296,1127.0,Земли населенных пунктов,Ранее учтенный,"Местоположение установлено относительно ориентира, расположенного в границах участка. Почтовый адрес ориентира: Российская Федерация, Республика Татарстан (Татарстан), м.р-н Лаишевский, с.п. Габишевское, с Габишево, ул Приозерная, з/у 6.",,Индивидуальное жилищное строительство,ДРУГОЕ,0,нет,16:24:210101,1893711.85,1680.3122,,,,,да,нет,нет,нет,нет,нет,нет,да,55.60745806647617,49.145703260191574
16:24:090704:1343,1099.0,Земли населенных пунктов,Учтенный,"Местоположение установлено относительно ориентира, расположенного в границах участка. Почтовый адрес ориентира: Российская Федерация, Республика Татарстан (Татарстан), м.р-н Лаишевский, с.п. Габишевское, с Габишево, ул Алексея Малышева, з/у 33.",Частная,"земельные участки, предназначенные для размещения домов индивидуальной жилой застройки",ЖИЛОЙ,0,нет,16:24:090704,1776694.06,1616.6461,,,,,нет,нет,нет,нет,нет,да,нет,да,55.603711045906905,49.142009446934196
16:24:090704:2767,222.0,Земли населенных пунктов,Учтенный,"Местоположение установлено относительно ориентира, расположенного в границах участка. Почтовый адрес ориентира: Российская Федерация, Республика Татарстан (Татарстан), м.р-н Лаишевский, с.п. Габишевское, с Габишево, ул Александра Сергеева, з/у 112.",Частная,Блокированные односемейные дома с участками,ДРУГОЕ,0,нет,16:24:090704,407181.74,1834.152,,,,,нет,нет,нет,нет,нет,нет,нет,да,55.609619959362306,49.12802783027919
16:24:090704:3280,500.0,Земли населенных пунктов,Учтенный,"Местоположение установлено относительно ориентира, расположенного в границах участка. Почтовый адрес ориентира: Российская Федерация, Республика Татарстан (Татарстан), м.р-н Лаишевский, с.п. Габишевское, с Габишево, пер Узорный, з/у 8.",Частная,"земельные участки, предназначенные для размещения домов индивидуальной жилой застройки",ЖИЛОЙ,0,нет,16:24:090704,883360.7,1766.7214,,,,,нет,нет,нет,нет,нет,да,нет,да,55.60965810797054,49.13370413156937
16:24:090704:2766,222.0,Земли населенных пунктов,Учтенный,"Местоположение установлено относительно ориентира, расположенного в границах участка. Почтовый адрес ориентира: Российская Федерация, Республика Татарстан (Татарстан), м.р-н Лаишевский, с.п. Габишевское, с Габишево, ул Александра Сергеева, з/у 112А.",Частная,Блокированные односемейные дома с участками,ДРУГОЕ,0,нет,16:24:090704,407168.58,1834.0927,,,,,нет,нет,нет,нет,нет,нет,нет,да,55.60963036351567,49.12788177097536
16:24:090704:1809,680.0,Земли населенных пунктов,Учтенный,"Местоположение установлено относительно ориентира, расположенного в границах участка. Почтовый адрес ориентира: Российская Федерация, Республика Татарстан (Татарстан), м.р-н Лаишевский, с.п. Габишевское, с Габишево, ул Алексея Малышева, з/у 43.",Частная,"земельные участки, предназначенные для размещения домов индивидуальной жилой застройки",ЖИЛОЙ,0,нет,16:24:090704,1021113.43,1501.6374,,,,,нет,нет,нет,нет,нет,да,нет,да,55.60401376476501,49.1397395615972
16:24:210101:83,,Земли населенных пунктов,Ранее учтенный,"Местоположение установлено относительно ориентира, расположенного в границах участка. Почтовый адрес ориентира: Российская Федерация, Республика Татарстан (Татарстан), м.р-н Лаишевский, с.п. Габишевское, с Габишево, ул Наратлы, з/у 1.",,Под жилую застройку Индивидуальную,ДРУГОЕ,0,нет,16:24:210101,2565828.26,1796.8,,,,,да,нет,нет,нет,нет,нет,нет,да,55.61361770336779,49.139660210212405
16:24:210101:576,,Земли населенных пунктов,Ранее учтенный,"Местоположение установлено относительно ориентира, расположенного в границах участка. Почтовый адрес ориентира: Республика Татарстан, Лаишевский муниципальный район, Габишевское сельское поселение, с Габишево, ул. Советская, д. 5.",Муниципальная,Под строительство благоустроенной хоккейной площадки,ДРУГОЕ,0,нет,16:24:210101,2493147.6,623.2869,,,,,да,нет,нет,нет,нет,нет,нет,да,55.60982016290444,49.14933117644489
16:24:210101:325,1421.0,Земли населенных пунктов,Ранее учтенный,"Местоположение установлено относительно ориентира, расположенного в границах участка. Почтовый адрес ориентира: Российская Федерация, Республика Татарстан (Татарстан), м.р-н Лаишевский, с.п. Габишевское, с Габишево, ул Казанская, з/у 40.",,Для ведения личного подсобного хозяйства,ЛПХ,0,нет,16:24:210101,2368452.74,1666.75,,,,,да,нет,нет,нет,да,да,нет,да,55.60730425050005,49.139434223259634
16:24:210101:243,1419.0,Земли населенных пунктов,Ранее учтенный,"Местоположение установлено относительно ориентира, расположенного в границах участка. Почтовый адрес ориентира: Российская Федерация, Республика Татарстан (Татарстан), м.р-н Лаишевский, с.п. Габишевское, с Габишево, ул Ленинская, з/у 22.",Частная,Для индивидуального жилищного строительства,ИЖС,0,нет,16:24:210101,2413761.57,1701.03,,,,,нет,да,нет,нет,нет,да,нет,да,55.61039825525383,49.142276634112
16:24:210101:139,1213.0,Земли населенных пунктов,Ранее учтенный,"Местоположение установлено относительно ориентира, расположенного в границах участка. Почтовый адрес ориентира: Российская Федерация, Республика Татарстан (Татарстан), м.р-н Лаишевский, с.п. Габишевское, с Габишево, ул Яблоневая, з/у 14.",,Индивидуальное жилищное строительство,ДРУГОЕ,0,нет,16:24:210101,2625777.1,2164.7,,,,,да,нет,нет,нет,нет,нет,нет,да,55.612173609625614,49.128943020081586
16:24:210101:890,737.0,Земли населенных пунктов,Учтенный,"Местоположение установлено относительно ориентира, расположенного в границах участка. Почтовый адрес ориентира: Республика Татарстан, Лаишевский муниципальный район, Габишевское сельское поселение, с Габишево, ул.Яблоневая, д.7.",Частная,Для индивидуального жилищного строительства,ИЖС,0,нет,16:24:210101,1466781.67,1990.2058,,,,,нет,да,нет,нет,нет,да,нет,да,55.61175074798405,49.12979619657611
16:24:210101:683,,Земли населенных пунктов,Ранее учтенный,"Местоположение установлено относительно ориентира, расположенного в границах участка. Почтовый адрес ориентира: Республика Татарстан, Лаишевский муниципальный район, Габишевское сельское поселение, с Габишево.",Муниципальная,Земли общего пользования (код 12.0.),ОГП,0,нет,16:24:210101,32292.52,717.61,,,,,да,нет,нет,нет,нет,нет,да,да,55.613249452058014,49.130395190296795
16:24:210101:64,,Земли населенных пунктов,Ранее учтенный,"Местоположение установлено относительно ориентира, расположенного в границах участка. Почтовый адрес ориентира: Российская Федерация, Республика Татарстан (Татарстан), м.р-н Лаишевский, с.п. Габишевское, с Габишево, пр-кт Молодежный, з/у 21.",Частная,Для ведения личного подсобного хозяйства с правом строительства жилого дома,ЛПХ,0,нет,16:24:210101,2805813.47,2046.55,,,,,нет,нет,нет,нет,да,да,нет,да,55.612300798631736,49.13311096556548
16:24:210101:3799,572.0,Земли населенных пунктов,Учтенный,"Российская Федерация, Республика Татарстан (Татарстан), м.р-н Лаишевский, с.п. Габишевское, с Габишево, ул Лесная, з/у 2Б",Частная,для индивидуального жилищного строительства,ИЖС,0,нет,16:24:210101,964393.37,1686.0024,,,,,нет,да,нет,нет,нет,да,нет,да,55.60786529757509,49.14840129920306
16:24:210101:2652,500.0,Земли населенных пунктов,Учтенный,"Местоположение установлено относительно ориентира, расположенного в границах участка. Почтовый адрес ориентира: Российская Федерация, Республика Татарстан (Татарстан), м.р-н Лаишевский, с.п. Габишевское, с Габишево, ул Тукая, з/у 23А.",Частная,для индивидуального жилищного строительства,ИЖС,0,нет,16:24:210101,1051505.45,2103.0109,,,,,нет,да,нет,нет,нет,да,нет,да,55.61171882994595,49.13031702769037
16:24:210101:242,,Земли населенных пунктов,Ранее учтенный,"Местоположение установлено относительно ориентира, расположенного в границах участка. Почтовый адрес ориентира: Российская Федерация, Республика Татарстан (Татарстан), м.р-н Лаишевский, с.п. Габишевское, с Габишево, ул Ленинская, з/у 21.",,Под жилую застройку Индивидуальную,ДРУГОЕ,0,нет,16:24:210101,1936463.5,1679.5,,,,,да,нет,нет,нет,нет,нет,нет,да,55.610706047167966,49.14248971728658
16:24:210101:98,,Земли населенных пунктов,Ранее учтенный,"Местоположение установлено относительно ориентира, расположенного в границах участка. Почтовый адрес ориентира: Российская Федерация, Республика Татарстан (Татарстан), м.р-н Лаишевский, с.п. Габишевское, с Габишево, ул им Мусы Джалиля, з/у 25.",Частная,Под жилую застройку Индивидуальную,ДРУГОЕ,0,нет,16:24:210101,2001962.69,1872.74,,,,,нет,нет,нет,нет,нет,нет,нет,да,55.609928484751855,49.13681148769563
16:24:210101:352,1252.0,Земли населенных пунктов,Ранее учтенный,"Местоположение установлено относительно ориентира, расположенного в границах участка. Почтовый адрес ориентира: Российская Федерация, Республика Татарстан (Татарстан), м.р-н Лаишевский, с.п. Габишевское, с Габишево, ул Казанская, з/у 13.",Частная,Ведение личного подсобного хозяйства,ЛПХ,0,нет,16:24:210101,2060089.75,1645.4391,,,,,нет,нет,нет,нет,да,да,нет,да,55.60573631921651,49.14400081600724
16:24:210101:3433,895.0,Земли населенных пунктов,Учтенный,"Местоположение установлено относительно ориентира, расположенного в границах участка. Почтовый адрес ориентира: Российская Федерация, Республика Татарстан (Татарстан), м.р-н Лаишевский, с.п. Габишевское, с Габишево, ул Лесная, з/у 2.",Частная,для индивидуального жилищного строительства,ИЖС,0,нет,16:24:210101,1480872.37,1654.606,,,,,нет,да,нет,нет,нет,да,нет,да,55.60762106835781,49.14833218081935
16:24:210101:102,1101.0,Земли населенных пунктов,Учтенный,"Российская Федерация, Республика Татарстан (Татарстан), м.р-н Лаишевский, с.п. Габишевское, с Габишево, ул им Мусы Джалиля, з/у 20",,Индивидуальное жилищное строительство,ДРУГОЕ,0,нет,16:24:210101,1951870.2,1772.8158,,,,,да,нет,нет,нет,нет,нет,нет,да,55.60954352840967,49.135661893454746
16:24:210101:2366,5948.0,Земли населенных пунктов,Учтенный,"Российская Федерация, Республика Татарстан (Татарстан), м.р-н Лаишевский, с.п. Габишевское, с Габишево, ул Яблоневая, з/у 1Д",Частная,Магазины 4.4.; Общественное питание 4.6,ДРУГОЕ,0,нет,16:24:210101,6846470.98,1151.05,,,,,нет,нет,нет,нет,нет,нет,нет,да,55.61585414626213,49.13445674824043
16:24:210101:1956,600.0,Земли населенных пунктов,Учтенный,"Местоположение установлено относительно ориентира, расположенного в границах участка. Почтовый адрес ориентира: Российская Федерация, Республика Татарстан (Татарстан), м.р-н Лаишевский, с.п. Габишевское, с Габишево, пр-кт Молодежный, з/у 13А.",,индивидуальное жилищное строительство,ДРУГОЕ,0,нет,16:24:210101,1199149.86,1998.5831,,,,,да,нет,нет,нет,нет,нет,нет,да,55.612352037119116,49.135171977420335
16:24:210101:129,1718.0,Земли населенных пунктов,Ранее учтенный,"Местоположение установлено относительно ориентира, расположенного в границах участка. Почтовый адрес ориентира: Российская Федерация, Республика Татарстан (Татарстан), м.р-н Лаишевский, с.п. Габишевское, с Габишево, ул Яблоневая, з/у 11.",Частная,Для ведения личного подсобного хозяйства c правом строительства жилого дома,ЛПХ,0,нет,16:24:210101,3614818.03,2104.085,,,,,нет,нет,нет,нет,да,да,нет,да,55.61220591968993,49.13018019189272
16:24:210101:550,24.0,Земли населенных пунктов,Ранее учтенный,"Местоположение установлено относительно ориентира, расположенного в границах участка. Почтовый адрес ориентира: Российская Федерация, Республика Татарстан (Татарстан), м.р-н Лаишевский, с.п. Габишевское, с Габишево, тер. ГПК Вахитовская, з/у 550Г.",Муниципальная,объекты гаражного назначения,ДРУГОЕ,0,нет,16:24:210101,37251.6,1552.15,,,,,да,нет,нет,нет,нет,нет,нет,да,55.61307142726736,49.14246469033151
16:24:210101:380,1804.0,Земли населенных пунктов,Ранее учтенный,"Местоположение установлено относительно ориентира, расположенного в границах участка. Почтовый адрес ориентира: Республика Татарстан, Лаишевский муниципальный район, Габишевское сельское поселение, с Габишево, ул Тукая.",Частная,Мечеть,ДРУГОЕ,0,нет,16:24:210101,1647221.58,913.09,,,,,нет,нет,нет,нет,нет,нет,нет,да,55.61143317558652,49.1360829049865
16:24:210101:162,1119.0,Земли населенных пунктов,Ранее учтенный,"Местоположение установлено относительно ориентира, расположенного в границах участка. Почтовый адрес ориентира: Российская Федерация, Республика Татарстан (Татарстан), м.р-н Лаишевский, с.п. Габишевское, с Габишево, ул Тукая, з/у 12.",,Ведение личного подсобного хозяйства с правом строительства жилого дома,ЛПХ,0,нет,16:24:210101,2252983.75,2013.3903,,,,,да,нет,нет,нет,да,да,нет,да,55.6110848914621,49.13327836238141
16:24:090704:1354,1100.0,Земли населенных пунктов,Учтенный,"Местоположение установлено относительно ориентира, расположенного в границах участка. Почтовый адрес ориентира: Российская Федерация, Республика Татарстан (Татарстан), м.р-н Лаишевский, с.п. Габишевское, с Габишево, ул Ивана Матвеева, з/у 23.",,"земельные участки, предназначенные для размещения домов индивидуальной жилой застройки",ЖИЛОЙ,0,нет,16:24:090704,1753973.54,1594.5214,,,,,да,нет,нет,нет,нет,да,нет,да,55.60435618782411,49.14393863877071
16:24:210101:895,971.0,Земли населенных пунктов,Учтенный,"Местоположение установлено относительно ориентира, расположенного в границах участка. Почтовый адрес ориентира: Российская Федерация, Республика Татарстан (Татарстан), м.р-н Лаишевский, с.п. Габишевское, с Габишево, ул Береговая, з/у 7.",Частная,Для малоэтажного жилищного строительства,ДРУГОЕ,0,нет,16:24:210101,1486609.93,1531.0092,,,,,нет,нет,нет,нет,нет,нет,нет,да,55.611621002138904,49.15077485632379
16:24:210101:340,,Земли населенных пунктов,Ранее учтенный,"Местоположение установлено относительно ориентира, расположенного в границах участка. Почтовый адрес ориентира: Российская Федерация, Республика Татарстан (Татарстан), м.р-н Лаишевский, с.п. Габишевское, с Габишево, ул Казанская, з/у 10.",,Под жилую застройку Индивидуальную,ДРУГОЕ,0,нет,16:24:210101,2399485.38,1648.0,,,,,да,нет,нет,нет,нет,нет,нет,да,55.60630099117321,49.14545907876585
16:24:090704:909,1803.0,Земли населенных пунктов,Учтенный,"Местоположение установлено относительно ориентира, расположенного в границах участка. Почтовый адрес ориентира: Российская Федерация, Республика Татарстан (Татарстан), м.р-н Лаишевский, с.п. Габишевское, с Габишево, ул Ивана Матвеева, з/у 1.",,"земельные участки, предназначенные для размещения домов индивидуальной жилой застройки",ЖИЛОЙ,0,нет,16:24:090704,2692581.99,1493.3899,,,,,да,нет,нет,нет,нет,да,нет,да,55.60377454996683,49.14900090112386
16:24:210101:287,1261.0,Земли населенных пунктов,Ранее учтенный,"Российская Федерация, Республика Татарстан (Татарстан), м.р-н Лаишевский, с.п. Габишевское, с Габишево, ул Приозерная, з/у 24",Частная,Индивидуальное жилищное строительство,ДРУГОЕ,0,нет,16:24:210101,2168950.01,1720.0238,,,,,нет,нет,нет,нет,нет,нет,нет,да,55.60779470947616,49.1422699200139
16:24:210101:207,1069.0,Земли населенных пунктов,Ранее учтенный,"Местоположение установлено относительно ориентира, расположенного в границах участка. Почтовый адрес ориентира: Российская Федерация, Республика Татарстан (Татарстан), м.р-н Лаишевский, с.п. Габишевское, с Габишево, ул Приволжская, з/у 1.",,Для индивидуального жилищного строительства,ИЖС,0,нет,16:24:210101,1807862.44,1691.1716,,,,,да,да,нет,нет,нет,да,нет,да,55.607960114512274,49.14667953523661
16:24:210101:228,1324.0,Земли населенных пунктов,Ранее учтенный,"Местоположение установлено относительно ориентира, расположенного в границах участка. Почтовый адрес ориентира: Российская Федерация, Республика Татарстан (Татарстан), м.р-н Лаишевский, с.п. Габишевское, с Габишево, ул Ленинская, з/у 1А.",,Для индивидуального жилищного строительства,ИЖС,0,нет,16:24:210101,2163827.37,1634.3107,,,,,да,да,нет,нет,нет,да,нет,да,55.6097883177675,49.148256178641866
16:24:090704:1706,549.0,Земли населенных пунктов,Учтенный,"Местоположение установлено относительно ориентира, расположенного в границах участка. Почтовый адрес ориентира: Российская Федерация, Республика Татарстан (Татарстан), м.р-н Лаишевский, с.п. Габишевское, с Габишево, ул Александра Сергеева, з/у 38.",Частная,"земельные участки, предназначенные для размещения домов индивидуальной жилой застройки",ЖИЛОЙ,0,нет,16:24:090704,870422.26,1585.4686,,,,,нет,нет,нет,нет,нет,да,нет,да,55.605154079422334,49.141200761952135
16:24:090704:2580,521.0,Земли населенных пунктов,Учтенный,"Местоположение установлено относительно ориентира, расположенного в границах участка. Почтовый адрес ориентира: Российская Федерация, Республика Татарстан (Татарстан), м.р-н Лаишевский, с.п. Габишевское, с Габишево, ул Изумрудная, з/у 1.",Частная,"земельные участки, предназначенные для размещения домов индивидуальной жилой застройки",ЖИЛОЙ,0,нет,16:24:090704,954442.67,1831.9437,,,,,нет,нет,нет,нет,нет,да,нет,да,55.609215695701515,49.12722886830123
16:24:090704:2856,508.0,Земли населенных пунктов,Учтенный,"Местоположение установлено относительно ориентира, расположенного в границах участка. Почтовый адрес ориентира: Российская Федерация, Республика Татарстан (Татарстан), м.р-н Лаишевский, с.п. Габишевское, с Габишево, ул Александра Сергеева, з/у 45.",Частная,"земельные участки, предназначенные для размещения домов индивидуальной жилой застройки",ЖИЛОЙ,0,нет,16:24:090704,800019.89,1574.8423,,,,,нет,нет,нет,нет,нет,да,нет,да,55.60565803670164,49.13971819329966
16:24:090704:2725,554.0,Земли населенных пунктов,Учтенный,"Местоположение установлено относительно ориентира, расположенного в границах участка. Почтовый адрес ориентира: Российская Федерация, Республика Татарстан (Татарстан), м.р-н Лаишевский, с.п. Габишевское, с Габишево, ул Спортивная, з/у 9А.",Частная,"земельные участки, предназначенные для размещения домов индивидуальной жилой застройки",ЖИЛОЙ,0,нет,16:24:090704,949949.28,1714.7099,,,,,нет,нет,нет,нет,нет,да,нет,да,55.60723529836797,49.12765763666364
16:24:090704:1205,1133.0,Земли населенных пунктов,Учтенный,"Местоположение установлено относительно ориентира, расположенного в границах участка. Почтовый адрес ориентира: Российская Федерация, Республика Татарстан (Татарстан), м.р-н Лаишевский, с.п. Габишевское, с Габишево, ул Моховая, з/у 1.",Частная,"земельные участки, предназначенные для размещения домов индивидуальной жилой застройки",ЖИЛОЙ,0,нет,16:24:090704,1581710.71,1396.0377,,,,,нет,нет,нет,нет,нет,да,нет,да,55.602438122856995,49.149229391260334
16:24:090704:1162,999.0,Земли населенных пунктов,Учтенный,"Местоположение установлено относительно ориентира, расположенного в границах участка. Почтовый адрес ориентира: Российская Федерация, Республика Татарстан (Татарстан), м.р-н Лаишевский, с.п. Габишевское, с Габишево, ул Алексея Малышева, з/у 13.",Частная,"земельные участки, предназначенные для размещения домов индивидуальной жилой застройки",ЖИЛОЙ,0,нет,16:24:090704,1514253.73,1515.7695,,,,,нет,нет,нет,нет,нет,да,нет,да,55.60322940181323,49.14643048625262
16:24:210101:288,1171.0,Земли населенных пунктов,Учтенный,"Местоположение установлено относительно ориентира, расположенного в границах участка. Почтовый адрес ориентира: Российская Федерация, Республика Татарстан (Татарстан), м.р-н Лаишевский, с.п. Габишевское, с Габишево, ул Приозерная, з/у 22.",Частная,Индивидуальное жилищное строительство,ДРУГОЕ,0,нет,16:24:210101,2012296.64,1718.4429,,,,,нет,нет,нет,нет,нет,нет,нет,да,55.60784343511013,49.142706688973206
16:24:210101:198,829.0,Земли населенных пунктов,Ранее учтенный,"Местоположение установлено относительно ориентира, расположенного в границах участка. Почтовый адрес ориентира: Российская Федерация, Республика Татарстан (Татарстан), м.р-н Лаишевский, с.п. Габишевское, с Габишево, ул Приволжская, з/у 8/2.",,Индивидуальное жилищное строительство,ДРУГОЕ,0,нет,16:24:210101,1440830.68,1738.0346,,,,,да,нет,нет,нет,нет,нет,нет,да,55.60869326575876,49.145129361499954
16:24:210101:222,,Земли населенных пунктов,Ранее учтенный,"Местоположение установлено относительно ориентира, расположенного в границах участка. Почтовый адрес ориентира: Российская Федерация, Республика Татарстан (Татарстан), м.р-н Лаишевский, с.п. Габишевское, с Габишево, ул Приволжская, з/у 27.",,Индивидуальное жилищное строительство,ДРУГОЕ,0,нет,16:24:210101,1928647.93,1753.3163,,,,,да,нет,нет,нет,нет,нет,нет,да,55.608536785799444,49.141626748579384
16:24:210101:63,1399.0,Земли населенных пунктов,Ранее учтенный,"Российская Федерация, Республика Татарстан (Татарстан), м.р-н Лаишевский, с.п. Габишевское, с Габишево, пр-кт Молодежный, з/у 23",,Для ведения личного подсобного хозяйства,ЛПХ,0,нет,16:24:210101,2864378.35,2047.447,,,,,да,нет,нет,нет,да,да,нет,да,55.61231252901134,49.13275600482334
16:24:210101:46,,Земли населенных пунктов,Ранее учтенный,"Местоположение установлено относительно ориентира, расположенного в границах участка. Почтовый адрес ориентира: Российская Федерация, Республика Татарстан (Татарстан), м.р-н Лаишевский, с.п. Габишевское, с Габишево, пр-кт Молодежный, з/у 30.",,Индивидуальное жилищное строительство и ведение личного хозяйства,ДРУГОЕ,0,нет,16:24:210101,2398383.36,1998.6528,,,,,да,нет,нет,нет,нет,нет,нет,да,55.61313203167522,49.13603597020044
16:24:210101:3501,1504.0,Земли населенных пунктов,Учтенный,"Республика Татарстан, р-н. Лаишевский, с. Габишево, Габишевское, ул. Яблоневая, д. 1А",Частная,ведение личного подсобного хозяйства и индивидуальное жилищное строительство,ЛПХ,0,нет,16:24:210101,3216169.24,2138.4104,,,,,нет,нет,нет,нет,да,да,нет,да,55.61401194201376,49.13121639040748
16:24:210101:3442,223.0,Земли населенных пунктов,Учтенный,"Местоположение установлено относительно ориентира, расположенного в границах участка. Почтовый адрес ориентира: Российская Федерация, Республика Татарстан (Татарстан), м.р-н Лаишевский, с.п. Габишевское, с Габишево, ул Кировская, з/у 13Г.",Частная,Индивидуальные жилые дома с приусадебными земельными участками; блокированные односемейные дома с участками,ЖИЛОЙ,0,нет,16:24:210101,391125.94,1753.928,,,,,нет,нет,нет,нет,нет,да,нет,да,55.60870434832306,49.14319729229931
16:24:210101:250,1173.0,Земли населенных пунктов,Ранее учтенный,"Местоположение установлено относительно ориентира, расположенного в границах участка. Почтовый адрес ориентира: Российская Федерация, Республика Татарстан (Татарстан), м.р-н Лаишевский, с.п. Габишевское, с Габишево, ул Кировская, з/у 10.",Частная,Для индивидуального жилищного строительства,ИЖС,0,нет,16:24:210101,2058090.67,1754.55,,,,,нет,да,нет,нет,нет,да,нет,да,55.60930036451801,49.14271855052593
16:24:210101:499,26.0,Земли населенных пунктов,Ранее учтенный,"Местоположение установлено относительно ориентира, расположенного в границах участка. Почтовый адрес ориентира: Российская Федерация, Республика Татарстан (Татарстан), м.р-н Лаишевский, с.п. Габишевское, с Габишево, тер. ГПК Молодежный, з/у 499Г.",Частная,объекты гаражного назначения,ДРУГОЕ,0,нет,16:24:210101,44038.6,1693.7924,,,,,нет,нет,нет,нет,нет,нет,нет,да,55.61218374238946,49.138799637356605
16:24:210101:304,1434.0,Земли населенных пунктов,Ранее учтенный,"Местоположение установлено относительно ориентира, расположенного в границах участка. Почтовый адрес ориентира: Российская Федерация, Республика Татарстан (Татарстан), м.р-н Лаишевский, с.п. Габишевское, с Габишево, ул Приозерная, з/у 3.",Частная,Индивидуальное жилищное строительство и ведение личного подсобного хозяйства,ЛПХ,0,нет,16:24:210101,2386890.28,1664.4981,,,,,нет,нет,нет,нет,да,да,нет,да,55.606867460530324,49.14600542618865
16:24:210101:284,1030.0,Земли населенных пунктов,Ранее учтенный,"Местоположение установлено относительно ориентира, расположенного в границах участка. Почтовый адрес ориентира: Российская Федерация, Республика Татарстан (Татарстан), м.р-н Лаишевский, с.п. Габишевское, с Габишево, ул Приозерная, з/у 30.",Частная,Под жилую застройку Индивидуальную,ДРУГОЕ,0,нет,16:24:210101,1792490.15,1740.2817,,,,,нет,нет,нет,нет,нет,нет,нет,да,55.60812023167747,49.141273303592186
16:24:210101:2740,1401.0,Земли населенных пунктов,Учтенный,"Местоположение установлено относительно ориентира, расположенного в границах участка. Почтовый адрес ориентира: Российская Федерация, Республика Татарстан (Татарстан), м.р-н Лаишевский, с.п. Габишевское, с Габишево, ул Казанская, з/у 57.",Частная,для индивидуального жилищного строительства,ИЖС,0,нет,16:24:210101,2291107.28,1635.3371,,,,,нет,да,нет,нет,нет,да,нет,да,55.607824614274776,49.13606455285906
16:24:210101:2428,856.0,Земли населенных пунктов,Учтенный,"Местоположение установлено относительно ориентира, расположенного в границах участка. Почтовый адрес ориентира: Российская Федерация, Республика Татарстан (Татарстан), м.р-н Лаишевский, с.п. Габишевское, с Габишево, ул Державина, з/у 8.",Частная,Под малоэтажное жилищное строительство,ДРУГОЕ,0,нет,16:24:210101,1384551.07,1617.4662,,,,,нет,нет,нет,нет,нет,нет,нет,да,55.60651521255717,49.14805801328668
16:24:210101:216,,Земли населенных пунктов,Ранее учтенный,"Местоположение установлено относительно ориентира, расположенного в границах участка. Почтовый адрес ориентира: Российская Федерация, Республика Татарстан (Татарстан), м.р-н Лаишевский, с.п. Габишевское, с Габишево, ул Приволжская, з/у 15.",Частная,Под жилую застройку Индивидуальную,ДРУГОЕ,0,нет,16:24:210101,2060604.11,1724.35,,,,,нет,нет,нет,нет,нет,нет,нет,да,55.60817603947462,49.1438286105082
16:24:210101:179,1346.0,Земли населенных пунктов,Ранее учтенный,"Местоположение установлено относительно ориентира, расположенного в границах участка. Почтовый адрес ориентира: Российская Федерация, Республика Татарстан (Татарстан), м.р-н Лаишевский, с.п. Габишевское, с Габишево, ул Приволжская, з/у 38.",,Для индивидуального жилищного строительства,ИЖС,0,нет,16:24:210101,2495403.11,1853.9399,,,,,да,да,нет,нет,нет,да,нет,да,55.610537889857845,49.133955965142576
16:24:210101:153,,Земли населенных пунктов,Ранее учтенный,"Местоположение установлено относительно ориентира, расположенного в границах участка. Почтовый адрес ориентира: Российская Федерация, Республика Татарстан (Татарстан), м.р-н Лаишевский, с.п. Габишевское, с Габишево, ул Тукая, з/у 5.",,Индивидуальное жилищное строительство,ДРУГОЕ,0,нет,16:24:210101,2773528.14,1999.6598,,,,,да,нет,нет,нет,нет,нет,нет,да,55.61165113723541,49.13466845908634
16:24:210101:148,1356.0,Земли населенных пунктов,Ранее учтенный,"Местоположение установлено относительно ориентира, расположенного в границах участка. Почтовый адрес ориентира: Российская Федерация, Республика Татарстан (Татарстан), м.р-н Лаишевский, с.п. Габишевское, с Габишево, ул Тукая, з/у 17Б.",Частная,Для индивидуального жилищного строительства,ИЖС,0,нет,16:24:210101,2771280.93,2043.7175,,,,,нет,да,нет,нет,нет,да,нет,да,55.61165482127168,49.13255122550921
16:24:090704:3294,640.0,Земли населенных пунктов,Учтенный,"Местоположение установлено относительно ориентира, расположенного в границах участка. Почтовый адрес ориентира: Российская Федерация, Республика Татарстан (Татарстан), м.р-н Лаишевский, с.п. Габишевское, с Габишево, ул Васильковая, з/у 11/2.",Частная,"земельные участки, предназначенные для размещения домов индивидуальной жилой застройки",ЖИЛОЙ,0,нет,16:24:090704,872757.63,1363.6838,,,,,нет,нет,нет,нет,нет,да,нет,да,55.60354087161016,49.13420462601679
16:24:090704:2720,725.0,Земли населенных пунктов,Учтенный,"Местоположение установлено относительно ориентира, расположенного в границах участка. Почтовый адрес ориентира: Российская Федерация, Республика Татарстан (Татарстан), м.р-н Лаишевский, с.п. Габишевское, с Габишево, ул Александра Сергеева, з/у 78.",Частная,"Земельные участки, предназначенные для размещения домов индивидуальной жилой застройки",ЖИЛОЙ,0,нет,16:24:090704,1171808.8,1616.288,,,,,нет,нет,нет,нет,нет,да,нет,да,55.60799559403464,49.133815720522655
16:24:090704:1874,513.0,Земли населенных пунктов,Учтенный,"Местоположение установлено относительно ориентира, расположенного в границах участка. Почтовый адрес ориентира: Российская Федерация, Республика Татарстан (Татарстан), м.р-н Лаишевский, с.п. Габишевское, с Габишево, ул Жемчужная, з/у 1А.",Частная,"земельные участки, предназначенные для размещения домов индивидуальной жилой застройки",ЖИЛОЙ,0,нет,16:24:090704,791104.02,1542.1131,,,,,нет,нет,нет,нет,нет,да,нет,да,55.60517598220336,49.13447252399268
16:24:090704:3188,483.0,Земли населенных пунктов,Учтенный,"Местоположение установлено относительно ориентира, расположенного в границах участка. Почтовый адрес ориентира: Российская Федерация, Республика Татарстан (Татарстан), м.р-н Лаишевский, с.п. Габишевское, с Габишево, ул Алексея Малышева, з/у 95.",Частная,"земельные участки, предназначенные для размещения домов индивидуальной жилой застройки",ЖИЛОЙ,0,нет,16:24:090704,744590.77,1541.5958,,,,,нет,нет,нет,нет,нет,да,нет,да,55.60773321666212,49.130865873102394
16:24:090704:1833,600.0,Земли населенных пунктов,Учтенный,"Местоположение установлено относительно ориентира, расположенного в границах участка. Почтовый адрес ориентира: Российская Федерация, Республика Татарстан (Татарстан), м.р-н Лаишевский, с.п. Габишевское, с Габишево, ул Ивана Матвеева, з/у 38А.",Частная,"земельные участки, предназначенные для размещения домов индивидуальной жилой застройки",ЖИЛОЙ,0,нет,16:24:090704,971164.08,1618.6068,,,,,нет,нет,нет,нет,нет,да,нет,да,55.6042191630869,49.14133596385525
16:24:090704:2634,655.0,Земли населенных пунктов,Учтенный,"Местоположение установлено относительно ориентира, расположенного в границах участка. Почтовый адрес ориентира: Российская Федерация, Республика Татарстан (Татарстан), м.р-н Лаишевский, с.п. Габишевское, с Габишево, ул Сосновая, з/у 6.",Частная,"Земельные участки, предназначенные для размещения домов индивидуальной жилой застройки",ЖИЛОЙ,0,нет,16:24:090704,986230.03,1505.6947,,,,,нет,нет,нет,нет,нет,да,нет,да,55.60277809549368,49.14251068908644
16:24:210101:681,1000.0,Земли населенных пунктов,Ранее учтенный,"Местоположение установлено относительно ориентира, расположенного в границах участка. Почтовый адрес ориентира: Российская Федерация, Республика Татарстан (Татарстан), м.р-н Лаишевский, с.п. Габишевское, с Габишево, ул Лесная, з/у 10.",Частная,Для индивидуального жилищного строительства,ИЖС,0,нет,16:24:210101,1633181.9,1633.1819,,,,,нет,да,нет,нет,нет,да,нет,да,55.6074857624471,49.15027369625834
16:24:210101:355,1286.0,Земли населенных пунктов,Ранее учтенный,"Местоположение установлено относительно ориентира, расположенного в границах участка. Почтовый адрес ориентира: Российская Федерация, Республика Татарстан (Татарстан), м.р-н Лаишевский, с.п. Габишевское, с Габишево, ул Казанская, з/у 19.",Частная,Для индивидуального жилищного строительства,ИЖС,0,нет,16:24:210101,2135627.41,1660.6745,,,,,нет,да,нет,нет,нет,да,нет,да,55.60582622046778,49.14282243713775
16:24:210101:954,2000.0,Земли населенных пунктов,Учтенный,"Местоположение установлено относительно ориентира, расположенного в границах участка. Почтовый адрес ориентира: Российская Федерация, Республика Татарстан (Татарстан), м.р-н Лаишевский, с.п. Габишевское, с Габишево, ул Державина, з/у 18.",Частная,Для жилищного строительства,ДРУГОЕ,0,нет,16:24:210101,3146852.6,1573.4263,,,,,нет,нет,нет,нет,нет,нет,нет,да,55.60637275478132,49.15049800639092
16:24:210101:763,997.0,Земли населенных пунктов,Ранее учтенный,"Местоположение установлено относительно ориентира, расположенного в границах участка. Почтовый адрес ориентира: Российская Федерация, Республика Татарстан (Татарстан), м.р-н Лаишевский, с.п. Габишевское, с Габишево, ул Лесная, з/у 9.",Частная,Индивидуальное жилищное строительство,ДРУГОЕ,0,нет,16:24:210101,1606377.07,1611.2107,,,,,нет,нет,нет,нет,нет,нет,нет,да,55.60688759719019,49.150428463411224
16:24:210101:753,,Земли населенных пунктов,Ранее учтенный,"Местоположение установлено относительно ориентира, расположенного в границах участка. Почтовый адрес ориентира: Республика Татарстан, р-н. Лаишевский, с. Габишево, ул. Марджани.",Муниципальная,Земельные участки (территории) общего пользования,ОГП,0,нет,16:24:210101,1431548.01,685.94,,,,,да,нет,нет,нет,нет,нет,да,да,55.60884773431491,49.14994494311632
16:24:210101:887,878.0,Земли населенных пунктов,Учтенный,"Местоположение установлено относительно ориентира, расположенного в границах участка. Почтовый адрес ориентира: Российская Федерация, Республика Татарстан (Татарстан), м.р-н Лаишевский, с.п. Габишевское, с Габишево, ул Лесная, з/у 1Б.",,Для индивидуального жилищного строительства,ИЖС,0,нет,16:24:210101,1450376.1,1651.909,,,,,да,да,нет,нет,нет,да,нет,да,55.60700044990781,49.14786892821166
16:24:210101:3770,900.0,Земли населенных пунктов,Учтенный,"Российская Федерация, Республика Татарстан (Татарстан), м.р-н Лаишевский, с.п. Габишевское, с Габишево, ул им Мусы Джалиля, з/у 30",Частная,для индивидуального жилищного строительства,ИЖС,0,нет,16:24:210101,1527404.49,1697.12,,,,,нет,да,нет,нет,нет,да,нет,да,55.608430729429564,49.13556111523204
16:24:210101:2002,751.0,Земли населенных пунктов,Учтенный,"Местоположение установлено относительно ориентира, расположенного в границах участка. Почтовый адрес ориентира: Российская Федерация, Республика Татарстан (Татарстан), м.р-н Лаишевский, с.п. Габишевское, с Габишево, ул Марджани, з/у 7.",Частная,для индивидуального жилищного строительства,ИЖС,0,нет,16:24:210101,1266189.68,1686.0049,,,,,нет,да,нет,нет,нет,да,нет,да,55.60829008587285,49.14834136914868
16:24:210101:3827,744.0,Земли населенных пунктов,Учтенный,"Российская Федерация, Республика Татарстан (Татарстан), м.р-н Лаишевский, с.п. Габишевское, с Габишево, ул Вахитовская, з/у 37А",Частная,Для индивидуального жилищного строительства,ИЖС,0,нет,16:24:210101,1524529.88,2049.0993,,,,,нет,да,нет,нет,нет,да,нет,да,55.614169382825246,49.13515305499465
16:24:210101:3818,1140.0,Земли населенных пунктов,Учтенный,"Местоположение установлено относительно ориентира, расположенного в границах участка. Почтовый адрес ориентира: Республика Татарстан, Лаишевский муниципальный район, Габишевское сельское поселение, с Габишево, ул. Марджани.",Частная,для индивидуального жилищного строительства,ИЖС,0,нет,16:24:210101,1921320.77,1685.37,,,,,нет,да,нет,нет,нет,да,нет,да,55.6087288495431,49.14756471577707
16:24:090704:3616,549.0,Земли населенных пунктов,Учтенный,"Российская Федерация, Республика Татарстан (Татарстан), м.р-н Лаишевский, с.п. Габишевское, с Габишево, ул Ивана Матвеева, з/у 19",Частная,"земельные участки, предназначенные для размещения домов индивидуальной жилой застройки",ЖИЛОЙ,0,нет,16:24:090704,869978.94,1584.66,,,,,нет,нет,нет,нет,нет,да,нет,да,55.60423024397223,49.14481280656704
16:24:210101:2876,1000.0,Земли населенных пунктов,Учтенный,"Местоположение установлено относительно ориентира, расположенного в границах участка. Почтовый адрес ориентира: Российская Федерация, Республика Татарстан (Татарстан), м.р-н Лаишевский, с.п. Габишевское, с Габишево, ул Вахитовская, з/у 52.",Частная,индивидуальные жилые дома с приусадебными земельными участками,ЖИЛОЙ,0,нет,16:24:210101,2163481.5,2163.48,,,,,нет,нет,нет,нет,нет,да,нет,да,55.615545426335025,49.13382863330781
16:24:090704:1918,518.0,Земли населенных пунктов,Учтенный,"Местоположение установлено относительно ориентира, расположенного в границах участка. Почтовый адрес ориентира: Российская Федерация, Республика Татарстан (Татарстан), м.р-н Лаишевский, с.п. Габишевское, с Габишево, ул Луговая, з/у 1А.",Частная,"земельные участки, предназначенные для размещения домов индивидуальной жилой застройки",ЖИЛОЙ,0,нет,16:24:090704,805387.02,1554.8012,,,,,нет,нет,нет,нет,нет,да,нет,да,55.6063726858099,49.132327156449705
16:24:090704:2741,541.0,Земли населенных пунктов,Учтенный,"Российская Федерация, Республика Татарстан (Татарстан), м.р-н Лаишевский, с.п. Габишевское, с Габишево, ул Алексея Малышева, з/у 87А",Частная,"земельные участки, предназначенные для размещения домов индивидуальной жилой застройки",ЖИЛОЙ,0,нет,16:24:090704,851859.03,1574.6008,,,,,нет,нет,нет,нет,нет,да,нет,да,55.607174989217505,49.1321258526638
16:24:090704:2893,678.0,Земли населенных пунктов,Учтенный,"Местоположение установлено относительно ориентира, расположенного в границах участка. Почтовый адрес ориентира: Российская Федерация, Республика Татарстан (Татарстан), м.р-н Лаишевский, с.п. Габишевское, с Габишево, ул Лучистая, з/у 8.",Частная,"земельные участки, предназначенные для размещения домов индивидуальной жилой застройки",ЖИЛОЙ,0,нет,16:24:090704,1098781.78,1620.6221,,,,,нет,нет,нет,нет,нет,да,нет,да,55.60740046493174,49.1288364462943
16:24:090704:2847,121.0,Земли населенных пунктов,Учтенный,"Местоположение установлено относительно ориентира, расположенного в границах участка. Почтовый адрес ориентира: Республика Татарстан, Лаишевский муниципальный район, Габишевское сельское поселение, с Габишево, ул. Южная.",Частная,"земельные участки, предназначенные для размещения домов индивидуальной жилой застройки",ЖИЛОЙ,0,нет,16:24:090704,175237.16,1448.241,,,,,нет,нет,нет,нет,нет,да,нет,да,55.60395803402151,49.13581796968937
16:24:210101:821,908.0,Земли населенных пунктов,Учтенный,"Местоположение установлено относительно ориентира, расположенного в границах участка. Почтовый адрес ориентира: Российская Федерация, Республика Татарстан (Татарстан), м.р-н Лаишевский, с.п. Габишевское, с Габишево, ул Вахитовская, з/у 46.",,магазины; общественное питание; гостиничное обслуживание,ДРУГОЕ,0,нет,16:24:210101,1043850.96,1149.6156,,,,,да,нет,нет,нет,нет,нет,нет,да,55.61510515408915,49.13261699427045
16:24:090704:2757,573.0,Земли населенных пунктов,Учтенный,"Местоположение установлено относительно ориентира, расположенного в границах участка. Почтовый адрес ориентира: Российская Федерация, Республика Татарстан (Татарстан), м.р-н Лаишевский, с.п. Габишевское, с Габишево, ул Алексея Малышева, з/у 101.",Частная,"земельные участки, предназначенные для размещения домов индивидуальной жилой застройки",ЖИЛОЙ,0,нет,16:24:090704,969757.75,1692.4219,,,,,нет,нет,нет,нет,нет,да,нет,да,55.60827526378275,49.1301547366738
16:24:090704:2831,559.0,Земли населенных пунктов,Учтенный,"Российская Федерация, Республика Татарстан (Татарстан), м.р-н Лаишевский, с.п. Габишевское, с Габишево, ул Алексея Малышева, з/у 105А",Частная,"земельные участки, предназначенные для размещения домов индивидуальной жилой застройки",ЖИЛОЙ,0,нет,16:24:090704,989261.63,1769.6988,,,,,нет,нет,нет,нет,нет,да,нет,да,55.6087980614905,49.12931329087392
16:24:210101:2625,1000.0,Земли населенных пунктов,Учтенный,"Местоположение установлено относительно ориентира, расположенного в границах участка. Почтовый адрес ориентира: Российская Федерация, Республика Татарстан (Татарстан), м.р-н Лаишевский, с.п. Габишевское, с Габишево, ул Вахитовская, д. 50.",Частная,для индивидуального жилищного строительства,ИЖС,0,нет,16:24:210101,2209632.7,2209.6327,,,,,нет,да,нет,нет,нет,да,нет,да,55.61548323705968,49.13330780615877
16:24:090704:2781,843.0,Земли населенных пунктов,Учтенный,"Местоположение установлено относительно ориентира, расположенного в границах участка. Почтовый адрес ориентира: Российская Федерация, Республика Татарстан (Татарстан), м.р-н Лаишевский, с.п. Габишевское, с Габишево, ул Александра Сергеева, з/у 108.",Частная,"земельные участки, предназначенные для размещения домов индивидуальной жилой застройки",ЖИЛОЙ,0,нет,16:24:090704,1553098.69,1842.3472,,,,,нет,нет,нет,нет,нет,да,нет,да,55.60980256974665,49.12918135033084
16:24:090704:2756,574.0,Земли населенных пунктов,Учтенный,"Местоположение установлено относительно ориентира, расположенного в границах участка. Почтовый адрес ориентира: Российская Федерация, Республика Татарстан (Татарстан), м.р-н Лаишевский, с.п. Габишевское, с Габишево, ул Алексея Малышева, з/у 99А.",Частная,"земельные участки, предназначенные для размещения домов индивидуальной жилой застройки",ЖИЛОЙ,0,нет,16:24:090704,971450.17,1692.4219,,,,,нет,нет,нет,нет,нет,да,нет,да,55.60818538938973,49.130315728404824
16:24:090704:2895,692.0,Земли населенных пунктов,Учтенный,"Местоположение установлено относительно ориентира, расположенного в границах участка. Почтовый адрес ориентира: Российская Федерация, Республика Татарстан (Татарстан), м.р-н Лаишевский, с.п. Габишевское, с Габишево, ул Лучистая, з/у 10А.",Частная,"земельные участки, предназначенные для размещения домов индивидуальной жилой застройки",ЖИЛОЙ,0,нет,16:24:090704,1141465.35,1649.5164,,,,,нет,нет,нет,нет,нет,да,нет,да,55.60718063198131,49.128453710238155
16:24:090704:1119,959.0,Земли населенных пунктов,Учтенный,"Местоположение установлено относительно ориентира, расположенного в границах участка. Почтовый адрес ориентира: Российская Федерация, Республика Татарстан (Татарстан), м.р-н Лаишевский, с.п. Габишевское, с Габишево, ул Александра Сергеева, з/у 97.",Частная,"земельные участки, предназначенные для размещения домов индивидуальной жилой застройки",ЖИЛОЙ,0,нет,16:24:090704,1778593.81,1854.6338,,,,,нет,нет,нет,нет,нет,да,нет,да,55.60996234323257,49.128274687431684
16:24:090704:2540,627.0,Земли населенных пунктов,Учтенный,"Местоположение установлено относительно ориентира, расположенного в границах участка. Почтовый адрес ориентира: Российская Федерация, Республика Татарстан (Татарстан), м.р-н Лаишевский, с.п. Габишевское, с Габишево, ул Спортивная, з/у 6.",Частная,"земельные участки, предназначенные для размещения домов индивидуальной жилой застройки",ЖИЛОЙ,0,нет,16:24:090704,1106136.91,1764.1737,,,,,нет,нет,нет,нет,нет,да,нет,да,55.60813791460981,49.1280047209593
16:24:090704:2800,678.0,Земли населенных пунктов,Учтенный,"Российская Федерация, Республика Татарстан (Татарстан), м.р-н Лаишевский, с.п. Габишевское, с Габишево, ул Спортивная, з/у 12",Частная,"земельные участки, предназначенные для размещения домов индивидуальной жилой застройки",ЖИЛОЙ,0,нет,16:24:090704,1180761.54,1741.5362,,,,,нет,нет,нет,нет,нет,да,нет,да,55.60761872037762,49.12712623414091
16:24:090704:1595,695.0,Земли населенных пунктов,Учтенный,"Местоположение установлено относительно ориентира, расположенного в границах участка. Почтовый адрес ориентира: Российская Федерация, Республика Татарстан (Татарстан), м.р-н Лаишевский, с.п. Габишевское, с Габишево, ул Ивана Матвеева, з/у 43.",Частная,"земельные участки, предназначенные для размещения домов индивидуальной жилой застройки",ЖИЛОЙ,0,нет,16:24:090704,1068916.19,1538.0089,,,,,нет,нет,нет,нет,нет,да,нет,да,55.604932777211246,49.13972447410863
16:24:090704:1892,547.0,Земли населенных пунктов,Учтенный,"Местоположение установлено относительно ориентира, расположенного в границах участка. Почтовый адрес ориентира: Российская Федерация, Республика Татарстан (Татарстан), м.р-н Лаишевский, с.п. Габишевское, с Габишево, ул Александра Сергеева, з/у 76А.",Частная,"земельные участки, предназначенные для размещения домов индивидуальной жилой застройки",ЖИЛОЙ,0,нет,16:24:090704,880472.81,1609.6395,,,,,нет,нет,нет,нет,нет,да,нет,да,55.607730195369925,49.13381592486958
16:24:090704:1223,1009.0,Земли населенных пунктов,Учтенный,"Местоположение установлено относительно ориентира, расположенного в границах участка. Почтовый адрес ориентира: Российская Федерация, Республика Татарстан (Татарстан), м.р-н Лаишевский, с.п. Габишевское, с Габишево, ул Ивана Матвеева, з/у 74.",Частная,"земельные участки, предназначенные для размещения домов индивидуальной жилой застройки",ЖИЛОЙ,0,нет,16:24:090704,1587647.58,1573.4862,,,,,нет,нет,нет,нет,нет,да,нет,да,55.606305650801666,49.13459223305054
16:24:090704:1789,682.0,Земли населенных пунктов,Учтенный,"Местоположение установлено относительно ориентира, расположенного в границах участка. Почтовый адрес ориентира: Российская Федерация, Республика Татарстан (Татарстан), м.р-н Лаишевский, с.п. Габишевское, с Габишево, ул Ивана Матвеева, з/у 54.",Частная,"земельные участки, предназначенные для размещения домов индивидуальной жилой застройки",ЖИЛОЙ,0,нет,16:24:090704,1035816.01,1518.7918,,,,,нет,нет,нет,нет,нет,да,нет,да,55.604622831237464,49.138567625541214
16:24:090704:2501,626.0,Земли населенных пунктов,Учтенный,"Местоположение установлено относительно ориентира, расположенного в границах участка. Почтовый адрес ориентира: Российская Федерация, Республика Татарстан (Татарстан), м.р-н Лаишевский, с.п. Габишевское, с Габишево, ул Жемчужная, з/у 6А.",Частная,"земельные участки, предназначенные для размещения домов индивидуальной жилой застройки",ЖИЛОЙ,0,нет,16:24:090704,949434.48,1516.6685,,,,,нет,нет,нет,нет,нет,да,нет,да,55.60504480027196,49.133224888715354
16:24:090704:2914,498.0,Земли населенных пунктов,Учтенный,"Местоположение установлено относительно ориентира, расположенного в границах участка. Почтовый адрес ориентира: Российская Федерация, Республика Татарстан, Лаишевский муниципальный район, Габишевское сельское поселение, с Габишево, ул. Алексея Малышева.",Частная,"земельные участки, предназначенные для размещения домов индивидуальной жилой застройки",ЖИЛОЙ,0,нет,16:24:090704,787142.93,1580.6083,,,,,нет,нет,нет,нет,нет,да,нет,да,55.60673481351195,49.13300240412817
16:24:090704:3229,829.0,Земли населенных пунктов,Учтенный,"Российская Федерация, Республика Татарстан (Татарстан), м.р-н Лаишевский, с.п. Габишевское, с Габишево, ул Александра Сергеева, з/у 86А",Частная,"земельные участки, предназначенные для размещения домов индивидуальной жилой застройки",ЖИЛОЙ,0,нет,16:24:090704,1409905.09,1700.7299,,,,,нет,нет,нет,нет,нет,да,нет,да,55.608661652287104,49.13260685952145
16:24:090704:3272,515.0,Земли населенных пунктов,Учтенный,"Местоположение установлено относительно ориентира, расположенного в границах участка. Почтовый адрес ориентира: Российская Федерация, Республика Татарстан (Татарстан), м.р-н Лаишевский, с.п. Габишевское, с Габишево, ул Александра Сергеева, з/у 87А.",Частная,"земельные участки, предназначенные для размещения домов индивидуальной жилой застройки",ЖИЛОЙ,0,нет,16:24:090704,895342.54,1738.5292,,,,,нет,нет,нет,нет,нет,да,нет,да,55.60916652539842,49.133613438450936
16:24:090704:4151,567.0,Земли населенных пунктов,Учтенный,"Местоположение установлено относительно ориентира, расположенного в границах участка. Почтовый адрес ориентира: Российская Федерация, Республика Татарстан (Татарстан), м.р-н Лаишевский, с.п. Габишевское, с Габишево, ул Александра Сергеева, з/у 92.",Частная,"земельные участки, предназначенные для размещения домов индивидуальной жилой застройки",ЖИЛОЙ,0,нет,16:24:090704,1013938.2,1788.25,,,,,нет,нет,нет,нет,нет,да,нет,да,55.60940707147966,49.13236788797929
16:24:090704:925,903.0,Земли населенных пунктов,Учтенный,"Местоположение установлено относительно ориентира, расположенного в границах участка. Почтовый адрес ориентира: Российская Федерация, Республика Татарстан (Татарстан), м.р-н Лаишевский, с.п. Габишевское, с Габишево, ул Южная, з/у 3.",Частная,"земельные участки, предназначенные для размещения домов индивидуальной жилой застройки",ЖИЛОЙ,0,нет,16:24:090704,1303727.2,1443.7732,,,,,нет,нет,нет,нет,нет,да,нет,да,55.603628771207745,49.136235461103546
16:24:090704:1801,728.0,Земли населенных пунктов,Учтенный,"Российская Федерация, Республика Татарстан (Татарстан), м.р-н Лаишевский, с.п. Габишевское, с Габишево, ул Алексея Малышева, з/у 55",Частная,"земельные участки, предназначенные для размещения домов индивидуальной жилой застройки",ЖИЛОЙ,0,нет,16:24:090704,1092765.93,1501.0521,,,,,нет,нет,нет,нет,нет,да,нет,да,55.6042225708155,49.1375654442852
16:24:090704:924,1086.0,Земли населенных пунктов,Учтенный,"Местоположение установлено относительно ориентира, расположенного в границах участка. Почтовый адрес ориентира: Российская Федерация, Республика Татарстан (Татарстан), м.р-н Лаишевский, с.п. Габишевское, с Габишево, ул Александра Сергеева, з/у 58.",Частная,"земельные участки, предназначенные для размещения домов индивидуальной жилой застройки",ЖИЛОЙ,0,нет,16:24:090704,1725517.27,1588.8741,,,,,нет,нет,нет,нет,нет,да,нет,да,55.606128692354126,49.13696000264688
16:24:090704:2687,623.0,Земли населенных пунктов,Учтенный,"Местоположение установлено относительно ориентира, расположенного в границах участка. Почтовый адрес ориентира: Российская Федерация, Республика Татарстан (Татарстан), м.р-н Лаишевский, с.п. Габишевское, с Габишево, ул Александра Сергеева, з/у 104.",Частная,"земельные участки, предназначенные для размещения домов индивидуальной жилой застройки",ЖИЛОЙ,0,нет,16:24:090704,1163033.78,1866.8279,,,,,нет,нет,нет,нет,нет,да,нет,да,55.61024858770841,49.13006431409002
16:24:090704:1227,1043.0,Земли населенных пунктов,Учтенный,"Местоположение установлено относительно ориентира, расположенного в границах участка. Почтовый адрес ориентира: Российская Федерация, Республика Татарстан (Татарстан), м.р-н Лаишевский, с.п. Габишевское, с Габишево, ул Александра Сергеева, з/у 65.",Частная,"земельные участки, предназначенные для размещения домов индивидуальной жилой застройки",ЖИЛОЙ,0,нет,16:24:090704,1678049.74,1608.8684,,,,,нет,нет,нет,нет,нет,да,нет,да,55.607116037371554,49.136559245340194
16:24:090704:1228,903.0,Земли населенных пунктов,Учтенный,"Местоположение установлено относительно ориентира, расположенного в границах участка. Почтовый адрес ориентира: Российская Федерация, Республика Татарстан (Татарстан), м.р-н Лаишевский, с.п. Габишевское, с Габишево, ул Александра Сергеева, з/у 67.",Частная,"земельные участки, предназначенные для размещения домов индивидуальной жилой застройки",ЖИЛОЙ,0,нет,16:24:090704,1459944.66,1616.7715,,,,,нет,нет,нет,нет,нет,да,нет,да,55.607252291867724,49.136239691654836
16:24:090704:2527,666.0,Земли населенных пунктов,Учтенный,"Местоположение установлено относительно ориентира, расположенного в границах участка. Почтовый адрес ориентира: Российская Федерация, Республика Татарстан (Татарстан), м.р-н Лаишевский, с.п. Габишевское, с Габишево, ул Зеленая, з/у 3А.",Частная,"земельные участки, предназначенные для размещения домов индивидуальной жилой застройки",ЖИЛОЙ,0,нет,16:24:090704,961234.94,1443.2957,,,,,нет,нет,нет,нет,нет,да,нет,да,55.603330961205664,49.13900503037845
16:24:090704:1891,546.0,Земли населенных пунктов,Учтенный,"Местоположение установлено относительно ориентира, расположенного в границах участка. Почтовый адрес ориентира: Российская Федерация, Республика Татарстан (Татарстан), м.р-н Лаишевский, с.п. Габишевское, с Габишево, ул Александра Сергеева, з/у 76.",Частная,"земельные участки, предназначенные для размещения домов индивидуальной жилой застройки",ЖИЛОЙ,0,нет,16:24:090704,877654.1,1607.4251,,,,,нет,нет,нет,нет,нет,да,нет,да,55.60785857993197,49.13403966292077
16:24:090704:1900,724.0,Земли населенных пунктов,Учтенный,"Местоположение установлено относительно ориентира, расположенного в границах участка. Почтовый адрес ориентира: Российская Федерация, Республика Татарстан (Татарстан), м.р-н Лаишевский, с.п. Габишевское, с Габишево, ул Ивана Матвеева, з/у 90.",Частная,"земельные участки, предназначенные для размещения домов индивидуальной жилой застройки",ЖИЛОЙ,0,нет,16:24:090704,1182128.38,1632.774,,,,,нет,нет,нет,нет,нет,да,нет,да,55.60765271763537,49.131995511274965
16:24:090704:2050,695.0,Земли населенных пунктов,Учтенный,"Местоположение установлено относительно ориентира, расположенного в границах участка. Почтовый адрес ориентира: Российская Федерация, Республика Татарстан (Татарстан), м.р-н Лаишевский, с.п. Габишевское, с Габишево, ул Веселая, з/у 9.",Частная,"земельные участки, предназначенные для размещения домов индивидуальной жилой застройки",ЖИЛОЙ,0,нет,16:24:090704,1053204.6,1515.4023,,,,,нет,нет,нет,нет,нет,да,нет,да,55.604982651290946,49.13237964044318
16:24:090704:1919,526.0,Земли населенных пунктов,Учтенный,"Местоположение установлено относительно ориентира, расположенного в границах участка. Почтовый адрес ориентира: Российская Федерация, Республика Татарстан (Татарстан), м.р-н Лаишевский, с.п. Габишевское, с Габишево, ул Южная, з/у 2.",Частная,"земельные участки, предназначенные для размещения домов индивидуальной жилой застройки",ЖИЛОЙ,0,нет,16:24:090704,761774.77,1448.241,,,,,нет,нет,нет,нет,нет,да,нет,да,55.60422452057414,49.136286491722934
16:24:090704:2539,627.0,Земли населенных пунктов,Учтенный,"Местоположение установлено относительно ориентира, расположенного в границах участка. Почтовый адрес ориентира: Российская Федерация, Республика Татарстан (Татарстан), м.р-н Лаишевский, с.п. Габишевское, с Габишево, ул Спортивная, з/у 8.",Частная,"земельные участки, предназначенные для размещения домов индивидуальной жилой застройки",ЖИЛОЙ,0,нет,16:24:090704,1105876.77,1763.7588,,,,,нет,нет,нет,нет,нет,да,нет,да,55.60803810585098,49.127856380263715
16:24:090704:1206,999.0,Земли населенных пунктов,Учтенный,"Местоположение установлено относительно ориентира, расположенного в границах участка. Почтовый адрес ориентира: Российская Федерация, Республика Татарстан (Татарстан), м.р-н Лаишевский, с.п. Габишевское, с Габишево, ул Александра Сергеева, з/у 70.",Частная,"земельные участки, предназначенные для размещения домов индивидуальной жилой застройки",ЖИЛОЙ,0,нет,16:24:090704,1590500.41,1592.0925,,,,,нет,нет,нет,нет,нет,да,нет,да,55.607227045720734,49.13508200228897
16:24:090704:1378,1086.0,Земли населенных пунктов,Учтенный,"Местоположение установлено относительно ориентира, расположенного в границах участка. Почтовый адрес ориентира: Российская Федерация, Республика Татарстан (Татарстан), м.р-н Лаишевский, с.п. Габишевское, с Габишево, ул Александра Сергеева, з/у 56.",Частная,"земельные участки, предназначенные для размещения домов индивидуальной жилой застройки",ЖИЛОЙ,0,нет,16:24:090704,1728190.14,1591.3353,,,,,нет,нет,нет,нет,нет,да,нет,да,55.605957462168384,49.13726672736181
16:24:090704:1794,680.0,Земли населенных пунктов,Учтенный,"Местоположение установлено относительно ориентира, расположенного в границах участка. Почтовый адрес ориентира: Российская Федерация, Республика Татарстан (Татарстан), м.р-н Лаишевский, с.п. Габишевское, с Габишево, ул Ивана Матвеева, з/у 44.",Частная,"земельные участки, предназначенные для размещения домов индивидуальной жилой застройки",ЖИЛОЙ,0,нет,16:24:090704,1050592.45,1544.9889,,,,,нет,нет,нет,нет,нет,да,нет,да,55.604405560667864,49.13983954982079
16:24:090704:2054,697.0,Земли населенных пунктов,Учтенный,"Местоположение установлено относительно ориентира, расположенного в границах участка. Почтовый адрес ориентира: Российская Федерация, Республика Татарстан (Татарстан), м.р-н Лаишевский, с.п. Габишевское, с Габишево, ул Веселая, з/у 7.",Частная,"земельные участки, предназначенные для размещения домов индивидуальной жилой застройки",ЖИЛОЙ,0,нет,16:24:090704,1056431.47,1515.6836,,,,,нет,нет,нет,нет,нет,да,нет,да,55.60520546795558,49.13276743002963
16:24:090704:2463,696.0,Земли населенных пунктов,Учтенный,"Местоположение установлено относительно ориентира, расположенного в границах участка. Почтовый адрес ориентира: Российская Федерация, Республика Татарстан (Татарстан), м.р-н Лаишевский, с.п. Габишевское, с Габишево, ул Луговая, з/у 7А.",Частная,"земельные участки, предназначенные для размещения домов индивидуальной жилой застройки",ЖИЛОЙ,0,нет,16:24:090704,1074088.71,1543.2309,,,,,нет,нет,нет,нет,нет,да,нет,да,55.60573933224742,49.13142767282103
16:24:090704:4193,459.0,Земли населенных пунктов,Учтенный,"Местоположение установлено относительно ориентира, расположенного в границах участка. Почтовый адрес ориентира: Российская Федерация, Республика Татарстан, Лаишевский муниципальный район, Габишевское сельское поселение, с Габишево, ул. Александра Сергеева.",Частная,"земельные участки, предназначенные для размещения домов индивидуальной жилой застройки",ЖИЛОЙ,0,нет,16:24:090704,791006.86,1723.33,,,,,нет,нет,нет,нет,нет,да,нет,да,55.60897953167067,49.13257947337705
16:24:090704:3349,250.0,Земли населенных пунктов,Учтенный,"Российская Федерация, Республика Татарстан (Татарстан), м.р-н Лаишевский, с.п. Габишевское, с Габишево, ул Васильковая, з/у 10А",Частная,блокированные односемейные дома с участками,ДРУГОЕ,0,нет,16:24:090704,355721.95,1422.8878,,,,,нет,нет,нет,нет,нет,нет,нет,да,55.60411580676139,49.13395535332974
16:24:090704:2523,635.0,Земли населенных пунктов,Учтенный,"Местоположение установлено относительно ориентира, расположенного в границах участка. Почтовый адрес ориентира: Российская Федерация, Республика Татарстан (Татарстан), м.р-н Лаишевский, с.п. Габишевское, с Габишево, ул Васильковая, з/у 3А.",Частная,"земельные участки, предназначенные для размещения домов индивидуальной жилой застройки",ЖИЛОЙ,0,нет,16:24:090704,953447.55,1501.4922,,,,,нет,нет,нет,нет,нет,да,нет,да,55.60428710203682,49.13525066301257
16:24:090704:2820,542.0,Земли населенных пунктов,Учтенный,"Местоположение установлено относительно ориентира, расположенного в границах участка. Почтовый адрес ориентира: Российская Федерация, Республика Татарстан (Татарстан), м.р-н Лаишевский, с.п. Габишевское, с Габишево, ул Александра Сергеева, з/у 81.",Частная,"земельные участки, предназначенные для размещения домов индивидуальной жилой застройки",ЖИЛОЙ,0,нет,16:24:090704,894555.34,1650.4711,,,,,нет,нет,нет,нет,нет,да,нет,да,55.608578210491295,49.13360331993884
16:24:090704:3357,269.0,Земли населенных пунктов,Учтенный,"Российская Федерация, Республика Татарстан (Татарстан), м.р-н Лаишевский, с.п. Габишевское, с Габишево, ул Васильковая, з/у 14А",Частная,блокированные односемейные дома с участками,ДРУГОЕ,0,нет,16:24:090704,382756.82,1422.8878,,,,,нет,нет,нет,нет,нет,нет,нет,да,55.60389803935168,49.13326880987073
16:24:210101:3398,400.0,Земли населенных пунктов,Учтенный,"Местоположение установлено относительно ориентира, расположенного в границах участка. Почтовый адрес ориентира: Российская Федерация, Республика Татарстан (Татарстан), м.р-н Лаишевский, с.п. Габишевское, с Габишево, ул 8 Марта, з/у 8.",Частная,Индивидуальное жилищное строительство,ДРУГОЕ,0,нет,16:24:210101,831801.36,2079.5034,,,,,нет,нет,нет,нет,нет,нет,нет,да,55.61343937091893,49.132283048505556
16:24:090704:1636,473.0,Земли населенных пунктов,Учтенный,"Местоположение установлено относительно ориентира, расположенного в границах участка. Почтовый адрес ориентира: Российская Федерация, Республика Татарстан (Татарстан), м.р-н Лаишевский, с.п. Габишевское, с Габишево, ул Юности, з/у 10/1.",Частная,"земельные участки, предназначенные для размещения домов индивидуальной жилой застройки",ЖИЛОЙ,0,нет,16:24:090704,854769.13,1807.1229,,,,,нет,нет,нет,нет,нет,да,нет,да,55.60824916592335,49.12614103727675
16:24:210101:734,1016.0,Земли населенных пунктов,Ранее учтенный,"Российская Федерация, Республика Татарстан (Татарстан), м.р-н Лаишевский, с.п. Габишевское, с Габишево, ул Вахитовская, з/у 14",,индивидуальное жилищное строительство,ДРУГОЕ,0,нет,16:24:210101,1915847.43,1885.6766,,,,,да,нет,нет,нет,нет,нет,нет,да,55.614752784941004,49.13855567320265
16:24:210101:3476,649.0,Земли населенных пунктов,Учтенный,"Местоположение установлено относительно ориентира, расположенного в границах участка. Почтовый адрес ориентира: Республика Татарстан, Лаишевский муниципальный район, Габишевское сельское поселение, с Габишево.",,Среднеэтажная жилая застройка,ДРУГОЕ,0,нет,16:24:210101,441355.31,680.0544,,,,,да,нет,нет,нет,нет,нет,нет,да,55.61515685407137,49.13720887361421
16:24:090704:2575,696.0,Земли населенных пунктов,Учтенный,"Местоположение установлено относительно ориентира, расположенного в границах участка. Почтовый адрес ориентира: Российская Федерация, Республика Татарстан (Татарстан), м.р-н Лаишевский, с.п. Габишевское, с Габишево, ул Спортивная, з/у 3.",Частная,"земельные участки, предназначенные для размещения домов индивидуальной жилой застройки",ЖИЛОЙ,0,нет,16:24:090704,1142676.03,1641.7759,,,,,нет,нет,нет,нет,нет,да,нет,да,55.60800749739292,49.12900249263674
16:24:090704:2832,558.0,Земли населенных пунктов,Учтенный,"Местоположение установлено относительно ориентира, расположенного в границах участка. Почтовый адрес ориентира: Российская Федерация, Республика Татарстан (Татарстан), м.р-н Лаишевский, с.п. Габишевское, с Габишево, ул Алексея Малышева, з/у 105.",Частная,"земельные участки, предназначенные для размещения домов индивидуальной жилой застройки",ЖИЛОЙ,0,нет,16:24:090704,987491.93,1769.6988,,,,,нет,нет,нет,нет,нет,да,нет,да,55.60866943834942,49.12908499247588
16:24:090704:2726,584.0,Земли населенных пунктов,Учтенный,"Местоположение установлено относительно ориентира, расположенного в границах участка. Почтовый адрес ориентира: Российская Федерация, Республика Татарстан (Татарстан), м.р-н Лаишевский, с.п. Габишевское, с Габишево, ул Спортивная, з/у 9.",Частная,"земельные участки, предназначенные для размещения домов индивидуальной жилой застройки",ЖИЛОЙ,0,нет,16:24:090704,1001390.58,1714.7099,,,,,нет,нет,нет,нет,нет,да,нет,да,55.60732677394408,49.1278169700679
16:24:210101:2877,4149.0,Земли населенных пунктов,Учтенный,"Местоположение установлено относительно ориентира, расположенного в границах участка. Почтовый адрес ориентира: Республика Татарстан, Лаишевский муниципальный район, Габишевское сельское поселение, с Габишево.",Частная,Предпринимательство,ДРУГОЕ,0,нет,16:24:210101,5026616.81,1211.5249,,,,,нет,нет,нет,нет,нет,да,нет,да,55.6160356779608,49.13576841077203
16:24:090704:1186,924.0,Земли населенных пунктов,Учтенный,"Местоположение установлено относительно ориентира, расположенного в границах участка. Почтовый адрес ориентира: Российская Федерация, Республика Татарстан (Татарстан), м.р-н Лаишевский, с.п. Габишевское, с Габишево, ул Алексея Малышева, з/у 111.",Частная,"земельные участки, предназначенные для размещения домов индивидуальной жилой застройки",ЖИЛОЙ,0,нет,16:24:090704,1692715.98,1831.9437,,,,,нет,нет,нет,нет,нет,да,нет,да,55.60932240429683,49.12797475148644
16:24:090704:1601,748.0,Земли населенных пунктов,Учтенный,"Местоположение установлено относительно ориентира, расположенного в границах участка. Почтовый адрес ориентира: Российская Федерация, Республика Татарстан (Татарстан), м.р-н Лаишевский, с.п. Габишевское, с Габишево, ул Александра Сергеева, з/у 46А.",Частная,"земельные участки, предназначенные для размещения домов индивидуальной жилой застройки",ЖИЛОЙ,0,нет,16:24:090704,1161393.94,1552.6657,,,,,нет,нет,нет,нет,нет,да,нет,да,55.605367360430336,49.139015084635695
16:24:090704:1826,629.0,Земли населенных пунктов,Учтенный,"Местоположение установлено относительно ориентира, расположенного в границах участка. Почтовый адрес ориентира: Российская Федерация, Республика Татарстан (Татарстан), м.р-н Лаишевский, с.п. Габишевское, с Габишево, ул Ивана Матвеева, з/у 60А.",Частная,"земельные участки, предназначенные для размещения домов индивидуальной жилой застройки",ЖИЛОЙ,0,нет,16:24:090704,959865.01,1526.0175,,,,,нет,нет,нет,нет,нет,да,нет,да,55.60504117020782,49.13669656900081
16:24:090704:1895,718.0,Земли населенных пунктов,Учтенный,"Местоположение установлено относительно ориентира, расположенного в границах участка. Почтовый адрес ориентира: Российская Федерация, Республика Татарстан (Татарстан), м.р-н Лаишевский, с.п. Габишевское, с Габишево, ул Ивана Матвеева, з/у 92.",Частная,"земельные участки, предназначенные для размещения домов индивидуальной жилой застройки",ЖИЛОЙ,0,нет,16:24:090704,1172331.73,1632.774,,,,,нет,нет,нет,нет,нет,да,нет,да,55.60787996341607,49.13158829181929
16:24:090704:2460,696.0,Земли населенных пунктов,Учтенный,"Местоположение установлено относительно ориентира, расположенного в границах участка. Почтовый адрес ориентира: Российская Федерация, Республика Татарстан (Татарстан), м.р-н Лаишевский, с.п. Габишевское, с Габишево, ул Луговая, з/у 3А.",Частная,"земельные участки, предназначенные для размещения домов индивидуальной жилой застройки",ЖИЛОЙ,0,нет,16:24:090704,1082137.74,1554.7956,,,,,нет,нет,нет,нет,нет,да,нет,да,55.60607350843153,49.13200962703011
16:24:090704:2576,869.0,Земли населенных пунктов,Учтенный,"Российская Федерация, Республика Татарстан (Татарстан), м.р-н Лаишевский, с.п. Габишевское, с Габишево, ул Спортивная, з/у 5А",Частная,"земельные участки, предназначенные для размещения домов индивидуальной жилой застройки",ЖИЛОЙ,0,нет,16:24:090704,1483486.93,1707.1196,,,,,нет,нет,нет,нет,нет,да,нет,да,55.6076343163341,49.12835255715058
16:24:090704:1013,1044.0,Земли населенных пунктов,Учтенный,"Местоположение установлено относительно ориентира, расположенного в границах участка. Почтовый адрес ориентира: Российская Федерация, Республика Татарстан (Татарстан), м.р-н Лаишевский, с.п. Габишевское, с Габишево, ул Веселая, з/у 11.",Частная,"земельные участки, предназначенные для размещения домов индивидуальной жилой застройки",ЖИЛОЙ,0,нет,16:24:090704,1573264.26,1506.9581,,,,,нет,нет,нет,нет,нет,да,нет,да,55.60492169481982,49.13209535814296
16:24:090704:2788,633.0,Земли населенных пунктов,Учтенный,"Местоположение установлено относительно ориентира, расположенного в границах участка. Почтовый адрес ориентира: Российская Федерация, Республика Татарстан (Татарстан), м.р-н Лаишевский, с.п. Габишевское, с Габишево, ул Жемчужная, з/у 9А.",Частная,"земельные участки, предназначенные для размещения домов индивидуальной жилой застройки",ЖИЛОЙ,0,нет,16:24:090704,936277.07,1479.1107,,,,,нет,нет,нет,нет,нет,да,нет,да,55.60440964929329,49.13325518721435
16:24:090704:2907,746.0,Земли населенных пунктов,Учтенный,"Местоположение установлено относительно ориентира, расположенного в границах участка. Почтовый адрес ориентира: Российская Федерация, Республика Татарстан, Лаишевский муниципальный район, Габишевское сельское поселение, с Габишево, ул. Южная, з/у 5А.",Частная,"земельные участки, предназначенные для размещения домов индивидуальной жилой застройки",ЖИЛОЙ,0,нет,16:24:090704,993993.53,1332.431,,,,,нет,нет,нет,нет,нет,да,нет,да,55.60327307816634,49.135667499562565
16:24:090704:3306,500.0,Земли населенных пунктов,Учтенный,"Местоположение установлено относительно ориентира, расположенного в границах участка. Почтовый адрес ориентира: Российская Федерация, Республика Татарстан (Татарстан), м.р-н Лаишевский, с.п. Габишевское, с Габишево, ул Ивана Матвеева, з/у 94.",Частная,"земельные участки, предназначенные для размещения домов индивидуальной жилой застройки",ЖИЛОЙ,0,нет,16:24:090704,816387.0,1632.774,,,,,нет,нет,нет,нет,нет,да,нет,да,55.60805313163915,49.13152557098185
16:24:090704:1230,967.0,Земли населенных пунктов,Учтенный,"Местоположение установлено относительно ориентира, расположенного в границах участка. Почтовый адрес ориентира: Российская Федерация, Республика Татарстан (Татарстан), м.р-н Лаишевский, с.п. Габишевское, с Габишево, ул Александра Сергеева, з/у 75.",Частная,"земельные участки, предназначенные для размещения домов индивидуальной жилой застройки",ЖИЛОЙ,0,нет,16:24:090704,1554380.07,1607.4251,,,,,нет,нет,нет,нет,нет,да,нет,да,55.607998238350056,49.13498801195059
16:24:090704:1604,748.0,Земли населенных пунктов,Учтенный,"Местоположение установлено относительно ориентира, расположенного в границах участка. Почтовый адрес ориентира: Российская Федерация, Республика Татарстан (Татарстан), м.р-н Лаишевский, с.п. Габишевское, с Габишево, ул Александра Сергеева, з/у 52А.",Частная,"земельные участки, предназначенные для размещения домов индивидуальной жилой застройки",ЖИЛОЙ,0,нет,16:24:090704,1165896.83,1558.6856,,,,,нет,нет,нет,нет,нет,да,нет,да,55.60558505209993,49.13822057457479
16:24:090704:3502,526.0,Земли населенных пунктов,Учтенный,"Российская Федерация, Республика Татарстан (Татарстан), м.р-н Лаишевский, с.п. Габишевское, с Габишево, пер Узорный, з/у 2",Частная,"земельные участки, предназначенные для размещения домов индивидуальной жилой застройки",ЖИЛОЙ,0,нет,16:24:090704,943680.35,1794.0691,,,,,нет,нет,нет,нет,нет,да,нет,да,55.609742728648705,49.13415360401118
16:24:090704:1825,616.0,Земли населенных пунктов,Учтенный,"Местоположение установлено относительно ориентира, расположенного в границах участка. Почтовый адрес ориентира: Российская Федерация, Республика Татарстан (Татарстан), м.р-н Лаишевский, с.п. Габишевское, с Габишево, ул Ивана Матвеева, з/у 58.",Частная,"земельные участки, предназначенные для размещения домов индивидуальной жилой застройки",ЖИЛОЙ,0,нет,16:24:090704,938103.69,1522.8956,,,,,нет,нет,нет,нет,нет,да,нет,да,55.604906704852695,49.13691250356092
16:24:090704:1890,710.0,Земли населенных пунктов,Учтенный,"Местоположение установлено относительно ориентира, расположенного в границах участка. Почтовый адрес ориентира: Российская Федерация, Республика Татарстан (Татарстан), м.р-н Лаишевский, с.п. Габишевское, с Габишево, ул Ивана Матвеева, з/у 85.",Частная,"земельные участки, предназначенные для размещения домов индивидуальной жилой застройки",ЖИЛОЙ,0,нет,16:24:090704,1164364.43,1639.9499,,,,,нет,нет,нет,нет,нет,да,нет,да,55.608003348693614,49.13260588359717
16:24:090704:1913,521.0,Земли населенных пунктов,Учтенный,"Местоположение установлено относительно ориентира, расположенного в границах участка. Почтовый адрес ориентира: Российская Федерация, Республика Татарстан (Татарстан), м.р-н Лаишевский, с.п. Габишевское, с Габишево, ул Веселая, з/у 2.",Частная,"земельные участки, предназначенные для размещения домов индивидуальной жилой застройки",ЖИЛОЙ,0,нет,16:24:090704,804372.06,1543.9003,,,,,нет,нет,нет,нет,нет,да,нет,да,55.60602756152107,49.1330635107881
16:24:090704:1802,692.0,Земли населенных пунктов,Учтенный,"Местоположение установлено относительно ориентира, расположенного в границах участка. Почтовый адрес ориентира: Российская Федерация, Республика Татарстан, Лаишевский муниципальный район, Габишевское сельское поселение, с Габишево, ул. Алексея Малышева, з/у 53.",Частная,"земельные участки, предназначенные для размещения домов индивидуальной жилой застройки",ЖИЛОЙ,0,нет,16:24:090704,1038728.05,1501.0521,,,,,нет,нет,нет,нет,нет,да,нет,да,55.604266003786464,49.13785407225697
16:24:090704:1897,725.0,Земли населенных пунктов,Учтенный,"Местоположение установлено относительно ориентира, расположенного в границах участка. Почтовый адрес ориентира: Российская Федерация, Республика Татарстан (Татарстан), м.р-н Лаишевский, с.п. Габишевское, с Габишево, ул Ивана Матвеева, з/у 86.",Частная,"земельные участки, предназначенные для размещения домов индивидуальной жилой застройки",ЖИЛОЙ,0,нет,16:24:090704,1158524.55,1597.9649,,,,,нет,нет,нет,нет,нет,да,нет,да,55.60731226037849,49.13260534891917
16:24:210101:135,,Земли населенных пунктов,Ранее учтенный,"Местоположение установлено относительно ориентира, расположенного в границах участка. Почтовый адрес ориентира: Российская Федерация, Республика Татарстан (Татарстан), м.р-н Лаишевский, с.п. Габишевское, с Габишево, ул Яблоневая, з/у 1.",Частная,Под жилую застройку Индивидуальную,ДРУГОЕ,0,нет,16:24:210101,2592823.33,1922.03,,,,,нет,нет,нет,нет,нет,нет,нет,да,55.610937165622694,49.129770497475604
16:24:210101:2006,1582.0,Земли населенных пунктов,Учтенный,"Местоположение установлено относительно ориентира, расположенного в границах участка. Почтовый адрес ориентира: Российская Федерация, Республика Татарстан (Татарстан), м.р-н Лаишевский, с.п. Габишевское, с Габишево, пр-кт Молодежный, з/у 54.",Частная,Для индивидуального жилищного строительства,ИЖС,0,нет,16:24:210101,3353317.31,2119.6696,,,,,нет,да,нет,нет,нет,да,нет,да,55.613392159131024,49.130642483102385
16:24:210101:172,1258.0,Земли населенных пунктов,Ранее учтенный,"Местоположение установлено относительно ориентира, расположенного в границах участка. Почтовый адрес ориентира: Российская Федерация, Республика Татарстан (Татарстан), м.р-н Лаишевский, с.п. Габишевское, с Габишево, ул Приволжская, з/у 50.",Частная,Для индивидуального жилищного строительства,ИЖС,0,нет,16:24:210101,2366228.68,1880.9449,,,,,нет,да,нет,нет,нет,да,нет,да,55.61073177693298,49.13126872040089
16:24:210101:3787,400.0,Земли населенных пунктов,Учтенный,"Российская Федерация, Республика Татарстан (Татарстан), м.р-н Лаишевский, с.п. Габишевское, с Габишево, ул Приволжская, з/у 43А",Частная,для индивидуального жилищного строительства,ИЖС,0,нет,16:24:210101,717627.64,1794.0691,,,,,нет,да,нет,нет,нет,да,нет,да,55.60975985830191,49.13508892725855
16:24:210101:3038,600.0,Земли населенных пунктов,Учтенный,"Местоположение установлено относительно ориентира, расположенного в границах участка. Почтовый адрес ориентира: Республика Татарстан, Лаишевский муниципальный район, Габишевское сельское поселение, с Габишево.",Частная,Для индивидуального жилищного строительства,ИЖС,0,нет,16:24:210101,1097362.86,1828.9381,,,,,нет,да,нет,нет,нет,да,нет,да,55.61014960420631,49.133643195734024
16:24:210101:463,23.0,Земли населенных пунктов,Ранее учтенный,"Местоположение установлено относительно ориентира, расположенного в границах участка. Почтовый адрес ориентира: Российская Федерация, Республика Татарстан (Татарстан), м.р-н Лаишевский, с.п. Габишевское, с Габишево, тер. ГПК Октябрьская, з/у 463Г.",Частная,для размещения гаража,ДРУГОЕ,0,нет,16:24:210101,36790.62,1599.5923,,,,,нет,нет,нет,нет,нет,нет,нет,да,55.61048178129529,49.13897797998355
16:24:210101:60,,Земли населенных пунктов,Ранее учтенный,"Местоположение установлено относительно ориентира, расположенного в границах участка. Почтовый адрес ориентира: Российская Федерация, Республика Татарстан (Татарстан), м.р-н Лаишевский, с.п. Габишевское, с Габишево, пр-кт Молодежный, з/у 29/1.",Частная,Индивидуальная застройка,ДРУГОЕ,0,нет,16:24:210101,2697786.0,2075.22,,,,,нет,нет,нет,нет,нет,нет,нет,да,55.61230345655438,49.13127895560458
16:24:210101:464,23.0,Земли населенных пунктов,Ранее учтенный,"Местоположение установлено относительно ориентира, расположенного в границах участка. Почтовый адрес ориентира: Российская Федерация, Республика Татарстан (Татарстан), м.р-н Лаишевский, с.п. Габишевское, с Габишево, тер. ГПК Октябрьская, з/у 464Г.",Частная,для размещения гаража,ДРУГОЕ,0,нет,16:24:210101,36790.62,1599.5923,,,,,нет,нет,нет,нет,нет,нет,нет,да,55.610513770613466,49.13898304839954
16:24:210101:121,,Земли населенных пунктов,Ранее учтенный,"Местоположение установлено относительно ориентира, расположенного в границах участка. Почтовый адрес ориентира: Российская Федерация, Республика Татарстан (Татарстан), м.р-н Лаишевский, с.п. Габишевское, с Габишево, ул 8 Марта, з/у 1.",Частная,Под жилую застройку Индивидуальную,ДРУГОЕ,0,нет,16:24:210101,2793818.11,2099.04,,,,,нет,нет,нет,нет,нет,нет,нет,да,55.61403000965347,49.13318790023895
16:24:210101:625,,Земли населенных пунктов,Ранее учтенный,"Местоположение установлено относительно ориентира, расположенного в границах участка. Почтовый адрес ориентира: Республика Татарстан, р-н. Лаишевский, с. Габишево.",Муниципальная,Размещение гаражей для собственных нужд,ДРУГОЕ,0,нет,16:24:210101,548475.78,1647.07,,,,,да,нет,нет,нет,нет,нет,нет,да,55.61148345352849,49.13852726996264
16:24:210101:138,1096.0,Земли населенных пунктов,Ранее учтенный,"Местоположение установлено относительно ориентира, расположенного в границах участка. Почтовый адрес ориентира: Российская Федерация, Республика Татарстан (Татарстан), м.р-н Лаишевский, с.п. Габишевское, с Габишево, ул Яблоневая, з/у 16.",Частная,Для индивидуального жилищного строительства,ИЖС,0,нет,16:24:210101,2372507.58,2164.6967,,,,,нет,да,нет,нет,нет,да,нет,да,55.61240091914901,49.129076982637216
16:24:210101:49,1361.0,Земли населенных пунктов,Ранее учтенный,"Российская Федерация, Республика Татарстан (Татарстан), м.р-н Лаишевский, с.п. Габишевское, с Габишево, пр-кт Молодежный, з/у 36",,Для индивидуального жилищного строительства,ИЖС,0,нет,16:24:210101,2788457.36,2048.8298,,,,,да,да,нет,нет,нет,да,нет,да,55.613170000028084,49.1344000889741
16:24:210101:163,1215.0,Земли населенных пунктов,Ранее учтенный,"Местоположение установлено относительно ориентира, расположенного в границах участка. Почтовый адрес ориентира: Российская Федерация, Республика Татарстан (Татарстан), м.р-н Лаишевский, с.п. Габишевское, с Габишево, ул Тукая, з/у 14.",,Индивидуальные жилые дома с приусадебными земельными участками,ЖИЛОЙ,0,нет,16:24:210101,2446269.21,2013.39,,,,,да,нет,нет,нет,нет,да,нет,да,55.61101867312312,49.132813399687016
16:24:210101:26,1289.0,Земли населенных пунктов,Ранее учтенный,"Местоположение установлено относительно ориентира, расположенного в границах участка. Почтовый адрес ориентира: Российская Федерация, Республика Татарстан (Татарстан), м.р-н Лаишевский, с.п. Габишевское, с Габишево, ул Вахитовская, з/у 47.",,Индивидуальное жилищное строительство,ДРУГОЕ,0,нет,16:24:210101,2756447.87,2138.439,,,,,да,нет,нет,нет,нет,нет,нет,да,55.61448682550501,49.13317315669243
16:24:210101:459,23.0,Земли населенных пунктов,Ранее учтенный,"Местоположение установлено относительно ориентира, расположенного в границах участка. Почтовый адрес ориентира: Российская Федерация, Республика Татарстан (Татарстан), м.р-н Лаишевский, с.п. Габишевское, с Габишево, тер. ГПК Октябрьская, з/у 459Г.",,Для размещения гаража,ДРУГОЕ,0,нет,16:24:210101,36790.62,1599.5923,,,,,да,нет,нет,нет,нет,нет,нет,да,55.61035059090919,49.138957253425225
16:24:090704:1138,995.0,Земли населенных пунктов,Учтенный,"Местоположение установлено относительно ориентира, расположенного в границах участка. Почтовый адрес ориентира: Российская Федерация, Республика Татарстан (Татарстан), м.р-н Лаишевский, с.п. Габишевское, с Габишево, ул Александра Сергеева, з/у 100.",Частная,"земельные участки, предназначенные для размещения домов индивидуальной жилой застройки",ЖИЛОЙ,0,нет,16:24:090704,1857993.25,1867.3299,,,,,нет,нет,нет,нет,нет,да,нет,да,55.61019074482633,49.131008566142896
16:24:210101:2032,465.0,Земли населенных пунктов,Учтенный,"Местоположение установлено относительно ориентира, расположенного в границах участка. Почтовый адрес ориентира: Российская Федерация, Республика Татарстан (Татарстан), м.р-н Лаишевский, с.п. Габишевское, с Габишево, пр-кт Молодежный, з/у 11Б.",Частная,для индивидуального жилищного строительства,ИЖС,0,нет,16:24:210101,920818.85,1980.2556,,,,,нет,да,нет,нет,нет,да,нет,да,55.61193678434295,49.13522956641396
16:24:210101:14,1640.0,Земли населенных пунктов,Ранее учтенный,"Местоположение установлено относительно ориентира, расположенного в границах участка. Почтовый адрес ориентира: Российская Федерация, Республика Татарстан (Татарстан), м.р-н Лаишевский, с.п. Габишевское, с Габишево, ул Вахитовская, з/у 23.",,Ведение личного подсобного хозяйства,ЛПХ,0,нет,16:24:210101,3062965.02,1867.6616,,,,,да,нет,нет,нет,да,да,нет,да,55.61415693036663,49.13846333852352
16:24:090704:2794,688.0,Земли населенных пунктов,Учтенный,"Местоположение установлено относительно ориентира, расположенного в границах участка. Почтовый адрес ориентира: Российская Федерация, Республика Татарстан (Татарстан), м.р-н Лаишевский, с.п. Габишевское, с Габишево, ул Александра Сергеева, з/у 98.",Частная,"земельные участки, предназначенные для размещения домов индивидуальной жилой застройки",ЖИЛОЙ,0,нет,16:24:090704,1246806.33,1812.2185,,,,,нет,нет,нет,нет,нет,да,нет,да,55.61013601236773,49.13163250744096
16:24:210101:25,1320.0,Земли населенных пунктов,Ранее учтенный,"Местоположение установлено относительно ориентира, расположенного в границах участка. Почтовый адрес ориентира: Российская Федерация, Республика Татарстан (Татарстан), м.р-н Лаишевский, с.п. Габишевское, с Габишево, ул Вахитовская, з/у 45.",,Индивидуальное жилищное строительство,ДРУГОЕ,0,нет,16:24:210101,2800183.58,2121.3512,,,,,да,нет,нет,нет,нет,нет,нет,да,55.61444369609186,49.13348032011145
16:24:210101:134,1334.0,Земли населенных пунктов,Ранее учтенный,"Местоположение установлено относительно ориентира, расположенного в границах участка. Почтовый адрес ориентира: Российская Федерация, Республика Татарстан (Татарстан), м.р-н Лаишевский, с.п. Габишевское, с Габишево, ул Яблоневая, з/у 3.",,Для индивидуального жилищного строительства,ИЖС,0,нет,16:24:210101,2575533.79,1930.685,,,,,да,да,нет,нет,нет,да,нет,да,55.61112712460636,49.129900290850834
16:24:090704:1593,735.0,Земли населенных пунктов,Учтенный,"Местоположение установлено относительно ориентира, расположенного в границах участка. Почтовый адрес ориентира: Российская Федерация, Республика Татарстан (Татарстан), м.р-н Лаишевский, с.п. Габишевское, с Габишево, ул Ивана Матвеева, з/у 45А.",Частная,"земельные участки, предназначенные для размещения домов индивидуальной жилой застройки",ЖИЛОЙ,0,нет,16:24:090704,1123580.61,1528.6811,,,,,нет,нет,нет,нет,нет,да,нет,да,55.60501139637856,49.13919428952581
16:24:210101:4002,3975.0,Земли населенных пунктов,Учтенный,"Российская Федерация, Республика Татарстан (Татарстан), м.р-н Лаишевский, с.п. Габишевское, с Габишево, ул Советская, з/у 5А",Муниципальная,Спорт,ДРУГОЕ,0,нет,16:24:210101,5921337.68,1489.64,,,,,да,нет,нет,нет,нет,нет,нет,да,55.611197839045474,49.149786645826865
16:24:090704:4483,1000.0,Земли населенных пунктов,Учтенный,"Местоположение установлено относительно ориентира, расположенного в границах участка. Почтовый адрес ориентира: Республика Татарстан, Лаишевский муниципальный район, Габишевское сельское поселение, с Габишево
.",Частная,"земельные участки, предназначенные для размещения домов индивидуальной жилой застройки",ЖИЛОЙ,0,нет,16:24:090704,1620729.3,1620.73,,,,,нет,нет,нет,нет,нет,да,нет,да,55.60526835565909,49.1442434356456
16:24:210101:2448,783.0,Земли населенных пунктов,Учтенный,"Местоположение установлено относительно ориентира, расположенного в границах участка. Почтовый адрес ориентира: Российская Федерация, Республика Татарстан (Татарстан), м.р-н Лаишевский, с.п. Габишевское, с Габишево, пер Садовый, з/у 6.",,Под малоэтажное жилищное строительство,ДРУГОЕ,0,нет,16:24:210101,1207912.02,1542.6718,,,,,да,нет,нет,нет,нет,нет,нет,да,55.60495921750607,49.148242067159174
16:24:090704:1939,620.0,Земли населенных пунктов,Учтенный,"Местоположение установлено относительно ориентира, расположенного в границах участка. Почтовый адрес ориентира: Российская Федерация, Республика Татарстан (Татарстан), м.р-н Лаишевский, с.п. Габишевское, с Габишево, ул Жемчужная, з/у 3А.",Частная,"земельные участки, предназначенные для размещения домов индивидуальной жилой застройки",ЖИЛОЙ,0,нет,16:24:090704,942942.44,1520.8749,,,,,нет,нет,нет,нет,нет,да,нет,да,55.604890124938315,49.13417593795474
16:24:090704:1197,1606.0,Земли населенных пунктов,Учтенный,"Местоположение установлено относительно ориентира, расположенного в границах участка. Почтовый адрес ориентира: Российская Федерация, Республика Татарстан (Татарстан), м.р-н Лаишевский, с.п. Габишевское, с Габишево, ул Александра Сергеева, з/у 57.",,"земельные участки, предназначенные для размещения домов индивидуальной жилой застройки",ЖИЛОЙ,0,нет,16:24:090704,2568533.13,1599.3357,,,,,да,нет,нет,нет,нет,да,нет,да,55.60647698712778,49.1380074066491
16:24:210101:300,,Земли населенных пунктов,Ранее учтенный,"Местоположение установлено относительно ориентира, расположенного в границах участка. Почтовый адрес ориентира: Российская Федерация, Республика Татарстан (Татарстан), м.р-н Лаишевский, с.п. Габишевское, с Габишево, ул Приозерная, з/у 2А.",,Под жилую застройку Индивидуальную,ДРУГОЕ,0,нет,16:24:210101,2015311.2,1679.426,,,,,да,нет,нет,нет,нет,нет,нет,да,55.607297244475646,49.14733307361722
16:24:210101:55,,Земли населенных пунктов,Ранее учтенный,"Местоположение установлено относительно ориентира, расположенного в границах участка. Почтовый адрес ориентира: Российская Федерация, Республика Татарстан (Татарстан), м.р-н Лаишевский, с.п. Габишевское, с Габишево, пр-кт Молодежный, з/у 48.",,Для ведения личного подсобного хозяйства,ЛПХ,0,нет,16:24:210101,3385415.3,2076.9419,,,,,да,нет,нет,нет,да,да,нет,да,55.613382854334525,49.13201423720559
16:24:090704:1115,845.0,Земли населенных пунктов,Учтенный,"Местоположение установлено относительно ориентира, расположенного в границах участка. Почтовый адрес ориентира: Российская Федерация, Республика Татарстан (Татарстан), м.р-н Лаишевский, с.п. Габишевское, с Габишево, ул Приволжская, з/у 51.",Частная,"земельные участки, предназначенные для размещения домов индивидуальной жилой застройки",ЖИЛОЙ,0,нет,16:24:090704,1612089.39,1907.7981,,,,,нет,нет,нет,нет,нет,да,нет,да,55.61034068293929,49.12941424219312
16:24:090704:1099,1087.0,Земли населенных пунктов,Учтенный,"Местоположение установлено относительно ориентира, расположенного в границах участка. Почтовый адрес ориентира: Российская Федерация, Республика Татарстан (Татарстан), м.р-н Лаишевский, с.п. Габишевское, с Габишево, ул Алексея Малышева, з/у 103.",Муниципальная,Образование и просвещение ,ДРУГОЕ,0,нет,16:24:090704,960540.59,883.662,,,,,да,нет,нет,нет,нет,нет,нет,да,55.60841757534267,49.129717937347685
16:24:090704:1773,1217.0,Земли населенных пунктов,Учтенный,"Местоположение установлено относительно ориентира, расположенного в границах участка. Почтовый адрес ориентира: Российская Федерация, Республика Татарстан (Татарстан), м.р-н Лаишевский, с.п. Габишевское, с Габишево, ул Озерная, з/у 8.",Частная,"земельные участки, предназначенные для размещения домов индивидуальной жилой застройки",ЖИЛОЙ,0,нет,16:24:090704,1753633.23,1440.9476,,,,,нет,нет,нет,нет,нет,да,нет,да,55.60198258959435,49.14669802861981
16:24:090704:2048,1510.0,Земли населенных пунктов,Учтенный,"Местоположение установлено относительно ориентира, расположенного в границах участка. Почтовый адрес ориентира: Российская Федерация, Республика Татарстан (Татарстан), м.р-н Лаишевский, с.п. Габишевское, с Габишево, ул Вишневая, з/у 8.",Частная,"земельные участки, предназначенные для размещения домов индивидуальной жилой застройки",ЖИЛОЙ,0,нет,16:24:090704,2180968.05,1444.3497,,,,,нет,нет,нет,нет,нет,да,нет,да,55.60285114210862,49.139478179340756
16:24:090704:2011,500.0,Земли населенных пунктов,Учтенный,"Местоположение установлено относительно ориентира, расположенного в границах участка. Почтовый адрес ориентира: Российская Федерация, Республика Татарстан (Татарстан), м.р-н Лаишевский, с.п. Габишевское, с Габишево, ул Ивана Матвеева, з/у 27.",Частная,"земельные участки, предназначенные для размещения домов индивидуальной жилой застройки",ЖИЛОЙ,0,нет,16:24:090704,810193.1,1620.3862,,,,,нет,нет,нет,нет,нет,да,нет,да,55.60440144938593,49.143068201220636
16:24:090704:1329,1100.0,Земли населенных пунктов,Учтенный,"Местоположение установлено относительно ориентира, расположенного в границах участка. Почтовый адрес ориентира: Российская Федерация, Республика Татарстан (Татарстан), м.р-н Лаишевский, с.п. Габишевское, с Габишево, ул Ивана Матвеева, з/у 26.",Частная,"земельные участки, предназначенные для размещения домов индивидуальной жилой застройки",ЖИЛОЙ,0,нет,16:24:090704,1743241.72,1584.7652,,,,,нет,нет,нет,нет,нет,да,нет,да,55.60394279482263,49.143787389088494
16:24:090704:1277,1000.0,Земли населенных пунктов,Учтенный,"Местоположение установлено относительно ориентира, расположенного в границах участка. Почтовый адрес ориентира: Российская Федерация, Республика Татарстан (Татарстан), м.р-н Лаишевский, с.п. Габишевское, с Габишево, ул Вишневая, з/у 4.",Частная,"земельные участки, предназначенные для размещения домов индивидуальной жилой застройки",ЖИЛОЙ,0,нет,16:24:090704,1478764.2,1478.7642,,,,,нет,нет,нет,нет,нет,да,нет,да,55.60332326712696,49.139761359213324
16:24:090704:1325,1100.0,Земли населенных пунктов,Учтенный,"Местоположение установлено относительно ориентира, расположенного в границах участка. Почтовый адрес ориентира: Российская Федерация, Республика Татарстан (Татарстан), м.р-н Лаишевский, с.п. Габишевское, с Габишево, ул Ивана Матвеева, з/у 18.",Частная,"земельные участки, предназначенные для размещения домов индивидуальной жилой застройки",ЖИЛОЙ,0,нет,16:24:090704,1706771.33,1551.6103,,,,,нет,нет,нет,нет,нет,да,нет,да,55.60374242333595,49.14549634381872
16:24:090704:2086,660.0,Земли населенных пунктов,Учтенный,"Местоположение установлено относительно ориентира, расположенного в границах участка. Почтовый адрес ориентира: Российская Федерация, Республика Татарстан (Татарстан), м.р-н Лаишевский, с.п. Габишевское, с Габишево, ул Ивана Матвеева, з/у 28А.",Частная,"Земельные участки, предназначенные для размещения домов индивидуальной жилой застройки",ЖИЛОЙ,0,нет,16:24:090704,1052375.94,1594.509,,,,,нет,нет,нет,нет,нет,да,нет,да,55.60400144655016,49.143197885082294
16:24:090704:1313,896.0,Земли населенных пунктов,Учтенный,"Местоположение установлено относительно ориентира, расположенного в границах участка. Почтовый адрес ориентира: Российская Федерация, Республика Татарстан (Татарстан), м.р-н Лаишевский, с.п. Габишевское, с Габишево, ул Озерная, з/у 6.",Частная,"земельные участки, предназначенные для размещения домов индивидуальной жилой застройки",ЖИЛОЙ,0,нет,16:24:090704,1291245.4,1441.1221,,,,,нет,нет,нет,нет,нет,да,нет,да,55.60226392805007,49.14684043723211
16:24:090704:2106,734.0,Земли населенных пунктов,Учтенный,"Местоположение установлено относительно ориентира, расположенного в границах участка. Почтовый адрес ориентира: Российская Федерация, Республика Татарстан (Татарстан), м.р-н Лаишевский, с.п. Габишевское, с Габишево, ул Алексея Малышева, з/у 29.",Частная,"Земельные участки, предназначенные для размещения домов индивидуальной жилой застройки",ЖИЛОЙ,0,нет,16:24:090704,1163401.23,1585.0153,,,,,нет,нет,нет,нет,нет,да,нет,да,55.60369788881479,49.142747286344864
16:24:090704:2880,1270.0,Земли населенных пунктов,Учтенный,"Местоположение установлено относительно ориентира, расположенного в границах участка. Почтовый адрес ориентира: Российская Федерация, Республика Татарстан (Татарстан), м.р-н Лаишевский, с.п. Габишевское, с Габишево, ул Лунная, з/у 8.",Частная,"Земельные участки, предназначенные для размещения домов индивидуальной жилой застройки",ЖИЛОЙ,0,нет,16:24:090704,1838484.26,1447.6254,,,,,нет,нет,нет,нет,нет,да,нет,да,55.602177492613734,49.14530483010165
16:24:090704:914,1000.0,Земли населенных пунктов,Учтенный,"Местоположение установлено относительно ориентира, расположенного в границах участка. Почтовый адрес ориентира: Российская Федерация, Республика Татарстан (Татарстан), м.р-н Лаишевский, с.п. Габишевское, с Габишево, ул Ивана Матвеева, з/у 7.",Частная,"земельные участки, предназначенные для размещения домов индивидуальной жилой застройки",ЖИЛОЙ,0,нет,16:24:090704,1546920.8,1546.9208,,,,,нет,нет,нет,нет,нет,да,нет,да,55.60392984999798,49.147574040819734
16:24:090704:2029,448.0,Земли населенных пунктов,Учтенный,"Местоположение установлено относительно ориентира, расположенного в границах участка. Почтовый адрес ориентира: Российская Федерация, Республика Татарстан (Татарстан), м.р-н Лаишевский, с.п. Габишевское, с Габишево, ул Озерная, з/у 1.",Частная,"земельные участки, предназначенные для размещения домов индивидуальной жилой застройки",ЖИЛОЙ,0,нет,16:24:090704,644573.4,1438.7799,,,,,нет,нет,нет,нет,нет,да,нет,да,55.60264853916152,49.14786316505207
16:24:210101:634,,Земли населенных пунктов,Ранее учтенный,"Местоположение установлено относительно ориентира, расположенного в границах участка. Почтовый адрес ориентира: Республика Татарстан, р-н. Лаишевский, с. Габишево.",Муниципальная,Размещение гаражей для собственных нужд,ДРУГОЕ,0,нет,16:24:210101,1486115.11,1481.67,,,,,да,нет,нет,нет,нет,нет,нет,да,55.61284626686048,49.14373335321213
16:24:210101:556,25.0,Земли населенных пунктов,Ранее учтенный,"Местоположение установлено относительно ориентира, расположенного в границах участка. Почтовый адрес ориентира: Российская Федерация, Республика Татарстан (Татарстан), м.р-н Лаишевский, с.п. Габишевское, с Габишево, тер. ГПК Вахитовская, з/у 556Г.",Частная,Хранение автотранспорта,ТРАНСПОРТ,0,нет,16:24:210101,38803.75,1552.15,,,,,нет,нет,нет,нет,нет,нет,нет,да,55.61347687450295,49.14242125187208
16:24:210101:6,,Земли населенных пунктов,Ранее учтенный,"Российская Федерация, Республика Татарстан (Татарстан), м.р-н Лаишевский, с.п. Габишевское, с Габишево, ул Вахитовская, з/у 9/1",Частная,Индивидуальное жилищное строительство,ДРУГОЕ,0,нет,16:24:210101,1363959.95,1735.32,,,,,нет,нет,нет,нет,нет,нет,нет,да,55.61373538385098,49.14376609272526
16:24:090704:2631,655.0,Земли населенных пунктов,Учтенный,"Местоположение установлено относительно ориентира, расположенного в границах участка. Почтовый адрес ориентира: Российская Федерация, Республика Татарстан (Татарстан), м.р-н Лаишевский, с.п. Габишевское, с Габишево, ул Сосновая, з/у 6А.",Частная,"Земельные участки, предназначенные для размещения домов индивидуальной жилой застройки",ЖИЛОЙ,0,нет,16:24:090704,979505.8,1495.4287,,,,,нет,нет,нет,нет,нет,да,нет,да,55.60264620774168,49.14248101405574
16:24:090704:2676,666.0,Земли населенных пунктов,Учтенный,"Местоположение установлено относительно ориентира, расположенного в границах участка. Почтовый адрес ориентира: Российская Федерация, Республика Татарстан (Татарстан), м.р-н Лаишевский, с.п. Габишевское, с Габишево, ул Алексея Малышева, з/у 5А.",Частная,"земельные участки, предназначенные для размещения домов индивидуальной жилой застройки",ЖИЛОЙ,0,нет,16:24:090704,999915.08,1501.37,,,,,нет,нет,нет,нет,нет,да,нет,да,55.603093007713866,49.147815832074876
16:24:090704:2010,600.0,Земли населенных пунктов,Учтенный,"Местоположение установлено относительно ориентира, расположенного в границах участка. Почтовый адрес ориентира: Российская Федерация, Республика Татарстан (Татарстан), м.р-н Лаишевский, с.п. Габишевское, с Габишево, ул Ивана Матвеева, з/у 27А.",Частная,"земельные участки, предназначенные для размещения домов индивидуальной жилой застройки",ЖИЛОЙ,0,нет,16:24:090704,972231.72,1620.3862,,,,,нет,нет,нет,нет,нет,да,нет,да,55.60451756380877,49.143059494441985
16:24:090704:2594,600.0,Земли населенных пунктов,Учтенный,"Местоположение установлено относительно ориентира, расположенного в границах участка. Почтовый адрес ориентира: Российская Федерация, Республика Татарстан (Татарстан), м.р-н Лаишевский, с.п. Габишевское, с Габишево, ул Алексея Малышева, з/у 31А.",Частная,"земельные участки, предназначенные для размещения домов индивидуальной жилой застройки",ЖИЛОЙ,0,нет,16:24:090704,957491.1,1595.8185,,,,,нет,нет,нет,нет,нет,да,нет,да,55.6037294012718,49.14242816713098
16:24:090704:1396,880.0,Земли населенных пунктов,Учтенный,"Местоположение установлено относительно ориентира, расположенного в границах участка. Почтовый адрес ориентира: Российская Федерация, Республика Татарстан (Татарстан), м.р-н Лаишевский, с.п. Габишевское, с Габишево, ул Александра Сергеева, з/у 20А.",Частная,для индивидуальной жилой застройки,ДРУГОЕ,0,нет,16:24:090704,1422675.76,1616.68,,,,,нет,нет,нет,нет,нет,нет,нет,да,55.60469099409018,49.1447486427122
16:24:090704:1366,1100.0,Земли населенных пунктов,Учтенный,"Местоположение установлено относительно ориентира, расположенного в границах участка. Почтовый адрес ориентира: Российская Федерация, Республика Татарстан (Татарстан), м.р-н Лаишевский, с.п. Габишевское, с Габишево, ул Александра Сергеева, з/у 28.",,"земельные участки, предназначенные для размещения домов индивидуальной жилой застройки",ЖИЛОЙ,0,нет,16:24:090704,1787987.52,1625.4432,,,,,да,нет,нет,нет,нет,да,нет,да,55.60487854109889,49.1432385717809
16:24:210101:71,1000.0,Земли населенных пунктов,Ранее учтенный,"Местоположение установлено относительно ориентира, расположенного в границах участка. Почтовый адрес ориентира: Российская Федерация, Республика Татарстан (Татарстан), м.р-н Лаишевский, с.п. Габишевское, с Габишево, ул Бауманская, з/у 1.",Частная,Для индивидуального жилищного строительства,ИЖС,0,нет,16:24:210101,1773181.0,1773.181,,,,,нет,да,нет,нет,нет,да,нет,да,55.613958406573005,49.14194595713452
16:24:090704:1574,1152.0,Земли населенных пунктов,Учтенный,"Местоположение установлено относительно ориентира, расположенного в границах участка. Почтовый адрес ориентира: Российская Федерация, Республика Татарстан (Татарстан), м.р-н Лаишевский, с.п. Габишевское, с Габишево, ул Александра Сергеева, з/у 27.",Частная,"земельные участки, предназначенные для размещения домов индивидуальной жилой застройки",ЖИЛОЙ,0,нет,16:24:090704,1901365.86,1650.4912,,,,,нет,нет,нет,нет,нет,да,нет,да,55.605370890362394,49.14349398165136
16:24:090704:1573,986.0,Земли населенных пунктов,Учтенный,"Местоположение установлено относительно ориентира, расположенного в границах участка. Почтовый адрес ориентира: Российская Федерация, Республика Татарстан (Татарстан), м.р-н Лаишевский, с.п. Габишевское, с Габишево, ул Александра Сергеева, з/у 29.",Частная,"земельные участки, предназначенные для размещения домов индивидуальной жилой застройки",ЖИЛОЙ,0,нет,16:24:090704,1627384.32,1650.49,,,,,нет,нет,нет,нет,нет,да,нет,да,55.605385275289656,49.14309833651843
16:24:090704:1326,1100.0,Земли населенных пунктов,Учтенный,"Местоположение установлено относительно ориентира, расположенного в границах участка. Почтовый адрес ориентира: Российская Федерация, Республика Татарстан (Татарстан), м.р-н Лаишевский, с.п. Габишевское, с Габишево, ул Ивана Матвеева, з/у 24.",Частная,"земельные участки, предназначенные для размещения домов индивидуальной жилой застройки",ЖИЛОЙ,0,нет,16:24:090704,1743127.21,1584.6611,,,,,нет,нет,нет,нет,нет,да,нет,да,55.60389270423316,49.14421457387726
16:24:090704:1298,1000.0,Земли населенных пунктов,Учтенный,"Местоположение установлено относительно ориентира, расположенного в границах участка. Почтовый адрес ориентира: Российская Федерация, Республика Татарстан (Татарстан), м.р-н Лаишевский, с.п. Габишевское, с Габишево, ул Звездная, з/у 4.",Частная,"земельные участки, предназначенные для размещения домов индивидуальной жилой застройки",ЖИЛОЙ,0,нет,16:24:090704,1531444.8,1531.4448,,,,,нет,нет,нет,нет,нет,да,нет,да,55.60280415045954,49.144189045782156
16:24:090704:1371,1100.0,Земли населенных пунктов,Учтенный,"Местоположение установлено относительно ориентира, расположенного в границах участка. Почтовый адрес ориентира: Российская Федерация, Республика Татарстан (Татарстан), м.р-н Лаишевский, с.п. Габишевское, с Габишево, ул Александра Сергеева, з/у 34.",Частная,"земельные участки, предназначенные для размещения домов индивидуальной жилой застройки",ЖИЛОЙ,0,нет,16:24:090704,1820599.77,1655.09,,,,,нет,нет,нет,нет,нет,да,нет,да,55.60502879830824,49.141956851333774
16:24:090704:1394,880.0,Земли населенных пунктов,Учтенный,"Местоположение установлено относительно ориентира, расположенного в границах участка. Почтовый адрес ориентира: Российская Федерация, Республика Татарстан (Татарстан), м.р-н Лаишевский, с.п. Габишевское, с Габишево, ул Александра Сергеева, з/у 18.",Частная,для индивидуальной жилой застройки,ДРУГОЕ,0,нет,16:24:090704,1397109.82,1587.6248,,,,,нет,нет,нет,нет,нет,нет,нет,да,55.60462203592607,49.14542614980634
16:24:090704:1945,500.0,Земли населенных пунктов,Учтенный,"Местоположение установлено относительно ориентира, расположенного в границах участка. Почтовый адрес ориентира: Российская Федерация, Республика Татарстан (Татарстан), м.р-н Лаишевский, с.п. Габишевское, с Габишево, ул Алексея Малышева, з/у 35.",Частная,"земельные участки, предназначенные для размещения домов индивидуальной жилой застройки",ЖИЛОЙ,0,нет,16:24:090704,809303.4,1618.6068,,,,,нет,нет,нет,нет,нет,да,нет,да,55.60373849959313,49.14155587283894
16:24:090704:913,2427.0,Земли населенных пунктов,Учтенный,"Местоположение установлено относительно ориентира, расположенного в границах участка. Почтовый адрес ориентира: Российская Федерация, Республика Татарстан (Татарстан), м.р-н Лаишевский, с.п. Габишевское, с Габишево, ул Алексея Малышева, з/у 1.",Частная,"земельные участки, предназначенные для размещения домов индивидуальной жилой застройки",ЖИЛОЙ,0,нет,16:24:090704,3466768.54,1428.4172,,,,,нет,нет,нет,нет,нет,да,нет,да,55.60293876407496,49.14926165797869
16:24:090704:1165,963.0,Земли населенных пунктов,Учтенный,"Местоположение установлено относительно ориентира, расположенного в границах участка. Почтовый адрес ориентира: Российская Федерация, Республика Татарстан (Татарстан), м.р-н Лаишевский, с.п. Габишевское, с Габишево, ул Александра Сергеева, з/у 5.",Частная,"земельные участки, предназначенные для размещения домов индивидуальной жилой застройки",ЖИЛОЙ,0,нет,16:24:090704,1485960.62,1543.0536,,,,,нет,нет,нет,нет,нет,да,нет,да,55.60477863267796,49.14801100768488
16:24:090704:1569,1019.0,Земли населенных пунктов,Учтенный,"Местоположение установлено относительно ориентира, расположенного в границах участка. Почтовый адрес ориентира: Российская Федерация, Республика Татарстан (Татарстан), м.р-н Лаишевский, с.п. Габишевское, с Габишево, ул Александра Сергеева, з/у 33.",Частная,"земельные участки, предназначенные для размещения домов индивидуальной жилой застройки",ЖИЛОЙ,0,нет,16:24:090704,1683945.49,1652.5471,,,,,нет,нет,нет,нет,нет,да,нет,да,55.60548890286197,49.14242610252011
16:24:090704:1369,1100.0,Земли населенных пунктов,Учтенный,"Местоположение установлено относительно ориентира, расположенного в границах участка. Почтовый адрес ориентира: Российская Федерация, Республика Татарстан (Татарстан), м.р-н Лаишевский, с.п. Габишевское, с Габишево, ул Александра Сергеева, з/у 30.",Частная,"земельные участки, предназначенные для размещения домов индивидуальной жилой застройки",ЖИЛОЙ,0,нет,16:24:090704,1793489.39,1630.4449,,,,,нет,нет,нет,нет,нет,да,нет,да,55.60492862837059,49.142811279835925
16:24:210101:3794,434.0,Земли населенных пунктов,Учтенный,"Российская Федерация, Республика Татарстан (Татарстан), м.р-н Лаишевский, с.п. Габишевское, с Габишево, ул Вахитовская, з/у 7/3",Частная,Ведение личного хозяйства и индивидуальное жилищное строительство,ДРУГОЕ,0,нет,16:24:210101,745130.22,1716.89,,,,,нет,нет,нет,нет,нет,нет,нет,да,55.61357847984425,49.143987667640786
16:24:090704:2711,277.0,Земли населенных пунктов,Учтенный,"Местоположение установлено относительно ориентира, расположенного в границах участка. Почтовый адрес ориентира: Российская Федерация, Республика Татарстан (Татарстан), м.р-н Лаишевский, с.п. Габишевское, с Габишево, ул Александра Сергеева, з/у 3Б.",Частная,Блокированные односемейные дома с участками,ДРУГОЕ,0,нет,16:24:090704,426540.56,1539.86,,,,,нет,нет,нет,нет,нет,нет,нет,да,55.6047169327325,49.14836461688093
16:24:210101:4024,19.0,Земли населенных пунктов,Учтенный,"Республика Татарстан, Лаишевский муниципальный район, Габишевское сельское поселение, с. Габишево",,земельные участки (территории) общего пользования,ОГП,0,нет,16:24:210101,13039.18,686.27,,,,,да,нет,нет,нет,нет,нет,да,да,55.607963017426165,49.147918186109834
16:24:210101:4045,3114.0,Земли населенных пунктов,Учтенный,"Республика Татарстан, Лаишевском муниципальном районе, Габишевском сельском поселении, с. 
Габишево, ул. Октябрьская, д. 3",Частная,Многоквартирные жилые дома до 5 этажей,ЖИЛОЙ,0,нет,16:24:210101,2162762.99,694.53,,,,,нет,нет,нет,нет,нет,да,нет,да,55.61026357739241,49.14097104914737
16:24:210101:4055,1610.0,Земли населенных пунктов,Учтенный,"Российская Федерация, Республика Татарстан, Лаишевский муниципальный район, Габишевское сельское поселение, с Габишево, ул. Вахитовская, д. 46",,Для размещения гостиницы и объектов розничной торговли,КОМ,0,нет,16:24:210101,1850399.56,1149.32,,,,,да,нет,нет,нет,нет,нет,нет,да,55.61516283738637,49.13263466940665
16:24:210101:4060,2828.0,Земли населенных пунктов,Учтенный,"Российская Федерация, Республика Татарстан, Лаишевский муниципальный район, Габишевское сельское поселение, с Габишево, ул. Советская, д. 12",Частная,Многоквартирные жилые дома до 5 этажей,ЖИЛОЙ,0,нет,16:24:210101,3426232.57,1211.54,,,,,нет,нет,нет,нет,нет,да,нет,да,55.61132636937343,49.14581585194118
16:24:210101:4061,1924.0,Земли населенных пунктов,Учтенный,"Российская Федерация, Республика Татарстан, Лаишевский муниципальный район, с Габишево, Габишевское сельское поселение, пр-кт. Молодежный, д. 3",Частная,Многоквартирные жилые дома до 5 этажей,ЖИЛОЙ,0,нет,16:24:210101,1532636.08,796.59,,,,,нет,нет,нет,нет,нет,да,нет,да,55.61163887201169,49.143641041403555
16:24:210101:4052,4362.0,Земли населенных пунктов,Учтенный,"Российская Федерация, Республика Татарстан, Лаишевский муниципальный район, Габишевское сельское поселение, с Габишево, ул. Октябрьская, д. 7",Частная,Многоквартирные жилые дома до 5 этажей,ЖИЛОЙ,0,нет,16:24:210101,2903077.63,665.54,,,,,нет,нет,нет,нет,нет,да,нет,да,55.61124254663486,49.13982267966923
16:24:210101:4095,22.0,Земли населенных пунктов,Учтенный,"Российская Федерация, Республика Татарстан, Лаишевский муниципальный район, Габишевское сельское поселение, с Габишево",,Размещение гаражей для собственных нужд,ДРУГОЕ,0,нет,16:24:210101,37263.43,1693.79,,,,,да,нет,нет,нет,нет,нет,нет,да,55.61181655524771,49.13895258225198
16:24:210101:4114,36.0,Земли населенных пунктов,Учтенный,"Российская Федерация, Республика Татарстан, Лаишевский муниципальный район, Габишевское сельское поселение, с. Габишево",,хранение автотранспорта,ТРАНСПОРТ,0,нет,16:24:210101,59294.68,1647.07,,,,,да,нет,нет,нет,нет,нет,нет,да,55.61151027527311,49.13890590066222
16:24:210101:4118,37.0,Земли населенных пунктов,Учтенный,"Местоположение установлено относительно ориентира, расположенного в границах участка. Почтовый адрес ориентира: Республика Татарстан, Лаишевский муниципальный район, Габишевское сельское поселение, с Габишево.",,хранение автотранспорта,ТРАНСПОРТ,0,нет,16:24:210101,60965.41,1647.71,,,,,да,нет,нет,нет,нет,нет,нет,да,55.61147458578347,49.13915123037138
16:24:210101:4151,1000.0,Земли населенных пунктов,Учтенный,"Республика Татарстан, Лаишевский муниципальный район, Габишевское сельское поселение, с Габишево, пр-кт Молодежный, д. 34",Частная,Для индивидуального жилищного строительства,ИЖС,0,нет,16:24:210101,2032565.0,2032.56,,,,,нет,да,нет,нет,нет,да,нет,да,55.61316133377665,49.13505493544936
16:24:210101:4161,1946.0,Земли населенных пунктов,Учтенный,"Российская Федерация, Республика Татарстан (Татарстан), м.р-н Лаишевский, с.п. Габишевское, с Габишево, ул Марджани, з/у 14",Частная,индивидуальные жилые дома с приусадебными земельными участками,ЖИЛОЙ,0,нет,16:24:210101,3049854.88,1567.24,,,,,нет,нет,нет,нет,нет,да,нет,да,55.60854386538503,49.15069815369483
16:24:210101:4163,2500.0,Земли населенных пунктов,Учтенный,"Российская Федерация, Республика Татарстан, Лаишевский муниципальный район, Габишевское сельское поселение, с Габишево, ул. Светлая",Частная,индивидуальные жилые дома с приусадебными земельными участками,ЖИЛОЙ,0,нет,16:24:210101,3757771.25,1503.11,,,,,нет,нет,нет,нет,нет,да,нет,да,55.60517653932428,49.150319353328534
16:24:210101:99,1075.0,Земли населенных пунктов,Ранее учтенный,"Местоположение установлено относительно ориентира, расположенного в границах участка. Почтовый адрес ориентира: Российская Федерация, Республика Татарстан (Татарстан), м.р-н Лаишевский, с.п. Габишевское, с Габишево, ул им Мусы Джалиля, з/у 27.",Частная,Индивидуальное жилищное строительство,ДРУГОЕ,0,нет,16:24:210101,1928521.73,1793.9737,,,,,нет,нет,нет,нет,нет,нет,нет,да,55.609727159203565,49.13694463133599
16:24:210101:92,,Земли населенных пунктов,Ранее учтенный,"Местоположение установлено относительно ориентира, расположенного в границах участка. Почтовый адрес ориентира: Российская Федерация, Республика Татарстан (Татарстан), м.р-н Лаишевский, с.п. Габишевское, с Габишево, ул им Мусы Джалиля, з/у 13.",Частная,Для индивидуального жилищного строительства,ИЖС,0,нет,16:24:210101,2349999.62,1926.2292,,,,,нет,да,нет,нет,нет,да,нет,да,55.61152298824538,49.137223945263514
16:24:210101:621,1275.0,Земли населенных пунктов,Ранее учтенный,"Местоположение установлено относительно ориентира, расположенного в границах участка. Почтовый адрес ориентира: Российская Федерация, Республика Татарстан (Татарстан), м.р-н Лаишевский, с.п. Габишевское, с Габишево, ул Ленинская, з/у 32.",,Под жилую застройку Индивидуальную,ДРУГОЕ,0,нет,16:24:210101,2141232.58,1679.4,,,,,да,нет,нет,нет,нет,нет,нет,да,55.60824446304738,49.13797614342862
16:24:210101:523,,Земли населенных пунктов,Ранее учтенный,"Местоположение установлено относительно ориентира, расположенного в границах участка. Почтовый адрес ориентира: Российская Федерация, Республика Татарстан (Татарстан), м.р-н Лаишевский, с.п. Габишевское, с Габишево, тер. ГПК Вахитовская, з/у 523Г.",Муниципальная,размещение гаражей для собственных нужд,ДРУГОЕ,0,нет,16:24:210101,38803.75,1552.15,,,,,да,нет,нет,нет,нет,нет,нет,да,55.61322266514137,49.14280826934102
16:24:210101:407,,Земли населенных пунктов,Ранее учтенный,"Местоположение установлено относительно ориентира, расположенного в границах участка. Почтовый адрес ориентира: Республика Татарстан, р-н. Лаишевский, с. Габишево.",Муниципальная,Размещение гаражей для собственных нужд,ДРУГОЕ,0,нет,16:24:210101,1209033.31,1550.04,,,,,да,нет,нет,нет,нет,нет,нет,да,55.613293511469536,49.14309392577648
16:24:210101:368,1674.0,Земли населенных пунктов,Ранее учтенный,"Местоположение установлено относительно ориентира, расположенного в границах участка. Почтовый адрес ориентира: Российская Федерация, Республика Татарстан (Татарстан), м.р-н Лаишевский, с.п. Габишевское, с Габишево, ул Казанская, з/у 45.",,Индивидуальное жилищное строительство,ДРУГОЕ,0,нет,16:24:210101,2739703.22,1636.6208,,,,,да,нет,нет,нет,нет,нет,нет,да,55.60714921650077,49.138110073974715
16:24:210101:2074,842.0,Земли населенных пунктов,Учтенный,"Местоположение установлено относительно ориентира, расположенного в границах участка. Почтовый адрес ориентира: Российская Федерация, Республика Татарстан (Татарстан), м.р-н Лаишевский, с.п. Габишевское, с Габишево, ул Лесная, з/у 1.",Частная,Для индивидуального жилищного строительства,ИЖС,0,нет,16:24:210101,1390501.11,1651.4265,,,,,нет,да,нет,нет,нет,да,нет,да,55.60707970641018,49.1483270045298
16:24:210101:2456,50.0,Земли населенных пунктов,Учтенный,"Местоположение установлено относительно ориентира, расположенного в границах участка. Почтовый адрес ориентира: Российская Федерация, Республика Татарстан (Татарстан), м.р-н Лаишевский, с.п. Габишевское, с Габишево, ул Державина, з/у 9/1.",Частная,Под малоэтажное жилищное строительство,ДРУГОЕ,0,нет,16:24:210101,78612.99,1572.2598,,,,,нет,нет,нет,нет,нет,нет,нет,да,55.60609906965624,49.1499016354007
16:24:210101:110,1221.0,Земли населенных пунктов,Ранее учтенный,"Местоположение установлено относительно ориентира, расположенного в границах участка. Почтовый адрес ориентира: Российская Федерация, Республика Татарстан (Татарстан), м.р-н Лаишевский, с.п. Габишевское, с Габишево, ул им Мусы Джалиля, з/у 4.",Частная,Индивидуальное жилищное строительство,ДРУГОЕ,0,нет,16:24:210101,2448989.61,2005.7245,,,,,нет,нет,нет,нет,нет,нет,нет,да,55.61360910473385,49.13629593479943
16:24:090704:2746,453.0,Земли населенных пунктов,Учтенный,"Местоположение установлено относительно ориентира, расположенного в границах участка. Почтовый адрес ориентира: Российская Федерация, Республика Татарстан (Татарстан), м.р-н Лаишевский, с.п. Габишевское, с Габишево, ул Александра Сергеева, з/у 110.",Частная,"земельные участки, предназначенные для размещения домов индивидуальной жилой застройки",ЖИЛОЙ,0,нет,16:24:090704,834583.28,1842.3472,,,,,нет,нет,нет,нет,нет,да,нет,да,55.609686104582586,49.12852634285671
16:24:090704:2587,697.0,Земли населенных пунктов,Учтенный,"Местоположение установлено относительно ориентира, расположенного в границах участка. Почтовый адрес ориентира: Российская Федерация, Республика Татарстан (Татарстан), м.р-н Лаишевский, с.п. Габишевское, с Габишево, ул Рябиновая, з/у 6.",Частная,"земельные участки, предназначенные для размещения домов индивидуальной жилой застройки",ЖИЛОЙ,0,нет,16:24:090704,1092647.73,1567.6438,,,,,нет,нет,нет,нет,нет,да,нет,да,55.6068833257367,49.13023096811574
16:24:090704:1333,1100.0,Земли населенных пунктов,Учтенный,"Местоположение установлено относительно ориентира, расположенного в границах участка. Почтовый адрес ориентира: Российская Федерация, Республика Татарстан (Татарстан), м.р-н Лаишевский, с.п. Габишевское, с Габишево, ул Ивана Матвеева, з/у 34.",Частная,"земельные участки, предназначенные для размещения домов индивидуальной жилой застройки",ЖИЛОЙ,0,нет,16:24:090704,1780467.48,1618.6068,,,,,нет,нет,нет,нет,нет,да,нет,да,55.6041431604061,49.142078480419386
16:24:210101:717,1500.0,Земли населенных пунктов,Ранее учтенный,"Местоположение установлено относительно ориентира, расположенного в границах участка. Почтовый адрес ориентира: Российская Федерация, Республика Татарстан (Татарстан), м.р-н Лаишевский, с.п. Габишевское, с Габишево, ул Марджани, з/у 17.",Частная,Для индивидуального жилищного строительства,ИЖС,0,нет,16:24:210101,2451114.45,1634.0763,,,,,нет,да,нет,нет,нет,да,нет,да,55.607947845594296,49.150746897493974
16:24:210101:552,,Земли населенных пунктов,Ранее учтенный,"Местоположение установлено относительно ориентира, расположенного в границах участка. Почтовый адрес ориентира: Российская Федерация, Республика Татарстан (Татарстан), м.р-н Лаишевский, с.п. Габишевское, с Габишево, тер. ГПК Вахитовская, з/у 552Г.",Муниципальная,размещение гаражей для собственных нужд,ДРУГОЕ,0,нет,16:24:210101,40081.36,1603.25,,,,,да,нет,нет,нет,нет,нет,нет,да,55.61301736264505,49.142457208944094
16:24:210101:528,,Земли населенных пунктов,Ранее учтенный,"Местоположение установлено относительно ориентира, расположенного в границах участка. Почтовый адрес ориентира: Российская Федерация, Республика Татарстан (Татарстан), м.р-н Лаишевский, с.п. Габишевское, с Габишево, тер. ГПК Вахитовская, з/у 528Г.",Муниципальная,размещение гаражей для собственных нужд,ДРУГОЕ,0,нет,16:24:210101,41908.05,1552.15,,,,,да,нет,нет,нет,нет,нет,нет,да,55.613449050402416,49.14276281340143
16:24:210101:47,1372.0,Земли населенных пунктов,Ранее учтенный,"Местоположение установлено относительно ориентира, расположенного в границах участка. Почтовый адрес ориентира: Российская Федерация, Республика Татарстан (Татарстан), м.р-н Лаишевский, с.п. Габишевское, с Габишево, пр-кт Молодежный, з/у 32.",Частная,малоэтажная жилая застройка (индивидуальное жилищное строительство),ДРУГОЕ,0,нет,16:24:210101,2742195.0,1998.6844,,,,,нет,нет,нет,нет,нет,нет,нет,да,55.613069818343085,49.13576610551434
16:24:210101:505,23.0,Земли населенных пунктов,Ранее учтенный,"Местоположение установлено относительно ориентира, расположенного в границах участка. Почтовый адрес ориентира: Российская Федерация, Республика Татарстан (Татарстан), м.р-н Лаишевский, с.п. Габишевское, с Габишево, тер. ГПК Молодежный, з/у 505Г.",Частная,для размещения гаража,ДРУГОЕ,0,нет,16:24:210101,38957.23,1693.7924,,,,,нет,нет,нет,нет,нет,нет,нет,да,55.612035336354595,49.13868139745839
16:24:210101:279,,Земли населенных пунктов,Ранее учтенный,"Местоположение установлено относительно ориентира, расположенного в границах участка. Почтовый адрес ориентира: Российская Федерация, Республика Татарстан (Татарстан), м.р-н Лаишевский, с.п. Габишевское, с Габишево, ул Приозерная, з/у 40.",,Под жилую застройку индивидуальную,ДРУГОЕ,0,нет,16:24:210101,1989553.69,1777.97,,,,,да,нет,нет,нет,нет,нет,нет,да,55.608622163794315,49.13982730427414
16:24:210101:558,,Земли населенных пунктов,Ранее учтенный,"Местоположение установлено относительно ориентира, расположенного в границах участка. Почтовый адрес ориентира: Российская Федерация, Республика Татарстан (Татарстан), м.р-н Лаишевский, с.п. Габишевское, с Габишево, тер. ГПК Вахитовская, з/у 558Г.",Муниципальная, размещение гаражей для собственных нужд,ДРУГОЕ,0,нет,16:24:210101,40355.9,1552.15,,,,,да,нет,нет,нет,нет,нет,нет,да,55.61339518106396,49.14243445124339
16:24:210101:474,29.0,Земли населенных пунктов,Ранее учтенный,"Местоположение установлено относительно ориентира, расположенного в границах участка. Почтовый адрес ориентира: Российская Федерация, Республика Татарстан (Татарстан), м.р-н Лаишевский, с.п. Габишевское, с Габишево, тер. ГПК Октябрьская, з/у 474Г.",Частная,Для размещения гаража,ДРУГОЕ,0,нет,16:24:210101,47765.16,1647.0744,,,,,нет,нет,нет,нет,нет,нет,нет,да,55.610926100786585,49.139144139968934
16:24:210101:2521,33.0,Земли населенных пунктов,Учтенный,"Местоположение установлено относительно ориентира, расположенного в границах участка. Почтовый адрес ориентира: Российская Федерация, Республика Татарстан (Татарстан), м.р-н Лаишевский, с.п. Габишевское, с Габишево, тер. ГПК Семерка, з/у 2521Г.",Частная,под размещение индивидуальных гаражей,ДРУГОЕ,0,нет,16:24:210101,46528.38,1409.9508,,,,,нет,нет,нет,нет,нет,нет,нет,да,55.60856404776277,49.13622232480367
16:24:210101:344,1647.0,Земли населенных пунктов,Ранее учтенный,"Местоположение установлено относительно ориентира, расположенного в границах участка. Почтовый адрес ориентира: Российская Федерация, Республика Татарстан (Татарстан), м.р-н Лаишевский, с.п. Габишевское, с Габишево, ул Казанская, з/у 2.",,Для индивидуального жилищного строительства,ИЖС,0,нет,16:24:210101,2672224.56,1622.48,,,,,да,да,нет,нет,нет,да,нет,да,55.60614783791859,49.14689173642635
16:24:210101:292,,Земли населенных пунктов,Ранее учтенный,"Местоположение установлено относительно ориентира, расположенного в границах участка. Почтовый адрес ориентира: Российская Федерация, Республика Татарстан (Татарстан), м.р-н Лаишевский, с.п. Габишевское, с Габишево, ул Приозерная, з/у 14.",,Индивидуальное жилищное строительство,ДРУГОЕ,0,нет,16:24:210101,2000066.43,1702.18,,,,,да,нет,нет,нет,нет,нет,нет,да,55.607603476675465,49.14419007300814
16:24:210101:2551,33.0,Земли населенных пунктов,Учтенный,"Местоположение установлено относительно ориентира, расположенного в границах участка. Почтовый адрес ориентира: Российская Федерация, Республика Татарстан (Татарстан), м.р-н Лаишевский, с.п. Габишевское, с Габишево, тер. ГПК Семерка, з/у 2551Г.",Частная,под размещение индивидуальных гаражей,ДРУГОЕ,0,нет,16:24:210101,46202.89,1400.0875,,,,,нет,нет,нет,нет,нет,нет,нет,да,55.608267407828635,49.13714427702528
16:24:210101:2387,38.0,Земли населенных пунктов,Учтенный,"Местоположение установлено относительно ориентира, расположенного в границах участка. Почтовый адрес ориентира: Российская Федерация, Республика Татарстан (Татарстан), м.р-н Лаишевский, с.п. Габишевское, с Габишево, тер. ГПК Семерка, з/у 2387Г.",Частная,под размещение индивидуальных гаражей,ДРУГОЕ,0,нет,16:24:210101,53578.13,1409.9508,,,,,нет,нет,нет,нет,нет,нет,нет,да,55.6085353662546,49.13630003776203
16:24:210101:238,,Земли населенных пунктов,Ранее учтенный,"Местоположение установлено относительно ориентира, расположенного в границах участка. Почтовый адрес ориентира: Российская Федерация, Республика Татарстан (Татарстан), м.р-н Лаишевский, с.п. Габишевское, с Габишево, ул Ленинская, з/у 13/2.",,Индивидуальное жилищное строительство,ДРУГОЕ,0,нет,16:24:210101,1234816.65,1650.8244,,,,,да,нет,нет,нет,нет,нет,нет,да,55.610311928903045,49.14400127556423
16:24:210101:115,1300.0,Земли населенных пунктов,Ранее учтенный,"Местоположение установлено относительно ориентира, расположенного в границах участка. Почтовый адрес ориентира: Российская Федерация, Республика Татарстан (Татарстан), м.р-н Лаишевский, с.п. Габишевское, с Габишево, ул Солнечная, з/у 5.",,Для индивидуального жилищного строительства,ИЖС,0,нет,16:24:210101,2643331.47,2033.3319,,,,,да,да,нет,нет,нет,да,нет,да,55.61352597960221,49.13528993824535
16:24:210101:408,6370.0,Земли населенных пунктов,Ранее учтенный,"Местоположение установлено относительно ориентира, расположенного в границах участка. Почтовый адрес ориентира: Российская Федерация, Республика Татарстан (Татарстан), м.р-н Лаишевский, с.п. Габишевское, с Габишево, ул Октябрьская, з/у 408.",Частная,Под размещение производственной базы,ДРУГОЕ,0,нет,16:24:210101,6130221.73,962.36,,,,,нет,нет,нет,нет,нет,нет,нет,да,55.609048032523084,49.13937000701361
16:24:210101:3463,900.0,Земли населенных пунктов,Учтенный,"Местоположение установлено относительно ориентира, расположенного в границах участка. Почтовый адрес ориентира: Республика Татарстан, Лаишевский муниципальный район, Габишевское сельское поселение, с Габишево, ул. Лесная, 2А.",Частная,для индивидуального жилищного строительства,ИЖС,0,нет,16:24:210101,1494842.94,1660.9366,,,,,нет,да,нет,нет,нет,да,нет,да,55.60769185275069,49.14807191214589
16:24:210101:333,1421.0,Земли населенных пунктов,Ранее учтенный,"Местоположение установлено относительно ориентира, расположенного в границах участка. Почтовый адрес ориентира: Российская Федерация, Республика Татарстан (Татарстан), м.р-н Лаишевский, с.п. Габишевское, с Габишево, ул Казанская, з/у 24.",,Под жилую застройку Индивидуальную,ДРУГОЕ,0,нет,16:24:210101,2374563.61,1671.0511,,,,,да,нет,нет,нет,нет,нет,нет,да,55.606584440623394,49.14272144142621
16:24:210101:271,,Земли населенных пунктов,Ранее учтенный,"Местоположение установлено относительно ориентира, расположенного в границах участка. Почтовый адрес ориентира: Российская Федерация, Республика Татарстан (Татарстан), м.р-н Лаишевский, с.п. Габишевское, с Габишево, ул Московская, з/у 7.",Частная,Под жилую застройку индивидуальную,ДРУГОЕ,0,нет,16:24:210101,2415234.44,1649.75,,,,,нет,нет,нет,нет,нет,нет,нет,да,55.60926916786459,49.14699232137801
16:24:210101:2509,26.0,Земли населенных пунктов,Учтенный,"Местоположение установлено относительно ориентира, расположенного в границах участка. Почтовый адрес ориентира: Российская Федерация, Республика Татарстан (Татарстан), м.р-н Лаишевский, с.п. Габишевское, с Габишево, тер. ГПК Семерка, з/у 2509Г.",,под размещение индивидуальных гаражей,ДРУГОЕ,0,нет,16:24:210101,36658.72,1409.9508,,,,,да,нет,нет,нет,нет,нет,нет,да,55.608526491215535,49.136536853042074
16:24:210101:2190,18.0,Земли населенных пунктов,Учтенный,"Местоположение установлено относительно ориентира, расположенного в границах участка. Почтовый адрес ориентира: Российская Федерация, Республика Татарстан (Татарстан), м.р-н Лаишевский, с.п. Габишевское, с Габишево, тер. ГПК Семерка, з/у 2190Г.",,под размещение индивидуальных гаражей,ДРУГОЕ,0,нет,16:24:210101,25201.58,1400.0875,,,,,да,нет,нет,нет,нет,нет,нет,да,55.60810332168859,49.13721283599017
16:24:210101:114,,Земли населенных пунктов,Ранее учтенный,"Местоположение установлено относительно ориентира, расположенного в границах участка. Почтовый адрес ориентира: Российская Федерация, Республика Татарстан (Татарстан), м.р-н Лаишевский, с.п. Габишевское, с Габишево, ул им Мусы Джалиля, з/у 5.",Частная,Для индивидуального жилищного строительства,ИЖС,0,нет,16:24:210101,2590954.02,1977.8275,,,,,нет,да,нет,нет,нет,да,нет,да,55.613417000197515,49.13732282288155
16:24:210101:817,1122.0,Земли населенных пунктов,Учтенный,"Местоположение установлено относительно ориентира, расположенного в границах участка. Почтовый адрес ориентира: Российская Федерация, Республика Татарстан (Татарстан), м.р-н Лаишевский, с.п. Габишевское, с Габишево, ул Вахитовская, з/у 30.",Частная,под строительство индивидуального жилого дома,ЖИЛОЙ,0,нет,16:24:210101,2327235.35,2074.1848,,,,,нет,нет,нет,нет,нет,да,нет,да,55.61493805622831,49.13564803587156
16:24:210101:685,,Земли населенных пунктов,Ранее учтенный,"Местоположение установлено относительно ориентира, расположенного в границах участка. Почтовый адрес ориентира: Республика Татарстан, Лаишевский муниципальный район, Габишевское сельское поселение, с Габишево.",Муниципальная,Предоставление коммунальных услуг (код 3.1.1),ДРУГОЕ,0,нет,16:24:210101,11336.33,708.52,,,,,да,нет,нет,нет,нет,нет,нет,да,55.612631748865134,49.136911961204646
16:24:210101:38,1588.0,Земли населенных пунктов,Ранее учтенный,"Местоположение установлено относительно ориентира, расположенного в границах участка. Почтовый адрес ориентира: Российская Федерация, Республика Татарстан (Татарстан), м.р-н Лаишевский, с.п. Габишевское, с Габишево, пр-кт Молодежный, з/у 14.",Частная,Индивидуальное жилищного строительства и ведения хозяйства,ДРУГОЕ,0,нет,16:24:210101,2826539.0,1779.9364,,,,,нет,нет,нет,нет,нет,нет,нет,да,55.61270529269908,49.14032212798156
16:24:210101:3308,1250.0,Земли населенных пунктов,Учтенный,"Местоположение установлено относительно ориентира, расположенного в границах участка. Почтовый адрес ориентира: Республика Татарстан, Лаишевский муниципальный район, Габишевское сельское поселение, с Габишево, ул. Приволжская.",Частная,Для индивидуального жилищного строительства,ИЖС,0,нет,16:24:210101,2349384.5,1879.5076,,,,,нет,да,нет,нет,нет,да,нет,да,55.61072656285815,49.132014944443306
16:24:210101:291,1150.0,Земли населенных пунктов,Ранее учтенный,"Местоположение установлено относительно ориентира, расположенного в границах участка. Почтовый адрес ориентира: Российская Федерация, Республика Татарстан (Татарстан), м.р-н Лаишевский, с.п. Габишевское, с Габишево, ул Приозерная, з/у 16.",Частная,Ведение личного подсобного хозяйства,ЛПХ,0,нет,16:24:210101,1957511.83,1702.1842,,,,,нет,нет,нет,нет,да,да,нет,да,55.607650544803086,49.14382529620472
16:24:210101:264,860.0,Земли населенных пунктов,Ранее учтенный,"Местоположение установлено относительно ориентира, расположенного в границах участка. Почтовый адрес ориентира: Российская Федерация, Республика Татарстан (Татарстан), м.р-н Лаишевский, с.п. Габишевское, с Габишево, ул Московская, з/у 4.",,Индивидуальное жилищное строительство,ДРУГОЕ,0,нет,16:24:210101,1424404.24,1656.284,,,,,да,нет,нет,нет,нет,нет,нет,да,55.609778098507796,49.14590394232276
16:24:210101:3011,1212.0,Земли населенных пунктов,Учтенный,"Местоположение установлено относительно ориентира, расположенного в границах участка. Почтовый адрес ориентира: Российская Федерация, Республика Татарстан (Татарстан), м.р-н Лаишевский, с.п. Габишевское, с Габишево, ул Тукая, з/у 6.",Частная,под жилую застройку Индивидуальную,ДРУГОЕ,0,нет,16:24:210101,2383087.24,1966.2436,,,,,нет,нет,нет,нет,нет,нет,нет,да,55.61091710886772,49.13490984397128
16:24:210101:245,1307.0,Земли населенных пунктов,Ранее учтенный,"Местоположение установлено относительно ориентира, расположенного в границах участка. Почтовый адрес ориентира: Республика Татарстан, р-н. Лаишевский, с. Габишево, ул. Ленинская.",Частная,Под жилую застройку Индивидуальную,ДРУГОЕ,0,нет,16:24:210101,2337803.58,1788.68,,,,,нет,нет,нет,нет,нет,нет,нет,да,55.609922277764056,49.141772013117524
16:24:210101:2507,33.0,Земли населенных пунктов,Учтенный,"Местоположение установлено относительно ориентира, расположенного в границах участка. Почтовый адрес ориентира: Российская Федерация, Республика Татарстан (Татарстан), м.р-н Лаишевский, с.п. Габишевское, с Габишево, тер. ГПК Семерка, з/у 2507Г.",,под размещение индивидуальных гаражей,ДРУГОЕ,0,нет,16:24:210101,46528.38,1409.9508,,,,,да,нет,нет,нет,нет,нет,нет,да,55.60860975685068,49.13627601826049
16:24:210101:2431,1500.0,Земли населенных пунктов,Учтенный,"Местоположение установлено относительно ориентира, расположенного в границах участка. Почтовый адрес ориентира: Российская Федерация, Республика Татарстан (Татарстан), м.р-н Лаишевский, с.п. Габишевское, с Габишево, ул Державина, з/у 14.",Частная,Под малоэтажное жилищное строительство,ДРУГОЕ,0,нет,16:24:210101,2393551.05,1595.7007,,,,,нет,нет,нет,нет,нет,нет,нет,да,55.60651397631911,49.14965013474621
16:24:210101:2007,248.0,Земли населенных пунктов,Учтенный,"Местоположение установлено относительно ориентира, расположенного в границах участка. Почтовый адрес ориентира: Российская Федерация, Республика Татарстан (Татарстан), м.р-н Лаишевский, с.п. Габишевское, с Габишево, пр-кт Молодежный, з/у 54А.",,Для индивидуального жилищного строительства,ИЖС,0,нет,16:24:210101,529493.07,2135.0527,,,,,да,да,нет,нет,нет,да,нет,да,55.61348468507373,49.13049111381273
16:24:210101:789,1000.0,Земли населенных пунктов,Ранее учтенный,"Местоположение установлено относительно ориентира, расположенного в границах участка. Почтовый адрес ориентира: Российская Федерация, Республика Татарстан (Татарстан), м.р-н Лаишевский, с.п. Габишевское, с Габишево, ул Лесная, з/у 7.",,индивидуальное жилищное строительство,ДРУГОЕ,0,нет,16:24:210101,1611212.2,1611.2122,,,,,да,нет,нет,нет,нет,нет,нет,да,55.60694729347815,49.14974496896368
16:24:210101:69,1748.0,Земли населенных пунктов,Ранее учтенный,"Местоположение установлено относительно ориентира, расположенного в границах участка. Почтовый адрес ориентира: Российская Федерация, Республика Татарстан (Татарстан), м.р-н Лаишевский, с.п. Габишевское, с Габишево, пр-кт Молодежный, з/у 9.",,Ведение личного подсобного хозяйства с правом строительства жилого дома,ЛПХ,0,нет,16:24:210101,3345945.21,1914.1563,,,,,да,нет,нет,нет,да,да,нет,да,55.61201312639189,49.138059694356436
16:24:210101:327,1518.0,Земли населенных пунктов,Ранее учтенный,"Местоположение установлено относительно ориентира, расположенного в границах участка. Почтовый адрес ориентира: Российская Федерация, Республика Татарстан (Татарстан), м.р-н Лаишевский, с.п. Габишевское, с Габишево, ул Казанская, з/у 36.",Частная,под жилую застройку индивидуальную,ДРУГОЕ,0,нет,16:24:210101,2627995.76,1731.2225,,,,,нет,нет,нет,нет,нет,нет,нет,да,55.60699647493151,49.14023972385649
16:24:210101:294,1093.0,Земли населенных пунктов,Ранее учтенный,"Местоположение установлено относительно ориентира, расположенного в границах участка. Почтовый адрес ориентира: Российская Федерация, Республика Татарстан (Татарстан), м.р-н Лаишевский, с.п. Габишевское, с Габишево, ул Приозерная, з/у 10.",,Индивидуальное жилищное строительство,ДРУГОЕ,0,нет,16:24:210101,1854574.64,1696.7746,,,,,да,нет,нет,нет,нет,нет,нет,да,55.607533042533476,49.14495952871712
16:24:210101:248,,Земли населенных пунктов,Ранее учтенный,"Местоположение установлено относительно ориентира, расположенного в границах участка. Почтовый адрес ориентира: Российская Федерация, Республика Татарстан (Татарстан), м.р-н Лаишевский, с.п. Габишевское, с Габишево, ул Кировская, з/у 6.",,Под жилую застройку Индивидуальную,ДРУГОЕ,0,нет,16:24:210101,1919247.6,1768.89,,,,,да,нет,нет,нет,нет,нет,нет,да,55.60979386809224,49.142762531564884
16:24:210101:2453,881.0,Земли населенных пунктов,Учтенный,"Местоположение установлено относительно ориентира, расположенного в границах участка. Почтовый адрес ориентира: Российская Федерация, Республика Татарстан (Татарстан), м.р-н Лаишевский, с.п. Габишевское, с Габишево, ул Олимпийская, з/у 3.",,Под малоэтажное жилищное строительство,ДРУГОЕ,0,нет,16:24:210101,1382176.06,1568.8718,,,,,да,нет,нет,нет,нет,нет,нет,да,55.60579193947861,49.14894678228166
16:24:210101:218,,Земли населенных пунктов,Ранее учтенный,"Местоположение установлено относительно ориентира, расположенного в границах участка. Почтовый адрес ориентира: Российская Федерация, Республика Татарстан (Татарстан), м.р-н Лаишевский, с.п. Габишевское, с Габишево, ул Приволжская, з/у 19.",,Под жилую застройку Индивидуальную,ДРУГОЕ,0,нет,16:24:210101,1954739.22,1722.24,,,,,да,нет,нет,нет,нет,нет,нет,да,55.60833632699261,49.14319515050942
16:24:210101:1955,600.0,Земли населенных пунктов,Учтенный,"Местоположение установлено относительно ориентира, расположенного в границах участка. Почтовый адрес ориентира: Российская Федерация, Республика Татарстан (Татарстан), м.р-н Лаишевский, с.п. Габишевское, с Габишево, пр-кт Молодежный, з/у 13А/1.",,индивидуальное жилищное строительство,ДРУГОЕ,0,нет,16:24:210101,1188301.14,1980.5019,,,,,да,нет,нет,нет,нет,нет,нет,да,55.61209299085993,49.13525292741128
16:24:210101:177,1366.0,Земли населенных пунктов,Ранее учтенный,"Местоположение установлено относительно ориентира, расположенного в границах участка. Почтовый адрес ориентира: Российская Федерация, Республика Татарстан (Татарстан), м.р-н Лаишевский, с.п. Габишевское, с Габишево, ул Приволжская, з/у 42.",,под жилую застройку,ДРУГОЕ,0,нет,16:24:210101,2538680.13,1858.48,,,,,да,нет,нет,нет,нет,нет,нет,да,55.61072545534909,49.13308189291846
16:24:210101:210,844.0,Земли населенных пунктов,Ранее учтенный,"Местоположение установлено относительно ориентира, расположенного в границах участка. Почтовый адрес ориентира: Российская Федерация, Республика Татарстан (Татарстан), м.р-н Лаишевский, с.п. Габишевское, с Габишево, ул Приволжская, з/у 5/2.",Частная,Для индивидуального жилищного строительства,ИЖС,0,нет,16:24:210101,1450499.41,1718.6012,,,,,нет,да,нет,нет,нет,да,нет,да,55.60806702485919,49.14572251425064
16:24:210101:122,,Земли населенных пунктов,Ранее учтенный,"Местоположение установлено относительно ориентира, расположенного в границах участка. Почтовый адрес ориентира: Российская Федерация, Республика Татарстан (Татарстан), м.р-н Лаишевский, с.п. Габишевское, с Габишево, ул 8 Марта, з/у 3.",,Под жилую застройку Индивидуальную,ДРУГОЕ,0,нет,16:24:210101,2816302.36,2100.15,,,,,да,нет,нет,нет,нет,нет,нет,да,55.61380548554673,49.13322810551603
16:24:210101:2564,1079.0,Земли населенных пунктов,Учтенный,"Местоположение установлено относительно ориентира, расположенного в границах участка. Почтовый адрес ориентира: Российская Федерация, Республика Татарстан (Татарстан), м.р-н Лаишевский, с.п. Габишевское, с Габишево, ул Казанская, з/у 59.",Частная,индивидуальные жилые дома с приусадебными земельными участками,ЖИЛОЙ,0,нет,16:24:210101,1788980.6,1657.9987,,,,,нет,нет,нет,нет,нет,да,нет,да,55.60795625822017,49.13586165871821
16:24:090704:1871,502.0,Земли населенных пунктов,Учтенный,"Местоположение установлено относительно ориентира, расположенного в границах участка. Почтовый адрес ориентира: Российская Федерация, Республика Татарстан (Татарстан), м.р-н Лаишевский, с.п. Габишевское, с Габишево, ул Уютная, з/у 1.",Частная,"земельные участки, предназначенные для размещения домов индивидуальной жилой застройки",ЖИЛОЙ,0,нет,16:24:090704,712055.42,1418.4371,,,,,нет,нет,нет,нет,нет,да,нет,да,55.60383984838711,49.13783185573584
16:24:090704:1869,500.0,Земли населенных пунктов,Учтенный,"Местоположение установлено относительно ориентира, расположенного в границах участка. Почтовый адрес ориентира: Российская Федерация, Республика Татарстан (Татарстан), м.р-н Лаишевский, с.п. Габишевское, с Габишево, ул Зеленая, з/у 2А.",Частная,"земельные участки, предназначенные для размещения домов индивидуальной жилой застройки",ЖИЛОЙ,0,нет,16:24:090704,715340.8,1430.6816,,,,,нет,нет,нет,нет,нет,да,нет,да,55.603789302448114,49.13813268152725
16:24:090704:1804,680.0,Земли населенных пунктов,Учтенный,"Местоположение установлено относительно ориентира, расположенного в границах участка. Почтовый адрес ориентира: Российская Федерация, Республика Татарстан (Татарстан), м.р-н Лаишевский, с.п. Габишевское, с Габишево, ул Алексея Малышева, з/у 49.",Частная,"земельные участки, предназначенные для размещения домов индивидуальной жилой застройки",ЖИЛОЙ,0,нет,16:24:090704,1015674.93,1493.6396,,,,,нет,нет,нет,нет,нет,да,нет,да,55.6042087917206,49.138389711917206
16:24:090704:1194,1523.0,Земли населенных пунктов,Учтенный,"Местоположение установлено относительно ориентира, расположенного в границах участка. Почтовый адрес ориентира: Российская Федерация, Республика Татарстан (Татарстан), м.р-н Лаишевский, с.п. Габишевское, с Габишево, ул Александра Сергеева, з/у 59.",Частная,"земельные участки, предназначенные для размещения домов индивидуальной жилой застройки",ЖИЛОЙ,0,нет,16:24:090704,2443584.81,1604.4549,,,,,нет,нет,нет,нет,нет,да,нет,да,55.60665141374182,49.13773609859184
16:24:210101:617,,Земли населенных пунктов,Ранее учтенный,"Местоположение установлено относительно ориентира, расположенного в границах участка. Почтовый адрес ориентира: Российская Федерация, Республика Татарстан (Татарстан), м.р-н Лаишевский, с.п. Габишевское, с Габишево, ул им Мусы Джалиля, з/у 24.",Частная,Под жилую застройку Индивидуальную,ДРУГОЕ,0,нет,16:24:210101,2163987.2,1767.9634,,,,,нет,нет,нет,нет,нет,нет,нет,да,55.60920277003475,49.135478587659534
16:24:090704:908,1441.0,Земли населенных пунктов,Учтенный,"Местоположение установлено относительно ориентира, расположенного в границах участка. Почтовый адрес ориентира: Российская Федерация, Республика Татарстан (Татарстан), м.р-н Лаишевский, с.п. Габишевское, с Габишево, ул Александра Сергеева, з/у 2.",,"земельные участки, предназначенные для размещения домов индивидуальной жилой застройки",ЖИЛОЙ,0,нет,16:24:090704,2180748.3,1513.3576,,,,,да,нет,нет,нет,нет,да,нет,да,55.60413896808204,49.149067014380705
16:24:090704:2557,939.0,Земли населенных пунктов,Учтенный,"Местоположение установлено относительно ориентира, расположенного в границах участка. Почтовый адрес ориентира: Российская Федерация, Республика Татарстан (Татарстан), м.р-н Лаишевский, с.п. Габишевское, с Габишево, ул Приволжская, з/у 57А.",Частная,"земельные участки, предназначенные для размещения домов индивидуальной жилой застройки",ЖИЛОЙ,0,нет,16:24:090704,1751192.46,1864.9547,,,,,нет,нет,нет,нет,нет,да,нет,да,55.610455362618374,49.12749069254822
16:24:090704:1859,500.0,Земли населенных пунктов,Учтенный,"Местоположение установлено относительно ориентира, расположенного в границах участка. Почтовый адрес ориентира: Российская Федерация, Республика Татарстан (Татарстан), м.р-н Лаишевский, с.п. Габишевское, с Габишево, ул Вишневая, з/у 1А.",Частная,"земельные участки, предназначенные для размещения домов индивидуальной жилой застройки",ЖИЛОЙ,0,нет,16:24:090704,756790.95,1513.5819,,,,,нет,нет,нет,нет,нет,да,нет,да,55.603479660150256,49.140774728833755
16:24:090704:1652,688.0,Земли населенных пунктов,Учтенный,"Местоположение установлено относительно ориентира, расположенного в границах участка. Почтовый адрес ориентира: Российская Федерация, Республика Татарстан (Татарстан), м.р-н Лаишевский, с.п. Габишевское, с Габишево, ул Южная, з/у 12/1.",Частная,"земельные участки, предназначенные для размещения домов индивидуальной жилой застройки",ЖИЛОЙ,0,нет,16:24:090704,937180.12,1362.1804,,,,,нет,нет,нет,нет,нет,да,нет,да,55.60335274164692,49.134493219838255
16:24:090704:1673,600.0,Земли населенных пунктов,Учтенный,"Местоположение установлено относительно ориентира, расположенного в границах участка. Почтовый адрес ориентира: Российская Федерация, Республика Татарстан (Татарстан), м.р-н Лаишевский, с.п. Габишевское, с Габишево, ул Ивана Матвеева, з/у 16А.",Частная,"земельные участки, предназначенные для размещения домов индивидуальной жилой застройки",ЖИЛОЙ,0,нет,16:24:090704,930966.18,1551.6103,,,,,нет,нет,нет,нет,нет,да,нет,да,55.60359637781742,49.14588840929861
16:24:090704:1583,790.0,Земли населенных пунктов,Учтенный,"Местоположение установлено относительно ориентира, расположенного в границах участка. Почтовый адрес ориентира: Российская Федерация, Республика Татарстан (Татарстан), м.р-н Лаишевский, с.п. Габишевское, с Габишево, ул Ивана Матвеева, з/у 57.",Частная,"земельные участки, предназначенные для размещения домов индивидуальной жилой застройки",ЖИЛОЙ,0,нет,16:24:090704,1229376.99,1556.1734,,,,,нет,нет,нет,нет,нет,да,нет,да,55.6056835255324,49.13700933138897
16:24:090704:2149,586.0,Земли населенных пунктов,Учтенный,"Местоположение установлено относительно ориентира, расположенного в границах участка. Почтовый адрес ориентира: Российская Федерация, Республика Татарстан, Лаишевский муниципальный район, Габишевское сельское поселение, с Габишево, ул. Ивана Матвеева.",Частная,"земельные участки, предназначенные для размещения домов индивидуальной жилой застройки",ЖИЛОЙ,0,нет,16:24:090704,929244.05,1585.7407,,,,,нет,нет,нет,нет,нет,да,нет,да,55.60651059400823,49.13537688694417
16:24:090704:1338,1099.0,Земли населенных пунктов,Учтенный,"Местоположение установлено относительно ориентира, расположенного в границах участка. Почтовый адрес ориентира: Российская Федерация, Республика Татарстан (Татарстан), м.р-н Лаишевский, с.п. Габишевское, с Габишево, ул Алексея Малышева, з/у 19.",Частная,"земельные участки, предназначенные для размещения домов индивидуальной жилой застройки",ЖИЛОЙ,0,нет,16:24:090704,1696179.79,1543.3847,,,,,нет,нет,нет,нет,нет,да,нет,да,55.60336045945388,49.14500009671754
16:24:210101:884,800.0,Земли населенных пунктов,Учтенный,"Местоположение установлено относительно ориентира, расположенного в границах участка. Почтовый адрес ориентира: Российская Федерация, Республика Татарстан (Татарстан), м.р-н Лаишевский, с.п. Габишевское, с Габишево, ул Марджани, з/у 18.",,Для ведения личного подсобного хозяйства,ЛПХ,0,нет,16:24:210101,1265852.24,1582.3153,,,,,да,нет,нет,нет,да,да,нет,да,55.60906611917946,49.150152408049564
16:24:210101:627,,Земли населенных пунктов,Ранее учтенный,"Местоположение установлено относительно ориентира, расположенного в границах участка. Почтовый адрес ориентира: Республика Татарстан, р-н. Лаишевский, с. Габишево.",Муниципальная,Размещение гаражей для собственных нужд,ДРУГОЕ,0,нет,16:24:210101,826277.82,1623.34,,,,,да,нет,нет,нет,нет,нет,нет,да,55.61070977440923,49.13864313109942
16:24:210101:684,,Земли населенных пунктов,Ранее учтенный,"Местоположение установлено относительно ориентира, расположенного в границах участка. Почтовый адрес ориентира: Республика Татарстан, Лаишевский муниципальный район, Габишевское сельское поселение, с Габишево.",Муниципальная,Предоставление коммунальных услуг (код 3.1.1),ДРУГОЕ,0,нет,16:24:210101,11336.33,708.52,,,,,да,нет,нет,нет,нет,нет,нет,да,55.61256593477424,49.13658488388654
16:24:210101:475,28.0,Земли населенных пунктов,Ранее учтенный,"Местоположение установлено относительно ориентира, расположенного в границах участка. Почтовый адрес ориентира: Российская Федерация, Республика Татарстан (Татарстан), м.р-н Лаишевский, с.п. Габишевское, с Габишево, тер. ГПК Октябрьская, з/у 475Г.",Частная,для размещения гаража,ДРУГОЕ,0,нет,16:24:210101,46118.08,1647.0744,,,,,нет,нет,нет,нет,нет,нет,нет,да,55.61093007493427,49.13907667785877
16:24:090704:2585,697.0,Земли населенных пунктов,Учтенный,"Местоположение установлено относительно ориентира, расположенного в границах участка. Почтовый адрес ориентира: Российская Федерация, Республика Татарстан (Татарстан), м.р-н Лаишевский, с.п. Габишевское, с Габишево, ул Рябиновая, з/у 8А.",Частная,"земельные участки, предназначенные для размещения домов индивидуальной жилой застройки",ЖИЛОЙ,0,нет,16:24:090704,1101680.99,1580.604,,,,,нет,нет,нет,нет,нет,да,нет,да,55.60666466275808,49.129824645034866
16:24:210101:337,,Земли населенных пунктов,Ранее учтенный,"Местоположение установлено относительно ориентира, расположенного в границах участка. Почтовый адрес ориентира: Российская Федерация, Республика Татарстан (Татарстан), м.р-н Лаишевский, с.п. Габишевское, с Габишево, ул Казанская, з/у 16.",,Под жилую застройку Индивидуальную,ДРУГОЕ,0,нет,16:24:210101,2347256.84,1662.36,,,,,да,нет,нет,нет,нет,нет,нет,да,55.60643621026404,49.14429671754253
16:24:210101:2998,735.0,Земли населенных пунктов,Учтенный,"Местоположение установлено относительно ориентира, расположенного в границах участка. Почтовый адрес ориентира: Республика Татарстан, Лаишевский муниципальный район, Габишевское сельское поселение, с Габишево.",Частная,для индивидуального жилищного строительства,ИЖС,0,нет,16:24:210101,1298672.31,1766.9011,,,,,нет,да,нет,нет,нет,да,нет,да,55.60919654210054,49.13694205727044
16:24:090704:1941,620.0,Земли населенных пунктов,Учтенный,"Местоположение установлено относительно ориентира, расположенного в границах участка. Почтовый адрес ориентира: Российская Федерация, Республика Татарстан (Татарстан), м.р-н Лаишевский, с.п. Габишевское, с Габишево, ул Жемчужная, з/у 7А.",Частная,"земельные участки, предназначенные для размещения домов индивидуальной жилой застройки",ЖИЛОЙ,0,нет,16:24:090704,940334.47,1516.6685,,,,,нет,нет,нет,нет,нет,да,нет,да,55.60459838590193,49.1336426813573
16:24:090704:1808,680.0,Земли населенных пунктов,Учтенный,"Местоположение установлено относительно ориентира, расположенного в границах участка. Почтовый адрес ориентира: Российская Федерация, Республика Татарстан (Татарстан), м.р-н Лаишевский, с.п. Габишевское, с Габишево, ул Алексея Малышева, з/у 43А.",Частная,"земельные участки, предназначенные для размещения домов индивидуальной жилой застройки",ЖИЛОЙ,0,нет,16:24:090704,1015442.91,1493.2984,,,,,нет,нет,нет,нет,нет,да,нет,да,55.6040500047451,49.13943022168211
16:24:210101:2510,27.0,Земли населенных пунктов,Учтенный,"Местоположение установлено относительно ориентира, расположенного в границах участка. Почтовый адрес ориентира: Российская Федерация, Республика Татарстан (Татарстан), м.р-н Лаишевский, с.п. Габишевское, с Габишево, тер. ГПК Семерка, з/у 2510Г.",Частная,под размещение индивидуальных гаражей,ДРУГОЕ,0,нет,16:24:210101,37802.36,1400.0875,,,,,нет,нет,нет,нет,нет,нет,нет,да,55.608241026655605,49.136772593137025
16:24:090704:1566,702.0,Земли населенных пунктов,Учтенный,"Местоположение установлено относительно ориентира, расположенного в границах участка. Почтовый адрес ориентира: Российская Федерация, Республика Татарстан (Татарстан), м.р-н Лаишевский, с.п. Габишевское, с Габишево, ул Ивана Матвеева, з/у 39.",Частная,Для индивидуальной жилой застройки,ДРУГОЕ,0,нет,16:24:090704,1084590.35,1545.0005,,,,,нет,нет,нет,нет,нет,нет,нет,да,55.60478288902632,49.14029862070119
16:24:210101:217,1038.0,Земли населенных пунктов,Ранее учтенный,"Местоположение установлено относительно ориентира, расположенного в границах участка. Почтовый адрес ориентира: Российская Федерация, Республика Татарстан (Татарстан), м.р-н Лаишевский, с.п. Габишевское, с Габишево, ул Приволжская, з/у 17.",,Индивидуальное жилищное строительство,ДРУГОЕ,0,нет,16:24:210101,1790165.52,1724.6296,,,,,да,нет,нет,нет,нет,нет,нет,да,55.60829931002017,49.143505736514236
16:24:210101:170,1178.0,Земли населенных пунктов,Ранее учтенный,"Местоположение установлено относительно ориентира, расположенного в границах участка. Почтовый адрес ориентира: Российская Федерация, Республика Татарстан (Татарстан), м.р-н Лаишевский, с.п. Габишевское, с Габишево, ул Приволжская, з/у 54.",,Индивидуальное жилищное строительство,ДРУГОЕ,0,нет,16:24:210101,2256842.44,1915.8255,,,,,да,нет,нет,нет,нет,нет,нет,да,55.61080493606262,49.130453088219326
16:24:210101:1,1083.0,Земли населенных пунктов,Ранее учтенный,"Местоположение установлено относительно ориентира, расположенного в границах участка. Почтовый адрес ориентира: Российская Федерация, Республика Татарстан (Татарстан), м.р-н Лаишевский, с.п. Габишевское, с Габишево, ул Вахитовская, з/у 1.",,Индивидуальное жилищное строительство,ДРУГОЕ,0,нет,16:24:210101,1841114.51,1700.0134,,,,,да,нет,нет,нет,нет,нет,нет,да,55.61357826259882,49.14514138359466
16:24:210101:905,1310.0,Земли населенных пунктов,Учтенный,"Местоположение установлено относительно ориентира, расположенного в границах участка. Почтовый адрес ориентира: Российская Федерация, Республика Татарстан (Татарстан), м.р-н Лаишевский, с.п. Габишевское, с Габишево, ул Береговая, з/у 27.",Частная,Для малоэтажного жилищного строительства,ДРУГОЕ,0,нет,16:24:210101,2031797.29,1550.9903,,,,,нет,нет,нет,нет,нет,нет,нет,да,55.609568580343456,49.15058063940065
16:24:210101:90,,Земли населенных пунктов,Ранее учтенный,"Местоположение установлено относительно ориентира, расположенного в границах участка. Почтовый адрес ориентира: Российская Федерация, Республика Татарстан (Татарстан), м.р-н Лаишевский, с.п. Габишевское, с Габишево, ул им Мусы Джалиля, з/у 9.",,Индивидуальное жилищное строительство,ДРУГОЕ,0,нет,16:24:210101,2557271.42,1932.9338,,,,,да,нет,нет,нет,нет,нет,нет,да,55.612037396779684,49.13735758535798
16:24:210101:618,,Земли населенных пунктов,Ранее учтенный,"Республика Татарстан, р-н. Лаишевский, с. Габишево",Муниципальная,Размещение гаражей для собственных нужд,ДРУГОЕ,0,нет,16:24:210101,855365.16,1693.79,,,,,да,нет,нет,нет,нет,нет,нет,да,55.61188683226806,49.13895682255393
16:24:210101:559,,Земли населенных пунктов,Ранее учтенный,"Местоположение установлено относительно ориентира, расположенного в границах участка. Почтовый адрес ориентира: Российская Федерация, Республика Татарстан (Татарстан), м.р-н Лаишевский, с.п. Габишевское, с Габишево, тер. ГПК Вахитовская, з/у 559Г.",Муниципальная, размещение гаражей для собственных нужд,ДРУГОЕ,0,нет,16:24:210101,37251.6,1552.15,,,,,да,нет,нет,нет,нет,нет,нет,да,55.613358036483056,49.14242914319484
16:24:210101:541,,Земли населенных пунктов,Ранее учтенный,"Местоположение установлено относительно ориентира, расположенного в границах участка. Почтовый адрес ориентира: Российская Федерация, Республика Татарстан (Татарстан), м.р-н Лаишевский, с.п. Габишевское, с Габишево, тер. ГПК Вахитовская, з/у 541Г.",Муниципальная, размещение гаражей для собственных нужд,ДРУГОЕ,0,нет,16:24:210101,38803.75,1552.15,,,,,да,нет,нет,нет,нет,нет,нет,да,55.61339761188803,49.14252923050459
16:24:210101:493,25.0,Земли населенных пунктов,Ранее учтенный,"Российская Федерация, Республика Татарстан (Татарстан), м.р-н Лаишевский, с.п. Габишевское, с Габишево, тер. ГПК Молодежный, з/у 493Г",Частная,для размещения гаража,ДРУГОЕ,0,нет,16:24:210101,42344.81,1693.7924,,,,,нет,нет,нет,нет,нет,нет,нет,да,55.6121598307504,49.13915716489579
16:24:210101:361,1688.0,Земли населенных пунктов,Ранее учтенный,"Местоположение установлено относительно ориентира, расположенного в границах участка. Почтовый адрес ориентира: Российская Федерация, Республика Татарстан (Татарстан), м.р-н Лаишевский, с.п. Габишевское, с Габишево, ул Казанская, з/у 31.",Частная,Ведение личного подсобного хозяйства,ЛПХ,0,нет,16:24:000000,2902602.43,1719.5512,,,,,нет,нет,нет,нет,да,да,нет,да,55.606180680298436,49.14041941535644
16:24:210101:2279,24.0,Земли населенных пунктов,Учтенный,"Местоположение установлено относительно ориентира, расположенного в границах участка. Почтовый адрес ориентира: Российская Федерация, Республика Татарстан (Татарстан), м.р-н Лаишевский, с.п. Габишевское, с Габишево, тер. ГПК Семерка, з/у 2279Г.",,под размещение индивидуальных гаражей,ДРУГОЕ,0,нет,16:24:210101,33602.1,1400.0875,,,,,да,нет,нет,нет,нет,нет,нет,да,55.608217125052306,49.13728471903604
16:24:210101:204,1228.0,Земли населенных пунктов,Ранее учтенный,"Местоположение установлено относительно ориентира, расположенного в границах участка. Почтовый адрес ориентира: Российская Федерация, Республика Татарстан (Татарстан), м.р-н Лаишевский, с.п. Габишевское, с Габишево, ул Приволжская, з/у 2Б.",,Для индивидуального жилищного строительства,ИЖС,0,нет,16:24:210101,2095308.16,1706.28,,,,,да,да,нет,нет,нет,да,нет,да,55.60843427360848,49.147659354109074
16:24:210101:173,1068.0,Земли населенных пунктов,Ранее учтенный,"Местоположение установлено относительно ориентира, расположенного в границах участка. Почтовый адрес ориентира: Российская Федерация, Республика Татарстан (Татарстан), м.р-н Лаишевский, с.п. Габишевское, с Габишево, ул Приволжская, з/у 48.",Частная,Индивидуальное жилищное строительство,ДРУГОЕ,0,нет,16:24:210101,2007314.12,1879.5076,,,,,нет,нет,нет,нет,нет,нет,нет,да,55.61067240887389,49.13162750787163
16:24:210101:3044,842.0,Земли населенных пунктов,Учтенный,"Местоположение установлено относительно ориентира, расположенного в границах участка. Почтовый адрес ориентира: Республика Татарстан, Лаишевский муниципальный район, Габишевское сельское поселение, с Габишево, ул. Советская.",Частная,для индивидуального жилищного строительства,ИЖС,0,нет,16:24:210101,1393633.77,1655.147,,,,,нет,да,нет,нет,нет,да,нет,да,55.60961746257653,49.14515898281134
16:24:210101:2519,33.0,Земли населенных пунктов,Учтенный,"Местоположение установлено относительно ориентира, расположенного в границах участка. Почтовый адрес ориентира: Российская Федерация, Республика Татарстан (Татарстан), м.р-н Лаишевский, с.п. Габишевское, с Габишево, тер. ГПК Семерка, з/у 2519Г.",,под размещение индивидуальных гаражей,ДРУГОЕ,0,нет,16:24:210101,46528.38,1409.9508,,,,,да,нет,нет,нет,нет,нет,нет,да,55.6084048531936,49.13672763162166
16:24:210101:2467,1313.0,Земли населенных пунктов,Учтенный,"Местоположение установлено относительно ориентира, расположенного в границах участка. Почтовый адрес ориентира: Российская Федерация, Республика Татарстан (Татарстан), м.р-н Лаишевский, с.п. Габишевское, с Габишево, ул Ленинская, з/у 2А.",Частная,для малоэтажного жилищного строительства,ДРУГОЕ,0,нет,16:24:210101,2106162.82,1604.0844,,,,,нет,нет,нет,нет,нет,нет,нет,да,55.61048026287848,49.14914280553525
16:24:210101:2176,895.0,Земли населенных пунктов,Учтенный,"Местоположение установлено относительно ориентира, расположенного в границах участка. Почтовый адрес ориентира: Российская Федерация, Республика Татарстан (Татарстан), м.р-н Лаишевский, с.п. Габишевское, с Габишево, ул Приволжская, з/у 2.",,Для индивидуального жилищного строительства,ИЖС,0,нет,16:24:210101,1544160.5,1725.319,,,,,да,да,нет,нет,нет,да,нет,да,55.608511284136135,49.146784973898185
16:24:210101:193,,Земли населенных пунктов,Ранее учтенный,"Местоположение установлено относительно ориентира, расположенного в границах участка. Почтовый адрес ориентира: Российская Федерация, Республика Татарстан (Татарстан), м.р-н Лаишевский, с.п. Габишевское, с Габишево, ул Приволжская, з/у 16/1.",Частная,Под жилую застройку Индивидуальную,ДРУГОЕ,0,нет,16:24:210101,933089.7,1753.93,,,,,нет,нет,нет,нет,нет,нет,нет,да,55.6089322151257,49.14270787978172
16:24:210101:20,1326.0,Земли населенных пунктов,Ранее учтенный,"Российская Федерация, Республика Татарстан (Татарстан), м.р-н Лаишевский, с.п. Габишевское, с Габишево, ул Вахитовская, з/у 35",Частная,Для индивидуального жилищного строительства,ИЖС,0,нет,16:24:210101,2711939.18,2045.2,,,,,нет,да,нет,нет,нет,да,нет,да,55.61428494342053,49.13559456169887
16:24:210101:101,1315.0,Земли населенных пунктов,Учтенный,"Российская Федерация, Республика Татарстан (Татарстан), м.р-н Лаишевский, с.п. Габишевское, с Габишево, ул им Мусы Джалиля, з/у 22",,Индивидуальное жилищное строительство,ДРУГОЕ,0,нет,16:24:210101,2331271.45,1772.83,,,,,да,нет,нет,нет,нет,нет,нет,да,55.60937480366829,49.135628291177056
16:24:000000:4167,1295.0,Земли населенных пунктов,Ранее учтенный,"Местоположение установлено относительно ориентира, расположенного в границах участка. Почтовый адрес ориентира: Российская Федерация, Республика Татарстан (Татарстан), м.р-н Лаишевский, с.п. Габишевское, с Габишево, ул Лесная, з/у 4А.",Частная,для индивидуального жилищного строительства,ИЖС,0,нет,16:24:210101,2143943.98,1655.5552,,,,,нет,да,нет,нет,нет,да,нет,да,55.60764963940174,49.14878000395628
16:24:210101:760,192.0,Земли населенных пунктов,Ранее учтенный,"Местоположение установлено относительно ориентира, расположенного в границах участка. Почтовый адрес ориентира: Республика Татарстан, р-н. Лаишевский, с. Габишево, ул. Пр. Молодежный.",,Под строительство здания парикмахерской и ремонта обуви,ДРУГОЕ,0,нет,16:24:210101,166843.01,868.974,,,,,да,нет,нет,нет,нет,нет,нет,да,55.61198388354152,49.14057772120222
16:24:210101:525,,Земли населенных пунктов,Ранее учтенный,"Местоположение установлено относительно ориентира, расположенного в границах участка. Почтовый адрес ориентира: Российская Федерация, Республика Татарстан (Татарстан), м.р-н Лаишевский, с.п. Габишевское, с Габишево, тер. ГПК Вахитовская, з/у 525Г.",Муниципальная, размещение гаражей для собственных нужд,ДРУГОЕ,0,нет,16:24:210101,40355.9,1552.15,,,,,да,нет,нет,нет,нет,нет,нет,да,55.61314520135547,49.14279208949134
16:24:210101:555,,Земли населенных пунктов,Ранее учтенный,"Местоположение установлено относительно ориентира, расположенного в границах участка. Почтовый адрес ориентира: Российская Федерация, Республика Татарстан (Татарстан), м.р-н Лаишевский, с.п. Габишевское, с Габишево, тер. ГПК Вахитовская, з/у 555Г.",Муниципальная, По документу размещение гаражей для собственных нужд,ДРУГОЕ,0,нет,16:24:210101,48116.65,1552.15,,,,,да,нет,нет,нет,нет,нет,нет,да,55.613510530468,49.14245089411921
16:24:210101:3785,728.0,Земли населенных пунктов,Учтенный,"Республика Татарстан, Лаишевский муниципальный район, Габишевское сельское поселение, с Габишево, ул. им Мусы Джалиля",Частная,Индивидуальное жилищное строительство,ДРУГОЕ,0,нет,16:24:210101,1301658.03,1787.99,,,,,нет,нет,нет,нет,нет,нет,нет,да,55.60978948230586,49.13593033675563
16:24:210101:293,1195.0,Земли населенных пунктов,Ранее учтенный,"Местоположение установлено относительно ориентира, расположенного в границах участка. Почтовый адрес ориентира: Российская Федерация, Республика Татарстан (Татарстан), м.р-н Лаишевский, с.п. Габишевское, с Габишево, ул Приозерная, з/у 12.",,Индивидуальное жилищное строительство,ДРУГОЕ,0,нет,16:24:210101,2034110.12,1702.1842,,,,,да,нет,нет,нет,нет,нет,нет,да,55.60765429478513,49.14460720837542
16:24:210101:226,1155.0,Земли населенных пунктов,Ранее учтенный,"Местоположение установлено относительно ориентира, расположенного в границах участка. Почтовый адрес ориентира: Российская Федерация, Республика Татарстан (Татарстан), м.р-н Лаишевский, с.п. Габишевское, с Габишево, ул Приволжская, з/у 33.",Частная,Индивидуальное жилищное строительство,ДРУГОЕ,0,нет,16:24:210101,2055862.69,1779.9677,,,,,нет,нет,нет,нет,нет,нет,нет,да,55.608972480091914,49.140644130284755
16:24:210101:2182,1000.0,Земли населенных пунктов,Учтенный,"Местоположение установлено относительно ориентира, расположенного в границах участка. Почтовый адрес ориентира: Российская Федерация, Республика Татарстан (Татарстан), м.р-н Лаишевский, с.п. Габишевское, с Габишево, ул им Мусы Джалиля, з/у 35.",Частная,Для индивидуального жилищного строительства,ИЖС,0,нет,16:24:210101,1737811.3,1737.8113,,,,,нет,да,нет,нет,нет,да,нет,да,55.60862290685113,49.13742762342834
16:24:210101:145,1554.0,Земли населенных пунктов,Ранее учтенный,"Местоположение установлено относительно ориентира, расположенного в границах участка. Почтовый адрес ориентира: Российская Федерация, Республика Татарстан (Татарстан), м.р-н Лаишевский, с.п. Габишевское, с Габишево, ул Тукая, з/у 21.",Частная,индивидуальное жилищное строительство,ДРУГОЕ,0,нет,16:24:210101,3217725.61,2070.6085,,,,,нет,нет,нет,нет,нет,нет,нет,да,55.61186766994609,49.13117100656493
16:24:210101:898,959.0,Земли населенных пунктов,Учтенный,"Местоположение установлено относительно ориентира, расположенного в границах участка. Почтовый адрес ориентира: Российская Федерация, Республика Татарстан (Татарстан), м.р-н Лаишевский, с.п. Габишевское, с Габишево, ул Береговая, з/у 13.",Частная,Для малоэтажного жилищного строительства,ДРУГОЕ,0,нет,16:24:210101,1486577.83,1550.1333,,,,,нет,нет,нет,нет,нет,нет,нет,да,55.61103788927811,49.1507239571878
16:24:210101:2505,36.0,Земли населенных пунктов,Учтенный,"Местоположение установлено относительно ориентира, расположенного в границах участка. Почтовый адрес ориентира: Республика Татарстан, Лаишевский муниципальный район, с Габишево.",Частная,под размещение индивидуальных гаражей,ДРУГОЕ,0,нет,16:24:210101,50758.23,1409.9508,,,,,нет,нет,нет,нет,нет,нет,нет,да,55.608314135968726,49.136541787056125
16:24:210101:1954,3631.0,Земли населенных пунктов,Учтенный,"Местоположение установлено относительно ориентира, расположенного в границах участка. Почтовый адрес ориентира: Российская Федерация, Республика Татарстан (Татарстан), м.р-н Лаишевский, с.п. Габишевское, с Габишево, ул Ленинская, з/у 8А.",Частная,Под строительство многоквартирного 3-х этажного жилого дома,ЖИЛОЙ,0,нет,16:24:210101,4347517.94,1197.3335,,,,,нет,нет,нет,нет,нет,да,нет,да,55.611422595829346,49.14508334301239
16:24:210101:96,1135.0,Земли населенных пунктов,Ранее учтенный,"Местоположение установлено относительно ориентира, расположенного в границах участка. Почтовый адрес ориентира: Российская Федерация, Республика Татарстан (Татарстан), м.р-н Лаишевский, с.п. Габишевское, с Габишево, ул им Мусы Джалиля, з/у 21.",Частная,Под жилую застройку Индивидуальную,ДРУГОЕ,0,нет,16:24:210101,2156177.77,1899.7161,,,,,нет,нет,нет,нет,нет,нет,нет,да,55.61050452025875,49.13699990186899
16:24:210101:67,1893.0,Земли населенных пунктов,Ранее учтенный,"Местоположение установлено относительно ориентира, расположенного в границах участка. Почтовый адрес ориентира: Российская Федерация, Республика Татарстан (Татарстан), м.р-н Лаишевский, с.п. Габишевское, с Габишево, пр-кт Молодежный, з/у 15.",,Ведение личного подсобного хозяйства,ЛПХ,0,нет,16:24:210101,3823042.41,2019.5681,,,,,да,нет,нет,нет,да,да,нет,да,55.61225371765052,49.13431866863557
16:24:210101:703,,Земли населенных пунктов,Ранее учтенный,"Российская Федерация, Республика Татарстан (Татарстан), м.р-н Лаишевский, с.п. Габишевское, с Габишево, ул Яблоневая, з/у 8",Частная,Индивидуальное жилищное строительство,ДРУГОЕ,0,нет,16:24:210101,1961019.3,1961.0193,,,,,нет,нет,нет,нет,нет,нет,нет,да,55.61137740842249,49.12880088926096
16:24:210101:45,1472.0,Земли населенных пунктов,Учтенный,"Российская Федерация, Республика Татарстан (Татарстан), м.р-н Лаишевский, с.п. Габишевское, с Габишево, пр-кт Молодежный, з/у 28",,Индивидуальное жилищное строительство,ДРУГОЕ,0,нет,16:24:210101,2928608.03,1989.5435,,,,,да,нет,нет,нет,нет,нет,нет,да,55.61309527432019,49.136565514287724
16:24:210101:349,1424.0,Земли населенных пунктов,Ранее учтенный,"Местоположение установлено относительно ориентира, расположенного в границах участка. Почтовый адрес ориентира: Российская Федерация, Республика Татарстан (Татарстан), м.р-н Лаишевский, с.п. Габишевское, с Габишево, ул Казанская, з/у 9.",,Индивидуальное жилищное строительство,ДРУГОЕ,0,нет,16:24:000000,2315698.26,1626.1926,,,,,да,нет,нет,нет,нет,нет,нет,да,55.605565132902925,49.14504255623191
16:24:210101:2676,591.0,Земли населенных пунктов,Учтенный,"Местоположение установлено относительно ориентира, расположенного в границах участка. Почтовый адрес ориентира: Республика Татарстан, Лаишевский муниципальный район, Габишевское сельское поселение, с Габишево, ул. Тукая.",Частная,Для индивидуального жилищного строительства,ИЖС,0,нет,16:24:210101,1127664.41,1908.0616,,,,,нет,да,нет,нет,нет,да,нет,да,55.61106460373227,49.13124642462967
16:24:210101:289,1021.0,Земли населенных пунктов,Ранее учтенный,"Местоположение установлено относительно ориентира, расположенного в границах участка. Почтовый адрес ориентира: Российская Федерация, Республика Татарстан (Татарстан), м.р-н Лаишевский, с.п. Габишевское, с Габишево, ул Приозерная, з/у 20.",Частная,Под жилую застройку Индивидуальную,ДРУГОЕ,0,нет,16:24:210101,1751507.94,1715.4828,,,,,нет,нет,нет,нет,нет,нет,нет,да,55.607806035154375,49.14306870688605
16:24:210101:2560,500.0,Земли населенных пунктов,Учтенный,"Местоположение установлено относительно ориентира, расположенного в границах участка. Почтовый адрес ориентира: Российская Федерация, Республика Татарстан (Татарстан), м.р-н Лаишевский, с.п. Габишевское, с Габишево, ул Вахитовская, з/у 29А.",Частная,Индивидуальное жилищное строительство,ДРУГОЕ,0,нет,16:24:210101,1008460.3,2016.9206,,,,,нет,нет,нет,нет,нет,нет,нет,да,55.61405623364806,49.13671533447526
16:24:210101:2441,701.0,Земли населенных пунктов,Учтенный,"Местоположение установлено относительно ориентира, расположенного в границах участка. Почтовый адрес ориентира: Российская Федерация, Республика Татарстан (Татарстан), м.р-н Лаишевский, с.п. Габишевское, с Габишево, ул Цветочная, з/у 3.",,Под малоэтажное жилищное строительство,ДРУГОЕ,0,нет,16:24:210101,1101059.3,1570.698,,,,,да,нет,нет,нет,нет,нет,нет,да,55.605481063372096,49.14781145496953
16:24:210101:2027,200.0,Земли населенных пунктов,Учтенный,"Местоположение установлено относительно ориентира, расположенного в границах участка. Почтовый адрес ориентира: Российская Федерация, Республика Татарстан (Татарстан), м.р-н Лаишевский, с.п. Габишевское, с Габишево, пр-кт Молодежный, з/у 2Б.",Частная,Под строительство аптеки,ДРУГОЕ,0,нет,16:24:210101,217391.26,1086.9563,,,,,нет,нет,нет,нет,нет,нет,нет,да,55.61200089832956,49.14489557210391
16:24:210101:2031,465.0,Земли населенных пунктов,Учтенный,"Местоположение установлено относительно ориентира, расположенного в границах участка. Почтовый адрес ориентира: Российская Федерация, Республика Татарстан (Татарстан), м.р-н Лаишевский, с.п. Габишевское, с Габишево, пр-кт Молодежный, з/у 11В.",Частная,для индивидуального жилищного строительства,ИЖС,0,нет,16:24:210101,920420.12,1979.3981,,,,,нет,да,нет,нет,нет,да,нет,да,55.61189237649727,49.135429089720574
16:24:210101:168,,Земли населенных пунктов,Ранее учтенный,"Местоположение установлено относительно ориентира, расположенного в границах участка. Почтовый адрес ориентира: Российская Федерация, Республика Татарстан (Татарстан), м.р-н Лаишевский, с.п. Габишевское, с Габишево, ул Тукая, з/у 24.",,Под жилую застройку Индивидуальную,ДРУГОЕ,0,нет,16:24:210101,1860610.47,1926.1,,,,,да,нет,нет,нет,нет,нет,нет,да,55.61120903433732,49.13085430801345
16:24:210101:116,,Земли населенных пунктов,Ранее учтенный,"Местоположение установлено относительно ориентира, расположенного в границах участка. Почтовый адрес ориентира: Российская Федерация, Республика Татарстан (Татарстан), м.р-н Лаишевский, с.п. Габишевское, с Габишево, ул Солнечная, з/у 3.",,Индивидуальное жилищное строительство,ДРУГОЕ,0,нет,16:24:210101,2432884.32,2027.4036,,,,,да,нет,нет,нет,нет,нет,нет,да,55.61373072929735,49.13548162006735
16:24:210101:106,1228.0,Земли населенных пунктов,Ранее учтенный,"Местоположение установлено относительно ориентира, расположенного в границах участка. Почтовый адрес ориентира: Российская Федерация, Республика Татарстан (Татарстан), м.р-н Лаишевский, с.п. Габишевское, с Габишево, ул им Мусы Джалиля, з/у 12.",,Для индивидуального жилищного строительства,ИЖС,0,нет,16:24:210101,2358821.36,1920.8643,,,,,да,да,нет,нет,нет,да,нет,да,55.61053526514973,49.135896748882935
16:24:090704:932,1081.0,Земли населенных пунктов,Учтенный,"Местоположение установлено относительно ориентира, расположенного в границах участка. Почтовый адрес ориентира: Российская Федерация, Республика Татарстан (Татарстан), м.р-н Лаишевский, с.п. Габишевское, с Габишево, ул Изумрудная, з/у 9.",Частная,"земельные участки, предназначенные для размещения домов индивидуальной жилой застройки",ЖИЛОЙ,0,нет,16:24:090704,1982757.23,1834.188,,,,,нет,нет,нет,нет,нет,да,нет,да,55.608679176148755,49.12593866710187
16:24:090704:2144,500.0,Земли населенных пунктов,Учтенный,"Местоположение установлено относительно ориентира, расположенного в границах участка. Почтовый адрес ориентира: Российская Федерация, Республика Татарстан (Татарстан), м.р-н Лаишевский, с.п. Габишевское, с Габишево, ул Зеленая, з/у 1.",Частная,"земельные участки, предназначенные для размещения домов индивидуальной жилой застройки",ЖИЛОЙ,0,нет,16:24:090704,743510.55,1487.0211,,,,,нет,нет,нет,нет,нет,да,нет,да,55.60365265787415,49.13929865776058
16:24:090704:1894,496.0,Земли населенных пунктов,Учтенный,"Местоположение установлено относительно ориентира, расположенного в границах участка. Почтовый адрес ориентира: Российская Федерация, Республика Татарстан (Татарстан), м.р-н Лаишевский, с.п. Габишевское, с Габишево, ул Александра Сергеева, з/у 74А.",Частная,"земельные участки, предназначенные для размещения домов индивидуальной жилой застройки",ЖИЛОЙ,0,нет,16:24:090704,792093.3,1596.9623,,,,,нет,нет,нет,нет,нет,да,нет,да,55.60747068321748,49.13428375482322
16:24:090704:1924,526.0,Земли населенных пунктов,Учтенный,"Местоположение установлено относительно ориентира, расположенного в границах участка. Почтовый адрес ориентира: Российская Федерация, Республика Татарстан (Татарстан), м.р-н Лаишевский, с.п. Габишевское, с Габишево, ул Васильковая, з/у 1.",Частная,"земельные участки, предназначенные для размещения домов индивидуальной жилой застройки",ЖИЛОЙ,0,нет,16:24:090704,794445.73,1510.3531,,,,,нет,нет,нет,нет,нет,да,нет,да,55.60448132323872,49.13583365217058
16:24:090704:1796,679.0,Земли населенных пунктов,Учтенный,"Местоположение установлено относительно ориентира, расположенного в границах участка. Почтовый адрес ориентира: Российская Федерация, Республика Татарстан (Татарстан), м.р-н Лаишевский, с.п. Габишевское, с Габишево, ул Алексея Малышева, з/у 61.",Частная,"земельные участки, предназначенные для размещения домов индивидуальной жилой застройки",ЖИЛОЙ,0,нет,16:24:090704,1035168.64,1524.5488,,,,,нет,нет,нет,нет,нет,да,нет,да,55.60472835671876,49.13648531690169
16:24:090704:1665,500.0,Земли населенных пунктов,Учтенный,"Местоположение установлено относительно ориентира, расположенного в границах участка. Почтовый адрес ориентира: Российская Федерация, Республика Татарстан (Татарстан), м.р-н Лаишевский, с.п. Габишевское, с Габишево, ул Ивана Матвеева, з/у 13А.",Частная,"Земельные участки, предназначенные для размещения домов индивидуальной жилой застройки",ЖИЛОЙ,0,нет,16:24:090704,778342.9,1556.6858,,,,,нет,нет,нет,нет,нет,да,нет,да,55.60406087624542,49.146058547139205
16:24:090704:1149,999.0,Земли населенных пунктов,Учтенный,"Местоположение установлено относительно ориентира, расположенного в границах участка. Почтовый адрес ориентира: Российская Федерация, Республика Татарстан (Татарстан), м.р-н Лаишевский, с.п. Габишевское, с Габишево, ул Ивана Матвеева, з/у 3.",,"земельные участки, предназначенные для размещения домов индивидуальной жилой застройки",ЖИЛОЙ,0,нет,16:24:090704,1491896.51,1493.3899,,,,,да,нет,нет,нет,нет,да,нет,да,55.60384787597864,49.14827296975035
16:24:210101:339,1503.0,Земли населенных пунктов,Ранее учтенный,"Местоположение установлено относительно ориентира, расположенного в границах участка. Почтовый адрес ориентира: Российская Федерация, Республика Татарстан (Татарстан), м.р-н Лаишевский, с.п. Габишевское, с Габишево, ул Казанская, з/у 12.",,Для индивидуального жилищного строительства,ИЖС,0,нет,16:24:210101,2480357.46,1650.2711,,,,,да,да,нет,нет,нет,да,нет,да,55.60637177396383,49.14497131220808
16:24:210101:794,769.0,Земли населенных пунктов,Ранее учтенный,"Местоположение установлено относительно ориентира, расположенного в границах участка. Почтовый адрес ориентира: Российская Федерация, Республика Татарстан (Татарстан), м.р-н Лаишевский, с.п. Габишевское, с Габишево, ул Ленинская, з/у 30.",,Индивидуальное жилищное строительство,ДРУГОЕ,0,нет,16:24:210101,1369816.78,1781.2962,,,,,да,нет,нет,нет,нет,нет,нет,да,55.60837307560723,49.13855542526111
16:24:210101:691,1258.0,Земли населенных пунктов,Ранее учтенный,"Местоположение установлено относительно ориентира, расположенного в границах участка. Почтовый адрес ориентира: Российская Федерация, Республика Татарстан (Татарстан), м.р-н Лаишевский, с.п. Габишевское, с Габишево, ул Казанская, з/у 9А.",,Индивидуальное жилищное строительство,ДРУГОЕ,0,нет,16:24:000000,2067275.8,1643.3035,,,,,да,нет,нет,нет,нет,нет,нет,да,55.605609191477164,49.14473618860832
16:24:210101:551,,Земли населенных пунктов,Ранее учтенный,"Местоположение установлено относительно ориентира, расположенного в границах участка. Почтовый адрес ориентира: Российская Федерация, Республика Татарстан (Татарстан), м.р-н Лаишевский, с.п. Габишевское, с Габишево, тер. ГПК Вахитовская, з/у 551Г.",Муниципальная, размещение гаражей для собственных нужд,ДРУГОЕ,0,нет,16:24:210101,39188.98,1567.56,,,,,да,нет,нет,нет,нет,нет,нет,да,55.6130324694884,49.1424783252578
16:24:210101:524,26.0,Земли населенных пунктов,Ранее учтенный,"Местоположение установлено относительно ориентира, расположенного в границах участка. Почтовый адрес ориентира: Российская Федерация, Республика Татарстан (Татарстан), м.р-н Лаишевский, с.п. Габишевское, с Габишево, тер. ГПК Вахитовская, з/у 524Г.",Муниципальная,объекты гаражного назначения,ДРУГОЕ,0,нет,16:24:210101,40355.9,1552.15,,,,,да,нет,нет,нет,нет,нет,нет,да,55.613181843330246,49.14279695211566
16:24:210101:332,1196.0,Земли населенных пунктов,Ранее учтенный,"Местоположение установлено относительно ориентира, расположенного в границах участка. Почтовый адрес ориентира: Российская Федерация, Республика Татарстан (Татарстан), м.р-н Лаишевский, с.п. Габишевское, с Габишево, ул Казанская, з/у 26.",,Под жилую застройку Индивидуальную,ДРУГОЕ,0,нет,16:24:210101,2007581.56,1678.5799,,,,,да,нет,нет,нет,нет,нет,нет,да,55.606620929615005,49.14239300615507
16:24:210101:3045,1000.0,Земли населенных пунктов,Учтенный,"Местоположение установлено относительно ориентира, расположенного в границах участка. Почтовый адрес ориентира: Республика Татарстан, Лаишевский муниципальный район, Габишевское сельское поселение, с Габишево, ул. Советская.",Частная,для индивидуального жилищного строительства,ИЖС,0,нет,16:24:210101,1656432.6,1656.4326,,,,,нет,да,нет,нет,нет,да,нет,да,55.60984988555773,49.14525089190791
16:24:210101:237,656.0,Земли населенных пунктов,Ранее учтенный,"Местоположение установлено относительно ориентира, расположенного в границах участка. Почтовый адрес ориентира: Российская Федерация, Республика Татарстан (Татарстан), м.р-н Лаишевский, с.п. Габишевское, с Габишево, ул Ленинская, з/у 13/1.",,Под жилую застройку Индивидуальную,ДРУГОЕ,0,нет,16:24:210101,1082940.81,1650.82,,,,,да,нет,нет,нет,нет,нет,нет,да,55.61023646735068,49.14431070429613
16:24:210101:140,993.0,Земли населенных пунктов,Ранее учтенный,"Местоположение установлено относительно ориентира, расположенного в границах участка. Почтовый адрес ориентира: Российская Федерация, Республика Татарстан (Татарстан), м.р-н Лаишевский, с.п. Габишевское, с Габишево, ул Яблоневая, з/у 12.",,Для индивидуального жилищного строительства,ИЖС,0,нет,16:24:210101,1995753.15,2009.8219,,,,,да,да,нет,нет,нет,да,нет,да,55.6119250247621,49.12904799266927
16:24:210101:109,1251.0,Земли населенных пунктов,Ранее учтенный,"Местоположение установлено относительно ориентира, расположенного в границах участка. Почтовый адрес ориентира: Российская Федерация, Республика Татарстан (Татарстан), м.р-н Лаишевский, с.п. Габишевское, с Габишево, ул им Мусы Джалиля, з/у 6.",,Индивидуальное жилищное строительство,ДРУГОЕ,0,нет,16:24:210101,2498867.75,1997.4962,,,,,да,нет,нет,нет,нет,нет,нет,да,55.61344390865675,49.13644642205438
16:24:090704:2015,562.0,Земли населенных пунктов,Учтенный,"Местоположение установлено относительно ориентира, расположенного в границах участка. Почтовый адрес ориентира: Российская Федерация, Республика Татарстан (Татарстан), м.р-н Лаишевский, с.п. Габишевское, с Габишево, ул Алексея Малышева, з/у 107.",Частная,"земельные участки, предназначенные для размещения домов индивидуальной жилой застройки",ЖИЛОЙ,0,нет,16:24:090704,994570.73,1769.6988,,,,,нет,нет,нет,нет,нет,да,нет,да,55.60884374973368,49.12877441022721
16:24:090704:1838,500.0,Земли населенных пунктов,Учтенный,"Местоположение установлено относительно ориентира, расположенного в границах участка. Почтовый адрес ориентира: Российская Федерация, Республика Татарстан (Татарстан), м.р-н Лаишевский, с.п. Габишевское, с Габишево, ул Вишневая, з/у 2А.",Частная,"зземельные участки, предназначенные для размещения домов индивидуальной жилой застройки",ЖИЛОЙ,0,нет,16:24:090704,752879.75,1505.7595,,,,,нет,нет,нет,нет,нет,да,нет,да,55.60361624651669,49.13960920692102
16:24:090704:1565,732.0,Земли населенных пунктов,Учтенный,"Местоположение установлено относительно ориентира, расположенного в границах участка. Почтовый адрес ориентира: Российская Федерация, Республика Татарстан (Татарстан), м.р-н Лаишевский, с.п. Габишевское, с Габишево, ул Александра Сергеева, з/у 40.",Частная,Для индивидуальной жилой застройки,ДРУГОЕ,0,нет,16:24:090704,1162008.72,1587.4436,,,,,нет,нет,нет,нет,нет,нет,нет,да,55.605253223212856,49.1404597649623
16:24:090704:1216,986.0,Земли населенных пунктов,Учтенный,"Местоположение установлено относительно ориентира, расположенного в границах участка. Почтовый адрес ориентира: Российская Федерация, Республика Татарстан (Татарстан), м.р-н Лаишевский, с.п. Габишевское, с Габишево, ул Ивана Матвеева, з/у 77.",,"земельные участки, предназначенные для размещения домов индивидуальной жилой застройки",ЖИЛОЙ,0,нет,16:24:090704,1578250.66,1600.6599,,,,,да,нет,нет,нет,нет,да,нет,да,55.607235761600634,49.13398634572721
16:24:210101:338,,Земли населенных пунктов,Ранее учтенный,"Местоположение установлено относительно ориентира, расположенного в границах участка. Почтовый адрес ориентира: Российская Федерация, Республика Татарстан (Татарстан), м.р-н Лаишевский, с.п. Габишевское, с Габишево, ул Казанская, з/у 14.",Частная,Под жилую застройку Индивидуальную,ДРУГОЕ,0,нет,16:24:210101,2371303.81,1660.58,,,,,нет,нет,нет,нет,нет,нет,нет,да,55.60630769973925,49.144551681203936
16:24:210101:776,999.0,Земли населенных пунктов,Ранее учтенный,"Местоположение установлено относительно ориентира, расположенного в границах участка. Почтовый адрес ориентира: Российская Федерация, Республика Татарстан (Татарстан), м.р-н Лаишевский, с.п. Габишевское, с Габишево, ул Вахитовская, з/у 40.",,Индивидуальное жилищное строительство,ДРУГОЕ,0,нет,16:24:210101,2138560.9,2140.7016,,,,,да,нет,нет,нет,нет,нет,нет,да,55.61515511894174,49.133789025796986
16:24:090704:1084,980.0,Земли населенных пунктов,Учтенный,"Местоположение установлено относительно ориентира, расположенного в границах участка. Почтовый адрес ориентира: Российская Федерация, Республика Татарстан (Татарстан), м.р-н Лаишевский, с.п. Габишевское, с Габишево, ул Александра Сергеева, з/у 37.",Частная,"земельные участки, предназначенные для размещения домов индивидуальной жилой застройки",ЖИЛОЙ,0,нет,16:24:090704,1655022.92,1688.7989,,,,,нет,нет,нет,нет,нет,да,нет,да,55.6056368474642,49.14168150507338
16:24:090704:1992,667.0,Земли населенных пунктов,Учтенный,"Местоположение установлено относительно ориентира, расположенного в границах участка. Почтовый адрес ориентира: Российская Федерация, Республика Татарстан (Татарстан), м.р-н Лаишевский, с.п. Габишевское, с Габишево, ул Александра Сергеева, з/у 10.",Частная,"земельные участки, предназначенные для размещения домов индивидуальной жилой застройки",ЖИЛОЙ,0,нет,16:24:090704,1031806.98,1546.937,,,,,нет,нет,нет,нет,нет,да,нет,да,55.60441273343747,49.14721071666371
16:24:090704:1264,1076.0,Земли населенных пунктов,Учтенный,"Местоположение установлено относительно ориентира, расположенного в границах участка. Почтовый адрес ориентира: Российская Федерация, Республика Татарстан (Татарстан), м.р-н Лаишевский, с.п. Габишевское, с Габишево, ул Алексея Малышева, з/у 63.",Частная,"земельные участки, предназначенные для размещения домов индивидуальной жилой застройки",ЖИЛОЙ,0,нет,16:24:090704,1640414.51,1524.5488,,,,,нет,нет,нет,нет,нет,да,нет,да,55.60493398828563,49.13605024845129
16:24:090704:1203,1005.0,Земли населенных пунктов,Учтенный,"Местоположение установлено относительно ориентира, расположенного в границах участка. Почтовый адрес ориентира: Российская Федерация, Республика Татарстан (Татарстан), м.р-н Лаишевский, с.п. Габишевское, с Габишево, ул Моховая, з/у 5.",,"земельные участки, предназначенные для размещения домов индивидуальной жилой застройки",ЖИЛОЙ,0,нет,16:24:090704,1374720.61,1367.8812,,,,,да,нет,нет,нет,нет,да,нет,да,55.602008951887264,49.149014460790724
16:24:090704:3345,500.0,Земли населенных пунктов,Учтенный,"Местоположение установлено относительно ориентира, расположенного в границах участка. Почтовый адрес ориентира: Российская Федерация, Республика Татарстан, Лаишевский муниципальный район, Габишевское сельское поселение, с Габишево, ул. Александра Сергеева.",Частная,"земельные участки, предназначенные для размещения домов индивидуальной жилой застройки",ЖИЛОЙ,0,нет,16:24:090704,827545.35,1655.0907,,,,,нет,нет,нет,нет,нет,да,нет,да,55.60513592721677,49.141599079439985
16:24:090704:2586,701.0,Земли населенных пунктов,Учтенный,"Местоположение установлено относительно ориентира, расположенного в границах участка. Почтовый адрес ориентира: Российская Федерация, Республика Татарстан (Татарстан), м.р-н Лаишевский, с.п. Габишевское, с Габишево, ул Рябиновая, з/у 4.",Частная,"земельные участки, предназначенные для размещения домов индивидуальной жилой застройки",ЖИЛОЙ,0,нет,16:24:090704,1081538.13,1542.8504,,,,,нет,нет,нет,нет,нет,да,нет,да,55.60708377881512,49.130580057245
16:24:090704:2672,666.0,Земли населенных пунктов,Учтенный,"Местоположение установлено относительно ориентира, расположенного в границах участка. Почтовый адрес ориентира: Российская Федерация, Республика Татарстан (Татарстан), м.р-н Лаишевский, с.п. Габишевское, с Габишево, ул Алексея Малышева, з/у 11.",Частная,"земельные участки, предназначенные для размещения домов индивидуальной жилой застройки",ЖИЛОЙ,0,нет,16:24:090704,1001440.29,1503.6641,,,,,нет,нет,нет,нет,нет,да,нет,да,55.60322548758501,49.146776255338395
16:24:090704:1835,600.0,Земли населенных пунктов,Учтенный,"Местоположение установлено относительно ориентира, расположенного в границах участка. Почтовый адрес ориентира: Российская Федерация, Республика Татарстан (Татарстан), м.р-н Лаишевский, с.п. Габишевское, с Габишево, ул Ивана Матвеева, з/у 36А.",Частная,"земельные участки, предназначенные для размещения домов индивидуальной жилой застройки",ЖИЛОЙ,0,нет,16:24:090704,971164.08,1618.6068,,,,,нет,нет,нет,нет,нет,да,нет,да,55.604186894430214,49.141610760422246
16:24:090704:1837,500.0,Земли населенных пунктов,Учтенный,"Местоположение установлено относительно ориентира, расположенного в границах участка. Почтовый адрес ориентира: Российская Федерация, Республика Татарстан (Татарстан), м.р-н Лаишевский, с.п. Габишевское, с Габишево, ул Вишневая, з/у 2.",Частная,"зземельные участки, предназначенные для размещения домов индивидуальной жилой застройки",ЖИЛОЙ,0,нет,16:24:090704,756790.95,1513.5819,,,,,нет,нет,нет,нет,нет,да,нет,да,55.60357983426276,49.13991988242863
16:24:090704:1805,678.0,Земли населенных пунктов,Учтенный,"Местоположение установлено относительно ориентира, расположенного в границах участка. Почтовый адрес ориентира: Российская Федерация, Республика Татарстан (Татарстан), м.р-н Лаишевский, с.п. Габишевское, с Габишево, ул Алексея Малышева, з/у 47.",Частная,"земельные участки, предназначенные для размещения домов индивидуальной жилой застройки",ЖИЛОЙ,0,нет,16:24:090704,1012456.32,1493.2984,,,,,нет,нет,нет,нет,нет,да,нет,да,55.60414387998352,49.1386303121815
16:24:090704:2839,561.0,Земли населенных пунктов,Учтенный,"Местоположение установлено относительно ориентира, расположенного в границах участка. Почтовый адрес ориентира: Российская Федерация, Республика Татарстан (Татарстан), м.р-н Лаишевский, с.п. Габишевское, с Габишево, ул Васильковая, з/у 7А.",Частная,"земельные участки, предназначенные для размещения домов индивидуальной жилой застройки",ЖИЛОЙ,0,нет,16:24:090704,822825.71,1466.7125,,,,,нет,нет,нет,нет,нет,да,нет,да,55.60398552970735,49.13495828705116
16:24:090704:2083,660.0,Земли населенных пунктов,Учтенный,"Местоположение установлено относительно ориентира, расположенного в границах участка. Почтовый адрес ориентира: Российская Федерация, Республика Татарстан (Татарстан), м.р-н Лаишевский, с.п. Габишевское, с Габишево, ул Ивана Матвеева, з/у 32.",Частная,"Земельные участки, предназначенные для размещения домов индивидуальной жилой застройки",ЖИЛОЙ,0,нет,16:24:090704,1067938.54,1618.0887,,,,,нет,нет,нет,нет,нет,да,нет,да,55.604101094555595,49.14243731065093
16:24:090704:1953,521.0,Земли населенных пунктов,Учтенный,"Местоположение установлено относительно ориентира, расположенного в границах участка. Почтовый адрес ориентира: Российская Федерация, Республика Татарстан (Татарстан), м.р-н Лаишевский, с.п. Габишевское, с Габишево, ул Луговая, з/у 2.",Частная,"земельные участки, предназначенные для размещения домов индивидуальной жилой застройки",ЖИЛОЙ,0,нет,16:24:090704,816378.14,1566.9446,,,,,нет,нет,нет,нет,нет,да,нет,да,55.60656807309452,49.1319768657312
16:24:090704:1906,518.0,Земли населенных пунктов,Учтенный,"Местоположение установлено относительно ориентира, расположенного в границах участка. Почтовый адрес ориентира: Российская Федерация, Республика Татарстан (Татарстан), м.р-н Лаишевский, с.п. Габишевское, с Габишево, ул Веселая, з/у 1.",Частная,"земельные участки, предназначенные для размещения домов индивидуальной жилой застройки",ЖИЛОЙ,0,нет,16:24:090704,799740.36,1543.9003,,,,,нет,нет,нет,нет,нет,да,нет,да,55.60564790371633,49.13362669407184
16:24:090704:1783,509.0,Земли населенных пунктов,Учтенный,"Местоположение установлено относительно ориентира, расположенного в границах участка. Почтовый адрес ориентира: Российская Федерация, Республика Татарстан (Татарстан), м.р-н Лаишевский, с.п. Габишевское, с Габишево, ул Алексея Малышева, з/у 41А.",Частная,"земельные участки, предназначенные для размещения домов индивидуальной жилой застройки",ЖИЛОЙ,0,нет,16:24:090704,770175.94,1513.1158,,,,,нет,нет,нет,нет,нет,да,нет,да,55.603911298596095,49.13998839813796
16:24:090704:1094,1083.0,Земли населенных пунктов,Учтенный,"Местоположение установлено относительно ориентира, расположенного в границах участка. Почтовый адрес ориентира: Российская Федерация, Республика Татарстан (Татарстан), м.р-н Лаишевский, с.п. Габишевское, с Габишево, ул Алексея Малышева, з/у 91.",Государственная субъекта РФ,Для индивидуального жилищного строительства,ИЖС,0,нет,16:24:090704,1720678.09,1588.8071,,,,,да,да,нет,нет,нет,да,нет,да,55.607430102324294,49.13148749333615
16:24:210101:156,1385.0,Земли населенных пунктов,Ранее учтенный,"Местоположение установлено относительно ориентира, расположенного в границах участка. Почтовый адрес ориентира: Российская Федерация, Республика Татарстан (Татарстан), м.р-н Лаишевский, с.п. Габишевское, с Габишево, ул Тукая, з/у 2.",Частная,Под жилую застройку Индивидуальную,ДРУГОЕ,0,нет,16:24:210101,2600094.57,1877.3246,,,,,нет,нет,нет,нет,нет,нет,нет,да,55.610813769663004,49.13811933727053
16:24:090704:2596,697.0,Земли населенных пунктов,Учтенный,"Местоположение установлено относительно ориентира, расположенного в границах участка. Почтовый адрес ориентира: Российская Федерация, Республика Татарстан, Лаишевский муниципальный район, Габишевское сельское поселение, с Габишево, ул. Веселая.",Частная,"Земельные участки, предназначенные для размещения домов индивидуальной жилой застройки",ЖИЛОЙ,0,нет,16:24:090704,1056685.04,1516.0474,,,,,нет,нет,нет,нет,нет,да,нет,да,55.60523500824776,49.131415483809675
16:24:090704:2014,565.0,Земли населенных пунктов,Учтенный,"Местоположение установлено относительно ориентира, расположенного в границах участка. Почтовый адрес ориентира: Российская Федерация, Республика Татарстан (Татарстан), м.р-н Лаишевский, с.п. Габишевское, с Габишево, ул Алексея Малышева, з/у 107А.",Частная,"земельные участки, предназначенные для размещения домов индивидуальной жилой застройки",ЖИЛОЙ,0,нет,16:24:090704,999879.82,1769.6988,,,,,нет,нет,нет,нет,нет,да,нет,да,55.60902338343781,49.128976432109326
16:24:090704:1931,518.0,Земли населенных пунктов,Учтенный,"Местоположение установлено относительно ориентира, расположенного в границах участка. Почтовый адрес ориентира: Российская Федерация, Республика Татарстан (Татарстан), м.р-н Лаишевский, с.п. Габишевское, с Габишево, ул Южная, з/у 1А.",Частная,"земельные участки, предназначенные для размещения домов индивидуальной жилой застройки",ЖИЛОЙ,0,нет,16:24:090704,750188.84,1448.241,,,,,нет,нет,нет,нет,нет,да,нет,да,55.60406699965849,49.13677966246444
16:24:090704:1799,794.0,Земли населенных пунктов,Учтенный,"Местоположение установлено относительно ориентира, расположенного в границах участка. Почтовый адрес ориентира: Российская Федерация, Республика Татарстан (Татарстан), м.р-н Лаишевский, с.п. Габишевское, с Габишево, ул Алексея Малышева, з/у 57.",Частная,"земельные участки, предназначенные для размещения домов индивидуальной жилой застройки",ЖИЛОЙ,0,нет,16:24:090704,1191835.37,1501.0521,,,,,нет,нет,нет,нет,нет,да,нет,да,55.60438649510486,49.137051029829394
16:24:090704:1144,1601.0,Земли населенных пунктов,Учтенный,"Местоположение установлено относительно ориентира, расположенного в границах участка. Почтовый адрес ориентира: Российская Федерация, Республика Татарстан (Татарстан), м.р-н Лаишевский, с.п. Габишевское, с Габишево, пер Светлый, з/у 3.",,"земельные участки, предназначенные для размещения домов индивидуальной жилой застройки",ЖИЛОЙ,0,нет,16:24:090704,2838337.33,1772.8528,,,,,да,нет,нет,нет,нет,да,нет,да,55.609115247739894,49.12921109549796
16:24:210101:694,1000.0,Земли населенных пунктов,Ранее учтенный,"Местоположение установлено относительно ориентира, расположенного в границах участка. Почтовый адрес ориентира: Российская Федерация, Республика Татарстан (Татарстан), м.р-н Лаишевский, с.п. Габишевское, с Габишево, ул Тукая, з/у 30.",Частная,Для индивидуального жилищного строительства,ИЖС,0,нет,16:24:210101,1916995.2,1916.9952,,,,,нет,да,нет,нет,нет,да,нет,да,55.61131274645292,49.12797724567965
16:24:210101:636,209.0,Земли населенных пунктов,Ранее учтенный,"Местоположение установлено относительно ориентира, расположенного в границах участка. Почтовый адрес ориентира: Российская Федерация, Республика Татарстан (Татарстан), м.р-н Лаишевский, с.п. Габишевское, с Габишево, ул Тукая, з/у 8А.",Муниципальная,Под размещение насосной станции,ДРУГОЕ,0,нет,16:24:210101,148325.38,709.69,,,,,да,нет,нет,нет,нет,нет,нет,да,55.61115069416652,49.13411288756907
16:24:210101:488,37.0,Земли населенных пунктов,Ранее учтенный,"Местоположение установлено относительно ориентира, расположенного в границах участка. Почтовый адрес ориентира: Российская Федерация, Республика Татарстан (Татарстан), м.р-н Лаишевский, с.п. Габишевское, с Габишево, тер. ГПК Октябрьская, з/у 488Г.",Частная,Для размещения гаража,ДРУГОЕ,0,нет,16:24:210101,60941.75,1647.0744,,,,,нет,нет,нет,нет,нет,нет,нет,да,55.61089307436617,49.138351988122224
16:24:210101:313,1476.0,Земли населенных пунктов,Ранее учтенный,"Местоположение установлено относительно ориентира, расположенного в границах участка. Почтовый адрес ориентира: Российская Федерация, Республика Татарстан (Татарстан), м.р-н Лаишевский, с.п. Габишевское, с Габишево, ул Приозерная, з/у 21.",,Индивидуальное жилищное строительство,ДРУГОЕ,0,нет,16:24:210101,2500493.52,1694.1013,,,,,да,нет,нет,нет,нет,нет,нет,да,55.60721178452714,49.14250932775639
16:24:210101:2499,30.0,Земли населенных пунктов,Учтенный,"Местоположение установлено относительно ориентира, расположенного в границах участка. Почтовый адрес ориентира: Российская Федерация, Республика Татарстан (Татарстан), м.р-н Лаишевский, с.п. Габишевское, с Габишево, тер. ГПК Семерка, з/у 2499Г.",,под размещение индивидуальных гаражей,ДРУГОЕ,0,нет,16:24:210101,42002.62,1400.0875,,,,,да,нет,нет,нет,нет,нет,нет,да,55.6082196468863,49.136839909941486
16:24:210101:246,1299.0,Земли населенных пунктов,Ранее учтенный,"Местоположение установлено относительно ориентира, расположенного в границах участка. Почтовый адрес ориентира: Российская Федерация, Республика Татарстан (Татарстан), м.р-н Лаишевский, с.п. Габишевское, с Габишево, ул Ленинская, з/у 27.",,Индивидуальное жилищное строительство,ДРУГОЕ,0,нет,16:24:210101,2320482.81,1786.36,,,,,да,нет,нет,нет,нет,нет,нет,да,55.60972394570855,49.14170646592912
16:24:210101:214,,Земли населенных пунктов,Ранее учтенный,"Местоположение установлено относительно ориентира, расположенного в границах участка. Почтовый адрес ориентира: Российская Федерация, Республика Татарстан (Татарстан), м.р-н Лаишевский, с.п. Габишевское, с Габишево, ул Приволжская, з/у 13/1.",,Под жилую застройку Индивидуальную,ДРУГОЕ,0,нет,16:24:210101,1203698.23,1719.5689,,,,,да,нет,нет,нет,нет,нет,нет,да,55.608205595202435,49.144441047383395
16:24:210101:159,1504.0,Земли населенных пунктов,Ранее учтенный,"Местоположение установлено относительно ориентира, расположенного в границах участка. Почтовый адрес ориентира: Российская Федерация, Республика Татарстан (Татарстан), м.р-н Лаишевский, с.п. Габишевское, с Габишево, ул Тукая, з/у 8.",,Для индивидуального жилищного строительства,ИЖС,0,нет,16:24:210101,2971870.76,1975.98,,,,,да,да,нет,нет,нет,да,нет,да,55.6110443001884,49.134432793930735
16:24:210101:620,1275.0,Земли населенных пунктов,Ранее учтенный,"Местоположение установлено относительно ориентира, расположенного в границах участка. Почтовый адрес ориентира: Российская Федерация, Республика Татарстан (Татарстан), м.р-н Лаишевский, с.п. Габишевское, с Габишево, ул Ленинская, з/у 34.",,для индивидуального жилищного строительства,ИЖС,0,нет,16:24:210101,2140981.91,1679.2015,,,,,да,да,нет,нет,нет,да,нет,да,55.60805818510505,49.13794623068488
16:24:210101:566,,Земли населенных пунктов,Ранее учтенный,"Местоположение установлено относительно ориентира, расположенного в границах участка. Почтовый адрес ориентира: Российская Федерация, Республика Татарстан (Татарстан), м.р-н Лаишевский, с.п. Габишевское, с Габишево, тер. ГПК Вахитовская, з/у 566Г.",Муниципальная, размещение гаражей для собственных нужд,ДРУГОЕ,0,нет,16:24:210101,35699.45,1552.15,,,,,да,нет,нет,нет,нет,нет,нет,да,55.61311079499821,49.14239392681043
16:24:210101:494,25.0,Земли населенных пунктов,Ранее учтенный,"Местоположение установлено относительно ориентира, расположенного в границах участка. Почтовый адрес ориентира: Российская Федерация, Республика Татарстан (Татарстан), м.р-н Лаишевский, с.п. Габишевское, с Габишево, тер. ГПК Молодежный, з/у 494Г.",,обслуживание автотранспорта,ТРАНСПОРТ,0,нет,16:24:210101,42344.81,1693.7924,,,,,да,нет,нет,нет,нет,нет,нет,да,55.61216405080385,49.139096207610756
16:24:210101:309,1457.0,Земли населенных пунктов,Ранее учтенный,"Местоположение установлено относительно ориентира, расположенного в границах участка. Почтовый адрес ориентира: Российская Федерация, Республика Татарстан (Татарстан), м.р-н Лаишевский, с.п. Габишевское, с Габишево, ул Приозерная, з/у 13.",Частная,Под жилую застройку Индивидуальную,ДРУГОЕ,0,нет,16:24:210101,2441290.92,1675.56,,,,,нет,нет,нет,нет,нет,нет,нет,да,55.60701766161707,49.14398069149682
16:24:210101:273,1391.0,Земли населенных пунктов,Ранее учтенный,"Местоположение установлено относительно ориентира, расположенного в границах участка. Почтовый адрес ориентира: Российская Федерация, Республика Татарстан (Татарстан), м.р-н Лаишевский, с.п. Габишевское, с Габишево, ул Московская, з/у 11.",,Индивидуальное жилищное строительство,ДРУГОЕ,0,нет,16:24:210101,2403020.1,1727.5486,,,,,да,нет,нет,нет,нет,нет,нет,да,55.60886270984262,49.14671146013138
16:24:210101:2628,539.0,Земли населенных пунктов,Учтенный,"Местоположение установлено относительно ориентира, расположенного в границах участка. Почтовый адрес ориентира: Российская Федерация, Республика Татарстан (Татарстан), м.р-н Лаишевский, с.п. Габишевское, с Габишево, ул Приволжская, з/у 6.",Частная,индивидуальная жилая застройка,ДРУГОЕ,0,нет,16:24:210101,927116.17,1720.0671,,,,,нет,нет,нет,нет,нет,нет,нет,да,55.6085203442635,49.14563981504467
16:24:210101:240,1035.0,Земли населенных пунктов,Ранее учтенный,"Местоположение установлено относительно ориентира, расположенного в границах участка. Почтовый адрес ориентира: Российская Федерация, Республика Татарстан (Татарстан), м.р-н Лаишевский, с.п. Габишевское, с Габишево, ул Ленинская, з/у 17.",Частная,для индивидуального жилищного строительства,ИЖС,0,нет,16:24:210101,1736202.56,1677.4904,,,,,нет,да,нет,нет,нет,да,нет,да,55.6104611028742,49.14316321859442
16:24:210101:201,,Земли населенных пунктов,Ранее учтенный,"Местоположение установлено относительно ориентира, расположенного в границах участка. Почтовый адрес ориентира: Российская Федерация, Республика Татарстан (Татарстан), м.р-н Лаишевский, с.п. Габишевское, с Габишево, ул Приволжская, з/у 4.",,Под жилую застройку Индивидуальную,ДРУГОЕ,0,нет,16:24:210101,2088263.9,1724.41,,,,,да,нет,нет,нет,нет,нет,нет,да,55.608483737667584,49.14640333926208
16:24:210101:181,1266.0,Земли населенных пунктов,Ранее учтенный,"Местоположение установлено относительно ориентира, расположенного в границах участка. Почтовый адрес ориентира: Российская Федерация, Республика Татарстан (Татарстан), м.р-н Лаишевский, с.п. Габишевское, с Габишево, ул Приволжская, з/у 34.",Частная,Под жилую застройку Индивидуальную,ДРУГОЕ,0,нет,16:24:210101,2491920.72,1968.3418,,,,,нет,нет,нет,нет,нет,нет,нет,да,55.610487000542825,49.13473784071603
16:24:210101:100,1407.0,Земли населенных пунктов,Ранее учтенный,"Местоположение установлено относительно ориентира, расположенного в границах участка. Почтовый адрес ориентира: Российская Федерация, Республика Татарстан (Татарстан), м.р-н Лаишевский, с.п. Габишевское, с Габишево, ул им Мусы Джалиля, з/у 29.",Частная,Под жилую застройку индивидуaльную,ДРУГОЕ,0,нет,16:24:210101,2496510.73,1774.3502,,,,,нет,нет,нет,нет,нет,нет,нет,да,55.60950324789004,49.136745738907265
16:24:210101:941,1131.0,Земли населенных пунктов,Учтенный,"Местоположение установлено относительно ориентира, расположенного в границах участка. Почтовый адрес ориентира: Российская Федерация, Республика Татарстан (Татарстан), м.р-н Лаишевский, с.п. Габишевское, с Габишево, ул Цветочная, з/у 7.",Частная,Под малоэтажное жилищное строительство,ДРУГОЕ,0,нет,16:24:210101,1719492.33,1520.3292,,,,,нет,нет,нет,нет,нет,нет,нет,да,55.60499104478932,49.149229760669265
16:24:210101:630,,Земли населенных пунктов,Ранее учтенный,"Местоположение установлено относительно ориентира, расположенного в границах участка. Почтовый адрес ориентира: Республика Татарстан, р-н. Лаишевский, с. Габишево.",Муниципальная,Размещение гаражей для собственных нужд,ДРУГОЕ,0,нет,16:24:210101,619042.22,1599.59,,,,,да,нет,нет,нет,нет,нет,нет,да,55.61008436032557,49.13839737817938
16:24:210101:3061,1615.0,Земли населенных пунктов,Учтенный,"Местоположение установлено относительно ориентира, расположенного в границах участка. Почтовый адрес ориентира: Российская Федерация, Республика Татарстан (Татарстан), м.р-н Лаишевский, с.п. Габишевское, с Габишево, ул Державина, з/у 12.",Частная,под малоэтажное жилищное строительство,ДРУГОЕ,0,нет,16:24:210101,2607877.45,1614.7848,,,,,нет,нет,нет,нет,нет,нет,нет,да,55.60661303261075,49.149136908987344
16:24:210101:356,1287.0,Земли населенных пунктов,Ранее учтенный,"Местоположение установлено относительно ориентира, расположенного в границах участка. Почтовый адрес ориентира: Российская Федерация, Республика Татарстан (Татарстан), м.р-н Лаишевский, с.п. Габишевское, с Габишево, ул Казанская, з/у 21.",Частная,Индивидуальное жилищное строительство,ДРУГОЕ,0,нет,16:24:210101,2150861.17,1671.2208,,,,,нет,нет,нет,нет,нет,нет,нет,да,55.60586223384197,49.142463448016045
16:24:210101:2440,702.0,Земли населенных пунктов,Учтенный,"Местоположение установлено относительно ориентира, расположенного в границах участка. Почтовый адрес ориентира: Российская Федерация, Республика Татарстан (Татарстан), м.р-н Лаишевский, с.п. Габишевское, с Габишево, ул Цветочная, з/у 1.",Частная,Под малоэтажное жилищное строительство,ДРУГОЕ,0,нет,16:24:210101,1131726.63,1612.1462,,,,,нет,нет,нет,нет,нет,нет,нет,да,55.60554117085044,49.14734715932007
16:24:210101:346,1320.0,Земли населенных пунктов,Ранее учтенный,"Местоположение установлено относительно ориентира, расположенного в границах участка. Почтовый адрес ориентира: Российская Федерация, Республика Татарстан (Татарстан), м.р-н Лаишевский, с.п. Габишевское, с Габишево, ул Казанская, з/у 3.",Частная,Индивидуальное жилищное строительство,ДРУГОЕ,0,нет,16:24:000000,2139964.86,1621.19,,,,,нет,нет,нет,нет,нет,нет,нет,да,55.60549689044891,49.14626871865151
16:24:210101:731,1500.0,Земли населенных пунктов,Ранее учтенный,"Местоположение установлено относительно ориентира, расположенного в границах участка. Почтовый адрес ориентира: Российская Федерация, Республика Татарстан (Татарстан), м.р-н Лаишевский, с.п. Габишевское, с Габишево, ул Вахитовская, з/у 6.",,Для индивидуального жилищного строительства,ИЖС,0,нет,16:24:210101,2779633.2,1853.09,,,,,да,да,нет,нет,нет,да,нет,да,55.61476132862962,49.14016834442541
16:24:090704:1602,748.0,Земли населенных пунктов,Учтенный,"Местоположение установлено относительно ориентира, расположенного в границах участка. Почтовый адрес ориентира: Российская Федерация, Республика Татарстан (Татарстан), м.р-н Лаишевский, с.п. Габишевское, с Габишево, ул Александра Сергеева, з/у 48.",Частная,"земельные участки, предназначенные для размещения домов индивидуальной жилой застройки",ЖИЛОЙ,0,нет,16:24:090704,1167978.51,1561.4686,,,,,нет,нет,нет,нет,нет,да,нет,да,55.60544647386243,49.138764893511734
16:24:090704:2433,635.0,Земли населенных пунктов,Учтенный,"Местоположение установлено относительно ориентира, расположенного в границах участка. Почтовый адрес ориентира: Российская Федерация, Республика Татарстан (Татарстан), м.р-н Лаишевский, с.п. Габишевское, с Габишево, ул Васильковая, з/у 4А.",Частная,"земельные участки, предназначенные для размещения домов индивидуальной жилой застройки",ЖИЛОЙ,0,нет,16:24:090704,954428.88,1503.0376,,,,,нет,нет,нет,нет,нет,да,нет,да,55.60463809281587,49.134627109788894
16:24:090704:3322,456.0,Земли населенных пунктов,Учтенный,"Российская Федерация, Республика Татарстан (Татарстан), м.р-н Лаишевский, с.п. Габишевское, с Габишево, ул Александра Сергеева, з/у 53",Частная,"земельные участки, предназначенные для размещения домов индивидуальной жилой застройки",ЖИЛОЙ,0,нет,16:24:090704,721871.07,1583.0506,,,,,нет,нет,нет,нет,нет,да,нет,да,55.606005972055996,49.13818126733423
16:24:090704:2542,627.0,Земли населенных пунктов,Учтенный,"Российская Федерация, Республика Татарстан (Татарстан), м.р-н Лаишевский, с.п. Габишевское, с Габишево, ул Юности, з/у 3",Частная,"земельные участки, предназначенные для размещения домов индивидуальной жилой застройки",ЖИЛОЙ,0,нет,16:24:090704,1106136.91,1764.1737,,,,,нет,нет,нет,нет,нет,да,нет,да,55.60859057600163,49.127901653605235
16:24:090704:2818,699.0,Земли населенных пунктов,Учтенный,"Российская Федерация, Республика Татарстан (Татарстан), м.р-н Лаишевский, с.п. Габишевское, с Габишево, пер Светлый, з/у 1А",Частная,"земельные участки, предназначенные для размещения домов индивидуальной жилой застройки",ЖИЛОЙ,0,нет,16:24:090704,1273379.97,1821.7167,,,,,нет,нет,нет,нет,нет,да,нет,да,55.6093098650368,49.12931974113811
16:24:090704:2503,626.0,Земли населенных пунктов,Учтенный,"Местоположение установлено относительно ориентира, расположенного в границах участка. Почтовый адрес ориентира: Российская Федерация, Республика Татарстан (Татарстан), м.р-н Лаишевский, с.п. Габишевское, с Габишево, ул Жемчужная, з/у 4А.",Частная,"земельные участки, предназначенные для размещения домов индивидуальной жилой застройки",ЖИЛОЙ,0,нет,16:24:090704,956251.87,1527.5589,,,,,нет,нет,нет,нет,нет,да,нет,да,55.60523576823714,49.133557451830654
16:24:090704:3212,200.0,Земли населенных пунктов,Учтенный,"Республика Татарстан, Лаишевский муниципальный район, Габишевское сельское поселение, с Габишево, ул. Васильковая",Частная,"земельные участки, предназначенные для размещения домов индивидуальной жилой застройки",ЖИЛОЙ,0,нет,16:24:090704,284577.56,1422.8878,,,,,нет,нет,нет,нет,нет,да,нет,да,55.604115611025925,49.13375201030574
16:24:090704:3500,505.0,Земли населенных пунктов,Учтенный,"Российская Федерация, Республика Татарстан (Татарстан), м.р-н Лаишевский, с.п. Габишевское, с Габишево, пер Узорный, з/у 3",Частная,"земельные участки, предназначенные для размещения домов индивидуальной жилой застройки",ЖИЛОЙ,0,нет,16:24:090704,866531.77,1715.9045,,,,,нет,нет,нет,нет,нет,да,нет,да,55.609241081978226,49.134955228969446
16:24:210101:2550,13237.0,Земли населенных пунктов,Учтенный,"Местоположение установлено относительно ориентира, расположенного в границах участка. Почтовый адрес ориентира: Республика Татарстан, Лаишевский муниципальный район, Габишевское сельское поселение, с Габишево.",Муниципальная;Частная,"Земельные участки улиц, проспектов, площадей, земель резерва (земли общего пользования)",ОГП,0,нет,16:24:210101,9593224.54,724.728,,,,,да,нет,нет,нет,нет,нет,да,да,55.61737417840169,49.13694572748312
16:24:090704:3208,500.0,Земли населенных пунктов,Учтенный,"Российская Федерация, Республика Татарстан (Татарстан), м.р-н Лаишевский, с.п. Габишевское, с Габишево, ул Васильковая, з/у 12/1",Частная,"земельные участки, предназначенные для размещения домов индивидуальной жилой застройки",ЖИЛОЙ,0,нет,16:24:090704,711443.9,1422.8878,,,,,нет,нет,нет,нет,нет,да,нет,да,55.60407583512983,49.13345250948539
16:24:090704:3159,618.0,Земли населенных пунктов,Учтенный,"Российская Федерация, Республика Татарстан, Лаишевский муниципальный район, Габишевское сельское поселение, с Габишево",Частная,"земельные участки, предназначенные для размещения домов индивидуальной жилой застройки",ЖИЛОЙ,0,нет,16:24:090704,813774.98,1316.788,,,,,нет,нет,нет,нет,нет,да,нет,да,55.603239896619456,49.13649378660726
16:24:090704:2829,729.0,Земли населенных пунктов,Учтенный,"Российская Федерация, Республика Татарстан (Татарстан), м.р-н Лаишевский, с.п. Габишевское, с Габишево, ул Уютная, з/у 7/1",Частная,"земельные участки, предназначенные для размещения домов индивидуальной жилой застройки",ЖИЛОЙ,0,нет,16:24:090704,996198.98,1366.5281,,,,,нет,нет,нет,нет,нет,да,нет,да,55.603039433929965,49.13738032246681
16:24:090704:2089,519.0,Земли населенных пунктов,Учтенный,"Местоположение установлено относительно ориентира, расположенного в границах участка. Почтовый адрес ориентира: Российская Федерация, Республика Татарстан (Татарстан), м.р-н Лаишевский, с.п. Габишевское, с Габишево, ул Лучистая, з/у 1А.",Частная,"Земельные участки, предназначенные для размещения домов индивидуальной жилой застройки",ЖИЛОЙ,0,нет,16:24:090704,800088.22,1541.5958,,,,,нет,нет,нет,нет,нет,да,нет,да,55.60760358261825,49.13023781683631
16:24:210101:23,,Земли населенных пунктов,Ранее учтенный,"Местоположение установлено относительно ориентира, расположенного в границах участка. Почтовый адрес ориентира: Российская Федерация, Республика Татарстан (Татарстан), м.р-н Лаишевский, с.п. Габишевское, с Габишево, ул Вахитовская, з/у 41.",,Под жилую застройку Индивидуальную,ДРУГОЕ,0,нет,16:24:210101,2665022.85,2082.05,,,,,да,нет,нет,нет,нет,нет,нет,да,55.614411129206715,49.134313311507796
16:24:090704:2821,542.0,Земли населенных пунктов,Учтенный,"Российская Федерация, Республика Татарстан (Татарстан), м.р-н Лаишевский, с.п. Габишевское, с Габишево, ул Александра Сергеева, з/у 81А",Частная,"земельные участки, предназначенные для размещения домов индивидуальной жилой застройки",ЖИЛОЙ,0,нет,16:24:090704,911327.47,1681.416,,,,,нет,нет,нет,нет,нет,да,нет,да,55.60876632529543,49.133849095824715
16:24:090704:2937,648.0,Земли населенных пунктов,Учтенный,"Местоположение установлено относительно ориентира, расположенного в границах участка. Почтовый адрес ориентира: Российская Федерация, Республика Татарстан (Татарстан), м.р-н Лаишевский, с.п. Габишевское, с Габишево, ул Веселая, з/у 13.",Частная,"земельные участки, предназначенные для размещения домов индивидуальной жилой застройки",ЖИЛОЙ,0,нет,16:24:090704,959639.79,1480.9256,,,,,нет,нет,нет,нет,нет,да,нет,да,55.60475924059686,49.1318124411538
16:24:090704:2785,738.0,Земли населенных пунктов,Учтенный,"Российская Федерация, Республика Татарстан (Татарстан), м.р-н Лаишевский, с.п. Габишевское, с Габишево, ул Жемчужная, з/у 13",Частная,"земельные участки, предназначенные для размещения домов индивидуальной жилой застройки",ЖИЛОЙ,0,нет,16:24:090704,1061274.18,1438.0409,,,,,нет,нет,нет,нет,нет,да,нет,да,55.604076615633666,49.1327591111402
16:24:090704:2462,697.0,Земли населенных пунктов,Учтенный,"Российская Федерация, Республика Татарстан (Татарстан), м.р-н Лаишевский, с.п. Габишевское, с Габишево, ул Луговая, з/у 7",Частная,"земельные участки, предназначенные для размещения домов индивидуальной жилой застройки",ЖИЛОЙ,0,нет,16:24:090704,1083527.27,1554.5585,,,,,нет,нет,нет,нет,нет,да,нет,да,55.60585475639298,49.131603234302794
16:24:090704:2522,635.0,Земли населенных пунктов,Учтенный,"Российская Федерация, Республика Татарстан (Татарстан), м.р-н Лаишевский, с.п. Габишевское, с Габишево, ул Васильковая, з/у 3",Частная,"земельные участки, предназначенные для размещения домов индивидуальной жилой застройки",ЖИЛОЙ,0,нет,16:24:090704,949583.32,1495.4068,,,,,нет,нет,нет,нет,нет,да,нет,да,55.604396844223494,49.13541685819636
16:24:090704:2464,695.0,Земли населенных пунктов,Учтенный,"Российская Федерация, Республика Татарстан (Татарстан), м.р-н Лаишевский, с.п. Габишевское, с Габишево, ул Луговая, з/у 5",Частная,"земельные участки, предназначенные для размещения домов индивидуальной жилой застройки",ЖИЛОЙ,0,нет,16:24:090704,1080582.94,1554.7956,,,,,нет,нет,нет,нет,нет,да,нет,да,55.605966174983465,49.13179724173898
16:24:090704:2777,519.0,Земли населенных пунктов,Учтенный,"Российская Федерация, Республика Татарстан (Татарстан), м.р-н Лаишевский, с.п. Габишевское, с Габишево, ул Васильковая, з/у 7",Частная,"земельные участки, предназначенные для размещения домов индивидуальной жилой застройки",ЖИЛОЙ,0,нет,16:24:090704,780076.51,1503.0376,,,,,нет,нет,нет,нет,нет,да,нет,да,55.60412896083891,49.134778883860385
16:24:090704:2528,697.0,Земли населенных пунктов,Учтенный,"Российская Федерация, Республика Татарстан (Татарстан), м.р-н Лаишевский, с.п. Габишевское, с Габишево, ул Луговая, з/у 6",Частная,"Земельные участки, предназначенные для размещения домов индивидуальной жилой застройки",ЖИЛОЙ,0,нет,16:24:090704,1084087.66,1555.3625,,,,,нет,нет,нет,нет,нет,да,нет,да,55.60633515165496,49.13121420816143
16:24:090704:3494,1030.0,Земли населенных пунктов,Учтенный,"Российская Федерация, Республика Татарстан (Татарстан), м.р-н Лаишевский, с.п. Габишевское, с Габишево, ул Александра Сергеева, з/у 85",Частная,"земельные участки, предназначенные для размещения домов индивидуальной жилой застройки",ЖИЛОЙ,0,нет,16:24:090704,1799424.01,1747.0136,,,,,нет,нет,нет,нет,нет,да,нет,да,55.60956621723636,49.13272505615869
16:24:210101:12,1650.0,Земли населенных пунктов,Ранее учтенный,"Местоположение установлено относительно ориентира, расположенного в границах участка. Почтовый адрес ориентира: Российская Федерация, Республика Татарстан (Татарстан), м.р-н Лаишевский, с.п. Габишевское, с Габишево, ул Вахитовская, з/у 19.",Частная,Под жилую застройку Индивидуальную,ДРУГОЕ,0,нет,16:24:210101,3015372.52,1827.4985,,,,,нет,нет,нет,нет,нет,нет,нет,да,55.61413671254348,49.13947493635402
16:24:210101:460,23.0,Земли населенных пунктов,Ранее учтенный,"Местоположение установлено относительно ориентира, расположенного в границах участка. Почтовый адрес ориентира: Российская Федерация, Республика Татарстан (Татарстан), м.р-н Лаишевский, с.п. Габишевское, с Габишево, тер. ГПК Октябрьская, з/у 460Г.",Частная,Для размещения гаража,ДРУГОЕ,0,нет,16:24:210101,36790.62,1599.5923,,,,,нет,нет,нет,нет,нет,нет,нет,да,55.6103825443285,49.13896228997445
16:24:210101:15,,Земли населенных пунктов,Ранее учтенный,"Местоположение установлено относительно ориентира, расположенного в границах участка. Почтовый адрес ориентира: Российская Федерация, Республика Татарстан (Татарстан), м.р-н Лаишевский, с.п. Габишевское, с Габишево, ул Вахитовская, з/у 25.",,Индивидуальное жилищное строительство,ДРУГОЕ,0,нет,16:24:210101,3026414.48,1885.6165,,,,,да,нет,нет,нет,нет,нет,нет,да,55.614065518713936,49.13783390154132
16:24:210101:16,1575.0,Земли населенных пунктов,Ранее учтенный,"Местоположение установлено относительно ориентира, расположенного в границах участка. Почтовый адрес ориентира: Российская Федерация, Республика Татарстан (Татарстан), м.р-н Лаишевский, с.п. Габишевское, с Габишево, ул Вахитовская, з/у 27.",,Индивидуальное жилищное строительство,ДРУГОЕ,0,нет,16:24:210101,3176649.94,2016.9206,,,,,да,нет,нет,нет,нет,нет,нет,да,55.61413011088185,49.13740653049589
16:24:210101:465,23.0,Земли населенных пунктов,Ранее учтенный,"Местоположение установлено относительно ориентира, расположенного в границах участка. Почтовый адрес ориентира: Российская Федерация, Республика Татарстан (Татарстан), м.р-н Лаишевский, с.п. Габишевское, с Габишево, тер. ГПК Октябрьская, з/у 465Г.",Частная,для размещения гаража,ДРУГОЕ,0,нет,16:24:210101,36790.62,1599.5923,,,,,нет,нет,нет,нет,нет,нет,нет,да,55.61054588565086,49.138988148897454
16:24:210101:124,,Земли населенных пунктов,Ранее учтенный,"Местоположение установлено относительно ориентира, расположенного в границах участка. Почтовый адрес ориентира: Российская Федерация, Республика Татарстан (Татарстан), м.р-н Лаишевский, с.п. Габишевское, с Габишево, ул 8 Марта, з/у 6.",,Под жилую застройку Индивидуальную,ДРУГОЕ,0,нет,16:24:210101,2642706.12,2094.06,,,,,да,нет,нет,нет,нет,нет,нет,да,55.6137045709725,49.132305519431824
16:24:210101:3315,933.0,Земли населенных пунктов,Учтенный,"Республика Татарстан, Лаишевский муниципальный район, Габишевское сельское поселение, с Габишево",Частная,для индивидуального жилищного строительства,ИЖС,0,нет,16:24:210101,1673866.47,1794.0691,,,,,нет,да,нет,нет,нет,да,нет,да,55.60998865803295,49.134508533914925
16:24:210101:2282,616.0,Земли населенных пунктов,Учтенный,"Местоположение установлено относительно ориентира, расположенного в границах участка. Почтовый адрес ориентира: Российская Федерация, Республика Татарстан (Татарстан), м.р-н Лаишевский, с.п. Габишевское, с Габишево, пр-кт Молодежный, з/у 37.",Частная,для индивидуального жилищного строительства,ИЖС,0,нет,16:24:210101,1302928.21,2115.1432,,,,,нет,да,нет,нет,нет,да,нет,да,55.61252581974884,49.130204724179336
16:24:090704:2087,660.0,Земли населенных пунктов,Учтенный,"Российская Федерация, Республика Татарстан (Татарстан), м.р-н Лаишевский, с.п. Габишевское, с Габишево, ул Ивана Матвеева, з/у 30",Частная,"Земельные участки, предназначенные для размещения домов индивидуальной жилой застройки",ЖИЛОЙ,0,нет,16:24:090704,1054638.42,1597.937,,,,,нет,нет,нет,нет,нет,да,нет,да,55.60404098048853,49.14294998714237
16:24:090704:2084,660.0,Земли населенных пунктов,Учтенный,"Местоположение установлено относительно ориентира, расположенного в границах участка. Почтовый адрес ориентира: Российская Федерация, Республика Татарстан (Татарстан), м.р-н Лаишевский, с.п. Габишевское, с Габишево, ул Ивана Матвеева, з/у 30А.",Частная,"Земельные участки, предназначенные для размещения домов индивидуальной жилой застройки",ЖИЛОЙ,0,нет,16:24:090704,1057408.11,1602.1335,,,,,нет,нет,нет,нет,нет,да,нет,да,55.60405869927104,49.142709403529246
16:24:090704:4460,1045.0,Земли населенных пунктов,Учтенный,"Российская Федерация, Республика Татарстан, Лаишевский муниципальный район, Габишевское сельское поселение, с Габишево",Частная,Индивидуальные жилые дома с приусадебными земельными участками,ЖИЛОЙ,0,нет,16:24:090704,1617473.05,1547.82,,,,,нет,нет,нет,нет,нет,да,нет,да,55.60550859784478,49.131025908252994
16:24:090704:1156,1000.0,Земли населенных пунктов,Учтенный,"Местоположение установлено относительно ориентира, расположенного в границах участка. Почтовый адрес ориентира: Российская Федерация, Республика Татарстан (Татарстан), м.р-н Лаишевский, с.п. Габишевское, с Габишево, ул Ивана Матвеева, з/у 8.",Частная,"земельные участки, предназначенные для размещения домов индивидуальной жилой застройки",ЖИЛОЙ,0,нет,16:24:090704,1501897.2,1501.8972,,,,,нет,нет,нет,нет,нет,да,нет,да,55.6034004908109,49.147785325245685
16:24:090704:1303,906.0,Земли населенных пунктов,Учтенный,"Местоположение установлено относительно ориентира, расположенного в границах участка. Почтовый адрес ориентира: Российская Федерация, Республика Татарстан (Татарстан), м.р-н Лаишевский, с.п. Габишевское, с Габишево, ул Лунная, з/у 4.",Частная,"земельные участки, предназначенные для размещения домов индивидуальной жилой застройки",ЖИЛОЙ,0,нет,16:24:090704,1371765.54,1514.09,,,,,нет,нет,нет,нет,нет,да,нет,да,55.60264202942481,49.14557168070456
16:24:090704:1318,896.0,Земли населенных пунктов,Учтенный,"Местоположение установлено относительно ориентира, расположенного в границах участка. Почтовый адрес ориентира: Российская Федерация, Республика Татарстан (Татарстан), м.р-н Лаишевский, с.п. Габишевское, с Габишево, ул Моховая, з/у 4.",Частная,"земельные участки, предназначенные для размещения домов индивидуальной жилой застройки",ЖИЛОЙ,0,нет,16:24:090704,1272338.19,1420.0203,,,,,нет,нет,нет,нет,нет,да,нет,да,55.60232585305344,49.14826767320061
16:24:210101:35,,Земли населенных пунктов,Ранее учтенный,"Местоположение установлено относительно ориентира, расположенного в границах участка. Почтовый адрес ориентира: Российская Федерация, Республика Татарстан (Татарстан), м.р-н Лаишевский, с.п. Габишевское, с Габишево, пр-кт Молодежный, з/у 10/1.",,индивидуальное жилищное строительство,ДРУГОЕ,0,нет,16:24:210101,1395674.0,1744.5925,,,,,да,нет,нет,нет,нет,нет,нет,да,55.61261656715227,49.14179092733209
16:24:210101:4019,17.0,Земли населенных пунктов,Учтенный,"Республика Татарстан, Лаишевский муниципальный район, Габишевское сельское поселение, с. Габишево",,земельные участки (территории) общего пользования,ОГП,0,нет,16:24:210101,11828.93,695.82,,,,,да,нет,нет,нет,нет,нет,да,да,55.61084052617305,49.1444142969991
16:24:210101:2008,611.0,Земли населенных пунктов,Ранее учтенный,"Российская Федерация, Республика Татарстан (Татарстан), м.р-н Лаишевский, с.п. Габишевское, с Габишево, ул Вахитовская, з/у 2А",,Для ведения личного подсобного хозяйства,ЛПХ,0,нет,16:24:210101,1125187.23,1841.55,,,,,да,нет,нет,нет,да,да,нет,да,55.61506382319226,49.14106568142179
16:24:210101:4036,1567.0,Земли населенных пунктов,Учтенный,"Местоположение установлено относительно ориентира, расположенного в границах участка. Почтовый адрес ориентира: Российская Федерация, Республика Татарстан, Лаишевский муниципальный район, Габишевское сельское поселение, с Габишево, ул. Советская, д. 8.",Частная,Многоквартирные жилые дома до 9 этажей,ЖИЛОЙ,0,нет,16:24:210101,1511864.01,964.81,,,,,нет,нет,нет,нет,нет,да,нет,да,55.6121422984658,49.14550916665895
16:24:090704:4796,1209.0,Земли населенных пунктов,Учтенный,"Российская Федерация, Республика Татарстан, Лаишевский муниципальный район, Габишевское сельское поселение, с Габишево",Частная,"земельные участки, предназначенные для размещения домов индивидуальной жилой застройки; Магазины",ЖИЛОЙ,0,нет,16:24:090704,2295112.28,1898.36,,,,,нет,нет,нет,нет,нет,да,нет,да,55.60913654257252,49.12486105203828
16:24:210101:4044,3718.0,Земли населенных пунктов,Учтенный,"Российская Федерация, Республика Татарстан, Лаишевский муниципальный район, Габишевское сельское поселение, с Габишево, пр. Молодежный, д. 5",Частная,Многоквартирные жилые дома до 5 этажей,ЖИЛОЙ,0,нет,16:24:210101,2486808.1,668.86,,,,,нет,нет,нет,нет,нет,да,нет,да,55.61192200964592,49.13979059882754
16:24:210101:4046,1700.0,Земли населенных пунктов,Учтенный,"Российская Федерация, Республика Татарстан, Лаишевский муниципальный район, Габишевское сельское поселение, с Габишево, ул. Советская, д. 2",Частная,Многоквартирные жилые дома до 9 этажей,ЖИЛОЙ,0,нет,16:24:210101,1214962.63,714.68,,,,,нет,нет,нет,нет,нет,да,нет,да,55.613604718175125,49.14603017125567
16:24:210101:4059,4497.0,Земли населенных пунктов,Учтенный,"Российская Федерация, Республика Татарстан, Лаишевский муниципальный район, Габишевское сельское поселение, с Габишево, ул. Ленинская, д. 4А",Частная,Многоквартирные жилые дома до 5 этажей,ЖИЛОЙ,0,нет,16:24:210101,5435822.05,1208.77,,,,,нет,нет,нет,нет,нет,да,нет,да,55.61076162726425,49.14591600299154
16:24:210101:4051,4517.0,Земли населенных пунктов,Учтенный,"Российская Федерация, Республика Татарстан, Лаишевский муниципальный район, с Габишево, с/с Габишевское, пр-кт. Молодежный, д. 8",Частная,Многоквартирные жилые дома до 9 этажей,ЖИЛОЙ,0,нет,16:24:210101,3642985.8,806.51,,,,,нет,нет,нет,нет,нет,да,нет,да,55.61206043593417,49.14473003602744
16:24:210101:4088,425.0,Земли населенных пунктов,Учтенный,"Российская Федерация, Республика Татарстан, Лаишевский муниципальный муниципальный район,  Габишевское сельское поселение,  с Габишево, пр-кт. Молодежный, д. 4, кв. 1",Частная,индивидуальное жилищное строительство,ДРУГОЕ,0,нет,16:24:210101,730405.13,1718.6,,,,,нет,нет,нет,нет,нет,нет,нет,да,55.612540714389496,49.14336528553685
16:24:210101:4092,41.0,Земли населенных пунктов,Учтенный,"Республика Татарстан, Лаишевский муниципальный район, Габишевское сельское поселение, с Габишево",Муниципальная,Размещение гаражей для собственных нужд,ДРУГОЕ,0,нет,16:24:210101,67530.05,1647.07,,,,,да,нет,нет,нет,нет,нет,нет,да,55.61084063434314,49.13865264984556
16:24:210101:4093,20.0,Земли населенных пунктов,Учтенный,"Республика Татарстан, Лаишевский муниципальный район, Габишевское сельское поселение, с Габишево",Муниципальная,Размещение гаражей для собственных нужд,ДРУГОЕ,0,нет,16:24:210101,32941.49,1647.07,,,,,да,нет,нет,нет,нет,нет,нет,да,55.61083679403892,49.138588568101476
16:24:210101:4110,46.0,Земли населенных пунктов,Учтенный,"Российская Федерация, Республика Татарстан, Лаишевский муниципальный район, с.п Габишевское, с Габишево",,Хранение автотранспорта,ТРАНСПОРТ,0,нет,16:24:210101,75765.42,1647.07,,,,,да,нет,нет,нет,нет,нет,нет,да,55.611320517313764,49.138700242484084
16:24:210101:4111,22.0,Земли населенных пунктов,Учтенный,"Российская Федерация, Республика Татарстан, Лаишевский муниципальный район, Габишевское сельское поселение, с Габишево",,Хранение автотранспорта,ТРАНСПОРТ,0,нет,16:24:210101,36235.64,1647.07,,,,,да,нет,нет,нет,нет,нет,нет,да,55.61118178536178,49.1390133394984
16:24:210101:4112,52.0,Земли населенных пунктов,Учтенный,"Республика Татарстан, Лаишевский муниципальный район, Габишевское сельское поселение, с Габишево",,Хранение автотранспорта,ТРАНСПОРТ,0,нет,16:24:210101,85647.87,1647.07,,,,,да,нет,нет,нет,нет,нет,нет,да,55.611309886601475,49.13884797370912
16:24:210101:4119,61.0,Земли населенных пунктов,Учтенный,"Российская Федерация, Республика Татарстан, Лаишевский муниципальный район, Габишевское сельское поселение, с Габишево",,размещение гаражей для собственных нужд,ДРУГОЕ,0,нет,16:24:210101,97575.13,1599.59,,,,,да,нет,нет,нет,нет,нет,нет,да,55.61049969067,49.13858059036708
16:24:210101:4121,28.0,Земли населенных пунктов,Учтенный,"Российская Федерация, Республика Татарстан, Лаишевский муниципальный район муниципальный район, Габишевское сельское поселение, с Габишево",Частная,размещение гаражей для собственных нужд,ДРУГОЕ,0,нет,16:24:210101,39202.45,1400.09,,,,,нет,нет,нет,нет,нет,нет,нет,да,55.60808227170408,49.13727225126267
16:24:210101:4124,23.0,Земли населенных пунктов,Учтенный,"Российская Федерация, Республика Татарстан, Лаишевский муниципальный район, Габишевское сельское поселение, с Габишево",,хранение автотранспорта,ТРАНСПОРТ,0,нет,16:24:210101,38957.23,1693.79,,,,,да,нет,нет,нет,нет,нет,нет,да,55.61184929495174,49.1389624134869
16:24:210101:4126,25.0,Земли населенных пунктов,Учтенный,"Республика Татарстан, Лаишевский муниципальный район, Габишевское сельское поселение, с. Габишево",Частная,размещение гаражей для собственных нужд,ДРУГОЕ,0,нет,16:24:210101,35248.77,1409.95,,,,,нет,нет,нет,нет,нет,нет,нет,да,55.60843445595594,49.13679783596967
16:24:090704:5428,43.0,Земли населенных пунктов,Учтенный,"Республика Татарстан, Лаишевский муниципальный район, Габишевское сельское поселение, с Габишево
",Частная,Под опоры ВЛ-35 кВ Столбище-Б.Матюшино,ДРУГОЕ,0,нет,16:24:090704,28810.31,670.01,,,,,нет,нет,нет,нет,нет,нет,нет,да,55.603357263697376,49.13469035415403
16:24:210101:4156,565.0,Земли населенных пунктов,Учтенный,"Республика Татарстан, Лаишевский муниципальный район, Габишевское сельское поселение, с. Габишево, ул. Тукая, земельный участок 1А",Частная,индивидуальное жилищное строительство,ДРУГОЕ,0,нет,16:24:210101,1067409.19,1889.22,,,,,нет,нет,нет,нет,нет,нет,нет,да,55.611660125876256,49.1382211995124
16:24:210101:521,,Земли населенных пунктов,Ранее учтенный,"Местоположение установлено относительно ориентира, расположенного в границах участка. Почтовый адрес ориентира: Российская Федерация, Республика Татарстан (Татарстан), м.р-н Лаишевский, с.п. Габишевское, с Габишево, тер. ГПК Вахитовская, з/у 521Г.",Муниципальная, размещение гаражей для собственных нужд,ДРУГОЕ,0,нет,16:24:210101,38803.75,1552.15,,,,,да,нет,нет,нет,нет,нет,нет,да,55.6132944656272,49.1428297021699
16:24:210101:3802,920.0,Земли населенных пунктов,Учтенный,"Местоположение установлено относительно ориентира, расположенного в границах участка. Почтовый адрес ориентира: Республика Татарстан, Лаишевский муниципальный район, Габишевское сельское поселение, с Габишево, ул. Казанская.",Частная,для индивидуального жилищного строительства,ИЖС,0,нет,16:24:210101,1506392.54,1637.3832,,,,,нет,да,нет,нет,нет,да,нет,да,55.60749306896711,49.13760553879217
16:24:210101:232,,Земли населенных пунктов,Ранее учтенный,"Местоположение установлено относительно ориентира, расположенного в границах участка. Почтовый адрес ориентира: Российская Федерация, Республика Татарстан (Татарстан), м.р-н Лаишевский, с.п. Габишевское, с Габишево, ул Ленинская, з/у 3.",,Под жилую застройку Индивидуальную,ДРУГОЕ,0,нет,16:24:210101,1949250.2,1660.35,,,,,да,нет,нет,нет,нет,нет,нет,да,55.60996069570049,49.146770386360046
16:24:090704:3344,600.0,Земли населенных пунктов,Учтенный,"Местоположение установлено относительно ориентира, расположенного в границах участка. Почтовый адрес ориентира: Российская Федерация, Республика Татарстан, Лаишевский муниципальный район, Габишевское сельское поселение, с Габишево, ул. Александра Сергеева.",Частная,"земельные участки, предназначенные для размещения домов индивидуальной жилой застройки",ЖИЛОЙ,0,нет,16:24:090704,993054.42,1655.0907,,,,,нет,нет,нет,нет,нет,да,нет,да,55.60506634003713,49.14149721806494
16:24:090704:2115,279.0,Земли населенных пунктов,Учтенный,"Местоположение установлено относительно ориентира, расположенного в границах участка. Почтовый адрес ориентира: Российская Федерация, Республика Татарстан (Татарстан), м.р-н Лаишевский, с.п. Габишевское, с Габишево, ул Алексея Малышева, з/у 69В.",Частная,Блокированные односемейные дома с участками,ДРУГОЕ,0,нет,16:24:090704,430249.55,1542.1131,,,,,нет,нет,нет,нет,нет,нет,нет,да,55.605418474646854,49.135010631227
16:24:210101:749,1011.0,Земли населенных пунктов,Ранее учтенный,"Местоположение установлено относительно ориентира, расположенного в границах участка. Почтовый адрес ориентира: Российская Федерация, Республика Татарстан (Татарстан), м.р-н Лаишевский, с.п. Габишевское, с Габишево, ул Вахитовская, з/у 26.",,индивидуальное жилищное строительство,ДРУГОЕ,0,нет,16:24:210101,2080861.43,2058.221,,,,,да,нет,нет,нет,нет,нет,нет,да,55.61488734228851,49.13638202220419
16:24:210101:2541,38.0,Земли населенных пунктов,Учтенный,"Местоположение установлено относительно ориентира, расположенного в границах участка. Почтовый адрес ориентира: Российская Федерация, Республика Татарстан (Татарстан), м.р-н Лаишевский, с.п. Габишевское, с Габишево, тер. ГПК Семерка, з/у 2541Г.",Частная,под размещение индивидуальных гаражей,ДРУГОЕ,0,нет,16:24:210101,53578.13,1409.9508,,,,,нет,нет,нет,нет,нет,нет,нет,да,55.60847801805584,49.13647740435368
16:24:210101:42,1525.0,Земли населенных пунктов,Ранее учтенный,"Российская Федерация, Республика Татарстан (Татарстан), м.р-н Лаишевский, с.п. Габишевское, с Габишево, пр-кт Молодежный, з/у 22",Частная,Ведение личного подсобного хозяйства,ЛПХ,0,нет,16:24:210101,2947167.42,1932.5688,,,,,нет,нет,нет,нет,да,да,нет,да,55.6128910632583,49.1381136298372
16:24:210101:249,1083.0,Земли населенных пунктов,Ранее учтенный,"Российская Федерация, Республика Татарстан (Татарстан), м.р-н Лаишевский, с.п. Габишевское, с Габишево, ул Кировская, з/у 8",,Для индивидуального жилищного строительства,ИЖС,0,нет,16:24:210101,1915133.77,1768.36,,,,,да,да,нет,нет,нет,да,нет,да,55.60958101999903,49.14281636745336
16:24:210101:2435,923.0,Земли населенных пунктов,Учтенный,"Местоположение установлено относительно ориентира, расположенного в границах участка. Почтовый адрес ориентира: Российская Федерация, Республика Татарстан (Татарстан), м.р-н Лаишевский, с.п. Габишевское, с Габишево, ул Олимпийская, з/у 4.",,Под малоэтажное жилищное строительство,ДРУГОЕ,0,нет,16:24:210101,1486121.1,1610.0987,,,,,да,нет,нет,нет,нет,нет,нет,да,55.60600547007298,49.14804866834567
16:24:210101:425,,Земли населенных пунктов,Ранее учтенный,"Местоположение установлено относительно ориентира, расположенного в границах участка. Почтовый адрес ориентира: Российская Федерация, Республика Татарстан (Татарстан), м.р-н Лаишевский, с.п. Габишевское, с Габишево, тер. ГПК Семерка, з/у 425Г.",Муниципальная,Гараж,ДРУГОЕ,0,нет,16:24:210101,42089.63,1402.99,,,,,да,нет,нет,нет,нет,нет,нет,да,55.60821806938187,49.13672918317108
16:24:210101:39,1566.0,Земли населенных пунктов,Ранее учтенный,"Местоположение установлено относительно ориентира, расположенного в границах участка. Почтовый адрес ориентира: Российская Федерация, Республика Татарстан (Татарстан), м.р-н Лаишевский, с.п. Габишевское, с Габишево, пр-кт Молодежный, з/у 16.",Частная,Индивидуальное жилищное строительство,ДРУГОЕ,0,нет,16:24:210101,2796653.78,1785.8581,,,,,нет,нет,нет,нет,нет,нет,нет,да,55.61284636106792,49.13992093932647
16:24:210101:186,701.0,Земли населенных пунктов,Ранее учтенный,"Местоположение установлено относительно ориентира, расположенного в границах участка. Почтовый адрес ориентира: Российская Федерация, Республика Татарстан (Татарстан), м.р-н Лаишевский, с.п. Габишевское, с Габишево, ул Приволжская, з/у 24/2.",Частная,Для индивидуального жилищного строительства,ИЖС,0,нет,16:24:210101,1250584.84,1784.0,,,,,нет,да,нет,нет,нет,да,нет,да,55.60948215144994,49.141246377546835
16:24:210101:2186,25.0,Земли населенных пунктов,Учтенный,"Местоположение установлено относительно ориентира, расположенного в границах участка. Почтовый адрес ориентира: Российская Федерация, Республика Татарстан (Татарстан), м.р-н Лаишевский, с.п. Габишевское, с Габишево, тер. ГПК Семерка, з/у 2186Г.",Частная,под размещение индивидуальных гаражей,ДРУГОЕ,0,нет,16:24:210101,35002.19,1400.0875,,,,,нет,нет,нет,нет,нет,нет,нет,да,55.60817302453835,49.137460704040485
16:24:210101:84,,Земли населенных пунктов,Ранее учтенный,"Местоположение установлено относительно ориентира, расположенного в границах участка. Почтовый адрес ориентира: Российская Федерация, Республика Татарстан (Татарстан), м.р-н Лаишевский, с.п. Габишевское, с Габишево, ул Наратлы, з/у 3.",,Под жилую застройку Индивидуальную,ДРУГОЕ,0,нет,16:24:210101,2154361.4,1796.8,,,,,да,нет,нет,нет,нет,нет,нет,да,55.61345321879744,49.13962720169924
16:24:210101:822,1097.0,Земли населенных пунктов,Учтенный,"Местоположение установлено относительно ориентира, расположенного в границах участка. Почтовый адрес ориентира: Российская Федерация, Республика Татарстан (Татарстан), м.р-н Лаишевский, с.п. Габишевское, с Габишево, ул Марджани, з/у 16.",,Для индивидуального жилищного строительства,ИЖС,0,нет,16:24:210101,1970385.22,1796.16,,,,,да,да,нет,нет,нет,да,нет,да,55.60906369235795,49.149246776382505
16:24:210101:74,,Земли населенных пунктов,Ранее учтенный,"Местоположение установлено относительно ориентира, расположенного в границах участка. Почтовый адрес ориентира: Российская Федерация, Республика Татарстан (Татарстан), м.р-н Лаишевский, с.п. Габишевское, с Габишево, ул Бауманская, з/у 7.",,Индивидуальное жилищное строительство,ДРУГОЕ,0,нет,16:24:210101,1611929.46,1744.5124,,,,,да,нет,нет,нет,нет,нет,нет,да,55.61339546701945,49.141907775585615
16:24:210101:255,801.0,Земли населенных пунктов,Ранее учтенный,"Местоположение установлено относительно ориентира, расположенного в границах участка. Почтовый адрес ориентира: Российская Федерация, Республика Татарстан (Татарстан), м.р-н Лаишевский, с.п. Габишевское, с Габишево, ул Кировская, з/у 11.",,Под жилую застройку Индивидуальную,ДРУГОЕ,0,нет,16:24:210101,1402561.09,1751.0126,,,,,да,нет,нет,нет,нет,нет,нет,да,55.60914061331935,49.14355508896898
16:24:210101:2384,35.0,Земли населенных пунктов,Учтенный,"Местоположение установлено относительно ориентира, расположенного в границах участка. Почтовый адрес ориентира: Российская Федерация, Республика Татарстан (Татарстан), м.р-н Лаишевский, с.п. Габишевское, с Габишево, тер. ГПК Семерка, з/у 2384Г.",,под размещение индивидуальных гаражей,ДРУГОЕ,0,нет,16:24:210101,49348.28,1409.9508,,,,,да,нет,нет,нет,нет,нет,нет,да,55.60838892239631,49.1363027334309
16:24:210101:917,1000.0,Земли населенных пунктов,Учтенный,"Местоположение установлено относительно ориентира, расположенного в границах участка. Почтовый адрес ориентира: Российская Федерация, Республика Татарстан (Татарстан), м.р-н Лаишевский, с.п. Габишевское, с Габишево, ул им Мусы Джалиля, з/у 37.",Частная,Для индивидуального жилищного строительства,ИЖС,0,нет,16:24:210101,1833409.3,1833.4093,,,,,нет,да,нет,нет,нет,да,нет,да,55.608767211820144,49.13763831365627
16:24:210101:502,23.0,Земли населенных пунктов,Ранее учтенный,"Местоположение установлено относительно ориентира, расположенного в границах участка. Почтовый адрес ориентира: Российская Федерация, Республика Татарстан (Татарстан), м.р-н Лаишевский, с.п. Габишевское, с Габишево, тер. ГПК Молодежный, з/у 502Г.",Частная,объекты гаражного назначения,ДРУГОЕ,0,нет,16:24:210101,38957.23,1693.7924,,,,,нет,нет,нет,нет,нет,нет,нет,да,55.61213104586585,49.138704726832216
16:24:210101:427,,Земли населенных пунктов,Ранее учтенный,"Местоположение установлено относительно ориентира, расположенного в границах участка. Почтовый адрес ориентира: Российская Федерация, Республика Татарстан (Татарстан), м.р-н Лаишевский, с.п. Габишевское, с Габишево, тер. ГПК Семерка, з/у 427Г.",Муниципальная,Размещение гаражей для собственных нужд,ДРУГОЕ,0,нет,16:24:210101,42298.52,1409.95,,,,,да,нет,нет,нет,нет,нет,нет,да,55.6082650411422,49.1365718020161
16:24:210101:414,36.0,Земли населенных пунктов,Ранее учтенный,"Местоположение установлено относительно ориентира, расположенного в границах участка. Почтовый адрес ориентира: Российская Федерация, Республика Татарстан (Татарстан), м.р-н Лаишевский, с.п. Габишевское, с Габишево, тер. ГПК Семерка, з/у 414Г.",Частная,Гараж,ДРУГОЕ,0,нет,16:24:210101,50815.36,1411.5378,,,,,нет,нет,нет,нет,нет,нет,нет,да,55.60837731570759,49.13680220691544
16:24:210101:224,671.0,Земли населенных пунктов,Ранее учтенный,"Местоположение установлено относительно ориентира, расположенного в границах участка. Почтовый адрес ориентира: Российская Федерация, Республика Татарстан (Татарстан), м.р-н Лаишевский, с.п. Габишевское, с Габишево, ул Приволжская, з/у 31/2.",,Индивидуальное жилищное строительство,ДРУГОЕ,0,нет,16:24:210101,1187227.07,1769.3399,,,,,да,нет,нет,нет,нет,нет,нет,да,55.60889416610622,49.14094281091124
16:24:210101:203,1568.0,Земли населенных пунктов,Ранее учтенный,"Местоположение установлено относительно ориентира, расположенного в границах участка. Почтовый адрес ориентира: Российская Федерация, Республика Татарстан (Татарстан), м.р-н Лаишевский, с.п. Габишевское, с Габишево, ул Приволжская, з/у 2А.",,Индивидуальное жилищное строительство,ДРУГОЕ,0,нет,16:24:210101,2705300.19,1725.32,,,,,да,нет,нет,нет,нет,нет,нет,да,55.60851333267705,49.14718694784992
16:24:090704:2609,666.0,Земли населенных пунктов,Учтенный,"Российская Федерация, Республика Татарстан (Татарстан), м.р-н Лаишевский, с.п. Габишевское, с Габишево, ул Дубравная, з/у 3",Частная,"земельные участки, предназначенные для размещения домов индивидуальной жилой застройки",ЖИЛОЙ,0,нет,16:24:090704,1041070.69,1563.1692,,,,,нет,нет,нет,нет,нет,да,нет,да,55.60313795670737,49.141994317354225
16:24:090704:2552,695.0,Земли населенных пунктов,Учтенный,"Местоположение установлено относительно ориентира, расположенного в границах участка. Почтовый адрес ориентира: Российская Федерация, Республика Татарстан (Татарстан), м.р-н Лаишевский, с.п. Габишевское, с Габишево, ул Рябиновая, з/у 3А.",Частная,"земельные участки, предназначенные для размещения домов индивидуальной жилой застройки",ЖИЛОЙ,0,нет,16:24:090704,1081330.69,1555.8715,,,,,нет,нет,нет,нет,нет,да,нет,да,55.60662062296312,49.1308206285495
16:24:090704:1920,525.0,Земли населенных пунктов,Учтенный,"Местоположение установлено относительно ориентира, расположенного в границах участка. Почтовый адрес ориентира: Российская Федерация, Республика Татарстан (Татарстан), м.р-н Лаишевский, с.п. Габишевское, с Габишево, ул Южная, з/у 2А.",Частная,"земельные участки, предназначенные для размещения домов индивидуальной жилой застройки",ЖИЛОЙ,0,нет,16:24:090704,765898.77,1458.8548,,,,,нет,нет,нет,нет,нет,да,нет,да,55.60433672685293,49.13607635867361
16:24:090704:1600,743.0,Земли населенных пунктов,Учтенный,"Местоположение установлено относительно ориентира, расположенного в границах участка. Почтовый адрес ориентира: Российская Федерация, Республика Татарстан (Татарстан), м.р-н Лаишевский, с.п. Габишевское, с Габишево, ул Александра Сергеева, з/у 46.",Частная,"земельные участки, предназначенные для размещения домов индивидуальной жилой застройки",ЖИЛОЙ,0,нет,16:24:090704,1149149.28,1546.6343,,,,,нет,нет,нет,нет,нет,да,нет,да,55.60534098011207,49.13930540277456
16:24:090704:1262,1077.0,Земли населенных пунктов,Учтенный,"Местоположение установлено относительно ориентира, расположенного в границах участка. Почтовый адрес ориентира: Российская Федерация, Республика Татарстан (Татарстан), м.р-н Лаишевский, с.п. Габишевское, с Габишево, ул Алексея Малышева, з/у 67.",Частная,"земельные участки, предназначенные для размещения домов индивидуальной жилой застройки",ЖИЛОЙ,0,нет,16:24:090704,1663417.02,1544.4912,,,,,нет,нет,нет,нет,нет,да,нет,да,55.60527022064698,49.13544725727442
16:24:090704:1055,1166.0,Земли населенных пунктов,Учтенный,"Местоположение установлено относительно ориентира, расположенного в границах участка. Почтовый адрес ориентира: Российская Федерация, Республика Татарстан (Татарстан), м.р-н Лаишевский, с.п. Габишевское, с Габишево, ул Изумрудная, з/у 6.",,"земельные участки, предназначенные для размещения домов индивидуальной жилой застройки",ЖИЛОЙ,0,нет,16:24:090704,2157795.17,1850.5962,,,,,да,нет,нет,нет,нет,да,нет,да,55.609304198202366,49.12598002714303
16:24:090704:1834,500.0,Земли населенных пунктов,Учтенный,"Местоположение установлено относительно ориентира, расположенного в границах участка. Почтовый адрес ориентира: Российская Федерация, Республика Татарстан (Татарстан), м.р-н Лаишевский, с.п. Габишевское, с Габишево, ул Ивана Матвеева, з/у 38.",Частная,"земельные участки, предназначенные для размещения домов индивидуальной жилой застройки",ЖИЛОЙ,0,нет,16:24:090704,774600.5,1549.201,,,,,нет,нет,нет,нет,нет,да,нет,да,55.604314976119596,49.14123222779968
16:24:090704:3338,720.0,Земли населенных пунктов,Учтенный,"Местоположение установлено относительно ориентира, расположенного в границах участка. Почтовый адрес ориентира: Российская Федерация, Республика Татарстан, Лаишевский муниципальный район, Габишевское сельское поселение, с Габишево, ул. Дубравная.",Частная,"земельные участки, предназначенные для размещения домов индивидуальной жилой застройки",ЖИЛОЙ,0,нет,16:24:090704,1086636.38,1509.2172,,,,,нет,нет,нет,нет,нет,да,нет,да,55.602647625272674,49.141879804865425
16:24:090704:2898,481.0,Земли населенных пунктов,Учтенный,"Местоположение установлено относительно ориентира, расположенного в границах участка. Почтовый адрес ориентира: Российская Федерация, Республика Татарстан (Татарстан), м.р-н Лаишевский, с.п. Габишевское, с Габишево, ул Южная, з/у 8А.",Частная,"земельные участки, предназначенные для размещения домов индивидуальной жилой застройки",ЖИЛОЙ,0,нет,16:24:090704,658437.92,1368.8938,,,,,нет,нет,нет,нет,нет,да,нет,да,55.60383511518331,49.13517620352985
16:24:090704:2610,667.0,Земли населенных пунктов,Учтенный,"Местоположение установлено относительно ориентира, расположенного в границах участка. Почтовый адрес ориентира: Российская Федерация, Республика Татарстан (Татарстан), м.р-н Лаишевский, с.п. Габишевское, с Габишево, ул Дубравная, з/у 3А.",Частная,"земельные участки, предназначенные для размещения домов индивидуальной жилой застройки",ЖИЛОЙ,0,нет,16:24:090704,1042633.86,1563.1692,,,,,нет,нет,нет,нет,нет,да,нет,да,55.6029745934294,49.1419531114052
16:24:090704:2543,667.0,Земли населенных пунктов,Учтенный,"Российская Федерация, Республика Татарстан (Татарстан), м.р-н Лаишевский, с.п. Габишевское, с Габишево, ул Дубравная, з/у 6",Частная,"земельные участки, предназначенные для размещения домов индивидуальной жилой застройки",ЖИЛОЙ,0,нет,16:24:090704,981879.56,1472.0833,,,,,нет,нет,нет,нет,нет,да,нет,да,55.60291562856507,49.14102192649233
16:24:090704:1893,495.0,Земли населенных пунктов,Учтенный,"Местоположение установлено относительно ориентира, расположенного в границах участка. Почтовый адрес ориентира: Российская Федерация, Республика Татарстан (Татарстан), м.р-н Лаишевский, с.п. Габишевское, с Габишево, ул Александра Сергеева, з/у 74.",Частная,"земельные участки, предназначенные для размещения домов индивидуальной жилой застройки",ЖИЛОЙ,0,нет,16:24:090704,794915.5,1605.8899,,,,,нет,нет,нет,нет,нет,да,нет,да,55.607598546841714,49.13450644436046
16:24:090704:1771,502.0,Земли населенных пунктов,Учтенный,"Местоположение установлено относительно ориентира, расположенного в границах участка. Почтовый адрес ориентира: Российская Федерация, Республика Татарстан (Татарстан), м.р-н Лаишевский, с.п. Габишевское, с Габишево, ул Алексея Малышева, з/у 71.",Частная,"земельные участки, предназначенные для размещения домов индивидуальной жилой застройки",ЖИЛОЙ,0,нет,16:24:090704,787466.01,1568.6574,,,,,нет,нет,нет,нет,нет,да,нет,да,55.60579003648386,49.13469746666547
16:24:090704:1663,551.0,Земли населенных пунктов,Учтенный,"Местоположение установлено относительно ориентира, расположенного в границах участка. Почтовый адрес ориентира: Российская Федерация, Республика Татарстан (Татарстан), м.р-н Лаишевский, с.п. Габишевское, с Габишево, ул Александра Сергеева, з/у 14.",Частная,"Земельные участки, предназначенные для размещения домов индивидуальной жилой застройки",ЖИЛОЙ,0,нет,16:24:090704,874781.26,1587.6248,,,,,нет,нет,нет,нет,нет,да,нет,да,55.60442233230215,49.146190823472985
16:24:090704:1080,1059.0,Земли населенных пунктов,Учтенный,"Местоположение установлено относительно ориентира, расположенного в границах участка. Почтовый адрес ориентира: Российская Федерация, Республика Татарстан (Татарстан), м.р-н Лаишевский, с.п. Габишевское, с Габишево, ул Ивана Матвеева, з/у 61.",Частная,"земельные участки, предназначенные для размещения домов индивидуальной жилой застройки",ЖИЛОЙ,0,нет,16:24:090704,1657397.48,1565.059,,,,,нет,нет,нет,нет,нет,да,нет,да,55.60593363116134,49.13641164722875
16:24:090704:2588,697.0,Земли населенных пунктов,Учтенный,"Местоположение установлено относительно ориентира, расположенного в границах участка. Почтовый адрес ориентира: Российская Федерация, Республика Татарстан (Татарстан), м.р-н Лаишевский, с.п. Габишевское, с Габишево, ул Рябиновая, з/у 4А.",Частная,"земельные участки, предназначенные для размещения домов индивидуальной жилой застройки",ЖИЛОЙ,0,нет,16:24:090704,1079266.79,1548.4459,,,,,нет,нет,нет,нет,нет,да,нет,да,55.60699870549504,49.130406417647286
16:24:090704:2551,696.0,Земли населенных пунктов,Учтенный,"Местоположение установлено относительно ориентира, расположенного в границах участка. Почтовый адрес ориентира: Российская Федерация, Республика Татарстан (Татарстан), м.р-н Лаишевский, с.п. Габишевское, с Габишево, ул Рябиновая, з/у 7.",Частная,"земельные участки, предназначенные для размещения домов индивидуальной жилой застройки",ЖИЛОЙ,0,нет,16:24:090704,1082886.56,1555.8715,,,,,нет,нет,нет,нет,нет,да,нет,да,55.606397818360655,49.130432582199816
16:24:090704:2113,279.0,Земли населенных пунктов,Учтенный,"Местоположение установлено относительно ориентира, расположенного в границах участка. Почтовый адрес ориентира: Российская Федерация, Республика Татарстан (Татарстан), м.р-н Лаишевский, с.п. Габишевское, с Габишево, ул Алексея Малышева, з/у 69Б.",Частная,Блокированные односемейные дома с участками,ДРУГОЕ,0,нет,16:24:090704,430281.39,1542.2272,,,,,нет,нет,нет,нет,нет,нет,нет,да,55.605520628870806,49.135222967637745
16:24:090704:1949,519.0,Земли населенных пунктов,Учтенный,"Местоположение установлено относительно ориентира, расположенного в границах участка. Почтовый адрес ориентира: Российская Федерация, Республика Татарстан (Татарстан), м.р-н Лаишевский, с.п. Габишевское, с Габишево, ул Рябиновая, з/у 1.",Частная,"земельные участки, предназначенные для размещения домов индивидуальной жилой застройки",ЖИЛОЙ,0,нет,16:24:090704,817217.82,1574.6008,,,,,нет,нет,нет,нет,нет,да,нет,да,55.60682052254356,49.13152421417086
16:24:210101:420,,Земли населенных пунктов,Ранее учтенный,"Местоположение установлено относительно ориентира, расположенного в границах участка. Почтовый адрес ориентира: Российская Федерация, Республика Татарстан (Татарстан), м.р-н Лаишевский, с.п. Габишевское, с Габишево, тер. ГПК Семерка, з/у 420Г.",Муниципальная,Размещение гаражей для собственных нужд,ДРУГОЕ,0,нет,16:24:210101,52168.18,1409.95,,,,,да,нет,нет,нет,нет,нет,нет,да,55.60849782326227,49.136384005687034
16:24:210101:429,,Земли населенных пунктов,Ранее учтенный,"Местоположение установлено относительно ориентира, расположенного в границах участка. Почтовый адрес ориентира: Российская Федерация, Республика Татарстан (Татарстан), м.р-н Лаишевский, с.п. Габишевское, с Габишево, тер. ГПК Семерка, з/у 429Г.",Муниципальная,Под размещение индивидуальных гаражей,ДРУГОЕ,0,нет,16:24:210101,50758.23,1409.95,,,,,да,нет,нет,нет,нет,нет,нет,да,55.60831240971413,49.1364153191579
16:24:210101:3468,711.0,Земли населенных пунктов,Учтенный,"Российская Федерация, Республика Татарстан (Татарстан), м.р-н Лаишевский, с.п. Габишевское, с Габишево, ул Тукая, з/у 15А",Частная,под жилую застройку индивидуальную,ДРУГОЕ,0,нет,16:24:210101,1450889.49,2040.6322,,,,,нет,нет,нет,нет,нет,нет,нет,да,55.61173830120863,49.13298789536154
16:24:210101:334,1392.0,Земли населенных пунктов,Ранее учтенный,"Местоположение установлено относительно ориентира, расположенного в границах участка. Почтовый адрес ориентира: Российская Федерация, Республика Татарстан (Татарстан), м.р-н Лаишевский, с.п. Габишевское, с Габишево, ул Казанская, з/у 22.",,Для индивидуального жилищного строительства,ИЖС,0,нет,16:24:210101,2323334.58,1669.0622,,,,,да,да,нет,нет,нет,да,нет,да,55.606545598041365,49.14308953655545
16:24:210101:2443,701.0,Земли населенных пунктов,Учтенный,"Местоположение установлено относительно ориентира, расположенного в границах участка. Почтовый адрес ориентира: Российская Федерация, Республика Татарстан (Татарстан), м.р-н Лаишевский, с.п. Габишевское, с Габишево, пер Садовый, з/у 1.",Частная,Под малоэтажное жилищное строительство,ДРУГОЕ,0,нет,16:24:210101,1107055.37,1579.2516,,,,,нет,нет,нет,нет,нет,нет,нет,да,55.60527604225739,49.14773333707338
16:24:210101:532,24.0,Земли населенных пунктов,Ранее учтенный,"Местоположение установлено относительно ориентира, расположенного в границах участка. Почтовый адрес ориентира: Российская Федерация, Республика Татарстан (Татарстан), м.р-н Лаишевский, с.п. Габишевское, с Габишево, тер. ГПК Вахитовская, з/у 532Г.",Частная,обслуживание автотранспорта,ТРАНСПОРТ,0,нет,16:24:210101,37251.6,1552.15,,,,,нет,нет,нет,нет,нет,нет,нет,да,55.613300560589856,49.142722917783196
16:24:210101:3793,400.0,Земли населенных пунктов,Учтенный,"Российская Федерация, Республика Татарстан (Татарстан), м.р-н Лаишевский, с.п. Габишевское, с Габишево, ул Вахитовская, з/у 7/2",Частная,Ведение личного хозяйства и индивидуальное жилищное строительство,ДРУГОЕ,0,нет,16:24:210101,696662.36,1741.6559,,,,,нет,нет,нет,нет,нет,нет,нет,да,55.613779774181225,49.14397750956029
16:24:210101:360,1758.0,Земли населенных пунктов,Ранее учтенный,"Местоположение установлено относительно ориентира, расположенного в границах участка. Почтовый адрес ориентира: Российская Федерация, Республика Татарстан (Татарстан), м.р-н Лаишевский, с.п. Габишевское, с Габишево, ул Казанская, з/у 29.",Частная,Для ведения личного подсобного хозяйства,ЛПХ,0,нет,16:24:000000,2916748.96,1659.1291,,,,,нет,нет,нет,нет,да,да,нет,да,55.606118613097195,49.14083348996502
16:24:210101:3800,920.0,Земли населенных пунктов,Учтенный,"Российская Федерация, Республика Татарстан (Татарстан), м.р-н Лаишевский, с.п. Габишевское, с Габишево, ул Казанская, з/у 47Б",Частная,для индивидуального жилищного строительства,ИЖС,0,нет,16:24:210101,1503481.76,1634.2193,,,,,нет,да,нет,нет,нет,да,нет,да,55.6072035574487,49.137061108096404
16:24:210101:893,980.0,Земли населенных пунктов,Учтенный,"Местоположение установлено относительно ориентира, расположенного в границах участка. Почтовый адрес ориентира: Российская Федерация, Республика Татарстан (Татарстан), м.р-н Лаишевский, с.п. Габишевское, с Габишево, ул Береговая, з/у 3.",Частная,Для малоэтажного жилищного строительства,ДРУГОЕ,0,нет,16:24:210101,1500389.02,1531.0092,,,,,нет,нет,нет,нет,нет,нет,нет,да,55.61201105638088,49.1508077253382
16:24:210101:545,,Земли населенных пунктов,Ранее учтенный,"Местоположение установлено относительно ориентира, расположенного в границах участка. Почтовый адрес ориентира: Российская Федерация, Республика Татарстан (Татарстан), м.р-н Лаишевский, с.п. Габишевское, с Габишево, тер. ГПК Вахитовская, з/у 545Г.",Муниципальная,размещение гаражей для собственных нужд,ДРУГОЕ,0,нет,16:24:210101,37251.6,1552.15,,,,,да,нет,нет,нет,нет,нет,нет,да,55.61325267936212,49.142508992016076
16:24:210101:3302,1147.0,Земли населенных пунктов,Учтенный,"Местоположение установлено относительно ориентира, расположенного в границах участка. Почтовый адрес ориентира: Республика Татарстан, Лаишевский муниципальный район, Габишевское сельское поселение, с Габишево, ул. Казанская.",Частная,Для ведения личного подсобного хозяйства,ЛПХ,0,нет,16:24:210101,1871766.93,1631.8805,,,,,нет,нет,нет,нет,да,да,нет,да,55.606828759570035,49.13923280526463
16:24:210101:281,,Земли населенных пунктов,Ранее учтенный,"Местоположение установлено относительно ориентира, расположенного в границах участка. Почтовый адрес ориентира: Российская Федерация, Республика Татарстан (Татарстан), м.р-н Лаишевский, с.п. Габишевское, с Габишево, ул Приозерная, з/у 36.",,Для индивидуального жилищного строительства,ИЖС,0,нет,16:24:210101,1913674.2,1755.6644,,,,,да,да,нет,нет,нет,да,нет,да,55.608491813818546,49.140431820953886
16:24:210101:2447,670.0,Земли населенных пунктов,Учтенный,"Местоположение установлено относительно ориентира, расположенного в границах участка. Почтовый адрес ориентира: Российская Федерация, Республика Татарстан (Татарстан), м.р-н Лаишевский, с.п. Габишевское, с Габишево, пер Садовый, з/у 4.",,Под малоэтажное жилищное строительство,ДРУГОЕ,0,нет,16:24:210101,1049973.21,1567.1242,,,,,да,нет,нет,нет,нет,нет,нет,да,55.60515358407038,49.148309208313904
16:24:210101:615,1200.0,Земли населенных пунктов,Ранее учтенный,"Местоположение установлено относительно ориентира, расположенного в границах участка. Почтовый адрес ориентира: Российская Федерация, Республика Татарстан (Татарстан), м.р-н Лаишевский, с.п. Габишевское, с Габишево, ул Казанская, з/у 55.",,Индивидуальное жилищное строительство,ДРУГОЕ,0,нет,16:24:210101,1953863.88,1628.2199,,,,,да,нет,нет,нет,нет,нет,нет,да,55.60780307950194,49.1363864955516
16:24:210101:490,,Земли населенных пунктов,Ранее учтенный,"Местоположение установлено относительно ориентира, расположенного в границах участка. Почтовый адрес ориентира: Российская Федерация, Республика Татарстан (Татарстан), м.р-н Лаишевский, с.п. Габишевское, с Габишево, тер. ГПК Молодежный, з/у 490Г.",Муниципальная,Размещение гаражей для собственных нужд,ДРУГОЕ,0,нет,16:24:210101,42344.81,1693.79,,,,,да,нет,нет,нет,нет,нет,нет,да,55.61213946980648,49.1393331923022
16:24:210101:3041,450.0,Земли населенных пунктов,Учтенный,"Местоположение установлено относительно ориентира, расположенного в границах участка. Почтовый адрес ориентира: Российская Федерация, Республика Татарстан (Татарстан), м.р-н Лаишевский, с.п. Габишевское, с Габишево, ул Советская, з/у 21.",Частная,для индивидуального жилищного строительства,ИЖС,0,нет,16:24:210101,780877.48,1735.2833,,,,,нет,да,нет,нет,нет,да,нет,да,55.60882696036761,49.14480458106049
16:24:210101:270,,Земли населенных пунктов,Ранее учтенный,"Местоположение установлено относительно ориентира, расположенного в границах участка. Почтовый адрес ориентира: Российская Федерация, Республика Татарстан (Татарстан), м.р-н Лаишевский, с.п. Габишевское, с Габишево, ул Московская, з/у 5.",,Индивидуальное жилищное строительство,ДРУГОЕ,0,нет,16:24:210101,2144675.39,1649.7503,,,,,да,нет,нет,нет,нет,нет,нет,да,55.60948728613241,49.146871777715866
16:24:210101:2530,26.0,Земли населенных пунктов,Учтенный,"Местоположение установлено относительно ориентира, расположенного в границах участка. Почтовый адрес ориентира: Российская Федерация, Республика Татарстан (Татарстан), м.р-н Лаишевский, с.п. Габишевское, с Габишево, тер. ГПК Семерка, з/у 2530Г.",Частная,под размещение индивидуальных гаражей,ДРУГОЕ,0,нет,16:24:210101,36402.28,1400.0875,,,,,нет,нет,нет,нет,нет,нет,нет,да,55.608138211690665,49.13710153913
16:24:210101:713,1500.0,Земли населенных пунктов,Ранее учтенный,"Местоположение установлено относительно ориентира, расположенного в границах участка. Почтовый адрес ориентира: Российская Федерация, Республика Татарстан (Татарстан), м.р-н Лаишевский, с.п. Габишевское, с Габишево, ул Марджани, з/у 6.",,Для индивидуального жилищного строительства,ИЖС,0,нет,16:24:210101,2694236.85,1796.16,,,,,да,да,нет,нет,нет,да,нет,да,55.60874854182416,49.14876354858039
16:24:210101:3436,2041.0,Земли населенных пунктов,Учтенный,"Местоположение установлено относительно ориентира, расположенного в границах участка. Почтовый адрес ориентира: Российская Федерация, Республика Татарстан (Татарстан), м.р-н Лаишевский, с.п. Габишевское, с Габишево, ул Ленинская, з/у 10.",Частная,малоэтажная многоквартирная жилая застройка,ДРУГОЕ,0,нет,16:24:210101,2105329.67,1031.5187,,,,,нет,нет,нет,нет,нет,нет,нет,да,55.61132131756673,49.144128207685185
16:24:210101:2513,466.0,Земли населенных пунктов,Учтенный,"Местоположение установлено относительно ориентира, расположенного в границах участка. Почтовый адрес ориентира: Российская Федерация, Республика Татарстан (Татарстан), м.р-н Лаишевский, с.п. Габишевское, с Габишево, ул Бауманская, з/у 9.",Частная,Под жилую застройку Индивидуальную,ДРУГОЕ,0,нет,16:24:210101,817922.31,1755.1981,,,,,нет,нет,нет,нет,нет,нет,нет,да,55.613262294468754,49.14158938549191
16:24:210101:2356,636.0,Земли населенных пунктов,Учтенный,"Местоположение установлено относительно ориентира, расположенного в границах участка. Почтовый адрес ориентира: Российская Федерация, Республика Татарстан (Татарстан), м.р-н Лаишевский, с.п. Габишевское, с Габишево, ул Приволжская, з/у 12.",Частная,Для индивидуального жилищного строительства,ИЖС,0,нет,16:24:210101,1100567.79,1730.4525,,,,,нет,да,нет,нет,нет,да,нет,да,55.60868736149227,49.144090557740405
16:24:210101:2189,24.0,Земли населенных пунктов,Учтенный,"Местоположение установлено относительно ориентира, расположенного в границах участка. Почтовый адрес ориентира: Российская Федерация, Республика Татарстан (Татарстан), м.р-н Лаишевский, с.п. Габишевское, с Габишево, тер. ГПК Семерка, з/у 2189Г.",,под размещение индивидуальных гаражей,ДРУГОЕ,0,нет,16:24:210101,33602.1,1400.0875,,,,,да,нет,нет,нет,нет,нет,нет,да,55.60821685450077,49.13750893505293
16:24:090704:3319,451.0,Земли населенных пунктов,Учтенный,"Местоположение установлено относительно ориентира, расположенного в границах участка. Почтовый адрес ориентира: Российская Федерация, Республика Татарстан (Татарстан), м.р-н Лаишевский, с.п. Габишевское, с Габишево, ул Александра Сергеева, з/у 53Б.",Частная,"земельные участки, предназначенные для размещения домов индивидуальной жилой застройки",ЖИЛОЙ,0,нет,16:24:090704,735822.87,1631.5363,,,,,нет,нет,нет,нет,нет,да,нет,да,55.60635897833572,49.138709915653486
16:24:090704:2020,523.0,Земли населенных пунктов,Учтенный,"Местоположение установлено относительно ориентира, расположенного в границах участка. Почтовый адрес ориентира: Российская Федерация, Республика Татарстан (Татарстан), м.р-н Лаишевский, с.п. Габишевское, с Габишево, ул Юности, з/у 2.",Частная,"земельные участки, предназначенные для размещения домов индивидуальной жилой застройки",ЖИЛОЙ,0,нет,16:24:090704,958106.56,1831.9437,,,,,нет,нет,нет,нет,нет,да,нет,да,55.60902206626347,49.12769418780266
16:24:090704:1209,998.0,Земли населенных пунктов,Учтенный,"Местоположение установлено относительно ориентира, расположенного в границах участка. Почтовый адрес ориентира: Российская Федерация, Республика Татарстан (Татарстан), м.р-н Лаишевский, с.п. Габишевское, с Габишево, ул Александра Сергеева, з/у 68.",,"земельные участки, предназначенные для размещения домов индивидуальной жилой застройки",ЖИЛОЙ,0,нет,16:24:090704,1589690.15,1592.8759,,,,,да,нет,нет,нет,нет,да,нет,да,55.60706943007889,49.13536447087046
16:24:210101:564,,Земли населенных пунктов,Ранее учтенный,"Местоположение установлено относительно ориентира, расположенного в границах участка. Почтовый адрес ориентира: Российская Федерация, Республика Татарстан (Татарстан), м.р-н Лаишевский, с.п. Габишевское, с Габишево, тер. ГПК Вахитовская, з/у 564Г.",Муниципальная, Для размещения индивидуальных гаражей,ДРУГОЕ,0,нет,16:24:210101,37251.6,1552.15,,,,,да,нет,нет,нет,нет,нет,нет,да,55.61317865533768,49.142402017621336
16:24:210101:310,,Земли населенных пунктов,Ранее учтенный,"Российская Федерация, Республика Татарстан (Татарстан), м.р-н Лаишевский, с.п. Габишевское, с Габишево, ул Приозерная, з/у 15",Частная,Ведение личного подсобного хозяйства,ЛПХ,0,нет,16:24:210101,2630248.52,1683.9,,,,,нет,нет,нет,нет,да,да,нет,да,55.60706806501751,49.14376173162013
16:24:090704:942,1160.0,Земли населенных пунктов,Учтенный,"Местоположение установлено относительно ориентира, расположенного в границах участка. Почтовый адрес ориентира: Российская Федерация, Республика Татарстан (Татарстан), м.р-н Лаишевский, с.п. Габишевское, с Габишево, ул Александра Сергеева, з/у 41.",Частная," индивидуальные жилые дома с приусадебными земельными участками, магазины товаров первой необходимости общей площадью не более 150 кв.м",ЖИЛОЙ,0,нет,16:24:090704,1843016.47,1588.8073,,,,,нет,нет,нет,нет,нет,да,нет,да,55.60568816423392,49.14063576832125
16:24:090704:2707,579.0,Земли населенных пунктов,Учтенный,"Местоположение установлено относительно ориентира, расположенного в границах участка. Почтовый адрес ориентира: Российская Федерация, Республика Татарстан (Татарстан), м.р-н Лаишевский, с.п. Габишевское, с Габишево, ул Александра Сергеева, з/у 11.",Частная,"земельные участки, предназначенные для размещения домов индивидуальной жилой застройки",ЖИЛОЙ,0,нет,16:24:090704,918471.0,1586.3057,,,,,нет,нет,нет,нет,нет,да,нет,да,55.605145307979804,49.14656473849886
16:24:090704:2599,626.0,Земли населенных пунктов,Учтенный,"Местоположение установлено относительно ориентира, расположенного в границах участка. Почтовый адрес ориентира: Российская Федерация, Республика Татарстан, Лаишевский муниципальный район, Габишевское сельское поселение, с Габишево, ул. Веселая.",Частная,"Земельные участки, предназначенные для размещения домов индивидуальной жилой застройки",ЖИЛОЙ,0,нет,16:24:090704,969792.38,1549.1891,,,,,нет,нет,нет,нет,нет,да,нет,да,55.605966173974785,49.132703286342064
16:24:090704:1806,681.0,Земли населенных пунктов,Учтенный,"Местоположение установлено относительно ориентира, расположенного в границах участка. Почтовый адрес ориентира: Российская Федерация, Республика Татарстан (Татарстан), м.р-н Лаишевский, с.п. Габишевское, с Габишево, ул Алексея Малышева, з/у 45А.",Частная,"земельные участки, предназначенные для размещения домов индивидуальной жилой застройки",ЖИЛОЙ,0,нет,16:24:090704,1016936.21,1493.2984,,,,,нет,нет,нет,нет,нет,да,нет,да,55.60410988936851,49.13892006166662
16:24:210101:3402,950.0,Земли населенных пунктов,Учтенный,"Местоположение установлено относительно ориентира, расположенного в границах участка. Почтовый адрес ориентира: Республика Татарстан, Лаишевский муниципальный район, Габишевское сельское поселение, с Габишево, ул. Тукая.",Частная,индивидуальное жилищное строительство,ДРУГОЕ,0,нет,16:24:210101,1771264.93,1864.4894,,,,,нет,нет,нет,нет,нет,нет,нет,да,55.611339701641555,49.13820483490155
16:24:090704:1598,692.0,Земли населенных пунктов,Учтенный,"Местоположение установлено относительно ориентира, расположенного в границах участка. Почтовый адрес ориентира: Российская Федерация, Республика Татарстан (Татарстан), м.р-н Лаишевский, с.п. Габишевское, с Габишево, ул Александра Сергеева, з/у 42А.",Частная,"земельные участки, предназначенные для размещения домов индивидуальной жилой застройки",ЖИЛОЙ,0,нет,16:24:090704,1098510.97,1587.4436,,,,,нет,нет,нет,нет,нет,да,нет,да,55.605240874788436,49.13983484199835
16:24:090704:2593,500.0,Земли населенных пунктов,Учтенный,"Местоположение установлено относительно ориентира, расположенного в границах участка. Почтовый адрес ориентира: Российская Федерация, Республика Татарстан (Татарстан), м.р-н Лаишевский, с.п. Габишевское, с Габишево, ул Алексея Малышева, з/у 31.",Частная,"земельные участки, предназначенные для размещения домов индивидуальной жилой застройки",ЖИЛОЙ,0,нет,16:24:090704,794995.75,1589.9915,,,,,нет,нет,нет,нет,нет,да,нет,да,55.603648334140374,49.14231373368592
16:24:090704:1803,681.0,Земли населенных пунктов,Учтенный,"Местоположение установлено относительно ориентира, расположенного в границах участка. Почтовый адрес ориентира: Российская Федерация, Республика Татарстан (Татарстан), м.р-н Лаишевский, с.п. Габишевское, с Габишево, ул Алексея Малышева, з/у 51.",Частная,"земельные участки, предназначенные для размещения домов индивидуальной жилой застройки",ЖИЛОЙ,0,нет,16:24:090704,1021457.85,1499.9381,,,,,нет,нет,нет,нет,нет,да,нет,да,55.6042044044947,49.13812073318323
16:24:090704:995,1045.0,Земли населенных пунктов,Учтенный,"Местоположение установлено относительно ориентира, расположенного в границах участка. Почтовый адрес ориентира: Российская Федерация, Республика Татарстан (Татарстан), м.р-н Лаишевский, с.п. Габишевское, с Габишево, ул Луговая, з/у 12.",Частная,"земельные участки, предназначенные для размещения домов индивидуальной жилой застройки",ЖИЛОЙ,0,нет,16:24:090704,1618800.3,1549.0912,,,,,нет,нет,нет,нет,нет,да,нет,да,55.605783435900435,49.13043183059843
16:24:090704:2146,520.0,Земли населенных пунктов,Учтенный,"Российская Федерация, Республика Татарстан (Татарстан), м.р-н Лаишевский, с.п. Габишевское, с Габишево, ул Спортивная, з/у 1",Частная,"Земельные участки, предназначенные для размещения домов индивидуальной жилой застройки",ЖИЛОЙ,0,нет,16:24:090704,853723.47,1641.7759,,,,,нет,нет,нет,нет,нет,да,нет,да,55.60807650040313,49.12938972837645
16:24:090704:2045,400.0,Земли населенных пунктов,Учтенный,"Российская Федерация, Республика Татарстан (Татарстан), м.р-н Лаишевский, с.п. Габишевское, с Габишево, ул Александра Сергеева, з/у 25А",Частная,"Земельные участки, предназначенные для размещения домов индивидуальной жилой застройки",ЖИЛОЙ,0,нет,16:24:090704,657191.32,1642.9783,,,,,нет,нет,нет,нет,нет,да,нет,да,55.6054546948956,49.14389578351484
16:24:090704:1360,1100.0,Земли населенных пунктов,Учтенный,"Местоположение установлено относительно ориентира, расположенного в границах участка. Почтовый адрес ориентира: Российская Федерация, Республика Татарстан (Татарстан), м.р-н Лаишевский, с.п. Габишевское, с Габишево, ул Ивана Матвеева, з/у 35.",Частная,"земельные участки, предназначенные для размещения домов индивидуальной жилой застройки",ЖИЛОЙ,0,нет,16:24:090704,1775207.83,1613.8253,,,,,нет,нет,нет,нет,нет,да,нет,да,55.60465670357373,49.14137513229547
16:24:090704:1259,1076.0,Земли населенных пунктов,Учтенный,"Местоположение установлено относительно ориентира, расположенного в границах участка. Почтовый адрес ориентира: Российская Федерация, Республика Татарстан (Татарстан), м.р-н Лаишевский, с.п. Габишевское, с Габишево, ул Алексея Малышева, з/у 65.",Частная,"земельные участки, предназначенные для размещения домов индивидуальной жилой застройки",ЖИЛОЙ,0,нет,16:24:090704,1644555.28,1528.3971,,,,,нет,нет,нет,нет,нет,да,нет,да,55.605102216892675,49.135749018878194
16:24:090704:2846,478.0,Земли населенных пунктов,Учтенный,"Местоположение установлено относительно ориентира, расположенного в границах участка. Почтовый адрес ориентира: Российская Федерация, Республика Татарстан (Татарстан), м.р-н Лаишевский, с.п. Габишевское, с Габишево, ул Южная, з/у 6А.",Частная,"земельные участки, предназначенные для размещения домов индивидуальной жилой застройки",ЖИЛОЙ,0,нет,16:24:090704,697151.15,1458.4752,,,,,нет,нет,нет,нет,нет,да,нет,да,55.60399301379568,49.13545182816054
16:24:090704:2848,477.0,Земли населенных пунктов,Учтенный,"Местоположение установлено относительно ориентира, расположенного в границах участка. Почтовый адрес ориентира: Российская Федерация, Республика Татарстан (Татарстан), м.р-н Лаишевский, с.п. Габишевское, с Габишево, ул Южная, з/у 4А.",Частная,"земельные участки, предназначенные для размещения домов индивидуальной жилой застройки",ЖИЛОЙ,0,нет,16:24:090704,690810.96,1448.241,,,,,нет,нет,нет,нет,нет,да,нет,да,55.604140910770354,49.13571092862863
16:24:090704:1940,620.0,Земли населенных пунктов,Учтенный,"Местоположение установлено относительно ориентира, расположенного в границах участка. Почтовый адрес ориентира: Российская Федерация, Республика Татарстан (Татарстан), м.р-н Лаишевский, с.п. Габишевское, с Габишево, ул Жемчужная, з/у 3.",Частная,"земельные участки, предназначенные для размещения домов индивидуальной жилой застройки",ЖИЛОЙ,0,нет,16:24:090704,956053.89,1542.0224,,,,,нет,нет,нет,нет,нет,да,нет,да,55.60501948809101,49.1343761001437
16:24:090704:1204,1057.0,Земли населенных пунктов,Учтенный,"Местоположение установлено относительно ориентира, расположенного в границах участка. Почтовый адрес ориентира: Российская Федерация, Республика Татарстан (Татарстан), м.р-н Лаишевский, с.п. Габишевское, с Габишево, ул Моховая, з/у 3.",,"земельные участки, предназначенные для размещения домов индивидуальной жилой застройки",ЖИЛОЙ,0,нет,16:24:090704,1445582.37,1367.6276,,,,,да,нет,нет,нет,нет,да,нет,да,55.602295051411076,49.14918999180754
16:24:210101:257,926.0,Земли населенных пунктов,Ранее учтенный,"Местоположение установлено относительно ориентира, расположенного в границах участка. Почтовый адрес ориентира: Российская Федерация, Республика Татарстан (Татарстан), м.р-н Лаишевский, с.п. Габишевское, с Габишево, ул Советская, з/у 16.",Частная,Под жилую застройку Индивидуальную,ДРУГОЕ,0,нет,16:24:210101,1613826.04,1742.79,,,,,нет,нет,нет,нет,нет,нет,нет,да,55.60966571160267,49.14427372667642
16:24:090704:2608,666.0,Земли населенных пунктов,Учтенный,"Российская Федерация, Республика Татарстан (Татарстан), м.р-н Лаишевский, с.п. Габишевское, с Габишево, ул Дубравная, з/у 5",Частная,"земельные участки, предназначенные для размещения домов индивидуальной жилой застройки",ЖИЛОЙ,0,нет,16:24:090704,1041070.69,1563.1692,,,,,нет,нет,нет,нет,нет,да,нет,да,55.60281539318454,49.14187640645457
16:24:090704:1908,500.0,Земли населенных пунктов,Учтенный,"Местоположение установлено относительно ориентира, расположенного в границах участка. Почтовый адрес ориентира: Российская Федерация, Республика Татарстан (Татарстан), м.р-н Лаишевский, с.п. Габишевское, с Габишево, ул Сосновая, з/у 2.",Частная,"земельные участки, предназначенные для размещения домов индивидуальной жилой застройки",ЖИЛОЙ,0,нет,16:24:090704,782306.55,1564.6131,,,,,нет,нет,нет,нет,нет,да,нет,да,55.603233788220585,49.14287190536275
16:24:210101:78,,Земли населенных пунктов,Ранее учтенный,"Местоположение установлено относительно ориентира, расположенного в границах участка. Почтовый адрес ориентира: Российская Федерация, Республика Татарстан (Татарстан), м.р-н Лаишевский, с.п. Габишевское, с Габишево, ул Бауманская, з/у 10.",Частная,Индивидуальное строительство жилого дома,ЖИЛОЙ,0,нет,16:24:210101,2702634.86,1769.8984,,,,,нет,нет,нет,нет,нет,да,нет,да,55.613150116212275,49.140659237661424
16:24:210101:3789,500.0,Земли населенных пунктов,Учтенный,"Республика Татарстан, Лаишевский муниципальный район, Габишевское сельское поселение, с Габишево, ул. Приозерная",Частная,Для индивидуального жилищного строительства,ИЖС,0,нет,16:24:210101,918119.05,1836.2381,,,,,нет,да,нет,нет,нет,да,нет,да,55.60905325074472,49.13741249109265
16:24:210101:107,1238.0,Земли населенных пунктов,Ранее учтенный,"Местоположение установлено относительно ориентира, расположенного в границах участка. Почтовый адрес ориентира: Российская Федерация, Республика Татарстан (Татарстан), м.р-н Лаишевский, с.п. Габишевское, с Габишево, ул им Мусы Джалиля, з/у 10.",Частная,Для индивидуального жилищного строительства,ИЖС,0,нет,16:24:210101,2411404.5,1947.8227,,,,,нет,да,нет,нет,нет,да,нет,да,55.61080167404014,49.13597056945178
16:24:210101:940,1089.0,Земли населенных пунктов,Учтенный,"Местоположение установлено относительно ориентира, расположенного в границах участка. Почтовый адрес ориентира: Российская Федерация, Республика Татарстан (Татарстан), м.р-н Лаишевский, с.п. Габишевское, с Габишево, ул Цветочная, з/у 5.",Частная,Под малоэтажное жилищное строительство,ДРУГОЕ,0,нет,16:24:210101,1688008.59,1550.0538,,,,,нет,нет,нет,нет,нет,нет,нет,да,55.605040982866136,49.14883052564361
16:24:210101:87,1218.0,Земли населенных пунктов,Ранее учтенный,"Местоположение установлено относительно ориентира, расположенного в границах участка. Почтовый адрес ориентира: Российская Федерация, Республика Татарстан (Татарстан), м.р-н Лаишевский, с.п. Габишевское, с Габишево, ул Наратлы, з/у 4.",,Индивидуальное жилищное строительство,ДРУГОЕ,0,нет,16:24:210101,2273318.56,1866.4356,,,,,да,нет,нет,нет,нет,нет,нет,да,55.61352424466162,49.1384395590887
16:24:210101:307,1472.0,Земли населенных пунктов,Ранее учтенный,"Местоположение установлено относительно ориентира, расположенного в границах участка. Почтовый адрес ориентира: Российская Федерация, Республика Татарстан (Татарстан), м.р-н Лаишевский, с.п. Габишевское, с Габишево, ул Приозерная, з/у 9.",,Индивидуальное жилищное строительство,ДРУГОЕ,0,нет,16:24:210101,2462931.85,1673.1874,,,,,да,нет,нет,нет,нет,нет,нет,да,55.60698578044814,49.14481225668214
16:24:090704:2765,200.0,Земли населенных пунктов,Учтенный,"Российская Федерация, Республика Татарстан (Татарстан), м.р-н Лаишевский, с.п. Габишевское, с Габишево, ул Александра Сергеева, з/у 112Б",Частная,Блокированные односемейные дома с участками,ДРУГОЕ,0,нет,16:24:090704,366838.22,1834.1911,,,,,нет,нет,нет,нет,нет,нет,нет,да,55.60962755998756,49.12773123687338
16:24:090704:1925,525.0,Земли населенных пунктов,Учтенный,"Местоположение установлено относительно ориентира, расположенного в границах участка. Почтовый адрес ориентира: Российская Федерация, Республика Татарстан (Татарстан), м.р-н Лаишевский, с.п. Габишевское, с Габишево, ул Васильковая, з/у 1А.",Частная,"земельные участки, предназначенные для размещения домов индивидуальной жилой застройки",ЖИЛОЙ,0,нет,16:24:090704,796315.75,1516.7919,,,,,нет,нет,нет,нет,нет,да,нет,да,55.604608265687546,49.135606401404026
16:24:090704:1337,1099.0,Земли населенных пунктов,Учтенный,"Местоположение установлено относительно ориентира, расположенного в границах участка. Почтовый адрес ориентира: Российская Федерация, Республика Татарстан (Татарстан), м.р-н Лаишевский, с.п. Габишевское, с Габишево, ул Алексея Малышева, з/у 21.",Частная,"земельные участки, предназначенные для размещения домов индивидуальной жилой застройки",ЖИЛОЙ,0,нет,16:24:090704,1695859.98,1543.0937,,,,,нет,нет,нет,нет,нет,да,нет,да,55.60341053493174,49.14457279174231
16:24:000000:6082,1378.0,Земли населенных пунктов,Учтенный,"Местоположение установлено относительно ориентира, расположенного в границах участка. Почтовый адрес ориентира: Республика Татарстан, Лаишевский муниципальный район, Габишевское сельское поселение, с Габишево, ул. им Мусы Джалиля.",Частная,для индивидуального жилищного строительства,ИЖС,0,нет,16:24:000000,2288732.05,1660.9086,,,,,нет,да,нет,нет,нет,да,нет,да,55.60816148243751,49.13547308380876
16:24:090704:2589,697.0,Земли населенных пунктов,Учтенный,"Местоположение установлено относительно ориентира, расположенного в границах участка. Почтовый адрес ориентира: Российская Федерация, Республика Татарстан (Татарстан), м.р-н Лаишевский, с.п. Габишевское, с Габишево, ул Рябиновая, з/у 8.",Частная,"земельные участки, предназначенные для размещения домов индивидуальной жилой застройки",ЖИЛОЙ,0,нет,16:24:090704,1097628.07,1574.7892,,,,,нет,нет,нет,нет,нет,да,нет,да,55.60677201234421,49.13003711951928
16:24:090704:1797,698.0,Земли населенных пунктов,Учтенный,"Местоположение установлено относительно ориентира, расположенного в границах участка. Почтовый адрес ориентира: Российская Федерация, Республика Татарстан (Татарстан), м.р-н Лаишевский, с.п. Габишевское, с Габишево, ул Алексея Малышева, з/у 59А.",Частная,"земельные участки, предназначенные для размещения домов индивидуальной жилой застройки",ЖИЛОЙ,0,нет,16:24:090704,1063816.7,1524.0927,,,,,нет,нет,нет,нет,нет,да,нет,да,55.604636020374876,49.136655792769844
16:24:090704:1572,994.0,Земли населенных пунктов,Учтенный,"Местоположение установлено относительно ориентира, расположенного в границах участка. Почтовый адрес ориентира: Российская Федерация, Республика Татарстан (Татарстан), м.р-н Лаишевский, с.п. Габишевское, с Габишево, ул Александра Сергеева, з/у 31.",Частная,"земельные участки, предназначенные для размещения домов индивидуальной жилой застройки",ЖИЛОЙ,0,нет,16:24:090704,1640588.25,1650.4912,,,,,нет,нет,нет,нет,нет,да,нет,да,55.60542407235365,49.14275115858755
16:24:090704:2690,523.0,Земли населенных пунктов,Учтенный,"Местоположение установлено относительно ориентира, расположенного в границах участка. Почтовый адрес ориентира: Российская Федерация, Республика Татарстан (Татарстан), м.р-н Лаишевский, с.п. Габишевское, с Габишево, ул Юности, з/у 8А.",Частная,"земельные участки, предназначенные для размещения домов индивидуальной жилой застройки",ЖИЛОЙ,0,нет,16:24:090704,959280.32,1834.188,,,,,нет,нет,нет,нет,нет,да,нет,да,55.60854642761139,49.12659853891328
16:24:090704:1881,528.0,Земли населенных пунктов,Учтенный,"Местоположение установлено относительно ориентира, расположенного в границах участка. Почтовый адрес ориентира: Российская Федерация, Республика Татарстан (Татарстан), м.р-н Лаишевский, с.п. Габишевское, с Габишево, ул Васильковая, з/у 2А.",Частная,"земельные участки, предназначенные для размещения домов индивидуальной жилой застройки",ЖИЛОЙ,0,нет,16:24:090704,813272.91,1540.2896,,,,,нет,нет,нет,нет,нет,да,нет,да,55.60492541132514,49.13492114429683
16:24:090704:1795,680.0,Земли населенных пунктов,Учтенный,"Местоположение установлено относительно ориентира, расположенного в границах участка. Почтовый адрес ориентира: Российская Федерация, Республика Татарстан (Татарстан), м.р-н Лаишевский, с.п. Габишевское, с Габишево, ул Алексея Малышева, з/у 61А.",Частная,"земельные участки, предназначенные для размещения домов индивидуальной жилой застройки",ЖИЛОЙ,0,нет,16:24:090704,1036693.18,1524.5488,,,,,нет,нет,нет,нет,нет,да,нет,да,55.604866561524666,49.13632154063787
16:24:090704:1217,992.0,Земли населенных пунктов,Учтенный,"Местоположение установлено относительно ориентира, расположенного в границах участка. Почтовый адрес ориентира: Российская Федерация, Республика Татарстан (Татарстан), м.р-н Лаишевский, с.п. Габишевское, с Габишево, ул Ивана Матвеева, з/у 75.",Частная,"земельные участки, предназначенные для размещения домов индивидуальной жилой застройки",ЖИЛОЙ,0,нет,16:24:090704,1579355.76,1592.0925,,,,,нет,нет,нет,нет,нет,да,нет,да,55.60711000903588,49.134212033256674
16:24:090704:1037,782.0,Земли населенных пунктов,Учтенный,"Местоположение установлено относительно ориентира, расположенного в границах участка. Почтовый адрес ориентира: Российская Федерация, Республика Татарстан (Татарстан), м.р-н Лаишевский, с.п. Габишевское, с Габишево, ул Южная, з/у 12.",Частная,"земельные участки, предназначенные для размещения домов индивидуальной жилой застройки",ЖИЛОЙ,0,нет,16:24:090704,1065225.07,1362.1804,,,,,нет,нет,нет,нет,нет,да,нет,да,55.60341838957563,49.13468548180103
16:24:210101:2429,718.0,Земли населенных пунктов,Учтенный,"Местоположение установлено относительно ориентира, расположенного в границах участка. Почтовый адрес ориентира: Российская Федерация, Республика Татарстан (Татарстан), м.р-н Лаишевский, с.п. Габишевское, с Габишево, ул Олимпийская, з/у 1.",Частная,Под малоэтажное жилищное строительство,ДРУГОЕ,0,нет,16:24:210101,1161340.73,1617.4662,,,,,нет,нет,нет,нет,нет,нет,нет,да,55.606699241522506,49.148665262926905
16:24:210101:2425,6455.0,Земли населенных пунктов,Учтенный,"Местоположение установлено относительно ориентира, расположенного в границах участка. Почтовый адрес ориентира: Российская Федерация, Республика Татарстан (Татарстан), м.р-н Лаишевский, с.п. Габишевское, с Габишево, кв-л 210101, з/у 2425.",,Под малоэтажное жилищное строительство,ДРУГОЕ,0,нет,16:24:210101,10249648.56,1587.8619,,,,,да,нет,нет,нет,нет,нет,нет,да,55.60588099324287,49.14873921379109
16:24:210101:3769,500.0,Земли населенных пунктов,Учтенный,"Российская Федерация, Республика Татарстан (Татарстан), м.р-н Лаишевский, с.п. Габишевское, с Габишево, ул им Мусы Джалиля, з/у 30А",Частная,для индивидуального жилищного строительства,ИЖС,0,нет,16:24:210101,846479.55,1692.9591,,,,,нет,да,нет,нет,нет,да,нет,да,55.608460842216125,49.13527034225044
16:24:210101:2426,977.0,Земли населенных пунктов,Учтенный,"Местоположение установлено относительно ориентира, расположенного в границах участка. Почтовый адрес ориентира: Российская Федерация, Республика Татарстан (Татарстан), м.р-н Лаишевский, с.п. Габишевское, с Габишево, ул Державина, з/у 6.",Частная,Под малоэтажное жилищное строительство,ДРУГОЕ,0,нет,16:24:210101,1608822.48,1646.6965,,,,,нет,нет,нет,нет,нет,нет,нет,да,55.60670130771881,49.147673423058535
16:24:210101:2442,702.0,Земли населенных пунктов,Учтенный,"Местоположение установлено относительно ориентира, расположенного в границах участка. Почтовый адрес ориентира: Российская Федерация, Республика Татарстан (Татарстан), м.р-н Лаишевский, с.п. Габишевское, с Габишево, ул Цветочная, з/у 6.",,Под малоэтажное жилищное строительство,ДРУГОЕ,0,нет,16:24:210101,1112471.76,1584.7176,,,,,да,нет,нет,нет,нет,нет,нет,да,55.605335898094175,49.14726888433623
16:24:210101:2433,856.0,Земли населенных пунктов,Учтенный,"Местоположение установлено относительно ориентира, расположенного в границах участка. Почтовый адрес ориентира: Российская Федерация, Республика Татарстан (Татарстан), м.р-н Лаишевский, с.п. Габишевское, с Габишево, ул Державина, з/у 3.",,Под малоэтажное жилищное строительство,ДРУГОЕ,0,нет,16:24:210101,1384551.07,1617.4662,,,,,да,нет,нет,нет,нет,нет,нет,да,55.60622975336132,49.14811036694904
16:24:090704:2602,631.0,Земли населенных пунктов,Учтенный,"Российская Федерация, Республика Татарстан (Татарстан), м.р-н Лаишевский, с.п. Габишевское, с Габишево, ул Веселая, з/у 4А",Частная,"Земельные участки, предназначенные для размещения домов индивидуальной жилой застройки",ЖИЛОЙ,0,нет,16:24:090704,978304.55,1550.4034,,,,,нет,нет,нет,нет,нет,да,нет,да,55.60586659938694,49.13249271237268
16:24:210101:2437,872.0,Земли населенных пунктов,Учтенный,"Местоположение установлено относительно ориентира, расположенного в границах участка. Почтовый адрес ориентира: Российская Федерация, Республика Татарстан (Татарстан), м.р-н Лаишевский, с.п. Габишевское, с Габишево, ул Цветочная, з/у 4.",,Под малоэтажное жилищное строительство,ДРУГОЕ,0,нет,16:24:210101,1392415.18,1596.8064,,,,,да,нет,нет,нет,нет,нет,нет,да,55.605805329776004,49.14786652871965
16:24:090704:1308,906.0,Земли населенных пунктов,Учтенный,"Местоположение установлено относительно ориентира, расположенного в границах участка. Почтовый адрес ориентира: Российская Федерация, Республика Татарстан (Татарстан), м.р-н Лаишевский, с.п. Габишевское, с Габишево, ул Звездная, з/у 5.",Частная,"земельные участки, предназначенные для размещения домов индивидуальной жилой застройки",ЖИЛОЙ,0,нет,16:24:090704,1312421.09,1448.5884,,,,,нет,нет,нет,нет,нет,да,нет,да,55.60250143119117,49.144815531574466
16:24:210101:3017,920.0,Земли населенных пунктов,Учтенный,"Местоположение установлено относительно ориентира, расположенного в границах участка. Почтовый адрес ориентира: Республика Татарстан, Лаишевский муниципальный район, с Габишево, ул. Приозерная.",Частная,Индивидуальное жилищное строительство,ДРУГОЕ,0,нет,16:24:210101,1603023.36,1742.4167,,,,,нет,нет,нет,нет,нет,нет,нет,да,55.607743337486454,49.1404822165912
16:24:090704:1597,694.0,Земли населенных пунктов,Учтенный,"Местоположение установлено относительно ориентира, расположенного в границах участка. Почтовый адрес ориентира: Российская Федерация, Республика Татарстан (Татарстан), м.р-н Лаишевский, с.п. Габишевское, с Габишево, ул Александра Сергеева, з/у 42.",Частная,"земельные участки, предназначенные для размещения домов индивидуальной жилой застройки",ЖИЛОЙ,0,нет,16:24:090704,1101685.86,1587.4436,,,,,нет,нет,нет,нет,нет,да,нет,да,55.60524524574058,49.14011046528625
16:24:210101:320,1322.0,Земли населенных пунктов,Ранее учтенный,"Местоположение установлено относительно ориентира, расположенного в границах участка. Почтовый адрес ориентира: Российская Федерация, Республика Татарстан (Татарстан), м.р-н Лаишевский, с.п. Габишевское, с Габишево, ул Приозерная, з/у 35.",Частная,Под жилую застройку Индивидуальную,ДРУГОЕ,0,нет,16:24:210101,2222799.3,1681.3913,,,,,нет,нет,нет,нет,нет,нет,нет,да,55.60802015531607,49.139513563510086
16:24:210101:2450,908.0,Земли населенных пунктов,Учтенный,"Местоположение установлено относительно ориентира, расположенного в границах участка. Почтовый адрес ориентира: Российская Федерация, Республика Татарстан (Татарстан), м.р-н Лаишевский, с.п. Габишевское, с Габишево, ул Державина, з/у 7.",Частная,Под малоэтажное жилищное строительство,ДРУГОЕ,0,нет,16:24:210101,1437505.47,1583.1558,,,,,нет,нет,нет,нет,нет,нет,нет,да,55.606047946309,49.14915502815827
16:24:210101:3776,762.0,Земли населенных пунктов,Учтенный,"Российская Федерация, Республика Татарстан (Татарстан), м.р-н Лаишевский, с.п. Габишевское, с Габишево, ул Приволжская, з/у 1Б",Частная,"индивидуальное жилищное строительство,для индивидуальной жилой застройки",ДРУГОЕ,0,нет,16:24:210101,1288054.55,1690.3603,,,,,нет,нет,нет,нет,нет,нет,нет,да,55.60797212409132,49.14745555412676
16:24:090704:2039,519.0,Земли населенных пунктов,Учтенный,"Российская Федерация, Республика Татарстан (Татарстан), м.р-н Лаишевский, с.п. Габишевское, с Габишево, ул Жемчужная, з/у 2А",Частная,"земельные участки, предназначенные для размещения домов индивидуальной жилой застройки",ЖИЛОЙ,0,нет,16:24:090704,801279.53,1543.8912,,,,,нет,нет,нет,нет,нет,да,нет,да,55.60555531994267,49.13391011639279
16:24:210101:345,1347.0,Земли населенных пунктов,Ранее учтенный,"Местоположение установлено относительно ориентира, расположенного в границах участка. Почтовый адрес ориентира: Российская Федерация, Республика Татарстан (Татарстан), м.р-н Лаишевский, с.п. Габишевское, с Габишево, ул Казанская, з/у 1.",,Индивидуальное жилищное строительство,ДРУГОЕ,0,нет,16:24:210101,2168219.29,1609.67,,,,,да,нет,нет,нет,нет,нет,нет,да,55.60540741765898,49.14668016804711
16:24:090704:3730,2200.0,Земли населенных пунктов,Учтенный,"Российская Федерация, Республика Татарстан (Татарстан), м.р-н Лаишевский, с.п. Габишевское, с Габишево, ул Ивана Матвеева, з/у 33",Частная,"земельные участки, предназначенные для размещения домов индивидуальной жилой застройки",ЖИЛОЙ,0,нет,16:24:090704,3614658.52,1643.0266,,,,,нет,нет,нет,нет,нет,да,нет,да,55.604634053900554,49.14207975921579
16:24:090704:2683,621.0,Земли населенных пунктов,Учтенный,"Российская Федерация, Республика Татарстан (Татарстан), м.р-н Лаишевский, с.п. Габишевское, с Габишево, ул Лучистая, з/у 7",Частная,"земельные участки, предназначенные для размещения домов индивидуальной жилой застройки",ЖИЛОЙ,0,нет,16:24:090704,994869.14,1602.0437,,,,,нет,нет,нет,нет,нет,да,нет,да,55.60709199171039,49.12952470450007
16:24:090704:2641,591.0,Земли населенных пунктов,Учтенный,"Местоположение установлено относительно ориентира, расположенного в границах участка. Почтовый адрес ориентира: Российская Федерация, Республика Татарстан (Татарстан), м.р-н Лаишевский, с.п. Габишевское, с Габишево, пер Светлый, з/у 2А.",Частная,"земельные участки, предназначенные для размещения домов индивидуальной жилой застройки",ЖИЛОЙ,0,нет,16:24:090704,1080456.27,1828.1832,,,,,нет,нет,нет,нет,нет,да,нет,да,55.60925528701357,49.128623381438935
16:24:090704:1877,536.0,Земли населенных пунктов,Учтенный,"Местоположение установлено относительно ориентира, расположенного в границах участка. Почтовый адрес ориентира: Российская Федерация, Республика Татарстан (Татарстан), м.р-н Лаишевский, с.п. Габишевское, с Габишево, ул Ивана Матвеева, з/у 79.",Частная,"земельные участки, предназначенные для размещения домов индивидуальной жилой застройки",ЖИЛОЙ,0,нет,16:24:090704,863033.54,1610.1372,,,,,нет,нет,нет,нет,нет,да,нет,да,55.60760270680694,49.13359438021719
16:24:090704:3267,676.0,Земли населенных пунктов,Учтенный,"Местоположение установлено относительно ориентира, расположенного в границах участка. Почтовый адрес ориентира: Российская Федерация, Республика Татарстан (Татарстан), м.р-н Лаишевский, с.п. Габишевское, с Габишево, ул Александра Сергеева, з/у 83.",Частная,"земельные участки, предназначенные для размещения домов индивидуальной жилой застройки",ЖИЛОЙ,0,нет,16:24:090704,1140400.85,1686.9835,,,,,нет,нет,нет,нет,нет,да,нет,да,55.60880689288622,49.13338007331983
16:24:090704:3503,500.0,Земли населенных пунктов,Учтенный,"Российская Федерация, Республика Татарстан (Татарстан), м.р-н Лаишевский, с.п. Габишевское, с Габишево, пер Узорный, з/у 2А",Частная,"земельные участки, предназначенные для размещения домов индивидуальной жилой застройки",ЖИЛОЙ,0,нет,16:24:090704,897034.55,1794.0691,,,,,нет,нет,нет,нет,нет,да,нет,да,55.60957342542692,49.13423204027606
16:24:090704:1757,617.0,Земли населенных пунктов,Учтенный,"Местоположение установлено относительно ориентира, расположенного в границах участка. Почтовый адрес ориентира: Российская Федерация, Республика Татарстан (Татарстан), м.р-н Лаишевский, с.п. Габишевское, с Габишево, ул Ивана Матвеева, з/у 62.",Частная,"земельные участки, предназначенные для размещения домов индивидуальной жилой застройки",ЖИЛОЙ,0,нет,16:24:090704,945051.68,1531.6883,,,,,нет,нет,нет,нет,нет,да,нет,да,55.60519797262268,49.136395147763196
16:24:090704:1219,1003.0,Земли населенных пунктов,Учтенный,"Местоположение установлено относительно ориентира, расположенного в границах участка. Почтовый адрес ориентира: Российская Федерация, Республика Татарстан (Татарстан), м.р-н Лаишевский, с.п. Габишевское, с Габишево, ул Ивана Матвеева, з/у 82.",Частная,"земельные участки, предназначенные для размещения домов индивидуальной жилой застройки",ЖИЛОЙ,0,нет,16:24:090704,1587780.49,1583.0314,,,,,нет,нет,нет,нет,нет,да,нет,да,55.60693543800676,49.13346203565615
16:24:090704:1917,519.0,Земли населенных пунктов,Учтенный,"Местоположение установлено относительно ориентира, расположенного в границах участка. Почтовый адрес ориентира: Российская Федерация, Республика Татарстан (Татарстан), м.р-н Лаишевский, с.п. Габишевское, с Габишево, ул Луговая, з/у 1.",Частная,"земельные участки, предназначенные для размещения домов индивидуальной жилой застройки",ЖИЛОЙ,0,нет,16:24:090704,808326.46,1557.4691,,,,,нет,нет,нет,нет,нет,да,нет,да,55.606280230896914,49.132610460443516
16:24:090704:2524,635.0,Земли населенных пунктов,Учтенный,"Российская Федерация, Республика Татарстан (Татарстан), м.р-н Лаишевский, с.п. Габишевское, с Габишево, ул Васильковая, з/у 5",Частная,"земельные участки, предназначенные для размещения домов индивидуальной жилой застройки",ЖИЛОЙ,0,нет,16:24:090704,954428.88,1503.0376,,,,,нет,нет,нет,нет,нет,да,нет,да,55.60419471968952,49.135063638851584
16:24:090704:2637,695.0,Земли населенных пунктов,Учтенный,"Российская Федерация, Республика Татарстан (Татарстан), м.р-н Лаишевский, с.п. Габишевское, с Габишево, ул Жемчужная, з/у 12",Частная,"земельные участки, предназначенные для размещения домов индивидуальной жилой застройки",ЖИЛОЙ,0,нет,16:24:090704,1016365.71,1462.3967,,,,,нет,нет,нет,нет,нет,да,нет,да,55.60463648901655,49.132488626433215
16:24:090704:2548,696.0,Земли населенных пунктов,Учтенный,"Местоположение установлено относительно ориентира, расположенного в границах участка. Почтовый адрес ориентира: Российская Федерация, Республика Татарстан (Татарстан), м.р-н Лаишевский, с.п. Габишевское, с Габишево, ул Рябиновая, з/у 11.",Частная,"земельные участки, предназначенные для размещения домов индивидуальной жилой застройки",ЖИЛОЙ,0,нет,16:24:090704,1104245.41,1586.5595,,,,,нет,нет,нет,нет,нет,да,нет,да,55.60606359106102,49.12985066367801
16:24:090704:2538,627.0,Земли населенных пунктов,Учтенный,"Местоположение установлено относительно ориентира, расположенного в границах участка. Почтовый адрес ориентира: Российская Федерация, Республика Татарстан (Татарстан), м.р-н Лаишевский, с.п. Габишевское, с Габишево, ул Спортивная, з/у 8А.",Частная,"земельные участки, предназначенные для размещения домов индивидуальной жилой застройки",ЖИЛОЙ,0,нет,16:24:090704,1097807.78,1750.8896,,,,,нет,нет,нет,нет,нет,да,нет,да,55.607937346605944,49.12765550838964
16:24:090704:2802,678.0,Земли населенных пунктов,Учтенный,"Местоположение установлено относительно ориентира, расположенного в границах участка. Почтовый адрес ориентира: Российская Федерация, Республика Татарстан (Татарстан), м.р-н Лаишевский, с.п. Габишевское, с Габишево, ул Спортивная, з/у 10А.",Частная,"земельные участки, предназначенные для размещения домов индивидуальной жилой застройки",ЖИЛОЙ,0,нет,16:24:090704,1175319.17,1733.5091,,,,,нет,нет,нет,нет,нет,да,нет,да,55.60772461425298,49.1272851353133
16:24:210101:947,8.0,Земли населенных пунктов,Учтенный,"Местоположение установлено относительно ориентира, расположенного в границах участка. Почтовый адрес ориентира: Российская Федерация, Республика Татарстан (Татарстан), м.р-н Лаишевский, с.п. Габишевское, с Габишево, кв-л 210101, з/у 947.",,Под размещение комплектной трансформаторной подстанции,ДРУГОЕ,0,нет,16:24:210101,5723.77,715.47,,,,,да,нет,нет,нет,нет,нет,нет,да,55.61512768531552,49.13725230435544
16:24:090704:2550,696.0,Земли населенных пунктов,Учтенный,"Местоположение установлено относительно ориентира, расположенного в границах участка. Почтовый адрес ориентира: Российская Федерация, Республика Татарстан (Татарстан), м.р-н Лаишевский, с.п. Габишевское, с Габишево, ул Рябиновая, з/у 9.",Частная,"земельные участки, предназначенные для размещения домов индивидуальной жилой застройки",ЖИЛОЙ,0,нет,16:24:090704,1092524.15,1569.7186,,,,,нет,нет,нет,нет,нет,да,нет,да,55.60617095609098,49.13006306691956
16:24:210101:751,1004.0,Земли населенных пунктов,Ранее учтенный,"Местоположение установлено относительно ориентира, расположенного в границах участка. Почтовый адрес ориентира: Российская Федерация, Республика Татарстан (Татарстан), м.р-н Лаишевский, с.п. Габишевское, с Габишево, ул Вахитовская, з/у 18.",Частная,индивидуальное жилищное строительство,ДРУГОЕ,0,нет,16:24:210101,1893219.31,1885.6766,,,,,нет,нет,нет,нет,нет,нет,нет,да,55.614872684689374,49.13799784293617
16:24:090704:2686,624.0,Земли населенных пунктов,Учтенный,"Российская Федерация, Республика Татарстан (Татарстан), м.р-н Лаишевский, с.п. Габишевское, с Габишево, ул Лучистая, з/у 7А",Частная,"земельные участки, предназначенные для размещения домов индивидуальной жилой застройки",ЖИЛОЙ,0,нет,16:24:090704,999675.27,1602.0437,,,,,нет,нет,нет,нет,нет,да,нет,да,55.60699233790973,49.12935113142063
16:24:090704:2698,696.0,Земли населенных пунктов,Учтенный,"Местоположение установлено относительно ориентира, расположенного в границах участка. Почтовый адрес ориентира: Российская Федерация, Республика Татарстан (Татарстан), м.р-н Лаишевский, с.п. Габишевское, с Габишево, ул Изумрудная, з/у 5.",Частная,Для индивидуального жилищного строительства,ИЖС,0,нет,16:24:090704,1276594.85,1834.188,,,,,нет,да,нет,нет,нет,да,нет,да,55.608960013681425,49.12642770221278
16:24:090704:1596,742.0,Земли населенных пунктов,Учтенный,"Местоположение установлено относительно ориентира, расположенного в границах участка. Почтовый адрес ориентира: Российская Федерация, Республика Татарстан (Татарстан), м.р-н Лаишевский, с.п. Габишевское, с Габишево, ул Ивана Матвеева, з/у 41.",Частная,"земельные участки, предназначенные для размещения домов индивидуальной жилой застройки",ЖИЛОЙ,0,нет,16:24:090704,1156631.97,1558.8032,,,,,нет,нет,нет,нет,нет,да,нет,да,55.604913106647054,49.14002260364045
16:24:090704:1758,617.0,Земли населенных пунктов,Учтенный,"Местоположение установлено относительно ориентира, расположенного в границах участка. Почтовый адрес ориентира: Российская Федерация, Республика Татарстан (Татарстан), м.р-н Лаишевский, с.п. Габишевское, с Габишево, ул Ивана Матвеева, з/у 62А.",Частная,"земельные участки, предназначенные для размещения домов индивидуальной жилой застройки",ЖИЛОЙ,0,нет,16:24:090704,954500.6,1547.0026,,,,,нет,нет,нет,нет,нет,да,нет,да,55.60526216972146,49.13617535118591
16:24:090704:2808,527.0,Земли населенных пунктов,Учтенный,"Местоположение установлено относительно ориентира, расположенного в границах участка. Почтовый адрес ориентира: Российская Федерация, Республика Татарстан, Лаишевский муниципальный район, Габишевское сельское поселение, с Габишево, ул. Александра Сергеева, з/у 79Б.",Частная,"земельные участки, предназначенные для размещения домов индивидуальной жилой застройки",ЖИЛОЙ,0,нет,16:24:090704,880900.26,1671.5375,,,,,нет,нет,нет,нет,нет,да,нет,да,55.60845224385628,49.1342449182186
16:24:090704:3271,512.0,Земли населенных пунктов,Учтенный,"Местоположение установлено относительно ориентира, расположенного в границах участка. Почтовый адрес ориентира: Российская Федерация, Республика Татарстан (Татарстан), м.р-н Лаишевский, с.п. Габишевское, с Габишево, ул Александра Сергеева, з/у 89.",Частная,"земельные участки, предназначенные для размещения домов индивидуальной жилой застройки",ЖИЛОЙ,0,нет,16:24:090704,890126.95,1738.5292,,,,,нет,нет,нет,нет,нет,да,нет,да,55.60931572749332,49.1334700290914
16:24:090704:2892,692.0,Земли населенных пунктов,Учтенный,"Местоположение установлено относительно ориентира, расположенного в границах участка. Почтовый адрес ориентира: Российская Федерация, Республика Татарстан (Татарстан), м.р-н Лаишевский, с.п. Габишевское, с Габишево, ул Лучистая, з/у 12.",Частная,"земельные участки, предназначенные для размещения домов индивидуальной жилой застройки",ЖИЛОЙ,0,нет,16:24:090704,1150932.25,1663.1969,,,,,нет,нет,нет,нет,нет,да,нет,да,55.60708092626554,49.12830554455307
16:24:090704:1563,715.0,Земли населенных пунктов,Учтенный,"Местоположение установлено относительно ориентира, расположенного в границах участка. Почтовый адрес ориентира: Российская Федерация, Республика Татарстан (Татарстан), м.р-н Лаишевский, с.п. Габишевское, с Габишево, ул Александра Сергеева, з/у 60.",Частная,Для индивидуальной жилой застройки,ДРУГОЕ,0,нет,16:24:090704,1136153.88,1589.0264,,,,,нет,нет,нет,нет,нет,нет,нет,да,55.60637034246268,49.136618632157635
16:24:090704:2603,628.0,Земли населенных пунктов,Учтенный,"Российская Федерация, Республика Татарстан (Татарстан), м.р-н Лаишевский, с.п. Габишевское, с Габишево, ул Веселая, з/у 8А",Частная,"Земельные участки, предназначенные для размещения домов индивидуальной жилой застройки",ЖИЛОЙ,0,нет,16:24:090704,951976.85,1515.8867,,,,,нет,нет,нет,нет,нет,да,нет,да,55.60557863696099,49.1319542387885
16:24:090704:2012,521.0,Земли населенных пунктов,Учтенный,"Местоположение установлено относительно ориентира, расположенного в границах участка. Почтовый адрес ориентира: Российская Федерация, Республика Татарстан (Татарстан), м.р-н Лаишевский, с.п. Габишевское, с Габишево, ул Спортивная, з/у 2.",Частная,"земельные участки, предназначенные для размещения домов индивидуальной жилой застройки",ЖИЛОЙ,0,нет,16:24:090704,912719.74,1751.8613,,,,,нет,нет,нет,нет,нет,да,нет,да,55.60838951056341,49.12871060249473
16:24:090704:2689,523.0,Земли населенных пунктов,Учтенный,"Российская Федерация, Республика Татарстан (Татарстан), м.р-н Лаишевский, с.п. Габишевское, с Габишево, ул Юности, з/у 8",Частная,"земельные участки, предназначенные для размещения домов индивидуальной жилой застройки",ЖИЛОЙ,0,нет,16:24:090704,959064.27,1833.7749,,,,,нет,нет,нет,нет,нет,да,нет,да,55.60862999301033,49.1267440199122
16:24:090704:2850,687.0,Земли населенных пунктов,Учтенный,"Местоположение установлено относительно ориентира, расположенного в границах участка. Почтовый адрес ориентира: Российская Федерация, Республика Татарстан (Татарстан), м.р-н Лаишевский, с.п. Габишевское, с Габишево, ул Рябиновая, з/у 10А.",Частная,"земельные участки, предназначенные для размещения домов индивидуальной жилой застройки",ЖИЛОЙ,0,нет,16:24:090704,1097872.17,1598.0672,,,,,нет,нет,нет,нет,нет,да,нет,да,55.606488906471085,49.129365771890505
16:24:090704:2764,296.0,Земли населенных пунктов,Учтенный,"Местоположение установлено относительно ориентира, расположенного в границах участка. Почтовый адрес ориентира: Российская Федерация, Республика Татарстан (Татарстан), м.р-н Лаишевский, с.п. Габишевское, с Габишево, ул Александра Сергеева, з/у 112В.",Частная,Блокированные односемейные дома с участками,ДРУГОЕ,0,нет,16:24:090704,543060.75,1834.6647,,,,,нет,нет,нет,нет,нет,нет,нет,да,55.60960993671056,49.12756356309325
16:24:090704:1793,681.0,Земли населенных пунктов,Учтенный,"Местоположение установлено относительно ориентира, расположенного в границах участка. Почтовый адрес ориентира: Российская Федерация, Республика Татарстан (Татарстан), м.р-н Лаишевский, с.п. Габишевское, с Габишево, ул Ивана Матвеева, з/у 46.",Частная,"земельные участки, предназначенные для размещения домов индивидуальной жилой застройки",ЖИЛОЙ,0,нет,16:24:090704,1039329.47,1526.1813,,,,,нет,нет,нет,нет,нет,да,нет,да,55.60445946003486,49.13958842243428
16:24:090704:1878,536.0,Земли населенных пунктов,Учтенный,"Российская Федерация, Республика Татарстан (Татарстан), м.р-н Лаишевский, с.п. Габишевское, с Габишево, ул Ивана Матвеева, з/у 79А",Частная,"земельные участки, предназначенные для размещения домов индивидуальной жилой застройки",ЖИЛОЙ,0,нет,16:24:090704,863033.54,1610.1372,,,,,нет,нет,нет,нет,нет,да,нет,да,55.60747615030671,49.133374870360555
16:24:090704:2053,694.0,Земли населенных пунктов,Учтенный,"Местоположение установлено относительно ориентира, расположенного в границах участка. Почтовый адрес ориентира: Российская Федерация, Республика Татарстан (Татарстан), м.р-н Лаишевский, с.п. Габишевское, с Габишево, ул Веселая, з/у 3А.",Частная,"земельные участки, предназначенные для размещения домов индивидуальной жилой застройки",ЖИЛОЙ,0,нет,16:24:090704,1071466.81,1543.9003,,,,,нет,нет,нет,нет,нет,да,нет,да,55.605428247353515,49.13315535085057
16:24:090704:3323,450.0,Земли населенных пунктов,Учтенный,"Местоположение установлено относительно ориентира, расположенного в границах участка. Почтовый адрес ориентира: Российская Федерация, Республика Татарстан (Татарстан), м.р-н Лаишевский, с.п. Габишевское, с Габишево, ул Александра Сергеева, з/у 51А.",Частная,"земельные участки, предназначенные для размещения домов индивидуальной жилой застройки",ЖИЛОЙ,0,нет,16:24:090704,709639.11,1576.9758,,,,,нет,нет,нет,нет,нет,да,нет,да,55.606096040523596,49.13874920080056
16:24:090704:1221,1009.0,Земли населенных пунктов,Учтенный,"Местоположение установлено относительно ориентира, расположенного в границах участка. Почтовый адрес ориентира: Российская Федерация, Республика Татарстан (Татарстан), м.р-н Лаишевский, с.п. Габишевское, с Габишево, ул Ивана Матвеева, з/у 78.",Частная,"земельные участки, предназначенные для размещения домов индивидуальной жилой застройки",ЖИЛОЙ,0,нет,16:24:090704,1595722.4,1581.489,,,,,нет,нет,нет,нет,нет,да,нет,да,55.60662069882009,49.13402663153518
16:24:090704:1879,545.0,Земли населенных пунктов,Учтенный,"Местоположение установлено относительно ориентира, расположенного в границах участка. Почтовый адрес ориентира: Российская Федерация, Республика Татарстан (Татарстан), м.р-н Лаишевский, с.п. Габишевское, с Габишево, ул Алексея Малышева, з/у 85А.",Частная,"земельные участки, предназначенные для размещения домов индивидуальной жилой застройки",ЖИЛОЙ,0,нет,16:24:090704,858157.44,1574.6008,,,,,нет,нет,нет,нет,нет,да,нет,да,55.60686765532891,49.13231418260318
16:24:090704:2740,541.0,Земли населенных пунктов,Учтенный,"Российская Федерация, Республика Татарстан (Татарстан), м.р-н Лаишевский, с.п. Габишевское, с Габишево, ул Алексея Малышева, з/у 87",Частная,"земельные участки, предназначенные для размещения домов индивидуальной жилой застройки",ЖИЛОЙ,0,нет,16:24:090704,851859.03,1574.6008,,,,,нет,нет,нет,нет,нет,да,нет,да,55.60708984353403,49.132278374318446
16:24:090704:2577,869.0,Земли населенных пунктов,Учтенный,"Местоположение установлено относительно ориентира, расположенного в границах участка. Почтовый адрес ориентира: Российская Федерация, Республика Татарстан (Татарстан), м.р-н Лаишевский, с.п. Габишевское, с Габишево, ул Спортивная, з/у 5.",Частная,"земельные участки, предназначенные для размещения домов индивидуальной жилой застройки",ЖИЛОЙ,0,нет,16:24:090704,1428222.36,1643.524,,,,,нет,нет,нет,нет,нет,да,нет,да,55.6077734747832,49.12859489919583
16:24:090704:2891,800.0,Земли населенных пунктов,Учтенный,"Местоположение установлено относительно ориентира, расположенного в границах участка. Почтовый адрес ориентира: Российская Федерация, Республика Татарстан (Татарстан), м.р-н Лаишевский, с.п. Габишевское, с Габишево, ул Лучистая, з/у 12/1.",Частная,"земельные участки, предназначенные для размещения домов индивидуальной жилой застройки",ЖИЛОЙ,0,нет,16:24:090704,1347665.92,1684.5824,,,,,нет,нет,нет,нет,нет,да,нет,да,55.606937094951846,49.12807045348679
16:24:090704:2502,626.0,Земли населенных пунктов,Учтенный,"Местоположение установлено относительно ориентира, расположенного в границах участка. Почтовый адрес ориентира: Российская Федерация, Республика Татарстан (Татарстан), м.р-н Лаишевский, с.п. Габишевское, с Габишево, ул Жемчужная, з/у 4.",Частная,"земельные участки, предназначенные для размещения домов индивидуальной жилой застройки",ЖИЛОЙ,0,нет,16:24:090704,964492.79,1540.7233,,,,,нет,нет,нет,нет,нет,да,нет,да,55.60534511595561,49.133722389596144
16:24:090704:2500,626.0,Земли населенных пунктов,Учтенный,"Местоположение установлено относительно ориентира, расположенного в границах участка. Почтовый адрес ориентира: Российская Федерация, Республика Татарстан (Татарстан), м.р-н Лаишевский, с.п. Габишевское, с Габишево, ул Жемчужная, з/у 8.",Частная,"земельные участки, предназначенные для размещения домов индивидуальной жилой застройки",ЖИЛОЙ,0,нет,16:24:090704,949434.48,1516.6685,,,,,нет,нет,нет,нет,нет,да,нет,да,55.60494402918348,49.133024086341685
16:24:090704:1558,501.0,Земли населенных пунктов,Учтенный,"Местоположение установлено относительно ориентира, расположенного в границах участка. Почтовый адрес ориентира: Российская Федерация, Республика Татарстан (Татарстан), м.р-н Лаишевский, с.п. Габишевское, с Габишево, ул Александра Сергеева, з/у 62.",Частная,"земельные участки, предназначенные для размещения домов индивидуальной жилой застройки",ЖИЛОЙ,0,нет,16:24:090704,795428.33,1587.6813,,,,,нет,нет,нет,нет,нет,да,нет,да,55.6065195529922,49.136079618758956
16:24:090704:1827,500.0,Земли населенных пунктов,Учтенный,"Местоположение установлено относительно ориентира, расположенного в границах участка. Почтовый адрес ориентира: Российская Федерация, Республика Татарстан (Татарстан), м.р-н Лаишевский, с.п. Габишевское, с Габишево, ул Ивана Матвеева, з/у 56.",Частная,"земельные участки, предназначенные для размещения домов индивидуальной жилой застройки",ЖИЛОЙ,0,нет,16:24:090704,772221.95,1544.4439,,,,,нет,нет,нет,нет,нет,да,нет,да,55.60501968331574,49.1371923013057
16:24:090704:1694,470.0,Земли населенных пунктов,Учтенный,"Местоположение установлено относительно ориентира, расположенного в границах участка. Почтовый адрес ориентира: Российская Федерация, Республика Татарстан (Татарстан), м.р-н Лаишевский, с.п. Габишевское, с Габишево, ул Александра Сергеева, з/у 61А.",Частная,"земельные участки, предназначенные для размещения домов индивидуальной жилой застройки",ЖИЛОЙ,0,нет,16:24:090704,766108.32,1630.0177,,,,,нет,нет,нет,нет,нет,да,нет,да,55.606742742265986,49.137248599294125
16:24:090704:2431,635.0,Земли населенных пунктов,Учтенный,"Местоположение установлено относительно ориентира, расположенного в границах участка. Почтовый адрес ориентира: Российская Федерация, Республика Татарстан (Татарстан), м.р-н Лаишевский, с.п. Габишевское, с Габишево, ул Васильковая, з/у 6А.",Частная,"земельные участки, предназначенные для размещения домов индивидуальной жилой застройки",ЖИЛОЙ,0,нет,16:24:090704,954517.08,1503.1765,,,,,нет,нет,нет,нет,нет,да,нет,да,55.60444707629496,49.134294682400856
16:24:090704:2857,631.0,Земли населенных пунктов,Учтенный,"Местоположение установлено относительно ориентира, расположенного в границах участка. Почтовый адрес ориентира: Российская Федерация, Республика Татарстан (Татарстан), м.р-н Лаишевский, с.п. Габишевское, с Габишево, ул Александра Сергеева, з/у 45А.",Частная,"земельные участки, предназначенные для размещения домов индивидуальной жилой застройки",ЖИЛОЙ,0,нет,16:24:090704,1008864.63,1598.8346,,,,,нет,нет,нет,нет,нет,да,нет,да,55.60580148804061,49.13974391798065
16:24:090704:923,1027.0,Земли населенных пунктов,Учтенный,"Местоположение установлено относительно ориентира, расположенного в границах участка. Почтовый адрес ориентира: Российская Федерация, Республика Татарстан (Татарстан), м.р-н Лаишевский, с.п. Габишевское, с Габишево, ул Ивана Матвеева, з/у 68.",Частная,"земельные участки, предназначенные для размещения домов индивидуальной жилой застройки",ЖИЛОЙ,0,нет,16:24:090704,1605757.33,1563.5417,,,,,нет,нет,нет,нет,нет,да,нет,да,55.605736518922434,49.135612375653636
16:24:090704:1271,1000.0,Земли населенных пунктов,Учтенный,"Местоположение установлено относительно ориентира, расположенного в границах участка. Почтовый адрес ориентира: Российская Федерация, Республика Татарстан (Татарстан), м.р-н Лаишевский, с.п. Габишевское, с Габишево, ул Зеленая, з/у 4.",Частная,"земельные участки, предназначенные для размещения домов индивидуальной жилой застройки",ЖИЛОЙ,0,нет,16:24:090704,1423243.5,1423.2435,,,,,нет,нет,нет,нет,нет,да,нет,да,55.603496234532756,49.138285479874554
16:24:090704:1588,735.0,Земли населенных пунктов,Учтенный,"Местоположение установлено относительно ориентира, расположенного в границах участка. Почтовый адрес ориентира: Российская Федерация, Республика Татарстан (Татарстан), м.р-н Лаишевский, с.п. Габишевское, с Габишево, ул Ивана Матвеева, з/у 51А.",Частная,"земельные участки, предназначенные для размещения домов индивидуальной жилой застройки",ЖИЛОЙ,0,нет,16:24:090704,1136402.39,1546.1257,,,,,нет,нет,нет,нет,нет,да,нет,да,55.60522617261431,49.13785730563295
16:24:090704:1211,998.0,Земли населенных пунктов,Учтенный,"Местоположение установлено относительно ориентира, расположенного в границах участка. Почтовый адрес ориентира: Российская Федерация, Республика Татарстан (Татарстан), м.р-н Лаишевский, с.п. Габишевское, с Габишево, ул Александра Сергеева, з/у 64.",,"земельные участки, предназначенные для размещения домов индивидуальной жилой застройки",ЖИЛОЙ,0,нет,16:24:090704,1584505.94,1587.6813,,,,,да,нет,нет,нет,нет,да,нет,да,55.606754160826675,49.13592949634345
16:24:090704:1888,711.0,Земли населенных пунктов,Учтенный,"Местоположение установлено относительно ориентира, расположенного в границах участка. Почтовый адрес ориентира: Российская Федерация, Республика Татарстан (Татарстан), м.р-н Лаишевский, с.п. Габишевское, с Габишево, ул Ивана Матвеева, з/у 83А.",Частная,"земельные участки, предназначенные для размещения домов индивидуальной жилой застройки",ЖИЛОЙ,0,нет,16:24:090704,1157531.32,1628.0328,,,,,нет,нет,нет,нет,нет,да,нет,да,55.607889705706995,49.132810253190996
16:24:090704:2112,256.0,Земли населенных пунктов,Учтенный,"Местоположение установлено относительно ориентира, расположенного в границах участка. Почтовый адрес ориентира: Российская Федерация, Республика Татарстан (Татарстан), м.р-н Лаишевский, с.п. Габишевское, с Габишево, ул Алексея Малышева, з/у 69А.",Частная,Блокированные односемейные дома с участками,ДРУГОЕ,0,нет,16:24:090704,394780.95,1542.1131,,,,,нет,нет,нет,нет,нет,нет,нет,да,55.605425327918645,49.13490031499453
16:24:210101:2076,52.0,Земли населенных пунктов,Учтенный,"Местоположение установлено относительно ориентира, расположенного в границах участка. Почтовый адрес ориентира: Российская Федерация, Республика Татарстан (Татарстан), м.р-н Лаишевский, с.п. Габишевское, с Габишево, тер. ГПК Молодежный, з/у 2076Г.",,Под размещение гаража,ДРУГОЕ,0,нет,16:24:210101,87301.25,1678.8701,,,,,да,нет,нет,нет,нет,нет,нет,да,55.61188416685421,49.139291881167786
16:24:210101:3905,1238.0,Земли населенных пунктов,Учтенный,"Местоположение установлено относительно ориентира, расположенного в границах участка. Почтовый адрес ориентира: Российская Федерация, Республика Татарстан, Лаишевский муниципальный район, Габишевское сельское поселение, с Габишево, ул. им Мусы Джалиля, з/у 33.",Частная,для индивидуального жилищного строительства,ИЖС,0,нет,16:24:210101,2155917.82,1741.45,,,,,нет,да,нет,нет,нет,да,нет,да,55.60884804653572,49.13686467461061
16:24:210101:82,1424.0,Земли населенных пунктов,Ранее учтенный,"Местоположение установлено относительно ориентира, расположенного в границах участка. Почтовый адрес ориентира: Российская Федерация, Республика Татарстан (Татарстан), м.р-н Лаишевский, с.п. Габишевское, с Габишево, ул Бауманская, з/у 2.",Частная,Индивидуальное жилищное строительство,ДРУГОЕ,0,нет,16:24:210101,2539536.11,1783.3821,,,,,нет,нет,нет,нет,нет,нет,нет,да,55.61400326952218,49.14084088127663
16:24:090704:2584,697.0,Земли населенных пунктов,Учтенный,"Местоположение установлено относительно ориентира, расположенного в границах участка. Почтовый адрес ориентира: Российская Федерация, Республика Татарстан (Татарстан), м.р-н Лаишевский, с.п. Габишевское, с Габишево, ул Рябиновая, з/у 10.",Частная,"земельные участки, предназначенные для размещения домов индивидуальной жилой застройки",ЖИЛОЙ,0,нет,16:24:090704,1110252.28,1592.9014,,,,,нет,нет,нет,нет,нет,да,нет,да,55.60654924112092,49.129649171402306
16:24:090704:2653,522.0,Земли населенных пунктов,Учтенный,"Местоположение установлено относительно ориентира, расположенного в границах участка. Почтовый адрес ориентира: Российская Федерация, Республика Татарстан (Татарстан), м.р-н Лаишевский, с.п. Габишевское, с Габишево, ул Рябиновая, з/у 2.",Частная,"земельные участки, предназначенные для размещения домов индивидуальной жилой застройки",ЖИЛОЙ,0,нет,16:24:090704,804713.01,1541.5958,,,,,нет,нет,нет,нет,нет,да,нет,да,55.60722530180245,49.13091605725951
16:24:090704:2940,610.0,Земли населенных пунктов,Учтенный,"Местоположение установлено относительно ориентира, расположенного в границах участка. Почтовый адрес ориентира: Российская Федерация, Республика Татарстан (Татарстан), м.р-н Лаишевский, с.п. Габишевское, с Габишево, ул Рябиновая, з/у 13.",Частная,"земельные участки, предназначенные для размещения домов индивидуальной жилой застройки",ЖИЛОЙ,0,нет,16:24:090704,971310.99,1592.3131,,,,,нет,нет,нет,нет,нет,да,нет,да,55.605960529478565,49.12967083456708
16:24:210101:766,1001.0,Земли населенных пунктов,Ранее учтенный,"Местоположение установлено относительно ориентира, расположенного в границах участка. Почтовый адрес ориентира: Российская Федерация, Республика Татарстан (Татарстан), м.р-н Лаишевский, с.п. Габишевское, с Габишево, ул Лесная, з/у 13.",,индивидуальное жилищное строительство,ДРУГОЕ,0,нет,16:24:210101,1586690.61,1585.11,,,,,да,нет,нет,нет,нет,нет,нет,да,55.60695444930467,49.1507534971817
16:24:090704:1167,908.0,Земли населенных пунктов,Учтенный,"Местоположение установлено относительно ориентира, расположенного в границах участка. Почтовый адрес ориентира: Российская Федерация, Республика Татарстан (Татарстан), м.р-н Лаишевский, с.п. Габишевское, с Габишево, ул Александра Сергеева, з/у 105.",Частная,"земельные участки, предназначенные для размещения домов индивидуальной жилой застройки",ЖИЛОЙ,0,нет,16:24:090704,1683985.06,1854.6091,,,,,нет,нет,нет,нет,нет,да,нет,да,55.610032310696056,49.12682273325517
16:24:090704:2684,640.0,Земли населенных пунктов,Учтенный,"Российская Федерация, Республика Татарстан (Татарстан), м.р-н Лаишевский, с.п. Габишевское, с Габишево, ул Лучистая, з/у 5",Частная,"земельные участки, предназначенные для размещения домов индивидуальной жилой застройки",ЖИЛОЙ,0,нет,16:24:090704,1023232.9,1598.8014,,,,,нет,нет,нет,нет,нет,да,нет,да,55.607192613941564,49.129700026201796
16:24:090704:2894,692.0,Земли населенных пунктов,Учтенный,"Местоположение установлено относительно ориентира, расположенного в границах участка. Почтовый адрес ориентира: Российская Федерация, Республика Татарстан (Татарстан), м.р-н Лаишевский, с.п. Габишевское, с Габишево, ул Лучистая, з/у 10.",Частная,"земельные участки, предназначенные для размещения домов индивидуальной жилой застройки",ЖИЛОЙ,0,нет,16:24:090704,1132219.19,1636.1549,,,,,нет,нет,нет,нет,нет,да,нет,да,55.60728587484068,49.12866241128933
16:24:210101:94,1371.0,Земли населенных пунктов,Учтенный,"Местоположение установлено относительно ориентира, расположенного в границах участка. Почтовый адрес ориентира: Российская Федерация, Республика Татарстан (Татарстан), м.р-н Лаишевский, с.п. Габишевское, с Габишево, ул им Мусы Джалиля, з/у 17.",,Индивидуальное жилищное строительство,ДРУГОЕ,0,нет,16:24:210101,2605143.35,1900.18,,,,,да,нет,нет,нет,нет,нет,нет,да,55.6109217933373,49.13711496233699
16:24:090704:1605,748.0,Земли населенных пунктов,Учтенный,"Местоположение установлено относительно ориентира, расположенного в границах участка. Почтовый адрес ориентира: Российская Федерация, Республика Татарстан (Татарстан), м.р-н Лаишевский, с.п. Габишевское, с Габишево, ул Александра Сергеева, з/у 52.",Частная,"земельные участки, предназначенные для размещения домов индивидуальной жилой застройки",ЖИЛОЙ,0,нет,16:24:090704,1161251.67,1552.4755,,,,,нет,нет,нет,нет,нет,да,нет,да,55.605676627179875,49.13798674516951
16:24:090704:3289,521.0,Земли населенных пунктов,Учтенный,"Российская Федерация, Республика Татарстан (Татарстан), м.р-н Лаишевский, с.п. Габишевское, с Габишево, ул Александра Сергеева, з/у 85Б",Частная,"земельные участки, предназначенные для размещения домов индивидуальной жилой застройки",ЖИЛОЙ,0,нет,16:24:090704,947026.02,1817.7083,,,,,нет,нет,нет,нет,нет,да,нет,да,55.60981635746421,49.13265575487917
16:24:090704:1222,1008.0,Земли населенных пунктов,Учтенный,"Местоположение установлено относительно ориентира, расположенного в границах участка. Почтовый адрес ориентира: Российская Федерация, Республика Татарстан (Татарстан), м.р-н Лаишевский, с.п. Габишевское, с Габишево, ул Ивана Матвеева, з/у 72.",Частная,"земельные участки, предназначенные для размещения домов индивидуальной жилой застройки",ЖИЛОЙ,0,нет,16:24:090704,1586074.09,1573.4862,,,,,нет,нет,нет,нет,нет,да,нет,да,55.60614817984558,49.134874856015365
16:24:090704:1785,944.0,Земли населенных пунктов,Учтенный,"Местоположение установлено относительно ориентира, расположенного в границах участка. Почтовый адрес ориентира: Российская Федерация, Республика Татарстан, Лаишевский муниципальный район, Габишевское сельское поселение, с Габишево, ул. Ивана Матвеева, з/у 56А.",Частная,"земельные участки, предназначенные для размещения домов индивидуальной жилой застройки",ЖИЛОЙ,0,нет,16:24:090704,1428137.57,1512.8576,,,,,нет,нет,нет,нет,нет,да,нет,да,55.604853785895,49.13737249062325
16:24:090704:2900,121.0,Земли населенных пунктов,Учтенный,"Местоположение установлено относительно ориентира, расположенного в границах участка. Почтовый адрес ориентира: Республика Татарстан, Лаишевский муниципальный район, Габишевское сельское поселение, с Габишево.",Частная,"земельные участки, предназначенные для размещения домов индивидуальной жилой застройки",ЖИЛОЙ,0,нет,16:24:090704,164823.83,1362.1804,,,,,нет,нет,нет,нет,нет,да,нет,да,55.60363791611836,49.13520679020096
16:24:090704:3325,230.0,Земли населенных пунктов,Учтенный,"Местоположение установлено относительно ориентира, расположенного в границах участка. Почтовый адрес ориентира: Российская Федерация, Республика Татарстан, Лаишевский муниципальный район, Габишевское сельское поселение, с Габишево, ул. Александра Сергеева.",Частная,"земельные участки, предназначенные для размещения домов индивидуальной жилой застройки",ЖИЛОЙ,0,нет,16:24:090704,362704.43,1576.9758,,,,,нет,нет,нет,нет,нет,да,нет,да,55.60607131110299,49.13850799240972
16:24:090704:3274,550.0,Земли населенных пунктов,Учтенный,"Местоположение установлено относительно ориентира, расположенного в границах участка. Почтовый адрес ориентира: Российская Федерация, Республика Татарстан (Татарстан), м.р-н Лаишевский, с.п. Габишевское, с Габишево, ул Александра Сергеева, з/у 81Б.",Частная,"земельные участки, предназначенные для размещения домов индивидуальной жилой застройки",ЖИЛОЙ,0,нет,16:24:090704,937123.28,1703.8605,,,,,нет,нет,нет,нет,нет,да,нет,да,55.60886310712518,49.13416566423762
16:24:090704:2699,695.0,Земли населенных пунктов,Учтенный,"Местоположение установлено относительно ориентира, расположенного в границах участка. Почтовый адрес ориентира: Российская Федерация, Республика Татарстан (Татарстан), м.р-н Лаишевский, с.п. Габишевское, с Габишево, ул Изумрудная, з/у 3.",Частная,Для индивидуального жилищного строительства,ИЖС,0,нет,16:24:090704,1275272.81,1834.9249,,,,,нет,да,нет,нет,нет,да,нет,да,55.60918274111229,49.12681565576741
16:24:090704:2851,687.0,Земли населенных пунктов,Учтенный,"Местоположение установлено относительно ориентира, расположенного в границах участка. Почтовый адрес ориентира: Российская Федерация, Республика Татарстан (Татарстан), м.р-н Лаишевский, с.п. Габишевское, с Габишево, ул Рябиновая, з/у 12.",Частная,"земельные участки, предназначенные для размещения домов индивидуальной жилой застройки",ЖИЛОЙ,0,нет,16:24:090704,1097322.29,1597.2668,,,,,нет,нет,нет,нет,нет,да,нет,да,55.60637906269517,49.12917456512827
16:24:090704:1692,470.0,Земли населенных пунктов,Учтенный,"Местоположение установлено относительно ориентира, расположенного в границах участка. Почтовый адрес ориентира: Российская Федерация, Республика Татарстан (Татарстан), м.р-н Лаишевский, с.п. Габишевское, с Габишево, ул Александра Сергеева, з/у 61.",Частная,"земельные участки, предназначенные для размещения домов индивидуальной жилой застройки",ЖИЛОЙ,0,нет,16:24:090704,751954.46,1599.9031,,,,,нет,нет,нет,нет,нет,да,нет,да,55.606621574006645,49.137037918547946
16:24:090704:2530,698.0,Земли населенных пунктов,Учтенный,"Местоположение установлено относительно ориентира, расположенного в границах участка. Почтовый адрес ориентира: Российская Федерация, Республика Татарстан (Татарстан), м.р-н Лаишевский, с.п. Габишевское, с Габишево, ул Луговая, з/у 4А.",Частная,"Земельные участки, предназначенные для размещения домов индивидуальной жилой застройки",ЖИЛОЙ,0,нет,16:24:090704,1085548.03,1555.2264,,,,,нет,нет,нет,нет,нет,да,нет,да,55.60643617411522,49.13141562561612
16:24:090704:3504,500.0,Земли населенных пунктов,Учтенный,"Местоположение установлено относительно ориентира, расположенного в границах участка. Почтовый адрес ориентира: Российская Федерация, Республика Татарстан (Татарстан), м.р-н Лаишевский, с.п. Габишевское, с Габишево, пер Узорный, з/у 4.",Частная,"земельные участки, предназначенные для размещения домов индивидуальной жилой застройки",ЖИЛОЙ,0,нет,16:24:090704,883367.6,1766.7352,,,,,нет,нет,нет,нет,нет,да,нет,да,55.60936090023212,49.13443871038441
16:24:090704:3161,734.0,Земли населенных пунктов,Учтенный,"Российская Федерация, Республика Татарстан, муниципальный район Лаишевский, сельское поселение Габишевское, село Габишево, улица Александра Сергеева, земельный участок 82А",Частная,"земельные участки, предназначенные для размещения домов индивидуальной жилой застройки",ЖИЛОЙ,0,нет,16:24:090704,1211445.79,1650.4711,,,,,нет,нет,нет,нет,нет,да,нет,да,55.60843476620825,49.13315368808184
16:24:090704:2810,801.0,Земли населенных пунктов,Учтенный,"Местоположение установлено относительно ориентира, расположенного в границах участка. Почтовый адрес ориентира: Российская Федерация, Республика Татарстан (Татарстан), м.р-н Лаишевский, с.п. Габишевское, с Габишево, ул Александра Сергеева, з/у 49.",Частная,"Земельные участки, предназначенные для размещения домов индивидуальной жилой застройки",ЖИЛОЙ,0,нет,16:24:090704,1263288.66,1577.1394,,,,,нет,нет,нет,нет,нет,да,нет,да,55.6058868664081,49.139068494195364
16:24:090704:1759,617.0,Земли населенных пунктов,Учтенный,"Местоположение установлено относительно ориентира, расположенного в границах участка. Почтовый адрес ориентира: Российская Федерация, Республика Татарстан (Татарстан), м.р-н Лаишевский, с.п. Габишевское, с Габишево, ул Ивана Матвеева, з/у 64.",Частная,"земельные участки, предназначенные для размещения домов индивидуальной жилой застройки",ЖИЛОЙ,0,нет,16:24:090704,963634.43,1561.8062,,,,,нет,нет,нет,нет,нет,да,нет,да,55.60539006133539,49.136050654431976
16:24:090704:2817,723.0,Земли населенных пунктов,Учтенный,"Местоположение установлено относительно ориентира, расположенного в границах участка. Почтовый адрес ориентира: Российская Федерация, Республика Татарстан (Татарстан), м.р-н Лаишевский, с.п. Габишевское, с Габишево, ул Веселая, з/у 14.",Частная,"Земельные участки, предназначенные для размещения домов индивидуальной жилой застройки",ЖИЛОЙ,0,нет,16:24:090704,1091252.82,1509.34,,,,,нет,нет,нет,нет,нет,да,нет,да,55.605121956645846,49.13121855765386
16:24:090704:2461,696.0,Земли населенных пунктов,Учтенный,"Российская Федерация, Республика Татарстан (Татарстан), м.р-н Лаишевский, с.п. Габишевское, с Габишево, ул Луговая, з/у 9",Частная,"земельные участки, предназначенные для размещения домов индивидуальной жилой застройки",ЖИЛОЙ,0,нет,16:24:090704,1073888.75,1542.9436,,,,,нет,нет,нет,нет,нет,да,нет,да,55.60563197215068,49.13121525459494
16:24:210101:104,,Земли населенных пунктов,Ранее учтенный,"Местоположение установлено относительно ориентира, расположенного в границах участка. Почтовый адрес ориентира: Российская Федерация, Республика Татарстан (Татарстан), м.р-н Лаишевский, с.п. Габишевское, с Габишево, ул им Мусы Джалиля, з/у 16.",Частная,Для индивидуального жилищного строительства,ИЖС,0,нет,16:24:210101,2301194.71,1920.86,,,,,нет,да,нет,нет,нет,да,нет,да,55.6099370558895,49.13556525976741
16:24:210101:2999,812.0,Земли населенных пунктов,Учтенный,"Местоположение установлено относительно ориентира, расположенного в границах участка. Почтовый адрес ориентира: Республика Татарстан, Лаишевский муниципальный район, Габишевское сельское поселение, с Габишево.",Частная,для индивидуального жилищного строительства,ИЖС,0,нет,16:24:210101,1435407.48,1767.7432,,,,,нет,да,нет,нет,нет,да,нет,да,55.60926086823498,49.13657268787741
16:24:090704:1584,748.0,Земли населенных пунктов,Учтенный,"Местоположение установлено относительно ориентира, расположенного в границах участка. Почтовый адрес ориентира: Российская Федерация, Республика Татарстан (Татарстан), м.р-н Лаишевский, с.п. Габишевское, с Габишево, ул Александра Сергеева, з/у 54А.",Частная,"земельные участки, предназначенные для размещения домов индивидуальной жилой застройки",ЖИЛОЙ,0,нет,16:24:090704,1183130.75,1581.7256,,,,,нет,нет,нет,нет,нет,да,нет,да,55.60588163179968,49.137530134058586
16:24:090704:2791,576.0,Земли населенных пунктов,Учтенный,"Местоположение установлено относительно ориентира, расположенного в границах участка. Почтовый адрес ориентира: Российская Федерация, Республика Татарстан (Татарстан), м.р-н Лаишевский, с.п. Габишевское, с Габишево, ул Александра Сергеева, з/у 96.",Частная,"земельные участки, предназначенные для размещения домов индивидуальной жилой застройки",ЖИЛОЙ,0,нет,16:24:090704,1037881.73,1801.878,,,,,нет,нет,нет,нет,нет,да,нет,да,55.60988052315129,49.131997295374916
16:24:210101:137,1000.0,Земли населенных пунктов,Ранее учтенный,"Местоположение установлено относительно ориентира, расположенного в границах участка. Почтовый адрес ориентира: Российская Федерация, Республика Татарстан (Татарстан), м.р-н Лаишевский, с.п. Габишевское, с Габишево, ул Яблоневая, з/у 18.",Частная,Под жилую застройку Индивидуальную,ДРУГОЕ,0,нет,16:24:210101,2164462.7,2164.4627,,,,,нет,нет,нет,нет,нет,нет,нет,да,55.61258104272383,49.12914641978283
16:24:210101:133,1343.0,Земли населенных пунктов,Ранее учтенный,"Местоположение установлено относительно ориентира, расположенного в границах участка. Почтовый адрес ориентира: Российская Федерация, Республика Татарстан (Татарстан), м.р-н Лаишевский, с.п. Габишевское, с Габишево, ул Яблоневая, з/у 5.",Частная,Индивидуальное жилишное строительство,ДРУГОЕ,0,нет,16:24:210101,2600393.02,1936.26,,,,,нет,нет,нет,нет,нет,нет,нет,да,55.611351330254664,49.13003559732717
16:24:210101:515,27.0,Земли населенных пунктов,Ранее учтенный,"Местоположение установлено относительно ориентира, расположенного в границах участка. Почтовый адрес ориентира: Российская Федерация, Республика Татарстан (Татарстан), м.р-н Лаишевский, с.п. Габишевское, с Габишево, тер. ГПК Молодежный, з/у 515Г.",Частная,для размещения гаража,ДРУГОЕ,0,нет,16:24:210101,45732.39,1693.7924,,,,,нет,нет,нет,нет,нет,нет,нет,да,55.61168989755208,49.13852683227126
16:24:210101:472,23.0,Земли населенных пунктов,Ранее учтенный,"Местоположение установлено относительно ориентира, расположенного в границах участка. Почтовый адрес ориентира: Российская Федерация, Республика Татарстан (Татарстан), м.р-н Лаишевский, с.п. Габишевское, с Габишево, тер. ГПК Октябрьская, з/у 472Г.",Частная,обслуживание автотранспорта,ТРАНСПОРТ,0,нет,16:24:210101,37882.71,1647.0744,,,,,нет,нет,нет,нет,нет,нет,нет,да,55.61076873389599,49.13904352421086
16:24:210101:57,1465.0,Земли населенных пунктов,Ранее учтенный,"Местоположение установлено относительно ориентира, расположенного в границах участка. Почтовый адрес ориентира: Российская Федерация, Республика Татарстан (Татарстан), м.р-н Лаишевский, с.п. Габишевское, с Габишево, пр-кт Молодежный, з/у 52.",,Под жилую застройку Индивидуальную,ДРУГОЕ,0,нет,16:24:210101,3045844.73,2079.0749,,,,,да,нет,нет,нет,нет,нет,нет,да,55.61336666016128,49.131151183377426
16:24:210101:2559,843.0,Земли населенных пунктов,Учтенный,"Местоположение установлено относительно ориентира, расположенного в границах участка. Почтовый адрес ориентира: Российская Федерация, Республика Татарстан (Татарстан), м.р-н Лаишевский, с.п. Габишевское, с Габишево, ул Вахитовская, з/у 29.",Частная,Индивидуальное жилищное строительство,ДРУГОЕ,0,нет,16:24:210101,1700264.07,2016.9206,,,,,нет,нет,нет,нет,нет,нет,нет,да,55.614316886039816,49.13673003147894
16:24:210101:136,1345.0,Земли населенных пунктов,Ранее учтенный,"Местоположение установлено относительно ориентира, расположенного в границах участка. Почтовый адрес ориентира: Российская Федерация, Республика Татарстан (Татарстан), м.р-н Лаишевский, с.п. Габишевское, с Габишево, ул Яблоневая, з/у 1В.",,для индивидуального строительства жилого дома,ЖИЛОЙ,0,нет,16:24:210101,2569519.74,1910.4236,,,,,да,нет,нет,нет,нет,да,нет,да,55.61067396393809,49.12983279784348
16:24:210101:13,1595.0,Земли населенных пунктов,Ранее учтенный,"Местоположение установлено относительно ориентира, расположенного в границах участка. Почтовый адрес ориентира: Российская Федерация, Республика Татарстан (Татарстан), м.р-н Лаишевский, с.п. Габишевское, с Габишево, ул Вахитовская, з/у 21.",,Для индивидуального жилищного строительства и ведения подсобного хозяйства,ИЖС,0,нет,16:24:210101,2964059.0,1858.3442,,,,,да,да,нет,нет,нет,да,нет,да,55.614069232403736,49.138886966827506
16:24:210101:4003,21.0,Земли населенных пунктов,Учтенный,"Местоположение установлено относительно ориентира, расположенного в границах участка. Почтовый адрес ориентира: Республика Татарстан, Лаишевский муниципальный район, Габишевское сельское поселение, с Габишево.",,размещение гаражей для собственных нужд,ДРУГОЕ,0,нет,16:24:210101,35569.64,1693.79,,,,,да,нет,нет,нет,нет,нет,нет,да,55.611936038624286,49.13866060953368
16:24:090704:1118,907.0,Земли населенных пунктов,Учтенный,"Местоположение установлено относительно ориентира, расположенного в границах участка. Почтовый адрес ориентира: Российская Федерация, Республика Татарстан (Татарстан), м.р-н Лаишевский, с.п. Габишевское, с Габишево, ул Александра Сергеева, з/у 95.",Частная,"земельные участки, предназначенные для размещения домов индивидуальной жилой застройки",ЖИЛОЙ,0,нет,16:24:090704,1691543.66,1864.9875,,,,,нет,нет,нет,нет,нет,да,нет,да,55.61001885273536,49.12865162632404
16:24:090704:2685,621.0,Земли населенных пунктов,Учтенный,"Российская Федерация, Республика Татарстан (Татарстан), м.р-н Лаишевский, с.п. Габишевское, с Габишево, ул Лучистая, з/у 3А",Частная,"земельные участки, предназначенные для размещения домов индивидуальной жилой застройки",ЖИЛОЙ,0,нет,16:24:090704,961365.38,1548.0924,,,,,нет,нет,нет,нет,нет,да,нет,да,55.60729873372448,49.129910292309965
16:24:090704:1765,1400.0,Земли населенных пунктов,Учтенный,"Российская Федерация, Республика Татарстан (Татарстан), м.р-н Лаишевский, с.п. Габишевское, с Габишево, ул Сосновая, з/у 1",Частная,для размещения домов индивидуальной жилой застройки,ЖИЛОЙ,0,нет,16:24:090704,2134942.88,1524.9592,,,,,нет,нет,нет,нет,нет,да,нет,да,55.60303616148633,49.1436073741113
16:24:090704:2030,448.0,Земли населенных пунктов,Учтенный,"Местоположение установлено относительно ориентира, расположенного в границах участка. Почтовый адрес ориентира: Российская Федерация, Республика Татарстан (Татарстан), м.р-н Лаишевский, с.п. Габишевское, с Габишево, ул Озерная, з/у 1А.",Частная,"земельные участки, предназначенные для размещения домов индивидуальной жилой застройки",ЖИЛОЙ,0,нет,16:24:090704,645861.26,1441.6546,,,,,нет,нет,нет,нет,нет,да,нет,да,55.60268122294506,49.14758485833609
16:24:090704:1327,1100.0,Земли населенных пунктов,Учтенный,"Местоположение установлено относительно ориентира, расположенного в границах участка. Почтовый адрес ориентира: Российская Федерация, Республика Татарстан (Татарстан), м.р-н Лаишевский, с.п. Габишевское, с Габишево, ул Ивана Матвеева, з/у 22.",Частная,"земельные участки, предназначенные для размещения домов индивидуальной жилой застройки",ЖИЛОЙ,0,нет,16:24:090704,1742267.67,1583.8797,,,,,нет,нет,нет,нет,нет,да,нет,да,55.60384259410599,49.14464185271875
16:24:000000:7013,1595.0,Земли населенных пунктов,Учтенный,"Местоположение установлено относительно ориентира, расположенного в границах участка. Почтовый адрес ориентира: Республика Татарстан, Лаишевский муниципальный район, Габишевское сельское поселение, с Габишево
.",Частная,Индивидуальное жилищное строительство,ДРУГОЕ,0,нет,16:24:000000,2621878.54,1643.81,,,,,нет,нет,нет,нет,нет,нет,нет,да,55.6054804348146,49.144367195052695
16:24:210101:4014,40.0,Земли населенных пунктов,Учтенный,"Местоположение установлено относительно ориентира, расположенного в границах участка. Почтовый адрес ориентира: Республика Татарстан, Лаишевский муниципальный район, Габишевское сельское поселение, с Габишево.",,"объекты автомобильного транспорта (автовокзалы, автостанции, посты ГИБДД, автозаправочные станции, станции технического обслуживания, автомойки, стоянки транспорта, гаражи, весовые пункты, транспортные развязки, остановочные павильоны, автомобильные дороги, улицы, объекты дорожного сервиса и пр.)",ТРАНСПОРТ,0,нет,16:24:210101,65882.98,1647.07,,,,,да,нет,нет,нет,нет,нет,нет,да,55.61154421989577,49.13891417987584
16:24:090704:1317,896.0,Земли населенных пунктов,Учтенный,"Местоположение установлено относительно ориентира, расположенного в границах участка. Почтовый адрес ориентира: Российская Федерация, Республика Татарстан (Татарстан), м.р-н Лаишевский, с.п. Габишевское, с Габишево, ул Моховая, з/у 2.",Частная,"земельные участки, предназначенные для размещения домов индивидуальной жилой застройки",ЖИЛОЙ,0,нет,16:24:090704,1286741.39,1436.0953,,,,,нет,нет,нет,нет,нет,да,нет,да,55.60254574586514,49.14834811597903
16:24:090704:1276,1000.0,Земли населенных пунктов,Учтенный,"Местоположение установлено относительно ориентира, расположенного в границах участка. Почтовый адрес ориентира: Российская Федерация, Республика Татарстан (Татарстан), м.р-н Лаишевский, с.п. Габишевское, с Габишево, ул Вишневая, з/у 6.",Частная,"земельные участки, предназначенные для размещения домов индивидуальной жилой застройки",ЖИЛОЙ,0,нет,16:24:090704,1447621.9,1447.6219,,,,,нет,нет,нет,нет,нет,да,нет,да,55.60310336869354,49.139680962862485
16:24:090704:2085,660.0,Земли населенных пунктов,Учтенный,"Местоположение установлено относительно ориентира, расположенного в границах участка. Почтовый адрес ориентира: Российская Федерация, Республика Татарстан (Татарстан), м.р-н Лаишевский, с.п. Габишевское, с Габишево, ул Ивана Матвеева, з/у 28.",Частная,"Земельные участки, предназначенные для размещения домов индивидуальной жилой застройки",ЖИЛОЙ,0,нет,16:24:090704,1048994.89,1589.3862,,,,,нет,нет,нет,нет,нет,да,нет,да,55.60398086410828,49.143462852452764
16:24:210101:633,,Земли населенных пунктов,Ранее учтенный,"Местоположение установлено относительно ориентира, расположенного в границах участка. Почтовый адрес ориентира: Республика Татарстан, р-н. Лаишевский, с. Габишево.",Муниципальная,Размещение гаражей для собственных нужд,ДРУГОЕ,0,нет,16:24:210101,1035687.4,1481.67,,,,,да,нет,нет,нет,нет,нет,нет,да,55.61319340249239,49.14419130119613
16:24:210101:557,,Земли населенных пунктов,Ранее учтенный,"Местоположение установлено относительно ориентира, расположенного в границах участка. Почтовый адрес ориентира: Российская Федерация, Республика Татарстан (Татарстан), м.р-н Лаишевский, с.п. Габишевское, с Габишево, тер. ГПК Вахитовская, з/у 557Г.",Муниципальная, размещение гаражей для собственных нужд,ДРУГОЕ,0,нет,16:24:210101,38803.75,1552.15,,,,,да,нет,нет,нет,нет,нет,нет,да,55.61343272310089,49.142437221281874
16:24:090704:916,1100.0,Земли населенных пунктов,Учтенный,"Местоположение установлено относительно ориентира, расположенного в границах участка. Почтовый адрес ориентира: Российская Федерация, Республика Татарстан (Татарстан), м.р-н Лаишевский, с.п. Габишевское, с Габишево, ул Александра Сергеева, з/у 16.",Частная,"земельные участки, предназначенные для размещения домов индивидуальной жилой застройки",ЖИЛОЙ,0,нет,16:24:090704,1746387.28,1587.6248,,,,,нет,нет,нет,нет,нет,да,нет,да,55.60457796844973,49.14580207837082
16:24:090704:1157,1000.0,Земли населенных пунктов,Учтенный,"Местоположение установлено относительно ориентира, расположенного в границах участка. Почтовый адрес ориентира: Российская Федерация, Республика Татарстан (Татарстан), м.р-н Лаишевский, с.п. Габишевское, с Габишево, ул Ивана Матвеева, з/у 10.",Частная,"земельные участки, предназначенные для размещения домов индивидуальной жилой застройки",ЖИЛОЙ,0,нет,16:24:090704,1504124.2,1504.1242,,,,,нет,нет,нет,нет,нет,да,нет,да,55.60344608478208,49.14739700770569
16:24:210101:632,,Земли населенных пунктов,Ранее учтенный,"Местоположение установлено относительно ориентира, расположенного в границах участка. Почтовый адрес ориентира: Республика Татарстан, р-н. Лаишевский, с. Габишево.",Муниципальная,Размещение гаражей для собственных нужд,ДРУГОЕ,0,нет,16:24:210101,1323131.4,1481.67,,,,,да,нет,нет,нет,нет,нет,нет,да,55.61315111838591,49.14378879847525
16:24:090704:2630,800.0,Земли населенных пунктов,Учтенный,"Местоположение установлено относительно ориентира, расположенного в границах участка. Почтовый адрес ориентира: Российская Федерация, Республика Татарстан (Татарстан), м.р-н Лаишевский, с.п. Габишевское, с Габишево, ул Сосновая, з/у 8.",Частная,"Земельные участки, предназначенные для размещения домов индивидуальной жилой застройки",ЖИЛОЙ,0,нет,16:24:090704,1187044.0,1483.805,,,,,нет,нет,нет,нет,нет,да,нет,да,55.602460633149036,49.14242440014637
16:24:090704:1911,453.0,Земли населенных пунктов,Учтенный,"Местоположение установлено относительно ориентира, расположенного в границах участка. Почтовый адрес ориентира: Российская Федерация, Республика Татарстан (Татарстан), м.р-н Лаишевский, с.п. Габишевское, с Габишево, ул Лунная, з/у 2.",Частная,"земельные участки, предназначенные для размещения домов индивидуальной жилой застройки",ЖИЛОЙ,0,нет,16:24:090704,685882.77,1514.09,,,,,нет,нет,нет,нет,нет,да,нет,да,55.60289929479669,49.14572456129172
16:24:090704:1306,906.0,Земли населенных пунктов,Учтенный,"Местоположение установлено относительно ориентира, расположенного в границах участка. Почтовый адрес ориентира: Российская Федерация, Республика Татарстан (Татарстан), м.р-н Лаишевский, с.п. Габишевское, с Габишево, ул Лунная, з/у 6.",Частная,"земельные участки, предназначенные для размещения домов индивидуальной жилой застройки",ЖИЛОЙ,0,нет,16:24:090704,1359554.02,1500.6115,,,,,нет,нет,нет,нет,нет,да,нет,да,55.60242213478913,49.14549125325605
16:24:090704:1336,1100.0,Земли населенных пунктов,Учтенный,"Местоположение установлено относительно ориентира, расположенного в границах участка. Почтовый адрес ориентира: Российская Федерация, Республика Татарстан (Татарстан), м.р-н Лаишевский, с.п. Габишевское, с Габишево, ул Алексея Малышева, з/у 15.",Частная,"земельные участки, предназначенные для размещения домов индивидуальной жилой застройки",ЖИЛОЙ,0,нет,16:24:090704,1698600.31,1544.1821,,,,,нет,нет,нет,нет,нет,да,нет,да,55.603260268162934,49.14585463983244
16:24:090704:2815,721.0,Земли населенных пунктов,Учтенный,"Местоположение установлено относительно ориентира, расположенного в границах участка. Почтовый адрес ориентира: Российская Федерация, Республика Татарстан (Татарстан), м.р-н Лаишевский, с.п. Габишевское, с Габишево, ул Звездная, з/у 8.",Частная,"Земельные участки, предназначенные для размещения домов индивидуальной жилой застройки",ЖИЛОЙ,0,нет,16:24:090704,1051399.76,1458.2521,,,,,нет,нет,нет,нет,нет,да,нет,да,55.60244749575666,49.14392896616796
16:24:090704:915,995.0,Земли населенных пунктов,Учтенный,"Местоположение установлено относительно ориентира, расположенного в границах участка. Почтовый адрес ориентира: Российская Федерация, Республика Татарстан (Татарстан), м.р-н Лаишевский, с.п. Габишевское, с Габишево, ул Александра Сергеева, з/у 9.",Частная,"земельные участки, предназначенные для размещения домов индивидуальной жилой застройки",ЖИЛОЙ,0,нет,16:24:090704,1576794.01,1584.72,,,,,нет,нет,нет,нет,нет,да,нет,да,55.604882765451705,49.14716463557367
16:24:090704:1148,1000.0,Земли населенных пунктов,Учтенный,"Местоположение установлено относительно ориентира, расположенного в границах участка. Почтовый адрес ориентира: Российская Федерация, Республика Татарстан (Татарстан), м.р-н Лаишевский, с.п. Габишевское, с Габишево, ул Ивана Матвеева, з/у 9.",Частная,"земельные участки, предназначенные для размещения домов индивидуальной жилой застройки",ЖИЛОЙ,0,нет,16:24:090704,1546920.8,1546.9208,,,,,нет,нет,нет,нет,нет,да,нет,да,55.60397540745921,49.14718562250765
16:24:210101:863,6194.0,Земли населенных пунктов,Учтенный,"Местоположение установлено относительно ориентира, расположенного в границах участка. Почтовый адрес ориентира: Российская Федерация, Республика Татарстан (Татарстан), м.р-н Лаишевский, с.п. Габишевское, с Габишево, кв-л 210101, з/у 863.",,Для размещения автодороги Подъезд к с.Габишево,ДРУГОЕ,0,нет,16:24:210101,4368400.26,705.2632,,,,,да,нет,нет,нет,нет,нет,нет,да,55.615011570114895,49.14887614221598
16:24:090704:2674,666.0,Земли населенных пунктов,Учтенный,"Местоположение установлено относительно ориентира, расположенного в границах участка. Почтовый адрес ориентира: Российская Федерация, Республика Татарстан (Татарстан), м.р-н Лаишевский, с.п. Габишевское, с Габишево, ул Алексея Малышева, з/у 5.",Частная,"земельные участки, предназначенные для размещения домов индивидуальной жилой застройки",ЖИЛОЙ,0,нет,16:24:090704,964253.05,1447.8274,,,,,нет,нет,нет,нет,нет,да,нет,да,55.603073533123066,49.148070934995125
16:24:210101:36,800.0,Земли населенных пунктов,Ранее учтенный,"Местоположение установлено относительно ориентира, расположенного в границах участка. Почтовый адрес ориентира: Российская Федерация, Республика Татарстан (Татарстан), м.р-н Лаишевский, с.п. Габишевское, с Габишево, пр-кт Молодежный, з/у 10/2.",,Для индивидуального жилищного строительства,ИЖС,0,нет,16:24:210101,1379948.48,1724.94,,,,,да,да,нет,нет,нет,да,нет,да,55.61260043734295,49.1420940788192
16:24:090704:1368,1100.0,Земли населенных пунктов,Учтенный,"Местоположение установлено относительно ориентира, расположенного в границах участка. Почтовый адрес ориентира: Российская Федерация, Республика Татарстан (Татарстан), м.р-н Лаишевский, с.п. Габишевское, с Габишево, ул Александра Сергеева, з/у 32.",Частная,"земельные участки, предназначенные для размещения домов индивидуальной жилой застройки",ЖИЛОЙ,0,нет,16:24:090704,1814313.27,1649.38,,,,,нет,нет,нет,нет,нет,да,нет,да,55.60497871406945,49.14238408199619
16:24:210101:516,,Земли населенных пунктов,Ранее учтенный,"Местоположение установлено относительно ориентира, расположенного в границах участка. Почтовый адрес ориентира: Российская Федерация, Республика Татарстан (Татарстан), м.р-н Лаишевский, с.п. Габишевское, с Габишево, тер. ГПК Вахитовская, з/у 516Г.",Муниципальная,Размещение гаражей для собственных нужд,ДРУГОЕ,0,нет,16:24:210101,43460.2,1552.15,,,,,да,нет,нет,нет,нет,нет,нет,да,55.613474627412515,49.14286768670065
16:24:210101:4025,93.0,Земли населенных пунктов,Учтенный,"Местоположение установлено относительно ориентира, расположенного в границах участка. Почтовый адрес ориентира: Российская Федерация, Республика Татарстан, Лаишевский муниципальный район, Габишевское сельское поселение, с Габишево.",,земельные участки (территории) общего пользования,ОГП,0,нет,16:24:210101,38501.5,413.99,,,,,да,нет,нет,нет,нет,нет,да,да,55.61224461221218,49.14026698557898
16:24:210101:4037,3110.0,Земли населенных пунктов,Учтенный,"Местоположение установлено относительно ориентира, расположенного в границах участка. Почтовый адрес ориентира: Российская Федерация, Республика Татарстан, Лаишевский муниципальный район, Габишевское сельское поселение, с Габишево, ул. Октябрьская, д. 1.",Частная,Многоквартирные жилые дома до 5 этажей,ЖИЛОЙ,0,нет,16:24:210101,2076628.79,667.73,,,,,нет,нет,нет,нет,нет,да,нет,да,55.6106199308246,49.140556870875194
16:24:210101:4050,3106.0,Земли населенных пунктов,Учтенный,"Российская Федерация, Республика Татарстан, Лаишевский муниципальный район, с Габишево, с/с Габишевское, ул. Октябрьская, д. 2",Частная,Многоквартирные жилые дома до 5 этажей,ЖИЛОЙ,0,нет,16:24:210101,2064854.51,664.8,,,,,нет,нет,нет,нет,нет,да,нет,да,55.61062492136316,49.13950789976634
16:24:090704:4883,17824.0,Земли сельскохозяйственного назначения,Учтенный,"Российская Федерация, Республика Татарстан, Лаишевский муниципальный район, Песчано-Ковалинское сельское поселение ",Частная,для ведения сельскохозяйственного производства,СХ,0,нет,16:24:090704,1535676.63,86.16,,,,,нет,нет,нет,нет,нет,нет,нет,нет,55.60385716751915,49.13679437133934
16:24:000000:7382,2313.0,Земли населенных пунктов,Учтенный,"Российская Федерация, Республика Татарстан, Лаишевский муниципальный район, Габишевское сельское поселение, с Габишево",Частная,индивидуальные жилые дома с приусадебными земельными участками,ЖИЛОЙ,0,нет,16:24:000000,3446765.06,1490.17,,,,,нет,нет,нет,нет,нет,да,нет,да,55.6047195774313,49.15014889842327
16:24:090704:5260,1487.0,Земли населенных пунктов,Учтенный,"Российская Федерация, Республика Татарстан, Лаишевский муниципальный район, Габишевское сельское поселение, село Габишево, улица Моховая, земельный участок № 8 ",Частная,"земельные участки, предназначенные для размещения домов индивидуальной жилой застройки",ЖИЛОЙ,0,нет,16:24:090704,2034039.34,1367.88,,,,,нет,нет,нет,нет,нет,да,нет,да,55.60168428552803,49.14895271437122
16:24:210101:4139,25.0,Земли населенных пунктов,Учтенный,"Российская Федерация, Республика Татарстан, Лаишевский муниципальный район, Габишевское сельское поселение, с.Габишево",,размещение гаражей для собственных нужд,ДРУГОЕ,0,нет,16:24:210101,40081.36,1603.25,,,,,да,нет,нет,нет,нет,нет,нет,да,55.612996382355504,49.142455500420716
16:24:210101:4145,29.0,Земли населенных пунктов,Учтенный,"Республика Татарстан, Лаишевский муниципальный район, Габишевское сельское поселение, с Габишево",Частная,размещение гаражей для собственных нужд,ДРУГОЕ,0,нет,16:24:210101,45012.35,1552.15,,,,,нет,нет,нет,нет,нет,нет,нет,да,55.61310760512068,49.142688707232786
