Кадастровый номер,"Площадь, м²",Категория земли,Статус,Адрес,Собственность,ВРИ,Тип ВРИ,Записей о правах,Обременения,Кадастровый квартал,"Кадастровая стоимость, руб.","Удельный показатель, руб./м²","Рыночная стоимость, руб.","Медианная цена, руб./м²",Сделок в выборке,Период сделок,Свободен,ИЖС,СНТ,ДНП,ЛПХ,Под застройку,Общего пользования,Земли НП,Широта,Долгота
16:24:110302:1448,600.0,Земли населенных пунктов,Учтенный,"Местоположение установлено относительно ориентира, расположенного в границах участка. Почтовый адрес ориентира: Российская Федерация, Республика Татарстан, Лаишевский муниципальный район, Кирбинское сельское поселение, д Травкино.",Частная,Для индивидуального жилищного строительства,ИЖС,0,нет,16:24:110302,585864.78,976.4413,,,,,нет,да,нет,нет,нет,да,нет,да,55.55159295141556,49.2717937753079
16:24:110201:30,1188.0,Земли населенных пунктов,Ранее учтенный,"Местоположение установлено относительно ориентира, расположенного в границах участка. Почтовый адрес ориентира: Российская Федерация, Республика Татарстан (Татарстан), м.р-н Лаишевский, с.п. Кирбинское, д Травкино, ул Дачная, з/у 8.",Частная,индивидуальное жилищное строительство,ДРУГОЕ,0,нет,16:24:110201,1278480.22,1076.1618,,,,,нет,нет,нет,нет,нет,нет,нет,да,55.548353321496094,49.260294765369096
16:24:110201:40,1368.0,Земли населенных пунктов,Ранее учтенный,"Местоположение установлено относительно ориентира, расположенного в границах участка. Почтовый адрес ориентира: Российская Федерация, Республика Татарстан (Татарстан), м.р-н Лаишевский, с.п. Кирбинское, д Травкино, ул Озерная, з/у 14.",,Для ведения личного подсобного хозяйства,ЛПХ,0,нет,16:24:110201,1411363.14,1031.6982,,,,,да,нет,нет,нет,да,да,нет,да,55.54908253378379,49.26354709625972
16:24:110201:318,800.0,Земли населенных пунктов,Учтенный,"Местоположение установлено относительно ориентира, расположенного в границах участка. Почтовый адрес ориентира: Республика Татарстан, Лаишевский муниципальный район, Кирбинское сельское поселение, д Травкино, ул. Озерная, д. 11.",Частная,для ведения личного подсобного хозяйства,ЛПХ,0,нет,16:24:110201,845934.08,1057.4176,,,,,нет,нет,нет,нет,да,да,нет,да,55.55087956027571,49.26332403252901
16:24:110302:1479,600.0,Земли населенных пунктов,Учтенный,"Местоположение установлено относительно ориентира, расположенного в границах участка. Почтовый адрес ориентира: Российская Федерация, Республика Татарстан, Лаишевский муниципальный район, Кирбинское сельское поселение, д Травкино.",Частная,Для индивидуального жилищного строительства,ИЖС,0,нет,16:24:110302,580776.24,967.9604,,,,,нет,да,нет,нет,нет,да,нет,да,55.55143997179717,49.27292673869845
16:24:110302:438,800.0,Земли населенных пунктов,Учтенный,"Местоположение установлено относительно ориентира, расположенного в границах участка. Почтовый адрес ориентира: Российская Федерация, Республика Татарстан (Татарстан), м.р-н Лаишевский, с.п. Кирбинское, д Травкино, ул Зеленая, з/у 3.",Частная,индивидуальные жилые дома с приусадебными земельными участками,ЖИЛОЙ,0,нет,16:24:110302,802764.56,1003.4557,,,,,нет,нет,нет,нет,нет,да,нет,да,55.54232025340773,49.26064470150783
16:24:110302:1398,520.0,Земли сельскохозяйственного назначения,Учтенный,"Местоположение установлено относительно ориентира, расположенного в границах участка. Почтовый адрес ориентира: Республика Татарстан, Лаишевский муниципальный район, Кирбинское сельское поселение.",Частная,Для сельскохозяйственного производства,СХ,0,нет,16:24:110302,39949.99,76.8269,,,,,нет,нет,нет,нет,нет,нет,нет,нет,55.547022305756265,49.28556108994712
16:24:110302:33,2800.0,Земли населенных пунктов,Ранее учтенный,"Местоположение установлено относительно ориентира, расположенного в границах участка. Ориентир озеро дТравкино. Почтовый адрес ориентира: Российская Федерация, Республика Татарстан (Татарстан), м.р-н Лаишевский, с.п. Кирбинское, кв-л 302, з/у 33.",Муниципальная,Под размещение водонапорных башен и скважин,ДРУГОЕ,0,нет,16:24:110302,1907658.48,681.3066,,,,,да,нет,нет,нет,нет,нет,нет,да,55.5522891361522,49.27103227928725
16:24:110302:721,800.0,Земли населенных пунктов,Учтенный,"Российская Федерация, Республика Татарстан (Татарстан), м.р-н Лаишевский, с.п. Кирбинское, д Травкино, ул Сююмбике, з/у 16",Частная,Для индивидуального жилищного строительства,ИЖС,0,нет,16:24:110302,766263.28,957.8291,,,,,нет,да,нет,нет,нет,да,нет,да,55.55287625804074,49.27427400882639
16:24:110302:1371,1151.0,Земли населенных пунктов,Учтенный,"Местоположение установлено относительно ориентира, расположенного в границах участка. Почтовый адрес ориентира: Российская Федерация, Республика Татарстан, Лаишевский муниципальный район, Кирбинское сельское поселение, д Травкино.",Частная,Для индивидуального жилищного строительства,ИЖС,0,нет,16:24:110302,1113733.27,967.6223,,,,,нет,да,нет,нет,нет,да,нет,да,55.55056884402282,49.27178190721215
16:24:110302:1370,1500.0,Земли населенных пунктов,Учтенный,"Местоположение установлено относительно ориентира, расположенного в границах участка. Почтовый адрес ориентира: Российская Федерация, Республика Татарстан, Лаишевский муниципальный район, Кирбинское сельское поселение, д Травкино.",Частная,Для индивидуального жилищного строительства,ИЖС,0,нет,16:24:110302,1446718.65,964.4791,,,,,нет,да,нет,нет,нет,да,нет,да,55.550311376698716,49.270635570404266
16:24:110302:1421,689.0,Земли населенных пунктов,Учтенный,"Местоположение установлено относительно ориентира, расположенного в границах участка. Почтовый адрес ориентира: Российская Федерация, Республика Татарстан, Лаишевский муниципальный район, Кирбинское сельское поселение, д Травкино.",Частная,Для индивидуального жилищного строительства,ИЖС,0,нет,16:24:110302,669299.49,971.4071,,,,,нет,да,нет,нет,нет,да,нет,да,55.55079782395501,49.270068372635514
16:24:110302:1012,944.0,Земли населенных пунктов,Учтенный,"Российская Федерация, Республика Татарстан (Татарстан), м.р-н Лаишевский, с.п. Кирбинское, д Травкино, ул Мира, з/у 32",Частная,Для индивидуального жилищного строительства,ИЖС,0,нет,16:24:110302,824594.29,873.5109,,,,,нет,да,нет,нет,нет,да,нет,да,55.551743096196525,49.28030594648192
16:24:110302:870,895.0,Земли населенных пунктов,Учтенный,"Российская Федерация, Республика Татарстан (Татарстан), м.р-н Лаишевский, с.п. Кирбинское, д Травкино, ул Свободы, з/у 1",Частная,Для индивидуального жилищного строительства,ИЖС,0,нет,16:24:110302,843307.93,942.2435,,,,,нет,да,нет,нет,нет,да,нет,да,55.551343319036164,49.275682916559916
16:24:110302:909,705.0,Земли населенных пунктов,Учтенный,"Местоположение установлено относительно ориентира, расположенного в границах участка. Почтовый адрес ориентира: Республика Татарстан, Лаишевский муниципальный район, Кирбинское сельское поселение, д Травкино.",Частная,индивидуальные жилые дома с приусадебными земельными участками,ЖИЛОЙ,0,нет,16:24:110302,779446.45,1105.5978,,,,,нет,нет,нет,нет,нет,да,нет,да,55.54647263099363,49.257975605415425
16:24:110302:1480,600.0,Земли населенных пунктов,Учтенный,"Местоположение установлено относительно ориентира, расположенного в границах участка. Почтовый адрес ориентира: Российская Федерация, Республика Татарстан, Лаишевский муниципальный район, Кирбинское сельское поселение, д Травкино.",Частная,Для индивидуального жилищного строительства,ИЖС,0,нет,16:24:110302,581025.72,968.3762,,,,,нет,да,нет,нет,нет,да,нет,да,55.551457556511885,49.27323584065576
16:24:110302:1447,600.0,Земли населенных пунктов,Учтенный,"Местоположение установлено относительно ориентира, расположенного в границах участка. Почтовый адрес ориентира: Российская Федерация, Республика Татарстан, Лаишевский муниципальный район, Кирбинское сельское поселение, д Травкино.",Частная,Для индивидуального жилищного строительства,ИЖС,0,нет,16:24:110302,585864.78,976.4413,,,,,нет,да,нет,нет,нет,да,нет,да,55.55149354070321,49.27155724848378
16:24:110201:657,2112.0,Земли населенных пунктов,Учтенный,"Республика Татарстан, Лаишевский муниципальный район, Кирбинское сельское поселение, д Травкино",Муниципальная,водные объекты,ВОДНЫЙ,0,нет,16:24:110201,17856.96,8.46,,,,,да,нет,нет,нет,нет,нет,нет,да,55.54969218658851,49.262458109545136
16:24:110201:658,15340.0,Земли водного фонда,Учтенный,"Республика Татарстан, Лаишевский муниципальный район, Кирбинское сельское поселение",,водные объекты,ВОДНЫЙ,0,нет,16:24:110201,129699.7,8.46,,,,,да,нет,нет,нет,нет,нет,нет,нет,55.54958473947916,49.262281992463194
16:24:110201:633,1015.0,Земли населенных пунктов,Учтенный,"Российская Федерация, Республика Татарстан (Татарстан), м.р-н Лаишевский, с.п. Кирбинское, д Травкино, ул Озерная, з/у 17",Частная,Для ведения личного подсобного хозяйства,ЛПХ,0,нет,16:24:110201,1045186.1,1029.74,,,,,нет,нет,нет,нет,да,да,нет,да,55.54954795021026,49.26463962729303
16:24:110201:74,1453.0,Земли населенных пунктов,Ранее учтенный,"Республика Татарстан, р-н. Лаишевский, д. Травкино",,Для индивидуального жилищного строительства,ИЖС,0,нет,16:24:110201,1502136.1,1033.82,,,,,да,да,нет,нет,нет,да,нет,да,55.55263512973159,49.26647274191467
16:24:110302:746,751.0,Земли населенных пунктов,Учтенный,"Местоположение установлено относительно ориентира, расположенного в границах участка. Почтовый адрес ориентира: Российская Федерация, Республика Татарстан (Татарстан), м.р-н Лаишевский, с.п. Кирбинское, д Травкино, ул Сююмбике, з/у 42.",Частная,Для индивидуального жилищного строительства,ИЖС,0,нет,16:24:110302,684344.39,911.2442,,,,,нет,да,нет,нет,нет,да,нет,да,55.55399576873799,49.27885662467287
16:24:110302:684,800.0,Земли населенных пунктов,Учтенный,"Российская Федерация, Республика Татарстан (Татарстан), м.р-н Лаишевский, с.п. Кирбинское, д Травкино, ул Дружбы, з/у 52",Частная,Для индивидуального жилищного строительства,ИЖС,0,нет,16:24:110302,748103.92,935.1299,,,,,нет,да,нет,нет,нет,да,нет,да,55.55451738034196,49.27780985121816
16:24:110302:723,800.0,Земли населенных пунктов,Учтенный,"Местоположение установлено относительно ориентира, расположенного в границах участка. Почтовый адрес ориентира: Российская Федерация, Республика Татарстан (Татарстан), м.р-н Лаишевский, с.п. Кирбинское, д Травкино, ул Сююмбике, з/у 20.",Частная,Для индивидуального жилищного строительства,ИЖС,0,нет,16:24:110302,764369.6,955.462,,,,,нет,да,нет,нет,нет,да,нет,да,55.553002097097725,49.27486767249612
16:24:110302:674,800.0,Земли населенных пунктов,Учтенный,"Местоположение установлено относительно ориентира, расположенного в границах участка. Почтовый адрес ориентира: Российская Федерация, Республика Татарстан (Татарстан), м.р-н Лаишевский, с.п. Кирбинское, д Травкино, ул Дружбы, з/у 32.",Частная,Для индивидуального жилищного строительства,ИЖС,0,нет,16:24:110302,771933.84,964.9173,,,,,нет,да,нет,нет,нет,да,нет,да,55.55388831768232,49.27484137852143
16:24:110302:739,500.0,Земли населенных пунктов,Учтенный,"Российская Федерация, Республика Татарстан (Татарстан), м.р-н Лаишевский, с.п. Кирбинское, д Травкино, ул Сююмбике, з/у 28",Частная,Для индивидуального жилищного строительства,ИЖС,0,нет,16:24:110302,471552.6,943.1052,,,,,нет,да,нет,нет,нет,да,нет,да,55.553429213443465,49.27615918135107
16:24:110302:776,600.0,Земли населенных пунктов,Учтенный,"Местоположение установлено относительно ориентира, расположенного в границах участка. Почтовый адрес ориентира: Российская Федерация, Республика Татарстан (Татарстан), м.р-н Лаишевский, с.п. Кирбинское, д Травкино, ул Победы, з/у 10.",Частная,Для индивидуального жилищного строительства,ИЖС,0,нет,16:24:110302,575078.88,958.4648,,,,,нет,да,нет,нет,нет,да,нет,да,55.5521687112352,49.27441928738512
16:24:110302:785,521.0,Земли населенных пунктов,Учтенный,"Местоположение установлено относительно ориентира, расположенного в границах участка. Почтовый адрес ориентира: Российская Федерация, Республика Татарстан (Татарстан), м.р-н Лаишевский, с.п. Кирбинское, д Травкино, ул Сююмбике, з/у 29.",Частная,Для индивидуального жилищного строительства,ИЖС,0,нет,16:24:110302,482209.52,925.5461,,,,,нет,да,нет,нет,нет,да,нет,да,55.553215220236076,49.27695918990575
16:24:110302:695,865.0,Земли населенных пунктов,Учтенный,"Российская Федерация, Республика Татарстан (Татарстан), м.р-н Лаишевский, с.п. Кирбинское, д Травкино, ул Березовая, з/у 41",Частная,Для индивидуального жилищного строительства,ИЖС,0,нет,16:24:110302,773172.38,893.8409,,,,,нет,да,нет,нет,нет,да,нет,да,55.55564275519563,49.28121432638794
16:24:110302:818,500.0,Земли населенных пунктов,Учтенный,"Местоположение установлено относительно ориентира, расположенного в границах участка. Почтовый адрес ориентира: Российская Федерация, Республика Татарстан (Татарстан), м.р-н Лаишевский, с.п. Кирбинское, д Травкино, ул Победы, з/у 50.",Частная,Для индивидуального жилищного строительства,ИЖС,0,нет,16:24:110302,442669.4,885.3388,,,,,нет,да,нет,нет,нет,да,нет,да,55.55375383265143,49.28076831672677
16:24:110302:718,800.0,Земли населенных пунктов,Учтенный,"Местоположение установлено относительно ориентира, расположенного в границах участка. Почтовый адрес ориентира: Российская Федерация, Республика Татарстан (Татарстан), м.р-н Лаишевский, с.п. Кирбинское, д Травкино, ул Сююмбике, з/у 10.",Частная,Для индивидуального жилищного строительства,ИЖС,0,нет,16:24:110302,782585.36,978.2317,,,,,нет,да,нет,нет,нет,да,нет,да,55.55264685719963,49.2731916590748
16:24:110302:772,750.0,Земли населенных пунктов,Учтенный,"Местоположение установлено относительно ориентира, расположенного в границах участка. Почтовый адрес ориентира: Российская Федерация, Республика Татарстан (Татарстан), м.р-н Лаишевский, с.п. Кирбинское, д Травкино, ул Победы, з/у 2.",Частная,Для индивидуального жилищного строительства,ИЖС,0,нет,16:24:110302,732205.28,976.2737,,,,,нет,да,нет,нет,нет,да,нет,да,55.551900468820584,49.27316305782097
16:24:110302:655,800.0,Земли населенных пунктов,Учтенный,"Российская Федерация, Республика Татарстан (Татарстан), м.р-н Лаишевский, с.п. Кирбинское, д Травкино, ул Дружбы, з/у 22",Частная,Для индивидуального жилищного строительства,ИЖС,0,нет,16:24:110302,803019.92,1003.7749,,,,,нет,да,нет,нет,нет,да,нет,да,55.55320141916815,49.271600366198996
16:24:110302:646,996.0,Земли населенных пунктов,Учтенный,"Российская Федерация, Республика Татарстан (Татарстан), м.р-н Лаишевский, с.п. Кирбинское, д Травкино, ул Березовая, з/у 14",Частная,Для индивидуального жилищного строительства,ИЖС,0,нет,16:24:110302,995970.42,999.9703,,,,,нет,да,нет,нет,нет,да,нет,да,55.55377614767381,49.27223620048689
16:24:110302:714,933.0,Земли населенных пунктов,Учтенный,"Местоположение установлено относительно ориентира, расположенного в границах участка. Почтовый адрес ориентира: Российская Федерация, Республика Татарстан (Татарстан), м.р-н Лаишевский, с.п. Кирбинское, д Травкино, ул Сююмбике, з/у 2.",Частная,Для индивидуального жилищного строительства,ИЖС,0,нет,16:24:110302,927264.2,993.8523,,,,,нет,да,нет,нет,нет,да,нет,да,55.552391431025974,49.271930456205936
16:24:110302:1518,108471.0,Земли населенных пунктов,Учтенный,"Местоположение установлено относительно ориентира, расположенного в границах участка. Почтовый адрес ориентира: Республика Татарстан, Лаишевский муниципальный район, Кирбинское сельское поселение.",Государственная субъекта РФ,для сельскохозяйственного производства,СХ,0,нет,16:24:110302,406072.04,3.7436,,,,,да,нет,нет,нет,нет,нет,нет,да,55.54992910392446,49.27144153701967
16:24:110302:530,700.0,Земли населенных пунктов,Учтенный,"Местоположение установлено относительно ориентира, расположенного в границах участка. Почтовый адрес ориентира: Российская Федерация, Республика Татарстан (Татарстан), м.р-н Лаишевский, с.п. Кирбинское, д Травкино, ул Солнечная, з/у 12.",Частная,индивидуальные жилые дома с приусадебными земельными участками,ЖИЛОЙ,0,нет,16:24:110302,738612.98,1055.1614,,,,,нет,нет,нет,нет,нет,да,нет,да,55.54474777661968,49.25976273863349
16:24:110302:1255,530.0,Земли населенных пунктов,Учтенный,"Местоположение установлено относительно ориентира, расположенного в границах участка. Почтовый адрес ориентира: Российская Федерация, Республика Татарстан (Татарстан), м.р-н Лаишевский, с.п. Кирбинское, д Травкино, ул Победы, з/у 1а.",Частная,Для индивидуального жилищного строительства,ИЖС,0,нет,16:24:110302,508146.93,958.7678,,,,,нет,да,нет,нет,нет,да,нет,да,55.551728435246865,49.274378066601116
16:24:110302:699,800.0,Земли населенных пунктов,Учтенный,"Местоположение установлено относительно ориентира, расположенного в границах участка. Почтовый адрес ориентира: Российская Федерация, Республика Татарстан (Татарстан), м.р-н Лаишевский, с.п. Кирбинское, д Травкино, ул Дружбы, з/у 66.",Частная,Для индивидуального жилищного строительства,ИЖС,0,нет,16:24:110302,723910.64,904.8883,,,,,нет,да,нет,нет,нет,да,нет,да,55.5549109242123,49.27966699583248
16:24:110302:749,600.0,Земли населенных пунктов,Учтенный,"Местоположение установлено относительно ориентира, расположенного в границах участка. Почтовый адрес ориентира: Российская Федерация, Республика Татарстан (Татарстан), м.р-н Лаишевский, с.п. Кирбинское, д Травкино, ул Дружбы, з/у 41.",Частная,Для индивидуального жилищного строительства,ИЖС,0,нет,16:24:110302,539280.66,898.8011,,,,,нет,да,нет,нет,нет,да,нет,да,55.55449865908579,49.27993886917962
16:24:110302:782,600.0,Земли населенных пунктов,Учтенный,"Местоположение установлено относительно ориентира, расположенного в границах участка. Почтовый адрес ориентира: Российская Федерация, Республика Татарстан (Татарстан), м.р-н Лаишевский, с.п. Кирбинское, д Травкино, ул Сююмбике, з/у 23.",Частная,Для индивидуального жилищного строительства,ИЖС,0,нет,16:24:110302,563776.2,939.627,,,,,нет,да,нет,нет,нет,да,нет,да,55.55302978629503,49.27608424554651
16:24:110201:132,1872.0,Земли населенных пунктов,Ранее учтенный,"Местоположение установлено относительно ориентира, расположенного в границах участка. Почтовый адрес ориентира: Российская Федерация, Республика Татарстан (Татарстан), м.р-н Лаишевский, с.п. Кирбинское, д Травкино, ул Травкинская, з/у 12.",,Для индивидуального жилищного строительства,ИЖС,0,нет,16:24:110201,1925946.17,1028.8174,,,,,да,да,нет,нет,нет,да,нет,да,55.55132734964971,49.26532192310638
16:24:110302:787,521.0,Земли населенных пунктов,Учтенный,"Местоположение установлено относительно ориентира, расположенного в границах участка. Почтовый адрес ориентира: Российская Федерация, Республика Татарстан (Татарстан), м.р-н Лаишевский, с.п. Кирбинское, д Травкино, ул Сююмбике, з/у 33.",Частная,Для индивидуального жилищного строительства,ИЖС,0,нет,16:24:110302,482209.52,925.5461,,,,,нет,да,нет,нет,нет,да,нет,да,55.55332451264326,49.27747496437425
16:24:110302:672,1018.0,Земли населенных пунктов,Учтенный,"Российская Федерация, Республика Татарстан (Татарстан), м.р-н Лаишевский, с.п. Кирбинское, д Травкино, ул Березовая, з/у 32",Частная,Для индивидуального жилищного строительства,ИЖС,0,нет,16:24:110302,944382.82,927.6845,,,,,нет,да,нет,нет,нет,да,нет,да,55.555034670249384,49.27814528559767
16:24:110302:780,600.0,Земли населенных пунктов,Учтенный,"Местоположение установлено относительно ориентира, расположенного в границах участка. Почтовый адрес ориентира: Российская Федерация, Республика Татарстан (Татарстан), м.р-н Лаишевский, с.п. Кирбинское, д Травкино, ул Сююмбике, з/у 19.",Частная,Для индивидуального жилищного строительства,ИЖС,0,нет,16:24:110302,563776.2,939.627,,,,,нет,да,нет,нет,нет,да,нет,да,55.55290398906298,49.275490577809975
16:24:110302:667,1015.0,Земли населенных пунктов,Учтенный,"Местоположение установлено относительно ориентира, расположенного в границах участка. Почтовый адрес ориентира: Российская Федерация, Республика Татарстан (Татарстан), м.р-н Лаишевский, с.п. Кирбинское, д Травкино, ул Березовая, з/у 27.",Частная,Для индивидуального жилищного строительства,ИЖС,0,нет,16:24:110302,967394.27,953.0978,,,,,нет,да,нет,нет,нет,да,нет,да,55.55471944151948,49.276661486238254
16:24:110302:799,500.0,Земли населенных пунктов,Учтенный,"Местоположение установлено относительно ориентира, расположенного в границах участка. Почтовый адрес ориентира: Российская Федерация, Республика Татарстан (Татарстан), м.р-н Лаишевский, с.п. Кирбинское, д Травкино, ул Победы, з/у 26.",Частная,Для индивидуального жилищного строительства,ИЖС,0,нет,16:24:110302,464531.4,929.0628,,,,,нет,да,нет,нет,нет,да,нет,да,55.55292003262086,49.276833266988014
16:24:110302:719,1293.0,Земли населенных пунктов,Учтенный,"Российская Федерация, Республика Татарстан (Татарстан), м.р-н Лаишевский, с.п. Кирбинское, д Травкино, ул Сююмбике, з/у 12",Частная,Для индивидуального жилищного строительства,ИЖС,0,нет,16:24:110302,1263612.05,977.2715,,,,,нет,да,нет,нет,нет,да,нет,да,55.55285716930092,49.27341954997964
16:24:110302:894,500.0,Земли населенных пунктов,Учтенный,"Местоположение установлено относительно ориентира, расположенного в границах участка. Почтовый адрес ориентира: Российская Федерация, Республика Татарстан (Татарстан), м.р-н Лаишевский, с.п. Кирбинское, д Травкино, ул Свободы, з/у 29.",Частная,Для индивидуального жилищного строительства,ИЖС,0,нет,16:24:110302,441298.95,882.5979,,,,,нет,да,нет,нет,нет,да,нет,да,55.55281996523498,49.28138409143597
16:24:110302:830,600.0,Земли населенных пунктов,Учтенный,"Местоположение установлено относительно ориентира, расположенного в границах участка. Почтовый адрес ориентира: Российская Федерация, Республика Татарстан (Татарстан), м.р-н Лаишевский, с.п. Кирбинское, д Травкино, ул Свободы, з/у 8.",Частная,Для индивидуального жилищного строительства,ИЖС,0,нет,16:24:110302,565299.12,942.1652,,,,,нет,да,нет,нет,нет,да,нет,да,55.55172327647011,49.27571107801224
16:24:110201:101,1618.0,Земли населенных пунктов,Ранее учтенный,"Местоположение установлено относительно ориентира, расположенного в границах участка. Почтовый адрес ориентира: Российская Федерация, Республика Татарстан (Татарстан), м.р-н Лаишевский, с.п. Кирбинское, д Травкино, ул Озерная, з/у 23А.",Частная,Для индивидуального жилищного строительства,ИЖС,0,нет,16:24:110201,1628385.78,1006.42,,,,,нет,да,нет,нет,нет,да,нет,да,55.54918430498136,49.26625770416228
16:24:110302:482,600.0,Земли населенных пунктов,Учтенный,"Местоположение установлено относительно ориентира, расположенного в границах участка. Почтовый адрес ориентира: Российская Федерация, Республика Татарстан (Татарстан), м.р-н Лаишевский, с.п. Кирбинское, д Травкино, ул Луговая, з/у 6.",Частная,индивидуальные жилые дома с приусадебными земельными участками,ЖИЛОЙ,0,нет,16:24:110302,652354.02,1087.2567,,,,,нет,нет,нет,нет,нет,да,нет,да,55.54594614721426,49.25838448087003
16:24:110201:643,534.0,Земли населенных пунктов,Учтенный,"Российская Федерация, Республика Татарстан (Татарстан), м.р-н Лаишевский, с.п. Кирбинское, д Травкино, ул Озерная, з/у 22",Частная,Для ведения личного подсобного хозяйства,ЛПХ,0,нет,16:24:110201,544978.35,1020.5587,,,,,нет,нет,нет,нет,да,да,нет,да,55.54815927734389,49.264583041636556
16:24:110302:983,695.0,Земли населенных пунктов,Учтенный,"Российская Федерация, Республика Татарстан (Татарстан), м.р-н Лаишевский, с.п. Кирбинское, д Травкино, ул Мира, з/у 48",Частная,Для индивидуального жилищного строительства,ИЖС,0,нет,16:24:110302,589125.09,847.662,,,,,нет,да,нет,нет,нет,да,нет,да,55.551119225231616,49.279622706962385
16:24:000000:6897,87795.0,Земли населенных пунктов,Учтенный,"Республика Татарстан, Лаишевский муниципальный район, Кирбинское сельское поселение, д. Травкино",Муниципальная,улично-дорожная сеть,ДРУГОЕ,0,нет,16:24:000000,55342438.64,630.36,,,,,да,нет,нет,нет,нет,нет,нет,да,55.552728909171805,49.2772692306566
16:24:110302:1276,1000.0,Земли населенных пунктов,Учтенный,"Российская Федерация, Республика Татарстан (Татарстан), м.р-н Лаишевский, с.п. Кирбинское, д Травкино, ул Свободы, з/у 27",Частная,Для индивидуального жилищного строительства,ИЖС,0,нет,16:24:110302,879390.4,879.3904,,,,,нет,да,нет,нет,нет,да,нет,да,55.552662707759175,49.2811591389144
16:24:110302:992,500.0,Земли населенных пунктов,Учтенный,"Местоположение установлено относительно ориентира, расположенного в границах участка. Почтовый адрес ориентира: Российская Федерация, Республика Татарстан (Татарстан), м.р-н Лаишевский, с.п. Кирбинское, д Травкино, ул Мира, з/у 54.",Частная,Для индивидуального жилищного строительства,ИЖС,0,нет,16:24:110302,425127.55,850.2551,,,,,нет,да,нет,нет,нет,да,нет,да,55.55119414760541,49.280544628816756
16:24:110302:989,551.0,Земли населенных пунктов,Учтенный,"Российская Федерация, Республика Татарстан (Татарстан), м.р-н Лаишевский, с.п. Кирбинское, д Травкино, ул Мира, з/у 60",Частная,Для индивидуального жилищного строительства,ИЖС,0,нет,16:24:110302,472839.33,858.1476,,,,,нет,да,нет,нет,нет,да,нет,да,55.551488653107135,49.28167637791875
16:24:110302:982,717.0,Земли населенных пунктов,Учтенный,"Российская Федерация, Республика Татарстан (Татарстан), м.р-н Лаишевский, с.п. Кирбинское, д Травкино, ул Мира, з/у 46",Частная,Для индивидуального жилищного строительства,ИЖС,0,нет,16:24:110302,622755.58,868.5573,,,,,нет,да,нет,нет,нет,да,нет,да,55.55107753138756,49.279327126598126
16:24:110302:970,500.0,Земли населенных пунктов,Учтенный,"Российская Федерация, Республика Татарстан (Татарстан), м.р-н Лаишевский, с.п. Кирбинское, д Травкино, ул Мира, з/у 17",Частная,Для индивидуального жилищного строительства,ИЖС,0,нет,16:24:110302,437233.4,874.4668,,,,,нет,да,нет,нет,нет,да,нет,да,55.55216410422952,49.28113991617089
16:24:110302:991,500.0,Земли населенных пунктов,Учтенный,"Российская Федерация, Республика Татарстан (Татарстан), м.р-н Лаишевский, с.п. Кирбинское, д Травкино, ул Мира, з/у 52",Частная,Для индивидуального жилищного строительства,ИЖС,0,нет,16:24:110302,420263.1,840.5262,,,,,нет,да,нет,нет,нет,да,нет,да,55.551131260158456,49.28024778538308
16:24:110302:980,630.0,Земли населенных пунктов,Учтенный,"Российская Федерация, Республика Татарстан (Татарстан), м.р-н Лаишевский, с.п. Кирбинское, д Травкино, ул Мира, з/у 42",Частная,Для индивидуального жилищного строительства,ИЖС,0,нет,16:24:110302,554521.4,880.1927,,,,,нет,да,нет,нет,нет,да,нет,да,55.55094965810614,49.27876588805862
16:24:110302:895,655.0,Земли населенных пунктов,Учтенный,"Местоположение установлено относительно ориентира, расположенного в границах участка. Почтовый адрес ориентира: Российская Федерация, Республика Татарстан (Татарстан), м.р-н Лаишевский, с.п. Кирбинское, д Травкино, ул Свободы, з/у 31.",Частная,Для индивидуального жилищного строительства,ИЖС,0,нет,16:24:110302,578101.62,882.5979,,,,,нет,да,нет,нет,нет,да,нет,да,55.55289064348077,49.2817178227346
16:24:110302:1965,1000.0,Земли населенных пунктов,Учтенный,"Российская Федерация, Республика Татарстан (Татарстан), м.р-н Лаишевский, с.п. Кирбинское, д Травкино, ул. Кленовая, з/у 7",Частная,Для индивидуального жилищного строительства,ИЖС,0,нет,16:24:110302,879037.1,879.04,,,,,нет,да,нет,нет,нет,да,нет,да,55.545210901087295,49.267933234817676
16:24:110302:2032,1184.0,Земли населенных пунктов,Учтенный,"Российская Федерация, Республика Татарстан, Лаишевский муниципальный район, Кирбинское сельское поселение, д Травкино",Частная,Для индивидуального жилищного строительства,ИЖС,0,нет,16:24:110302,1204613.32,1017.41,,,,,нет,да,нет,нет,нет,да,нет,да,55.547434805375204,49.264725625897874
16:24:110302:1999,1011.0,Земли населенных пунктов,Учтенный,"Российская Федерация, Республика Татарстан, Лаишевский муниципальный район, Кирбинское сельское поселение, д Травкино",Частная,Для индивидуального жилищного строительства,ИЖС,0,нет,16:24:110302,986805.76,976.07,,,,,нет,да,нет,нет,нет,да,нет,да,55.54226162507615,49.26313733858972
16:24:110302:1970,1000.0,Земли населенных пунктов,Учтенный,"Российская Федерация, Республика Татарстан, Лаишевский муниципальный район, Кирбинское сельское поселение, д Травкино",Частная,Для индивидуального жилищного строительства,ИЖС,0,нет,16:24:110302,850021.0,850.02,,,,,нет,да,нет,нет,нет,да,нет,да,55.54518340457738,49.26886749738531
16:24:110302:2069,1002.0,Земли населенных пунктов,Учтенный,"Российская Федерация, Республика Татарстан, Лаишевский муниципальный район, Кирбинское сельское поселение, д Травкино",Частная,Для индивидуального жилищного строительства,ИЖС,0,нет,16:24:110302,875596.9,873.85,,,,,нет,да,нет,нет,нет,да,нет,да,55.54610955669409,49.26888925067497
16:24:110302:2085,1185.0,Земли населенных пунктов,Учтенный,"Российская Федерация, Республика Татарстан, Лаишевский муниципальный район, Кирбинское сельское поселение, д Травкино",Частная,Для индивидуального жилищного строительства,ИЖС,0,нет,16:24:110302,1066325.33,899.85,,,,,нет,да,нет,нет,нет,да,нет,да,55.54347806804278,49.26595936247645
16:24:110302:2071,1001.0,Земли населенных пунктов,Учтенный,"Российская Федерация, Республика Татарстан, Лаишевский муниципальный район, Кирбинское сельское поселение, д Травкино",Частная,Для индивидуального жилищного строительства,ИЖС,0,нет,16:24:110302,919963.34,919.04,,,,,нет,да,нет,нет,нет,да,нет,да,55.54652565618295,49.26859132900685
16:24:110302:1843,1062.0,Земли населенных пунктов,Учтенный,"Российская Федерация, Республика Татарстан (Татарстан), м.р-н Лаишевский, с.п. Кирбинское, д Травкино, ул. Залесная, з/у 163",Частная,Для индивидуального жилищного строительства,ИЖС,0,нет,16:24:110302,612650.28,576.88,,,,,нет,да,нет,нет,нет,да,нет,да,55.54765561112066,49.29197009110755
16:24:110302:1831,1268.0,Земли населенных пунктов,Учтенный,"Республика Татарстан, Лаишевский муниципальный район, Кирбинское сельское поселение, д. Травкино",Частная,Для индивидуального жилищного строительства,ИЖС,0,нет,16:24:110302,752513.62,593.46,,,,,нет,да,нет,нет,нет,да,нет,да,55.54888590801947,49.29159921368107
16:24:110302:1837,1000.0,Земли населенных пунктов,Учтенный,"Республика Татарстан, Лаишевский муниципальный район, Кирбинское сельское поселение, д. Травкино",Частная,Для индивидуального жилищного строительства,ИЖС,0,нет,16:24:110302,582461.2,582.46,,,,,нет,да,нет,нет,нет,да,нет,да,55.548266478567086,49.291416689722766
16:24:110302:1850,1092.0,Земли населенных пунктов,Учтенный,"Российская Федерация, Республика Татарстан (Татарстан), м.р-н Лаишевский, с.п. Кирбинское, д Травкино, ул. Залесная, з/у 157",Частная,Для индивидуального жилищного строительства,ИЖС,0,нет,16:24:110302,623532.76,571.0,,,,,нет,да,нет,нет,нет,да,нет,да,55.54738517469864,49.29088915035396
16:24:110302:1823,2913.0,Земли населенных пунктов,Учтенный,"Российская Федерация, Республика Татарстан (Татарстан), м.р-н Лаишевский, с.п. Кирбинское, д Травкино, ул. Залесная, з/у 201",Частная,Для индивидуального жилищного строительства,ИЖС,0,нет,16:24:110302,1787346.89,613.58,,,,,нет,да,нет,нет,нет,да,нет,да,55.55005859878911,49.29701570529551
16:24:110302:1833,1001.0,Земли населенных пунктов,Учтенный,"Республика Татарстан, Лаишевский муниципальный район, Кирбинское сельское поселение, д. Травкино",Частная,Для индивидуального жилищного строительства,ИЖС,0,нет,16:24:110302,586621.74,586.04,,,,,нет,да,нет,нет,нет,да,нет,да,55.548620440917944,49.29179628025517
16:24:110302:1841,1027.0,Земли населенных пунктов,Учтенный,"Российская Федерация, Республика Татарстан (Татарстан), м.р-н Лаишевский, с.п. Кирбинское, д Травкино, ул. Залесная, з/у 167",Частная,Для индивидуального жилищного строительства,ИЖС,0,нет,16:24:110302,593582.69,577.98,,,,,нет,да,нет,нет,нет,да,нет,да,55.54787504654727,49.292674669108955
16:24:110302:1840,1007.0,Земли населенных пунктов,Учтенный,"Российская Федерация, Республика Татарстан (Татарстан), м.р-н Лаишевский, с.п. Кирбинское, д Травкино, ул. Залесная, з/у 169",Частная,Для индивидуального жилищного строительства,ИЖС,0,нет,16:24:110302,582023.14,577.98,,,,,нет,да,нет,нет,нет,да,нет,да,55.547935387982164,49.293068165996395
16:24:110302:1864,1003.0,Земли населенных пунктов,Учтенный,"Республика Татарстан, Лаишевский муниципальный район, Кирбинское сельское поселение, д. Травкино",Частная,Для индивидуального жилищного строительства,ИЖС,0,нет,16:24:110302,585725.12,583.97,,,,,нет,да,нет,нет,нет,да,нет,да,55.54740425196669,49.2874244588254
16:24:110302:1883,1115.0,Земли населенных пунктов,Учтенный,"Российская Федерация, Республика Татарстан (Татарстан), м.р-н Лаишевский, с.п. Кирбинское, д Травкино, ул. Залесная, з/у 185",Частная,Для индивидуального жилищного строительства,ИЖС,0,нет,16:24:110302,677422.82,607.55,,,,,нет,да,нет,нет,нет,да,нет,да,55.54969431674607,49.29405528410704
16:24:110302:1854,1077.0,Земли населенных пунктов,Учтенный,"Российская Федерация, Республика Татарстан (Татарстан), м.р-н Лаишевский, с.п. Кирбинское, д Травкино, ул. Залесная, з/у 151",Частная,Для индивидуального жилищного строительства,ИЖС,0,нет,16:24:110302,607250.19,563.83,,,,,нет,да,нет,нет,нет,да,нет,да,55.547131399201255,49.2898326515454
16:24:110302:1867,1115.0,Земли населенных пунктов,Учтенный,"Российская Федерация, Республика Татарстан (Татарстан), м.р-н Лаишевский, с.п. Кирбинское, д Травкино, ул. Залесная, з/у 193",Частная,Для индивидуального жилищного строительства,ИЖС,0,нет,16:24:110302,676191.3,606.45,,,,,нет,да,нет,нет,нет,да,нет,да,55.54971595328994,49.295472317585514
16:24:110302:1855,1253.0,Земли населенных пунктов,Учтенный,"Российская Федерация, Республика Татарстан (Татарстан), м.р-н Лаишевский, с.п. Кирбинское, д Травкино, ул. Залесная, з/у 149",Частная,Для индивидуального жилищного строительства,ИЖС,0,нет,16:24:110302,706715.93,564.02,,,,,нет,да,нет,нет,нет,да,нет,да,55.5470261826353,49.28939872032595
16:24:110302:1857,1015.0,Земли населенных пунктов,Учтенный,"Республика Татарстан, Лаишевский муниципальный район, Кирбинское сельское поселение, д. Травкино",Частная,Для индивидуального жилищного строительства,ИЖС,0,нет,16:24:110302,576938.79,568.41,,,,,нет,да,нет,нет,нет,да,нет,да,55.54745370876363,49.28885535030522
16:24:110302:1873,1034.0,Земли населенных пунктов,Учтенный,"Российская Федерация, Республика Татарстан (Татарстан), м.р-н Лаишевский, с.п. Кирбинское, д Травкино, ул. Залесная, з/у 135",Частная,Для индивидуального жилищного строительства,ИЖС,0,нет,16:24:110302,582891.44,563.72,,,,,нет,да,нет,нет,нет,да,нет,да,55.546685736347534,49.28667110584593
16:24:110302:1859,1000.0,Земли населенных пунктов,Учтенный,"Республика Татарстан, Лаишевский муниципальный район, Кирбинское сельское поселение, д. Травкино",Частная,Для индивидуального жилищного строительства,ИЖС,0,нет,16:24:110302,568412.6,568.41,,,,,нет,да,нет,нет,нет,да,нет,да,55.547372955562366,49.28830921045489
16:24:110302:1872,1049.0,Земли населенных пунктов,Учтенный,"Российская Федерация, Республика Татарстан (Татарстан), м.р-н Лаишевский, с.п. Кирбинское, д Травкино, ул. Залесная, з/у 137",Частная,Для индивидуального жилищного строительства,ИЖС,0,нет,16:24:110302,591323.61,563.7,,,,,нет,да,нет,нет,нет,да,нет,да,55.546735452982055,49.28705751079504
16:24:110302:1880,16925.0,Земли населенных пунктов,Учтенный,"Республика Татарстан, Лаишевский муниципальный район, Кирбинское сельское поселение, д. Травкино",Муниципальная;Частная,улично-дорожная сеть,ДРУГОЕ,0,нет,16:24:110302,8259587.87,488.01,,,,,да,нет,нет,нет,нет,нет,нет,да,55.5482760207244,49.29082631328536
16:24:110302:1877,1018.0,Земли населенных пунктов,Учтенный,"Российская Федерация, Республика Татарстан (Татарстан), м.р-н Лаишевский, с.п. Кирбинское, д Травкино, ул. Залесная, з/у 133",Частная,Для индивидуального жилищного строительства,ИЖС,0,нет,16:24:110302,574815.94,564.65,,,,,нет,да,нет,нет,нет,да,нет,да,55.54659842676833,49.28628123421671
16:24:110302:1902,1000.0,Земли населенных пунктов,Учтенный,"Российская Федерация, Республика Татарстан, Лаишевский муниципальный район, Кирбинское сельское поселение, деревня Травкино ",Частная,Для индивидуального жилищного строительства,ИЖС,0,нет,16:24:110302,1130268.2,1130.27,,,,,нет,да,нет,нет,нет,да,нет,да,55.549195292192636,49.25697212943801
16:24:110302:1903,1000.0,Земли населенных пунктов,Учтенный,"Российская Федерация, Республика Татарстан, Лаишевский муниципальный район, Кирбинское сельское поселение, деревня Травкино ",Частная,Для индивидуального жилищного строительства,ИЖС,0,нет,16:24:110302,1129172.6,1129.17,,,,,нет,да,нет,нет,нет,да,нет,да,55.54928143717102,49.25735232732292
16:24:110302:1937,1000.0,Земли населенных пунктов,Учтенный,"Российская Федерация, Республика Татарстан, Лаишевский муниципальный район, Кирбинское сельское поселение, деревня Травкино ",Частная,Для индивидуального жилищного строительства,ИЖС,0,нет,16:24:110302,1118119.3,1118.12,,,,,нет,да,нет,нет,нет,да,нет,да,55.54732190301028,49.257957137389475
16:24:110302:1920,1000.0,Земли населенных пунктов,Учтенный,"Российская Федерация, Республика Татарстан, Лаишевский муниципальный район, Кирбинское сельское поселение, деревня Травкино ",Частная,Для индивидуального жилищного строительства,ИЖС,0,нет,16:24:110302,1101040.4,1101.04,,,,,нет,да,нет,нет,нет,да,нет,да,55.548779133201855,49.259034046889774
16:24:110302:2494,1000.0,Земли населенных пунктов,Учтенный,"Российская Федерация, Республика Татарстан (Татарстан), м.р-н Лаишевский, с.п. Кирбинское, д Травкино, ул. Парковая, з/у 43",Частная,Для индивидуального жилищного строительства,ИЖС,0,нет,16:24:110302,877239.3,877.24,,,,,нет,да,нет,нет,нет,да,нет,да,55.548277652053045,49.27305053900413
16:24:110302:2699,1281.0,Земли населенных пунктов,Учтенный,"Российская Федерация, Республика Татарстан (Татарстан), м.р-н Лаишевский, с.п. Кирбинское, д Травкино, ул. Восточная, з/у 12",Частная,Для индивидуального жилищного строительства,ИЖС,0,нет,16:24:110302,846083.46,660.49,,,,,нет,да,нет,нет,нет,да,нет,да,55.54830432123827,49.28448511801985
16:24:110302:2709,1026.0,Земли населенных пунктов,Учтенный,"Российская Федерация, Республика Татарстан (Татарстан), м.р-н Лаишевский, с.п. Кирбинское, д Травкино, ул. Залесная, з/у 125",Частная,Для индивидуального жилищного строительства,ИЖС,0,нет,16:24:110302,606391.44,591.02,,,,,нет,да,нет,нет,нет,да,нет,да,55.54640174727924,49.28469442640799
16:24:110302:2759,1000.0,Земли населенных пунктов,Учтенный,"Российская Федерация, Республика Татарстан (Татарстан), м.р-н Лаишевский, с.п. Кирбинское, д Травкино, ул. Семейная, з/у 10",Частная,Для индивидуального жилищного строительства,ИЖС,0,нет,16:24:110302,874369.7,874.37,,,,,нет,да,нет,нет,нет,да,нет,да,55.54649858198724,49.2695275893134
16:24:110302:2714,1000.0,Земли населенных пунктов,Учтенный,"Российская Федерация, Республика Татарстан (Татарстан), м.р-н Лаишевский, с.п. Кирбинское, д Травкино, ул. Залесная, з/у 115",Частная,Для индивидуального жилищного строительства,ИЖС,0,нет,16:24:110302,605589.8,605.59,,,,,нет,да,нет,нет,нет,да,нет,да,55.546178797914045,49.28273857731757
16:24:110302:2720,1116.0,Земли населенных пунктов,Учтенный,"Российская Федерация, Республика Татарстан (Татарстан), м.р-н Лаишевский, с.п. Кирбинское, д Травкино, ул. Залесная, з/у 105",Частная,Для индивидуального жилищного строительства,ИЖС,0,нет,16:24:110302,700895.32,628.04,,,,,нет,да,нет,нет,нет,да,нет,да,55.545901220188014,49.280820439667835
16:24:110302:2781,1000.0,Земли населенных пунктов,Учтенный,"Российская Федерация, Республика Татарстан (Татарстан), м.р-н Лаишевский, с.п. Кирбинское, д Травкино, ул. Славы, з/у 3",Частная,Для индивидуального жилищного строительства,ИЖС,0,нет,16:24:110302,785068.7,785.07,,,,,нет,да,нет,нет,нет,да,нет,да,55.545741909264144,49.27235090011856
16:24:110302:2708,1034.0,Земли населенных пунктов,Учтенный,"Российская Федерация, Республика Татарстан (Татарстан), м.р-н Лаишевский, с.п. Кирбинское, д Травкино, ул. Залесная, з/у 127",Частная,Для индивидуального жилищного строительства,ИЖС,0,нет,16:24:110302,595526.1,575.94,,,,,нет,да,нет,нет,нет,да,нет,да,55.54648686220187,49.28505322199753
16:24:110302:2715,1001.0,Земли населенных пунктов,Учтенный,"Российская Федерация, Республика Татарстан (Татарстан), м.р-н Лаишевский, с.п. Кирбинское, д Травкино, ул. Залесная, з/у 113",Частная,Для индивидуального жилищного строительства,ИЖС,0,нет,16:24:110302,608789.68,608.18,,,,,нет,да,нет,нет,нет,да,нет,да,55.54612648232544,49.282351438155516
16:24:110302:2785,1000.0,Земли населенных пунктов,Учтенный,"Российская Федерация, Республика Татарстан (Татарстан), м.р-н Лаишевский, с.п. Кирбинское, д Травкино, ул. Славы, з/у 7",Частная,Для индивидуального жилищного строительства,ИЖС,0,нет,16:24:110302,801492.8,801.49,,,,,нет,да,нет,нет,нет,да,нет,да,55.54615808845724,49.27205330340245
16:24:110302:2820,1000.0,Земли населенных пунктов,Учтенный,"Российская Федерация, Республика Татарстан (Татарстан), м.р-н Лаишевский, с.п. Кирбинское, д Травкино, ул. Каштановая, з/у 5",Частная,Для индивидуального жилищного строительства,ИЖС,0,нет,16:24:110302,778467.6,778.47,,,,,нет,да,нет,нет,нет,да,нет,да,55.546265544182255,49.27357483031458
16:24:110302:2803,1000.0,Земли населенных пунктов,Учтенный,"Российская Федерация, Республика Татарстан (Татарстан), м.р-н Лаишевский, с.п. Кирбинское, д Травкино, ул. Парковая, з/у 41",Частная,Для индивидуального жилищного строительства,ИЖС,0,нет,16:24:110302,876814.8,876.81,,,,,нет,да,нет,нет,нет,да,нет,да,55.548097117872544,49.27226504480634
16:24:110302:2811,1000.0,Земли населенных пунктов,Учтенный,"Российская Федерация, Республика Татарстан (Татарстан), м.р-н Лаишевский, с.п. Кирбинское, д Травкино, ул. Парковая, з/у 34",Частная,Для индивидуального жилищного строительства,ИЖС,0,нет,16:24:110302,878677.0,878.68,,,,,нет,да,нет,нет,нет,да,нет,да,55.5492817417595,49.27541849032927
16:24:110302:2789,1001.0,Земли населенных пунктов,Учтенный,"Российская Федерация, Республика Татарстан (Татарстан), м.р-н Лаишевский, с.п. Кирбинское, д Травкино, ул. Парковая, з/у 38",Частная,Для индивидуального жилищного строительства,ИЖС,0,нет,16:24:110302,879605.23,878.73,,,,,нет,да,нет,нет,нет,да,нет,да,55.54945094360024,49.27615594634186
16:24:110302:2461,1798.0,Земли населенных пунктов,Учтенный,"Российская Федерация, Республика Татарстан, Лаишевский муницпальный район, Кирбинское сельское поселение, д Травкино",Частная,Для индивидуального жилищного строительства,ИЖС,0,нет,16:24:110302,1486939.71,827.0,,,,,нет,да,нет,нет,нет,да,нет,да,55.54993631515644,49.27862467033513
16:24:110302:2466,1000.0,Земли населенных пунктов,Учтенный,"Российская Федерация, Республика Татарстан (Татарстан), м.р-н Лаишевский, с.п. Кирбинское, д Травкино, ул. Залесная, з/у 30",Частная,Для индивидуального жилищного строительства,ИЖС,0,нет,16:24:110302,755016.0,755.02,,,,,нет,да,нет,нет,нет,да,нет,да,55.545641260559385,49.27402123175027
16:24:110302:2485,1000.0,Земли населенных пунктов,Учтенный,"Российская Федерация, Республика Татарстан (Татарстан), м.р-н Лаишевский, с.п. Кирбинское, д Травкино, ул. Лазурная, з/у 30",Частная,Для индивидуального жилищного строительства,ИЖС,0,нет,16:24:110302,825531.5,825.53,,,,,нет,да,нет,нет,нет,да,нет,да,55.54723718780068,49.27379462753854
16:24:110302:2570,1000.0,Земли населенных пунктов,Учтенный,"Российская Федерация, Республика Татарстан, Лаишевский муницпальный район, Кирбинское сельское поселение, д Травкино",Частная,Для индивидуального жилищного строительства,ИЖС,0,нет,16:24:110302,762802.2,762.8,,,,,нет,да,нет,нет,нет,да,нет,да,55.54891540031747,49.278988293173065
16:24:110302:2546,1000.0,Земли населенных пунктов,Учтенный,"Российская Федерация, Республика Татарстан (Татарстан), м.р-н Лаишевский, с.п. Кирбинское, д Травкино, ул. Изумрудная, з/у 13",Частная,Для индивидуального жилищного строительства,ИЖС,0,нет,16:24:110302,723990.5,723.99,,,,,нет,да,нет,нет,нет,да,нет,да,55.547735659862916,49.27891712869608
16:24:110302:2632,1290.0,Земли населенных пунктов,Учтенный,"Российская Федерация, Республика Татарстан, Лаишевский муницпальный район, Кирбинское сельское поселение, д Травкино",Частная,Для индивидуального жилищного строительства,ИЖС,0,нет,16:24:110302,783981.12,607.74,,,,,нет,да,нет,нет,нет,да,нет,да,55.54659282619896,49.28283118196751
16:24:110302:2611,1000.0,Земли населенных пунктов,Учтенный,"Российская Федерация, Республика Татарстан, Лаишевский муницпальный район, Кирбинское сельское поселение, д Травкино",Частная,Для индивидуального жилищного строительства,ИЖС,0,нет,16:24:110302,713737.5,713.74,,,,,нет,да,нет,нет,нет,да,нет,да,55.54843974841308,49.28092677329032
16:24:110302:2671,1187.0,Земли населенных пунктов,Учтенный,"Российская Федерация, Республика Татарстан, Лаишевский муницпальный район, Кирбинское сельское поселение, д Травкино",Частная,Для индивидуального жилищного строительства,ИЖС,0,нет,16:24:110302,885540.81,746.03,,,,,нет,да,нет,нет,нет,да,нет,да,55.55066181300297,49.284017485047215
16:24:110302:2674,1324.0,Земли населенных пунктов,Учтенный,"Российская Федерация, Республика Татарстан (Татарстан), м.р-н Лаишевский, с.п. Кирбинское, д Травкино, ул. Ореховая, з/у 10",Частная,Для индивидуального жилищного строительства,ИЖС,0,нет,16:24:110302,977649.81,738.41,,,,,нет,да,нет,нет,нет,да,нет,да,55.55047772570365,49.28440386955816
16:24:110302:2565,1000.0,Земли населенных пунктов,Учтенный,"Российская Федерация, Республика Татарстан (Татарстан), м.р-н Лаишевский, с.п. Кирбинское, д Травкино, ул. Парковая, з/у 59",Частная,Для индивидуального жилищного строительства,ИЖС,0,нет,16:24:110302,793789.2,793.79,,,,,нет,да,нет,нет,нет,да,нет,да,55.54953970172011,49.278541901870355
16:24:110302:2567,1000.0,Земли населенных пунктов,Учтенный,"Российская Федерация, Республика Татарстан, Лаишевский муницпальный район, Кирбинское сельское поселение, д Травкино",Частная,Для индивидуального жилищного строительства,ИЖС,0,нет,16:24:110302,793789.2,793.79,,,,,нет,да,нет,нет,нет,да,нет,да,55.54946656958833,49.279278023243634
16:24:110302:2574,1000.0,Земли населенных пунктов,Учтенный,"Российская Федерация, Республика Татарстан, Лаишевский муницпальный район, Кирбинское сельское поселение, д Травкино",Частная,Для индивидуального жилищного строительства,ИЖС,0,нет,16:24:110302,754072.3,754.07,,,,,нет,да,нет,нет,нет,да,нет,да,55.54884224754507,49.27972440193402
16:24:110302:2631,1282.0,Земли населенных пунктов,Учтенный,"Российская Федерация, Республика Татарстан, Лаишевский муницпальный район, Кирбинское сельское поселение, д Травкино",Частная,Для индивидуального жилищного строительства,ИЖС,0,нет,16:24:110302,806472.74,629.07,,,,,нет,да,нет,нет,нет,да,нет,да,55.546559030332645,49.28222345795205
16:24:110302:2670,1230.0,Земли населенных пунктов,Учтенный,"Российская Федерация, Республика Татарстан, Лаишевский муницпальный район, Кирбинское сельское поселение, д Травкино",Частная,Для индивидуального жилищного строительства,ИЖС,0,нет,16:24:110302,971906.39,790.17,,,,,нет,да,нет,нет,нет,да,нет,да,55.55066935226644,49.28332460155899
16:24:110302:2666,1100.0,Земли населенных пунктов,Учтенный,"Российская Федерация, Республика Татарстан, Лаишевский муницпальный район, Кирбинское сельское поселение, д Травкино",Частная,Для индивидуального жилищного строительства,ИЖС,0,нет,16:24:110302,877265.62,797.51,,,,,нет,да,нет,нет,нет,да,нет,да,55.5501055695169,49.282059147063165
16:24:110302:2677,1024.0,Земли населенных пунктов,Учтенный,"Российская Федерация, Республика Татарстан (Татарстан), м.р-н Лаишевский, с.п. Кирбинское, д Травкино, ул. Ореховая, з/у 4",Частная,Для индивидуального жилищного строительства,ИЖС,0,нет,16:24:110302,722773.4,705.83,,,,,нет,да,нет,нет,нет,да,нет,да,55.54986649838101,49.28465341122271
16:24:110302:2582,1000.0,Земли населенных пунктов,Учтенный,"Российская Федерация, Республика Татарстан (Татарстан), м.р-н Лаишевский, с.п. Кирбинское, д Травкино, ул. Урожайная, з/у 11",Частная,Для индивидуального жилищного строительства,ИЖС,0,нет,16:24:110302,715234.1,715.23,,,,,нет,да,нет,нет,нет,да,нет,да,55.5478430482335,49.2804387351322
16:24:110302:2581,1000.0,Земли населенных пунктов,Учтенный,"Российская Федерация, Республика Татарстан (Татарстан), м.р-н Лаишевский, с.п. Кирбинское, д Травкино, ул. Урожайная, з/у 13",Частная,Для индивидуального жилищного строительства,ИЖС,0,нет,16:24:110302,715234.1,715.23,,,,,нет,да,нет,нет,нет,да,нет,да,55.54805113865524,49.2802899723514
16:24:110302:2633,1285.0,Земли населенных пунктов,Учтенный,"Российская Федерация, Республика Татарстан, Лаишевский муницпальный район, Кирбинское сельское поселение, д Травкино",Частная,Для индивидуального жилищного строительства,ИЖС,0,нет,16:24:110302,787985.9,613.22,,,,,нет,да,нет,нет,нет,да,нет,да,55.54671658382117,49.28355318540737
16:24:110302:2599,1220.0,Земли населенных пунктов,Учтенный,"Российская Федерация, Республика Татарстан, Лаишевский муницпальный район, Кирбинское сельское поселение, д Травкино",Частная,Для индивидуального жилищного строительства,ИЖС,0,нет,16:24:110302,967417.18,792.96,,,,,нет,да,нет,нет,нет,да,нет,да,55.549896993724886,49.28058104953955
16:24:110302:2627,1000.0,Земли населенных пунктов,Учтенный,"Российская Федерация, Республика Татарстан (Татарстан), м.р-н Лаишевский, с.п. Кирбинское, д Травкино, ул. Урожайная, з/у 4",Частная,Для индивидуального жилищного строительства,ИЖС,0,нет,16:24:110302,640405.6,640.41,,,,,нет,да,нет,нет,нет,да,нет,да,55.546982998269925,49.28196816085257
16:24:110302:2564,1000.0,Земли населенных пунктов,Учтенный,"Российская Федерация, Республика Татарстан, Лаишевский муницпальный район, Кирбинское сельское поселение, д Травкино",Частная,Для индивидуального жилищного строительства,ИЖС,0,нет,16:24:110302,793789.2,793.79,,,,,нет,да,нет,нет,нет,да,нет,да,55.54967467645777,49.27912928001986
16:24:110302:2638,1000.0,Земли населенных пунктов,Учтенный,"Российская Федерация, Республика Татарстан (Татарстан), м.р-н Лаишевский, с.п. Кирбинское, д Травкино, ул. Рождественская, з/у 4",Частная,Для индивидуального жилищного строительства,ИЖС,0,нет,16:24:110302,638779.5,638.78,,,,,нет,да,нет,нет,нет,да,нет,да,55.54729842502742,49.28334097079096
16:24:110302:2603,1000.0,Земли населенных пунктов,Учтенный,"Российская Федерация, Республика Татарстан (Татарстан), м.р-н Лаишевский, с.п. Кирбинское, д Травкино, ул. Рождественская, з/у 19",Частная,Для индивидуального жилищного строительства,ИЖС,0,нет,16:24:110302,756345.9,756.35,,,,,нет,да,нет,нет,нет,да,нет,да,55.54936582639986,49.280948494801834
16:24:110302:2598,1177.0,Земли населенных пунктов,Учтенный,"Российская Федерация, Республика Татарстан, Лаишевский муницпальный район, Кирбинское сельское поселение, д Травкино",Частная,Для индивидуального жилищного строительства,ИЖС,0,нет,16:24:110302,763964.92,649.08,,,,,нет,да,нет,нет,нет,да,нет,да,55.5463717456519,49.280601977434756
16:24:110302:2661,1000.0,Земли населенных пунктов,Учтенный,"Российская Федерация, Республика Татарстан, Лаишевский муницпальный район, Кирбинское сельское поселение, д Травкино",Частная,Для индивидуального жилищного строительства,ИЖС,0,нет,16:24:110302,952790.2,952.79,,,,,нет,да,нет,нет,нет,да,нет,да,55.54810218159653,49.268586099036064
16:24:110302:2676,1021.0,Земли населенных пунктов,Учтенный,"Российская Федерация, Республика Татарстан (Татарстан), м.р-н Лаишевский, с.п. Кирбинское, д Травкино, ул. Ореховая, з/у 6",Частная,Для индивидуального жилищного строительства,ИЖС,0,нет,16:24:110302,753402.33,737.91,,,,,нет,да,нет,нет,нет,да,нет,да,55.55011121826815,49.284628078689565
16:24:110302:2678,1170.0,Земли населенных пунктов,Учтенный,"Российская Федерация, Республика Татарстан (Татарстан), м.р-н Лаишевский, с.п. Кирбинское, д Травкино, ул. Ореховая, з/у 2",Частная,Для индивидуального жилищного строительства,ИЖС,0,нет,16:24:110302,816442.5,697.81,,,,,нет,да,нет,нет,нет,да,нет,да,55.54942174757878,49.284880589898286
16:24:110302:2689,1000.0,Земли населенных пунктов,Учтенный,"Российская Федерация, Республика Татарстан (Татарстан), м.р-н Лаишевский, с.п. Кирбинское, д Травкино, ул. Лазурная, з/у 60",,Для индивидуального жилищного строительства,ИЖС,0,нет,16:24:110302,698589.4,698.59,,,,,да,да,нет,нет,нет,да,нет,да,55.5496024164587,49.284087308268155
16:24:110302:3016,1000.0,Земли населенных пунктов,Учтенный,"Российская Федерация, Республика Татарстан, Лаишевский муниципальный район, Кирбинское сельское поселение, д Травкино",Частная,для индивидуального жилищного строительства,ИЖС,0,нет,16:24:110302,578914.9,578.91,,,,,нет,да,нет,нет,нет,да,нет,да,55.54789940417877,49.29075760524004
16:24:110302:3031,397.0,Земли населенных пунктов,Учтенный,"Российская Федерация, Республика Татарстан, Лаишевский муниципальный район, Кирбинское сельское поселение, д Травкино",Частная,Предоставление коммунальных услуг,ДРУГОЕ,0,нет,16:24:110302,193258.57,486.8,,,,,нет,нет,нет,нет,нет,нет,нет,да,55.547490844682294,49.289460873700236
16:24:110201:696,1040.0,Земли населенных пунктов,Учтенный,"Российская Федерация, Республика Татарстан (Татарстан), м.р-н Лаишевский, с.п. Кирбинское, д Травкино, ул Толстого, з/у 8",Частная,Индивидуальное жилищное строительство,ДРУГОЕ,0,нет,16:24:110201,1014586.87,975.56,,,,,нет,нет,нет,нет,нет,нет,нет,да,55.54895099195194,49.26773006101026
16:24:110302:3114,212919.0,Земли сельскохозяйственного назначения,Учтенный,"Российская Федерация, Республика Татарстан, Лаишевский муниципальный район, Кирбинское сельское поселение ",Частная,Для ведения сельскохозяйственного производства,СХ,0,нет,16:24:110302,820951.79,3.86,,,,,нет,нет,нет,нет,нет,нет,нет,нет,55.554076207578746,49.285496572804554
16:24:110302:576,700.0,Земли населенных пунктов,Учтенный,"Местоположение установлено относительно ориентира, расположенного в границах участка. Почтовый адрес ориентира: Российская Федерация, Республика Татарстан (Татарстан), м.р-н Лаишевский, с.п. Кирбинское, д Травкино, ул Радужная, з/у 9.",Частная,индивидуальные жилые дома с приусадебными земельными участками,ЖИЛОЙ,0,нет,16:24:110302,738525.41,1055.0363,,,,,нет,нет,нет,нет,нет,да,нет,да,55.54438754405794,49.259694991239996
16:24:110302:1415,735.0,Земли населенных пунктов,Учтенный,"Местоположение установлено относительно ориентира, расположенного в границах участка. Почтовый адрес ориентира: Российская Федерация, Республика Татарстан, Лаишевский муниципальный район, Кирбинское сельское поселение, д Травкино.",Частная,Для индивидуального жилищного строительства,ИЖС,0,нет,16:24:110302,711333.96,967.8013,,,,,нет,да,нет,нет,нет,да,нет,да,55.55065251997907,49.271179162962014
16:24:110201:20,,Земли населенных пунктов,Ранее учтенный,"Местоположение установлено относительно ориентира, расположенного в границах участка. Почтовый адрес ориентира: Российская Федерация, Республика Татарстан (Татарстан), м.р-н Лаишевский, с.п. Кирбинское, д Травкино, ул Озерная, з/у 8.",Частная,Для ведения личного подсобного хозяйства,ЛПХ,0,нет,16:24:110201,1523131.21,1089.51,,,,,нет,нет,нет,нет,да,да,нет,да,55.5508260386148,49.26111211257521
16:24:110302:639,753.0,Земли населенных пунктов,Учтенный,"Российская Федерация, Республика Татарстан (Татарстан), м.р-н Лаишевский, с.п. Кирбинское, д Травкино, ул Дружбы, з/у 14",Частная,Для индивидуального жилищного строительства,ИЖС,0,нет,16:24:110302,763300.29,1013.679,,,,,нет,да,нет,нет,нет,да,нет,да,55.55302776355465,49.270141686865244
16:24:110302:1005,517.0,Земли населенных пунктов,Учтенный,"Российская Федерация, Республика Татарстан (Татарстан), м.р-н Лаишевский, с.п. Кирбинское, д Травкино, ул Мира, з/у 51",Частная,Для индивидуального жилищного строительства,ИЖС,0,нет,16:24:110302,418234.18,808.9636,,,,,нет,да,нет,нет,нет,да,нет,да,55.5506808185018,49.28126818611809
16:24:110302:890,825.0,Земли населенных пунктов,Учтенный,"Российская Федерация, Республика Татарстан (Татарстан), м.р-н Лаишевский, с.п. Кирбинское, д Травкино, ул Мира, з/у 16",Частная,Для индивидуального жилищного строительства,ИЖС,0,нет,16:24:110302,753302.47,913.0939,,,,,нет,да,нет,нет,нет,да,нет,да,55.55194292887052,49.278658235080634
16:24:110201:32,1204.0,Земли населенных пунктов,Ранее учтенный,"Местоположение установлено относительно ориентира, расположенного в границах участка. Почтовый адрес ориентира: Российская Федерация, Республика Татарстан (Татарстан), м.р-н Лаишевский, с.п. Кирбинское, д Травкино, ул Дачная, з/у 12.",,Ведение личного подсобного хозяйства,ЛПХ,0,нет,16:24:110201,1294303.97,1075.0033,,,,,да,нет,нет,нет,да,да,нет,да,55.54799233348882,49.26044978859295
16:24:110302:797,500.0,Земли населенных пунктов,Учтенный,"Местоположение установлено относительно ориентира, расположенного в границах участка. Почтовый адрес ориентира: Российская Федерация, Республика Татарстан (Татарстан), м.р-н Лаишевский, с.п. Кирбинское, д Травкино, ул Победы, з/у 22.",Частная,Для индивидуального жилищного строительства,ИЖС,0,нет,16:24:110302,469813.5,939.627,,,,,нет,да,нет,нет,нет,да,нет,да,55.55279420302488,49.27623962999356
16:24:110201:34,994.0,Земли населенных пунктов,Ранее учтенный,"Местоположение установлено относительно ориентира, расположенного в границах участка. Почтовый адрес ориентира: Российская Федерация, Республика Татарстан (Татарстан), м.р-н Лаишевский, с.п. Кирбинское, д Травкино, ул Дачная, з/у 16.",Частная,Для ведения личного подсобного хозяйства,ЛПХ,0,нет,16:24:110201,1067899.13,1074.3452,,,,,нет,нет,нет,нет,да,да,нет,да,55.547637056788076,49.26059856349065
16:24:110201:126,,Земли населенных пунктов,Ранее учтенный,"Местоположение установлено относительно ориентира, расположенного в границах участка. Почтовый адрес ориентира: Российская Федерация, Республика Татарстан (Татарстан), м.р-н Лаишевский, с.п. Кирбинское, д Травкино, ул Озерная, з/у 4.",,Для ведения личного подсобного хозяйства,ЛПХ,0,нет,16:24:110201,2157303.84,1108.0143,,,,,да,нет,нет,нет,да,да,нет,да,55.55125702462256,49.260706602221425
16:24:110302:977,756.0,Земли населенных пунктов,Учтенный,"Российская Федерация, Республика Татарстан (Татарстан), м.р-н Лаишевский, с.п. Кирбинское, д Травкино, ул Мира, з/у 38",Частная,Для индивидуального жилищного строительства,ИЖС,0,нет,16:24:110302,661096.9,874.4668,,,,,нет,да,нет,нет,нет,да,нет,да,55.55204775633433,49.28164657242621
16:24:110201:296,400.0,Земли населенных пунктов,Учтенный,"Местоположение установлено относительно ориентира, расположенного в границах участка. Почтовый адрес ориентира: Российская Федерация, Республика Татарстан (Татарстан), м.р-н Лаишевский, с.п. Кирбинское, д Травкино, ул Травкинская, з/у 1а.",Частная,Индивидуальное жилищное строительство,ДРУГОЕ,0,нет,16:24:110201,417221.8,1043.0545,,,,,нет,нет,нет,нет,нет,нет,нет,да,55.552771008680445,49.26737954161228
16:24:110302:804,500.0,Земли населенных пунктов,Учтенный,"Российская Федерация, Республика Татарстан (Татарстан), м.р-н Лаишевский, с.п. Кирбинское, д Травкино, ул Победы, з/у 36",Частная,Для индивидуального жилищного строительства,ИЖС,0,нет,16:24:110302,456626.8,913.2536,,,,,нет,да,нет,нет,нет,да,нет,да,55.55327267751089,49.27849745664091
16:24:110201:21,1479.0,Земли населенных пунктов,Ранее учтенный,"Местоположение установлено относительно ориентира, расположенного в границах участка. Почтовый адрес ориентира: Российская Федерация, Республика Татарстан (Татарстан), м.р-н Лаишевский, с.п. Кирбинское, д Травкино, ул Озерная, з/у 10.",,Для индивидуального жилищного строительства,ИЖС,0,нет,16:24:110201,1606740.79,1086.3697,,,,,да,да,нет,нет,нет,да,нет,да,55.55067256083341,49.26131121199594
16:24:110201:81,,Земли населенных пунктов,Ранее учтенный,"Местоположение установлено относительно ориентира, расположенного в границах участка. Почтовый адрес ориентира: Российская Федерация, Республика Татарстан (Татарстан), м.р-н Лаишевский, с.п. Кирбинское, д Травкино, ул Пушкина, з/у 1.",,Для ведения личного подсобного хозяйства,ЛПХ,0,нет,16:24:110201,3993203.98,1033.17,,,,,да,нет,нет,нет,да,да,нет,да,55.55058492484553,49.264467123564835
16:24:110201:246,1465.0,Земли населенных пунктов,Учтенный,"Местоположение установлено относительно ориентира, расположенного в границах участка. Почтовый адрес ориентира: Российская Федерация, Республика Татарстан (Татарстан), м.р-н Лаишевский, с.п. Кирбинское, д Травкино, ул Травкинская, з/у 33.",Частная,Для ведения личного подсобного хозяйства,ЛПХ,0,нет,16:24:110201,1567859.26,1070.2111,,,,,нет,нет,нет,нет,да,да,нет,да,55.55150184679139,49.26293200213621
16:24:110201:100,,Земли населенных пунктов,Ранее учтенный,"Местоположение установлено относительно ориентира, расположенного в границах участка. Почтовый адрес ориентира: Российская Федерация, Республика Татарстан (Татарстан), м.р-н Лаишевский, с.п. Кирбинское, д Травкино, ул Озерная, з/у 23.",,Ведение личного подсобного хозяйства с правом строительства жилого дома,ЛПХ,0,нет,16:24:110201,1985848.67,1019.4295,,,,,да,нет,нет,нет,да,да,нет,да,55.548997483427364,49.26491183139997
16:24:110302:1463,731.0,Земли населенных пунктов,Учтенный,"Местоположение установлено относительно ориентира, расположенного в границах участка. Почтовый адрес ориентира: Российская Федерация, Республика Татарстан, Лаишевский муниципальный район, Кирбинское сельское поселение, д Травкино.",Частная,для индивидуального жилищного строительства,ИЖС,0,нет,16:24:110302,729879.52,998.4672,,,,,нет,да,нет,нет,нет,да,нет,да,55.552517114849756,49.27117196276221
16:24:110302:1476,776.0,Земли населенных пунктов,Учтенный,"Местоположение установлено относительно ориентира, расположенного в границах участка. Почтовый адрес ориентира: Российская Федерация, Республика Татарстан, Лаишевский муниципальный район, Кирбинское сельское поселение, д Травкино.",Частная,Для индивидуального жилищного строительства,ИЖС,0,нет,16:24:110302,755536.57,973.6296,,,,,нет,да,нет,нет,нет,да,нет,да,55.55120986469833,49.272083969764644
16:24:110201:644,700.0,Земли населенных пунктов,Учтенный,"Российская Федерация, Республика Татарстан (Татарстан), м.р-н Лаишевский, с.п. Кирбинское, д Травкино, ул Садовая, з/у 6А",Частная,ведение личного подсобного хозяйства,ЛПХ,0,нет,16:24:110201,771484.21,1102.1203,,,,,нет,нет,нет,нет,да,да,нет,да,55.550099037986456,49.258852454857845
16:24:110201:337,822.0,Земли населенных пунктов,Учтенный,"Местоположение установлено относительно ориентира, расположенного в границах участка. Почтовый адрес ориентира: Российская Федерация, Республика Татарстан (Татарстан), м.р-н Лаишевский, с.п. Кирбинское, д Травкино, ул Травкинская, з/у 8.",Частная,Для ведения личного подсобного хозяйства,ЛПХ,0,нет,16:24:110201,840753.93,1022.815,,,,,нет,нет,нет,нет,да,да,нет,да,55.55202389522801,49.26615005942314
16:24:110302:725,600.0,Земли населенных пунктов,Учтенный,"Местоположение установлено относительно ориентира, расположенного в границах участка. Почтовый адрес ориентира: Российская Федерация, Республика Татарстан (Татарстан), м.р-н Лаишевский, с.п. Кирбинское, д Травкино, ул Дружбы, з/у 17.",Частная,Для индивидуального жилищного строительства,ИЖС,0,нет,16:24:110302,568895.16,948.1586,,,,,нет,да,нет,нет,нет,да,нет,да,55.55353899899004,49.275410116869985
16:24:110302:1471,657.0,Земли населенных пунктов,Учтенный,"Местоположение установлено относительно ориентира, расположенного в границах участка. Почтовый адрес ориентира: Российская Федерация, Республика Татарстан, Лаишевский муниципальный район, Кирбинское сельское поселение, д Травкино.",Частная,Для индивидуального жилищного строительства,ИЖС,0,нет,16:24:110302,635949.98,967.9604,,,,,нет,да,нет,нет,нет,да,нет,да,55.55120373415521,49.27316158198538
16:24:110302:1422,689.0,Земли населенных пунктов,Учтенный,"Местоположение установлено относительно ориентира, расположенного в границах участка. Почтовый адрес ориентира: Российская Федерация, Республика Татарстан, Лаишевский муниципальный район, Кирбинское сельское поселение, д Травкино.",Частная,Для индивидуального жилищного строительства,ИЖС,0,нет,16:24:110302,669556.76,971.7805,,,,,нет,да,нет,нет,нет,да,нет,да,55.55087725640677,49.27033919051188
16:24:110302:863,600.0,Земли населенных пунктов,Учтенный,"Российская Федерация, Республика Татарстан, муниципальный район Лаишевский, сельское поселение Кирбинское, деревня Травкино, улица Победы, земельный участок 47",Частная,Для индивидуального жилищного строительства,ИЖС,0,нет,16:24:110302,529786.86,882.9781,,,,,нет,да,нет,нет,нет,да,нет,да,55.553480198223475,49.28128708812498
16:24:110302:988,715.0,Земли населенных пунктов,Учтенный,"Российская Федерация, Республика Татарстан (Татарстан), м.р-н Лаишевский, с.п. Кирбинское, д Травкино, ул Мира, з/у 33",Частная,Для индивидуального жилищного строительства,ИЖС,0,нет,16:24:110302,617305.33,863.3641,,,,,нет,да,нет,нет,нет,да,нет,да,55.5516706913872,49.28157175104178
16:24:110302:849,600.0,Земли населенных пунктов,Учтенный,"Местоположение установлено относительно ориентира, расположенного в границах участка. Почтовый адрес ориентира: Российская Федерация, Республика Татарстан (Татарстан), м.р-н Лаишевский, с.п. Кирбинское, д Травкино, ул Свободы, з/у 16.",Частная,Для индивидуального жилищного строительства,ИЖС,0,нет,16:24:110302,555818.46,926.3641,,,,,нет,да,нет,нет,нет,да,нет,да,55.552331098627164,49.27722169635174
16:24:110302:478,600.0,Земли населенных пунктов,Учтенный,"Местоположение установлено относительно ориентира, расположенного в границах участка. Почтовый адрес ориентира: Российская Федерация, Республика Татарстан (Татарстан), м.р-н Лаишевский, с.п. Кирбинское, д Травкино, ул Луговая, з/у 2.",Частная,индивидуальные жилые дома с приусадебными земельными участками,ЖИЛОЙ,0,нет,16:24:110302,652109.34,1086.8489,,,,,нет,нет,нет,нет,нет,да,нет,да,55.54581302885954,49.25776892490109
16:24:110201:305,604.0,Земли населенных пунктов,Учтенный,"Местоположение установлено относительно ориентира, расположенного в границах участка. Почтовый адрес ориентира: Российская Федерация, Республика Татарстан (Татарстан), м.р-н Лаишевский, с.п. Кирбинское, д Травкино, ул Травкинская, з/у 2А.",Частная,Для индивидуального жилищного строительства,ИЖС,0,нет,16:24:110201,616063.21,1019.9722,,,,,нет,да,нет,нет,нет,да,нет,да,55.55199612534693,49.26768451633496
16:24:110201:102,,Земли населенных пунктов,Ранее учтенный,"Местоположение установлено относительно ориентира, расположенного в границах участка. Почтовый адрес ориентира: Российская Федерация, Республика Татарстан (Татарстан), м.р-н Лаишевский, с.п. Кирбинское, д Травкино, ул Озерная, з/у 25.",,Ведение личного подсобного хозяйства,ЛПХ,0,нет,16:24:110201,1593925.04,1012.0159,,,,,да,нет,нет,нет,да,да,нет,да,55.548922261914264,49.265863216409734
16:24:110302:502,700.0,Земли населенных пунктов,Учтенный,"Местоположение установлено относительно ориентира, расположенного в границах участка. Почтовый адрес ориентира: Российская Федерация, Республика Татарстан (Татарстан), м.р-н Лаишевский, с.п. Кирбинское, д Травкино, ул Солнечная, з/у 19.",Частная,индивидуальные жилые дома с приусадебными земельными участками,ЖИЛОЙ,0,нет,16:24:110302,736954.82,1052.7926,,,,,нет,нет,нет,нет,нет,да,нет,да,55.545556481680094,49.261200780828545
16:24:110302:1477,600.0,Земли населенных пунктов,Учтенный,"Местоположение установлено относительно ориентира, расположенного в границах участка. Почтовый адрес ориентира: Российская Федерация, Республика Татарстан, Лаишевский муниципальный район, Кирбинское сельское поселение, д Травкино.",Частная,Для индивидуального жилищного строительства,ИЖС,0,нет,16:24:110302,584865.48,974.7758,,,,,нет,да,нет,нет,нет,да,нет,да,55.551294136898036,49.27232915978105
16:24:110302:1340,1057.0,Земли населенных пунктов,Учтенный,"Местоположение установлено относительно ориентира, расположенного в границах участка. Почтовый адрес ориентира: Российская Федерация, Республика Татарстан, Лаишевский муниципальный район, Кирбинское сельское поселение, д Травкино.",Частная,Для индивидуального жилищного строительства,ИЖС,0,нет,16:24:110302,1071458.7,1013.679,,,,,нет,да,нет,нет,нет,да,нет,да,55.55272861276433,49.27050153913544
16:24:110302:733,865.0,Земли населенных пунктов,Учтенный,"Российская Федерация, Республика Татарстан (Татарстан), м.р-н Лаишевский, с.п. Кирбинское, д Травкино, ул Дружбы, з/у 33",Частная,Для индивидуального жилищного строительства,ИЖС,0,нет,16:24:110302,790993.63,914.4435,,,,,нет,да,нет,нет,нет,да,нет,да,55.55410984187885,49.27817724084754
16:24:110302:1474,645.0,Земли населенных пунктов,Учтенный,"Местоположение установлено относительно ориентира, расположенного в границах участка. Почтовый адрес ориентира: Российская Федерация, Республика Татарстан, Лаишевский муниципальный район, Кирбинское сельское поселение, д Травкино.",Частная,Для индивидуального жилищного строительства,ИЖС,0,нет,16:24:110302,618405.23,958.7678,,,,,нет,да,нет,нет,нет,да,нет,да,55.55147077961126,49.2744503976967
16:24:110201:11,,Земли населенных пунктов,Ранее учтенный,"Российская Федерация, Республика Татарстан (Татарстан), м.р-н Лаишевский, с.п. Кирбинское, д Травкино, ул Садовая, з/у 5",Частная,Ведение личного подсобного хозяйства,ЛПХ,0,нет,16:24:110201,1156129.48,1115.9551,,,,,нет,нет,нет,нет,да,да,нет,да,55.55032462449037,49.25877074953907
16:24:110302:1293,800.0,Земли населенных пунктов,Учтенный,"Российская Федерация, Республика Татарстан (Татарстан), м.р-н Лаишевский, с.п. Кирбинское, д Травкино, ул Дружбы, з/у 64а",Частная,Для индивидуального жилищного строительства,ИЖС,0,нет,16:24:110302,729165.2,911.4565,,,,,нет,да,нет,нет,нет,да,нет,да,55.55510871599177,49.2793589449875
16:24:110302:764,600.0,Земли населенных пунктов,Учтенный,"Российская Федерация, Республика Татарстан (Татарстан), м.р-н Лаишевский, с.п. Кирбинское, д Травкино, ул Сююмбике, з/у 3",Частная,Для индивидуального жилищного строительства,ИЖС,0,нет,16:24:110302,585764.22,976.2737,,,,,нет,да,нет,нет,нет,да,нет,да,55.552116432689196,49.27290588801811
16:24:110302:786,521.0,Земли населенных пунктов,Учтенный,"Местоположение установлено относительно ориентира, расположенного в границах участка. Почтовый адрес ориентира: Российская Федерация, Республика Татарстан (Татарстан), м.р-н Лаишевский, с.п. Кирбинское, д Травкино, ул Сююмбике, з/у 31.",Частная,Для индивидуального жилищного строительства,ИЖС,0,нет,16:24:110302,482209.52,925.5461,,,,,нет,да,нет,нет,нет,да,нет,да,55.55324552268178,49.277238010957625
16:24:110302:840,600.0,Земли населенных пунктов,Учтенный,"Российская Федерация, Республика Татарстан (Татарстан), м.р-н Лаишевский, с.п. Кирбинское, д Травкино, ул Победы, з/у 29",Частная,Для индивидуального жилищного строительства,ИЖС,0,нет,16:24:110302,547952.16,913.2536,,,,,нет,да,нет,нет,нет,да,нет,да,55.55287325174059,49.27842252911893
16:24:110302:962,600.0,Земли населенных пунктов,Учтенный,"Российская Федерация, Республика Татарстан (Татарстан), м.р-н Лаишевский, с.п. Кирбинское, д Травкино, ул Мира, з/у 9",Частная,Для индивидуального жилищного строительства,ИЖС,0,нет,16:24:110302,553190.64,921.9844,,,,,нет,да,нет,нет,нет,да,нет,да,55.551354214669814,49.2777704341958
16:24:110201:108,1241.0,Земли населенных пунктов,Ранее учтенный,"Местоположение установлено относительно ориентира, расположенного в границах участка. Почтовый адрес ориентира: Российская Федерация, Республика Татарстан (Татарстан), м.р-н Лаишевский, с.п. Кирбинское, д Травкино, ул Толстого, з/у 13.",Частная,Для ведения личного подсобного хозяйства,ЛПХ,0,нет,16:24:110201,1234065.79,994.4124,,,,,нет,нет,нет,нет,да,да,нет,да,55.54881916733852,49.26715838741403
16:24:110201:85,1147.0,Земли населенных пунктов,Ранее учтенный,"Местоположение установлено относительно ориентира, расположенного в границах участка. Почтовый адрес ориентира: Российская Федерация, Республика Татарстан (Татарстан), м.р-н Лаишевский, с.п. Кирбинское, д Травкино, ул Травкинская, з/у 4.",Частная,индивидуальное жилищное строительство,ДРУГОЕ,0,нет,16:24:110201,1175081.77,1024.4828,,,,,нет,нет,нет,нет,нет,нет,нет,да,55.55220202003826,49.26680970401731
16:24:110201:312,5264.0,Земли населенных пунктов,Учтенный,"Местоположение установлено относительно ориентира, расположенного в границах участка. Почтовый адрес ориентира: Российская Федерация, Республика Татарстан (Татарстан), м.р-н Лаишевский, с.п. Кирбинское, д Травкино, ул Травкинская, з/у 41.",Частная,для ведения личного подсобного хозяйства,ЛПХ,0,нет,16:24:110201,5831203.9,1107.7515,,,,,нет,нет,нет,нет,да,да,нет,да,55.55048953210609,49.2595594485056
16:24:110302:1452,725.0,Земли населенных пунктов,Учтенный,"Местоположение установлено относительно ориентира, расположенного в границах участка. Почтовый адрес ориентира: Российская Федерация, Республика Татарстан, Лаишевский муниципальный район, Кирбинское сельское поселение, д Травкино.",Частная,для индивидуального жилищного строительства,ИЖС,0,нет,16:24:110302,728583.02,1004.9421,,,,,нет,да,нет,нет,нет,да,нет,да,55.55187172682256,49.26952768579704
16:24:110201:313,1640.0,Земли населенных пунктов,Учтенный,"Местоположение установлено относительно ориентира, расположенного в границах участка. Почтовый адрес ориентира: Российская Федерация, Республика Татарстан (Татарстан), м.р-н Лаишевский, с.п. Кирбинское, д Травкино, ул Травкинская, з/у 41А.",Частная,для ведения личного подсобного хозяйства,ЛПХ,0,нет,16:24:110201,1803243.96,1099.539,,,,,нет,нет,нет,нет,да,да,нет,да,55.55007992902068,49.2596693073289
16:24:110201:4,1078.0,Земли населенных пунктов,Ранее учтенный,"Местоположение установлено относительно ориентира, расположенного в границах участка. Почтовый адрес ориентира: Российская Федерация, Республика Татарстан (Татарстан), м.р-н Лаишевский, с.п. Кирбинское, д Травкино, ул Придорожная, з/у 4.",Частная,Для ведения личного подсобного хозяйства,ЛПХ,0,нет,16:24:110201,1216667.02,1128.6336,,,,,нет,нет,нет,нет,да,да,нет,да,55.55154940175074,49.25911969086531
16:24:110201:104,2500.0,Земли населенных пунктов,Ранее учтенный,"Местоположение установлено относительно ориентира, расположенного в границах участка. Почтовый адрес ориентира: Российская Федерация, Республика Татарстан (Татарстан), м.р-н Лаишевский, с.п. Кирбинское, д Травкино, ул Озерная, з/у 29.",Частная,Индивидуальное жилое строительство,ДРУГОЕ,0,нет,16:24:110201,2528445.75,1011.3783,,,,,нет,нет,нет,нет,нет,нет,нет,да,55.54864869026244,49.266088640412086
16:24:110302:784,600.0,Земли населенных пунктов,Учтенный,"Местоположение установлено относительно ориентира, расположенного в границах участка. Почтовый адрес ориентира: Российская Федерация, Республика Татарстан (Татарстан), м.р-н Лаишевский, с.п. Кирбинское, д Травкино, ул Сююмбике, з/у 27.",Частная,Для индивидуального жилищного строительства,ИЖС,0,нет,16:24:110302,558551.16,930.9186,,,,,нет,да,нет,нет,нет,да,нет,да,55.55315561657311,49.276677917290115
16:24:110302:819,500.0,Земли населенных пунктов,Учтенный,"Местоположение установлено относительно ориентира, расположенного в границах участка. Почтовый адрес ориентира: Российская Федерация, Республика Татарстан (Татарстан), м.р-н Лаишевский, с.п. Кирбинское, д Травкино, ул Победы, з/у 52.",Частная,Для индивидуального жилищного строительства,ИЖС,0,нет,16:24:110302,441780.05,883.5601,,,,,нет,да,нет,нет,нет,да,нет,да,55.55381673688271,49.28106511749848
16:24:110302:1017,900.0,Земли населенных пунктов,Учтенный,"Российская Федерация, Республика Татарстан (Татарстан), м.р-н Лаишевский, с.п. Кирбинское, д Травкино, ул Свободы, з/у 9",Частная,Для индивидуального жилищного строительства,ИЖС,0,нет,16:24:110302,834995.25,927.7725,,,,,нет,да,нет,нет,нет,да,нет,да,55.55191898964516,49.27726152535454
16:24:110302:686,800.0,Земли населенных пунктов,Учтенный,"Российская Федерация, Республика Татарстан (Татарстан), м.р-н Лаишевский, с.п. Кирбинское, д Травкино, ул Дружбы, з/у 56",Частная,Для индивидуального жилищного строительства,ИЖС,0,нет,16:24:110302,739906.88,924.8836,,,,,нет,да,нет,нет,нет,да,нет,да,55.55464320226804,49.278403519197525
16:24:110302:682,800.0,Земли населенных пунктов,Учтенный,"Российская Федерация, Республика Татарстан (Татарстан), м.р-н Лаишевский, с.п. Кирбинское, д Травкино, ул Дружбы, з/у 48",Частная,Для индивидуального жилищного строительства,ИЖС,0,нет,16:24:110302,749112.96,936.3912,,,,,нет,да,нет,нет,нет,да,нет,да,55.55439155559723,49.27721615533379
16:24:110302:737,500.0,Земли населенных пунктов,Учтенный,"Российская Федерация, Республика Татарстан (Татарстан), м.р-н Лаишевский, с.п. Кирбинское, д Травкино, ул Сююмбике, з/у 24",Частная,Для индивидуального жилищного строительства,ИЖС,0,нет,16:24:110302,469852.75,939.7055,,,,,нет,да,нет,нет,нет,да,нет,да,55.55330343461494,49.27556547577176
16:24:110302:878,600.0,Земли населенных пунктов,Учтенный,"Российская Федерация, Республика Татарстан (Татарстан), м.р-н Лаишевский, с.п. Кирбинское, д Травкино, ул Свободы, з/у 17",Частная,Для индивидуального жилищного строительства,ИЖС,0,нет,16:24:110302,547856.34,913.0939,,,,,нет,да,нет,нет,нет,да,нет,да,55.55215801075201,49.27835074285359
16:24:110302:963,537.0,Земли населенных пунктов,Учтенный,"Российская Федерация, Республика Татарстан (Татарстан), м.р-н Лаишевский, с.п. Кирбинское, д Травкино, ул Мира, з/у 11",Частная,Для индивидуального жилищного строительства,ИЖС,0,нет,16:24:110302,477839.57,889.8316,,,,,нет,да,нет,нет,нет,да,нет,да,55.55142972602865,49.27816919815371
16:24:110201:43,1512.0,Земли населенных пунктов,Ранее учтенный,"Местоположение установлено относительно ориентира, расположенного в границах участка. Почтовый адрес ориентира: Российская Федерация, Республика Татарстан (Татарстан), м.р-н Лаишевский, с.п. Кирбинское, д Травкино, ул Озерная, з/у 18.",,Ведение личного подсобного хозяйства,ЛПХ,0,нет,16:24:110201,1559556.63,1031.4528,,,,,да,нет,нет,нет,да,да,нет,да,55.54875900835584,49.26376604352004
16:24:110302:1464,708.0,Земли населенных пунктов,Учтенный,"Местоположение установлено относительно ориентира, расположенного в границах участка. Почтовый адрес ориентира: Российская Федерация, Республика Татарстан, Лаишевский муниципальный район, Кирбинское сельское поселение, д Травкино.",Частная,для индивидуального жилищного строительства,ИЖС,0,нет,16:24:110302,711688.18,1005.2093,,,,,нет,да,нет,нет,нет,да,нет,да,55.551724019284514,49.268945834071324
16:24:110302:652,1007.0,Земли населенных пунктов,Учтенный,"Российская Федерация, Республика Татарстан (Татарстан), м.р-н Лаишевский, с.п. Кирбинское, д Травкино, ул Березовая, з/у 19",Частная,Для индивидуального жилищного строительства,ИЖС,0,нет,16:24:110302,982356.19,975.5275,,,,,нет,да,нет,нет,нет,да,нет,да,55.55417327547376,49.27409511411753
16:24:110302:730,800.0,Земли населенных пунктов,Учтенный,"Российская Федерация, Республика Татарстан (Татарстан), м.р-н Лаишевский, с.п. Кирбинское, д Травкино, ул Дружбы, з/у 27",Частная,Для индивидуального жилищного строительства,ИЖС,0,нет,16:24:110302,744162.64,930.2033,,,,,нет,да,нет,нет,нет,да,нет,да,55.55388182114435,49.27702789521423
16:24:110302:827,648.0,Земли населенных пунктов,Учтенный,"Местоположение установлено относительно ориентира, расположенного в границах участка. Почтовый адрес ориентира: Российская Федерация, Республика Татарстан (Татарстан), м.р-н Лаишевский, с.п. Кирбинское, д Травкино, ул Свободы, з/у 2.",Частная,Для индивидуального жилищного строительства,ИЖС,0,нет,16:24:110302,621281.53,958.7678,,,,,нет,да,нет,нет,нет,да,нет,да,55.55152302286465,49.27471360727033
16:24:110302:839,600.0,Земли населенных пунктов,Учтенный,"Местоположение установлено относительно ориентира, расположенного в границах участка. Почтовый адрес ориентира: Российская Федерация, Республика Татарстан (Татарстан), м.р-н Лаишевский, с.п. Кирбинское, д Травкино, ул Победы, з/у 27.",Частная,Для индивидуального жилищного строительства,ИЖС,0,нет,16:24:110302,548158.44,913.5974,,,,,нет,да,нет,нет,нет,да,нет,да,55.55281034121623,49.27812567628398
16:24:110302:927,730.0,Земли населенных пунктов,Учтенный,"Местоположение установлено относительно ориентира, расположенного в границах участка. Почтовый адрес ориентира: Российская Федерация, Республика Татарстан (Татарстан), м.р-н Лаишевский, с.п. Кирбинское, д Травкино, ул Березовая, з/у 33.",Частная,Для индивидуального жилищного строительства,ИЖС,0,нет,16:24:110302,678064.15,928.855,,,,,нет,да,нет,нет,нет,да,нет,да,55.55520814942629,49.2784512418463
16:24:110201:279,700.0,Земли населенных пунктов,Учтенный,"Местоположение установлено относительно ориентира, расположенного в границах участка. Почтовый адрес ориентира: Российская Федерация, Республика Татарстан (Татарстан), м.р-н Лаишевский, с.п. Кирбинское, д Травкино, ул Травкинская, з/у 25А.",,Для ведения личного подсобного хозяйства,ЛПХ,0,нет,16:24:110201,756613.2,1080.876,,,,,да,нет,нет,нет,да,да,нет,да,55.552416424490886,49.26388886756696
16:24:110201:70,1319.0,Земли населенных пунктов,Ранее учтенный,"Местоположение установлено относительно ориентира, расположенного в границах участка. Почтовый адрес ориентира: Российская Федерация, Республика Татарстан (Татарстан), м.р-н Лаишевский, с.п. Кирбинское, д Травкино, ул Травкинская, з/у 15.",,Ведение личного подсобного хозяйства,ЛПХ,0,нет,16:24:110201,1391999.92,1055.3449,,,,,да,нет,нет,нет,да,да,нет,да,55.552463839873674,49.26544135163071
16:24:110201:69,1204.0,Земли населенных пунктов,Ранее учтенный,"Местоположение установлено относительно ориентира, расположенного в границах участка. Почтовый адрес ориентира: Российская Федерация, Республика Татарстан (Татарстан), м.р-н Лаишевский, с.п. Кирбинское, д Травкино, ул Травкинская, з/у 17.",Частная,Для ведения личного подсобного хозяйства,ЛПХ,0,нет,16:24:110201,1274412.33,1058.482,,,,,нет,нет,нет,нет,да,да,нет,да,55.55240209079642,49.26523745765487
16:24:110302:1432,626.0,Земли населенных пунктов,Учтенный,"Местоположение установлено относительно ориентира, расположенного в границах участка. Почтовый адрес ориентира: Российская Федерация, Республика Татарстан, Лаишевский муниципальный район, Кирбинское сельское поселение, д Травкино.",Частная,Для индивидуального жилищного строительства,ИЖС,0,нет,16:24:110302,628202.52,1003.52,,,,,нет,да,нет,нет,нет,да,нет,да,55.55141435769262,49.269632655286166
16:24:110302:823,600.0,Земли населенных пунктов,Учтенный,"Местоположение установлено относительно ориентира, расположенного в границах участка. Почтовый адрес ориентира: Российская Федерация, Республика Татарстан (Татарстан), м.р-н Лаишевский, с.п. Кирбинское, д Травкино, ул Победы, з/у 3.",Частная,Для индивидуального жилищного строительства,ИЖС,0,нет,16:24:110302,575260.68,958.7678,,,,,нет,да,нет,нет,нет,да,нет,да,55.55178692260398,49.274654153358355
16:24:110302:838,521.0,Земли населенных пунктов,Учтенный,"Местоположение установлено относительно ориентира, расположенного в границах участка. Почтовый адрес ориентира: Российская Федерация, Республика Татарстан (Татарстан), м.р-н Лаишевский, с.п. Кирбинское, д Травкино, ул Победы, з/у 25.",Частная,Для индивидуального жилищного строительства,ИЖС,0,нет,16:24:110302,482261.1,925.6451,,,,,нет,да,нет,нет,нет,да,нет,да,55.552752395377965,49.277852210806074
16:24:110302:961,600.0,Земли населенных пунктов,Учтенный,"Российская Федерация, Республика Татарстан (Татарстан), м.р-н Лаишевский, с.п. Кирбинское, д Травкино, ул Мира, з/у 7",Частная,Для индивидуального жилищного строительства,ИЖС,0,нет,16:24:110302,555500.16,925.8336,,,,,нет,да,нет,нет,нет,да,нет,да,55.55127871996274,49.27741425758742
16:24:110302:1272,551.0,Земли населенных пунктов,Учтенный,"Российская Федерация, Республика Татарстан (Татарстан), м.р-н Лаишевский, с.п. Кирбинское, д Травкино, ул Победы, з/у 49А",Частная,Для индивидуального жилищного строительства,ИЖС,0,нет,16:24:110302,485498.17,881.1219,,,,,нет,да,нет,нет,нет,да,нет,да,55.55359344063336,49.281821537341855
16:24:110302:843,600.0,Земли населенных пунктов,Учтенный,"Российская Федерация, Республика Татарстан (Татарстан), м.р-н Лаишевский, с.п. Кирбинское, д Травкино, ул Победы, з/у 35",Частная,Для индивидуального жилищного строительства,ИЖС,0,нет,16:24:110302,547656.18,912.7603,,,,,нет,да,нет,нет,нет,да,нет,да,55.55306192522609,49.279313029587
16:24:110302:859,600.0,Земли населенных пунктов,Учтенный,"Местоположение установлено относительно ориентира, расположенного в границах участка. Почтовый адрес ориентира: Российская Федерация, Республика Татарстан (Татарстан), м.р-н Лаишевский, с.п. Кирбинское, д Травкино, ул Свободы, з/у 36.",Частная,Для индивидуального жилищного строительства,ИЖС,0,нет,16:24:110302,538375.38,897.2923,,,,,нет,да,нет,нет,нет,да,нет,да,55.55293533303868,49.280073155616705
16:24:110201:107,1699.0,Земли населенных пунктов,Ранее учтенный,"Местоположение установлено относительно ориентира, расположенного в границах участка. Почтовый адрес ориентира: Российская Федерация, Республика Татарстан (Татарстан), м.р-н Лаишевский, с.п. Кирбинское, д Травкино, ул Толстого, з/у 14.",Частная,Для ведения личного подсобного хозяйства,ЛПХ,0,нет,16:24:110201,1700241.46,1000.7307,,,,,нет,нет,нет,нет,да,да,нет,да,55.54869321271346,49.26688325222614
16:24:110302:489,700.0,Земли населенных пунктов,Учтенный,"Местоположение установлено относительно ориентира, расположенного в границах участка. Почтовый адрес ориентира: Российская Федерация, Республика Татарстан (Татарстан), м.р-н Лаишевский, с.п. Кирбинское, д Травкино, ул Солнечная, з/у 7.",Частная,индивидуальные жилые дома с приусадебными земельными участками,ЖИЛОЙ,0,нет,16:24:110302,742456.54,1060.6522,,,,,нет,нет,нет,нет,нет,да,нет,да,55.54507609077626,49.25917679075714
16:24:110302:1437,626.0,Земли населенных пунктов,Учтенный,"Местоположение установлено относительно ориентира, расположенного в границах участка. Почтовый адрес ориентира: Российская Федерация, Республика Татарстан, Лаишевский муниципальный район, Кирбинское сельское поселение, д Травкино.",Частная,Для индивидуального жилищного строительства,ИЖС,0,нет,16:24:110302,609498.83,973.64,,,,,нет,да,нет,нет,нет,да,нет,да,55.550888718516525,49.26859924277987
16:24:110302:775,600.0,Земли населенных пунктов,Учтенный,"Российская Федерация, Республика Татарстан (Татарстан), м.р-н Лаишевский, с.п. Кирбинское, д Травкино, ул Победы, з/у 8",Частная,Для индивидуального жилищного строительства,ИЖС,0,нет,16:24:110302,577105.2,961.842,,,,,нет,да,нет,нет,нет,да,нет,да,55.55210580591507,49.274122472729324
16:24:110302:877,600.0,Земли населенных пунктов,Учтенный,"Российская Федерация, Республика Татарстан (Татарстан), м.р-н Лаишевский, с.п. Кирбинское, д Травкино, ул Свободы, з/у 15",Частная,Для индивидуального жилищного строительства,ИЖС,0,нет,16:24:110302,547858.5,913.0975,,,,,нет,да,нет,нет,нет,да,нет,да,55.55209513584266,49.27805395912829
16:24:110302:960,600.0,Земли населенных пунктов,Учтенный,"Российская Федерация, Республика Татарстан (Татарстан), м.р-н Лаишевский, с.п. Кирбинское, д Травкино, ул Мира, з/у 28",Частная,Для индивидуального жилищного строительства,ИЖС,0,нет,16:24:110302,549185.88,915.3098,,,,,нет,да,нет,нет,нет,да,нет,да,55.55105581992177,49.277418006172276
16:24:110302:629,726.0,Земли населенных пунктов,Учтенный,"Местоположение установлено относительно ориентира, расположенного в границах участка. Почтовый адрес ориентира: Российская Федерация, Республика Татарстан (Татарстан), м.р-н Лаишевский, с.п. Кирбинское, д Травкино, ул Березовая, з/у 3.",Частная,Для индивидуального жилищного строительства,ИЖС,0,нет,16:24:110302,754864.74,1039.7586,,,,,нет,да,нет,нет,нет,да,нет,да,55.553023052706386,49.26845297432142
16:24:110302:651,1006.0,Земли населенных пунктов,Учтенный,"Российская Федерация, Республика Татарстан (Татарстан), м.р-н Лаишевский, с.п. Кирбинское, д Травкино, ул Березовая, з/у 18",Частная,Для индивидуального жилищного строительства,ИЖС,0,нет,16:24:110302,985959.17,980.0787,,,,,нет,да,нет,нет,нет,да,нет,да,55.55410999471064,49.2737985096984
16:24:110302:1290,734.0,Земли населенных пунктов,Учтенный,"Российская Федерация, Республика Татарстан (Татарстан), м.р-н Лаишевский, с.п. Кирбинское, д Травкино, ул Дружбы, з/у 20",Частная,Для индивидуального жилищного строительства,ИЖС,0,нет,16:24:110302,736770.78,1003.7749,,,,,нет,да,нет,нет,нет,да,нет,да,55.55310771433154,49.271326337987006
16:24:110302:758,500.0,Земли населенных пунктов,Учтенный,"Российская Федерация, Республика Татарстан (Татарстан), м.р-н Лаишевский, с.п. Кирбинское, д Травкино, ул Сююмбике, з/у 50",Частная,Для индивидуального жилищного строительства,ИЖС,0,нет,16:24:110302,449400.55,898.8011,,,,,нет,да,нет,нет,нет,да,нет,да,55.55432595883034,49.28039107144237
16:24:110302:807,500.0,Земли населенных пунктов,Учтенный,"Российская Федерация, Республика Татарстан (Татарстан), м.р-н Лаишевский, с.п. Кирбинское, д Травкино, ул Победы, з/у 42",Частная,Для индивидуального жилищного строительства,ИЖС,0,нет,16:24:110302,448926.7,897.8534,,,,,нет,да,нет,нет,нет,да,нет,да,55.55346136839459,49.27938796661499
16:24:110302:926,600.0,Земли населенных пунктов,Учтенный,"Российская Федерация, Республика Татарстан (Татарстан), м.р-н Лаишевский, с.п. Кирбинское, д Травкино, ул Свободы, з/у 5",Частная,Для индивидуального жилищного строительства,ИЖС,0,нет,16:24:110302,560277.54,933.7959,,,,,нет,да,нет,нет,нет,да,нет,да,55.55178062531104,49.27656976871216
16:24:110302:692,973.0,Земли населенных пунктов,Учтенный,"Российская Федерация, Республика Татарстан (Татарстан), м.р-н Лаишевский, с.п. Кирбинское, д Травкино, ул Березовая, з/у 38",Частная,Для индивидуального жилищного строительства,ИЖС,0,нет,16:24:110302,883072.13,907.5767,,,,,нет,да,нет,нет,нет,да,нет,да,55.55548091581437,49.280306020155265
16:24:110302:757,500.0,Земли населенных пунктов,Учтенный,"Российская Федерация, Республика Татарстан (Татарстан), м.р-н Лаишевский, с.п. Кирбинское, д Травкино, ул Сююмбике, з/у 48",Частная,Для индивидуального жилищного строительства,ИЖС,0,нет,16:24:110302,449400.55,898.8011,,,,,нет,да,нет,нет,нет,да,нет,да,55.554263071065975,49.28009420463296
16:24:110302:396,800.0,Земли населенных пунктов,Учтенный,"Российская Федерация, Республика Татарстан (Татарстан), м.р-н Лаишевский, с.п. Кирбинское, д Травкино, ул Цветочная, з/у 9",Частная,индивидуальные жилые дома с приусадебными земельными участками,ЖИЛОЙ,0,нет,16:24:110302,824372.4,1030.4655,,,,,нет,нет,нет,нет,нет,да,нет,да,55.543787301581155,49.260420306871595
16:24:110302:593,400.0,Земли населенных пунктов,Учтенный,"Местоположение установлено относительно ориентира, расположенного в границах участка. Почтовый адрес ориентира: Российская Федерация, Республика Татарстан (Татарстан), м.р-н Лаишевский, с.п. Кирбинское, д Травкино, ул Луговая, з/у 8.",Частная,индивидуальные жилые дома с приусадебными земельными участками,ЖИЛОЙ,0,нет,16:24:110302,436749.72,1091.8743,,,,,нет,нет,нет,нет,нет,да,нет,да,55.546223509969096,49.25933427591013
16:24:110302:817,500.0,Земли населенных пунктов,Учтенный,"Местоположение установлено относительно ориентира, расположенного в границах участка. Почтовый адрес ориентира: Российская Федерация, Республика Татарстан (Татарстан), м.р-н Лаишевский, с.п. Кирбинское, д Травкино, ул Победы, з/у 48.",Частная,Для индивидуального жилищного строительства,ИЖС,0,нет,16:24:110302,448926.7,897.8534,,,,,нет,да,нет,нет,нет,да,нет,да,55.553690945727475,49.28047148532342
16:24:110201:7,1500.0,Земли населенных пунктов,Ранее учтенный,"Местоположение установлено относительно ориентира, расположенного в границах участка. Почтовый адрес ориентира: Российская Федерация, Республика Татарстан (Татарстан), м.р-н Лаишевский, с.п. Кирбинское, д Травкино, ул Придорожная, з/у 1.",Частная,Магазины (код 4.4),ДРУГОЕ,0,нет,16:24:110201,1380084.9,920.06,,,,,нет,нет,нет,нет,нет,нет,нет,да,55.55176369796167,49.26015895579092
16:24:110302:901,81.0,Земли населенных пунктов,Учтенный,"Местоположение установлено относительно ориентира, расположенного в границах участка. Почтовый адрес ориентира: Республика Татарстан, Лаишевский муниципальный район, Кирбинское сельское поселение, д Травкино.",Частная,Для индивидуального жилищного строительства,ИЖС,0,нет,16:24:110302,78656.65,971.0698,,,,,нет,да,нет,нет,нет,да,нет,да,55.554744343018015,49.27444844719442
16:24:110201:114,1823.0,Земли населенных пунктов,Ранее учтенный,"Местоположение установлено относительно ориентира, расположенного в границах участка. Почтовый адрес ориентира: Российская Федерация, Республика Татарстан (Татарстан), м.р-н Лаишевский, с.п. Кирбинское, д Травкино, ул Толстого, з/у 3.",,Для ведения личного подсобного хозяйства,ЛПХ,0,нет,16:24:110201,1780067.07,976.4493,,,,,да,нет,нет,нет,да,да,нет,да,55.55002466975207,49.26759005397991
16:24:110201:8,1521.0,Земли населенных пунктов,Ранее учтенный,"Местоположение установлено относительно ориентира, расположенного в границах участка. Почтовый адрес ориентира: Российская Федерация, Республика Татарстан (Татарстан), м.р-н Лаишевский, с.п. Кирбинское, д Травкино, ул Садовая, з/у 2.",Частная,Для ведения личного подсобного хозяйства,ЛПХ,0,нет,16:24:110201,1727161.66,1135.5435,,,,,нет,нет,нет,нет,да,да,нет,да,55.55109192546825,49.25852985896891
16:24:110302:1291,700.0,Земли населенных пунктов,Учтенный,"Российская Федерация, Республика Татарстан (Татарстан), м.р-н Лаишевский, с.п. Кирбинское, д Травкино, ул Березовая, з/у 34",Частная,Для индивидуального жилищного строительства,ИЖС,0,нет,16:24:110302,644863.94,921.2342,,,,,нет,да,нет,нет,нет,да,нет,да,55.55533416548482,49.27909747959947
16:24:110302:702,800.0,Земли населенных пунктов,Учтенный,"Местоположение установлено относительно ориентира, расположенного в границах участка. Почтовый адрес ориентира: Российская Федерация, Республика Татарстан (Татарстан), м.р-н Лаишевский, с.п. Кирбинское, д Травкино, ул Дружбы, з/у 72.",Муниципальная,Для индивидуального жилищного строительства,ИЖС,0,нет,16:24:110302,719536.08,899.4201,,,,,да,да,нет,нет,нет,да,нет,да,55.55509957057948,49.28055754822642
16:24:110302:748,600.0,Земли населенных пунктов,Учтенный,"Российская Федерация, Республика Татарстан (Татарстан), м.р-н Лаишевский, с.п. Кирбинское, д Травкино, ул Дружбы, з/у 39",Частная,Для индивидуального жилищного строительства,ИЖС,0,нет,16:24:110302,539280.66,898.8011,,,,,нет,да,нет,нет,нет,да,нет,да,55.55443575226464,49.279642001674105
16:24:110302:770,600.0,Земли населенных пунктов,Учтенный,"Российская Федерация, Республика Татарстан (Татарстан), м.р-н Лаишевский, с.п. Кирбинское, д Травкино, ул Сююмбике, з/у 15",Частная,Для индивидуального жилищного строительства,ИЖС,0,нет,16:24:110302,575018.52,958.3642,,,,,нет,да,нет,нет,нет,да,нет,да,55.552470471674575,49.274711940156074
16:24:110302:616,12989.0,Земли сельскохозяйственного назначения,Учтенный,"Местоположение установлено относительно ориентира, расположенного в границах участка. Почтовый адрес ориентира: Российская Федерация, Республика Татарстан (Татарстан), м.р-н Лаишевский, с.п. Кирбинское, кв-л 302, з/у 616.",Частная,Для сельскохозяйственного производства,СХ,0,нет,16:24:110302,49098.42,3.78,,,,,нет,нет,нет,нет,нет,нет,нет,нет,55.551302771838024,49.2844904977846
16:24:110302:957,644.0,Земли населенных пунктов,Учтенный,"Российская Федерация, Республика Татарстан (Татарстан), м.р-н Лаишевский, с.п. Кирбинское, д Травкино, ул Мира, з/у 26",Частная,Для индивидуального жилищного строительства,ИЖС,0,нет,16:24:110302,589494.42,915.364,,,,,нет,да,нет,нет,нет,да,нет,да,55.550972603009974,49.27702539596828
16:24:110302:456,600.0,Земли населенных пунктов,Учтенный,"Местоположение установлено относительно ориентира, расположенного в границах участка. Почтовый адрес ориентира: Российская Федерация, Республика Татарстан (Татарстан), м.р-н Лаишевский, с.п. Кирбинское, д Травкино, ул Рябиновая, з/у 4.",Частная,индивидуальные жилые дома с приусадебными земельными участками,ЖИЛОЙ,0,нет,16:24:110302,655124.58,1091.8743,,,,,нет,нет,нет,нет,нет,да,нет,да,55.54651608672831,49.259170904601646
16:24:110302:490,700.0,Земли населенных пунктов,Учтенный,"Местоположение установлено относительно ориентира, расположенного в границах участка. Почтовый адрес ориентира: Российская Федерация, Республика Татарстан (Татарстан), м.р-н Лаишевский, с.п. Кирбинское, д Травкино, ул Солнечная, з/у 5.",Частная,индивидуальные жилые дома с приусадебными земельными участками,ЖИЛОЙ,0,нет,16:24:110302,743500.87,1062.1441,,,,,нет,нет,нет,нет,нет,да,нет,да,55.54500674796127,49.25888452161179
16:24:110201:669,1000.0,Земли населенных пунктов,Учтенный,"Российская Федерация, Республика Татарстан (Татарстан), м.р-н Лаишевский, с.п. Кирбинское, д Травкино, ул Озерная, з/у 19",Частная,для ведения личного подсобного хозяйства,ЛПХ,0,нет,16:24:110201,1005716.5,1005.72,,,,,нет,нет,нет,нет,да,да,нет,да,55.54960969221313,49.26598108801329
16:24:110302:494,700.0,Земли населенных пунктов,Учтенный,"Местоположение установлено относительно ориентира, расположенного в границах участка. Почтовый адрес ориентира: Российская Федерация, Республика Татарстан (Татарстан), м.р-н Лаишевский, с.п. Кирбинское, д Травкино, ул Вишневая, з/у 14.",Частная,индивидуальные жилые дома с приусадебными земельными участками,ЖИЛОЙ,0,нет,16:24:110302,752850.21,1075.5003,,,,,нет,нет,нет,нет,нет,да,нет,да,55.545638353143445,49.2601098841802
16:24:110302:510,700.0,Земли населенных пунктов,Учтенный,"Местоположение установлено относительно ориентира, расположенного в границах участка. Почтовый адрес ориентира: Российская Федерация, Республика Татарстан (Татарстан), м.р-н Лаишевский, с.п. Кирбинское, д Травкино, ул Солнечная, з/у 20.",Частная,индивидуальные жилые дома с приусадебными земельными участками,ЖИЛОЙ,0,нет,16:24:110302,733941.67,1048.4881,,,,,нет,нет,нет,нет,нет,да,нет,да,55.545089412275914,49.26120210648833
16:24:110302:735,600.0,Земли населенных пунктов,Учтенный,"Российская Федерация, Республика Татарстан (Татарстан), м.р-н Лаишевский, с.п. Кирбинское, д Травкино, ул Дружбы, з/у 37",Частная,Для индивидуального жилищного строительства,ИЖС,0,нет,16:24:110302,542889.24,904.8154,,,,,нет,да,нет,нет,нет,да,нет,да,55.55433194989581,49.27915219609984
16:24:110302:814,600.0,Земли населенных пунктов,Учтенный,"Российская Федерация, Республика Татарстан (Татарстан), м.р-н Лаишевский, с.п. Кирбинское, д Травкино, ул Сююмбике, з/у 59",Частная,Для индивидуального жилищного строительства,ИЖС,0,нет,16:24:110302,530136.06,883.5601,,,,,нет,да,нет,нет,нет,да,нет,да,55.554178114969204,49.28150352370161
16:24:110302:873,600.0,Земли населенных пунктов,Учтенный,"Российская Федерация, Республика Татарстан (Татарстан), м.р-н Лаишевский, с.п. Кирбинское, д Травкино, ул Свободы, з/у 7",Частная,Для индивидуального жилищного строительства,ИЖС,0,нет,16:24:110302,556778.82,927.9647,,,,,нет,да,нет,нет,нет,да,нет,да,55.55184352166011,49.27686661119609
16:24:110302:496,700.0,Земли населенных пунктов,Учтенный,"Местоположение установлено относительно ориентира, расположенного в границах участка. Почтовый адрес ориентира: Российская Федерация, Республика Татарстан (Татарстан), м.р-н Лаишевский, с.п. Кирбинское, д Травкино, ул Вишневая, з/у 18.",Частная,индивидуальные жилые дома с приусадебными земельными участками,ЖИЛОЙ,0,нет,16:24:110302,741980.68,1059.9724,,,,,нет,нет,нет,нет,нет,да,нет,да,55.54577706824914,49.26069437401225
16:24:110201:641,500.0,Земли населенных пунктов,Учтенный,"Российская Федерация, Республика Татарстан (Татарстан), м.р-н Лаишевский, с.п. Кирбинское, д Травкино, ул Озерная, з/у 22Б",Частная,Для ведения личного подсобного хозяйства,ЛПХ,0,нет,16:24:110201,519852.3,1039.7046,,,,,нет,нет,нет,нет,да,да,нет,да,55.54812003749039,49.263871419972524
16:24:110302:742,667.0,Земли населенных пунктов,Учтенный,"Российская Федерация, Республика Татарстан (Татарстан), м.р-н Лаишевский, с.п. Кирбинское, д Травкино, ул Сююмбике, з/у 34",Частная,Для индивидуального жилищного строительства,ИЖС,0,нет,16:24:110302,617339.25,925.5461,,,,,нет,да,нет,нет,нет,да,нет,да,55.55364625474069,49.27718324578391
16:24:110302:486,700.0,Земли населенных пунктов,Учтенный,"Местоположение установлено относительно ориентира, расположенного в границах участка. Почтовый адрес ориентира: Российская Федерация, Республика Татарстан (Татарстан), м.р-н Лаишевский, с.п. Кирбинское, д Травкино, ул Вишневая, з/у 8.",Частная,индивидуальные жилые дома с приусадебными земельными участками,ЖИЛОЙ,0,нет,16:24:110302,746522.63,1066.4609,,,,,нет,нет,нет,нет,нет,да,нет,да,55.54536606615839,49.258962681667434
16:24:110302:606,400.0,Земли населенных пунктов,Учтенный,"Местоположение установлено относительно ориентира, расположенного в границах участка. Почтовый адрес ориентира: Российская Федерация, Республика Татарстан (Татарстан), м.р-н Лаишевский, с.п. Кирбинское, д Травкино, ул Вишневая, з/у 24А.",Частная,индивидуальные жилые дома с приусадебными земельными участками,ЖИЛОЙ,0,нет,16:24:110302,423988.96,1059.9724,,,,,нет,нет,нет,нет,нет,да,нет,да,55.546020016043755,49.261526041043126
16:24:110302:586,450.0,Земли населенных пунктов,Учтенный,"Местоположение установлено относительно ориентира, расположенного в границах участка. Почтовый адрес ориентира: Российская Федерация, Республика Татарстан (Татарстан), м.р-н Лаишевский, с.п. Кирбинское, д Травкино, ул Солнечная, з/у 9.",Частная,индивидуальные жилые дома с приусадебными земельными участками,ЖИЛОЙ,0,нет,16:24:110302,478128.64,1062.5081,,,,,нет,нет,нет,нет,нет,да,нет,да,55.54508331829985,49.25951493198552
16:24:110302:975,500.0,Земли населенных пунктов,Учтенный,"Российская Федерация, Республика Татарстан (Татарстан), м.р-н Лаишевский, с.п. Кирбинское, д Травкино, ул Мира, з/у 34",Частная,Для индивидуального жилищного строительства,ИЖС,0,нет,16:24:110302,436946.75,873.8935,,,,,нет,да,нет,нет,нет,да,нет,да,55.55184999195252,49.28078878799916
16:24:110201:37,1624.0,Земли населенных пунктов,Ранее учтенный,"Местоположение установлено относительно ориентира, расположенного в границах участка. Почтовый адрес ориентира: Российская Федерация, Республика Татарстан (Татарстан), м.р-н Лаишевский, с.п. Кирбинское, д Травкино, ул Дачная, з/у 3.",Частная,Для ведения личного подсобного хозяйства,ЛПХ,0,нет,16:24:110201,1714973.88,1056.0184,,,,,нет,нет,нет,нет,да,да,нет,да,55.548799919982,49.26145175404967
16:24:110302:488,946.0,Земли населенных пунктов,Учтенный,"Российская Федерация, Республика Татарстан (Татарстан), м.р-н Лаишевский, с.п. Кирбинское, д Травкино, ул Солнечная, з/у 1",Частная,индивидуальные жилые дома с приусадебными земельными участками,ЖИЛОЙ,0,нет,16:24:110302,1004865.61,1062.2258,,,,,нет,нет,нет,нет,нет,да,нет,да,55.54485513513348,49.25824601870808
16:24:110302:910,18159.0,Земли населенных пунктов,Учтенный,"Местоположение установлено относительно ориентира, расположенного в границах участка. Почтовый адрес ориентира: Республика Татарстан, Лаишевский муниципальный район, Кирбинское сельское поселение, д Травкино.",Муниципальная;Частная,улично-дорожная сеть,ДРУГОЕ,0,нет,16:24:110302,12116529.19,667.25,,,,,да,нет,нет,нет,нет,нет,нет,да,55.54580261373662,49.26004025743792
16:24:110201:130,1125.0,Земли населенных пунктов,Ранее учтенный,"Местоположение установлено относительно ориентира, расположенного в границах участка. Почтовый адрес ориентира: Российская Федерация, Республика Татарстан (Татарстан), м.р-н Лаишевский, с.п. Кирбинское, д Травкино, ул Дачная, з/у 11.",,Ведение личного подсобного хозяйства,ЛПХ,0,нет,16:24:110201,1199557.01,1066.2729,,,,,да,нет,нет,нет,да,да,нет,да,55.54790620111396,49.26173407436404
16:24:110302:476,615.0,Земли населенных пунктов,Учтенный,"Местоположение установлено относительно ориентира, расположенного в границах участка. Почтовый адрес ориентира: Республика Татарстан, Лаишевский муниципальный район, Кирбинское сельское поселение, д Травкино, ул. Рябиновая, 13.",Частная,индивидуальные жилые дома с приусадебными земельными участками,ЖИЛОЙ,0,нет,16:24:110302,666588.23,1083.8833,,,,,нет,нет,нет,нет,нет,да,нет,да,55.54573625489434,49.25892231074331
16:24:110302:503,700.0,Земли населенных пунктов,Учтенный,"Местоположение установлено относительно ориентира, расположенного в границах участка. Почтовый адрес ориентира: Российская Федерация, Республика Татарстан (Татарстан), м.р-н Лаишевский, с.п. Кирбинское, д Травкино, ул Солнечная, з/у 17.",Частная,индивидуальные жилые дома с приусадебными земельными участками,ЖИЛОЙ,0,нет,16:24:110302,735169.54,1050.2422,,,,,нет,нет,нет,нет,нет,да,нет,да,55.54548708987047,49.26090847257305
16:24:110302:528,700.0,Земли населенных пунктов,Учтенный,"Местоположение установлено относительно ориентира, расположенного в границах участка. Почтовый адрес ориентира: Российская Федерация, Республика Татарстан (Татарстан), м.р-н Лаишевский, с.п. Кирбинское, д Травкино, ул Солнечная, з/у 8.",Частная,индивидуальные жилые дома с приусадебными земельными участками,ЖИЛОЙ,0,нет,16:24:110302,738612.98,1055.1614,,,,,нет,нет,нет,нет,нет,да,нет,да,55.54460902127827,49.25917817209471
16:24:110302:588,1229.0,Земли населенных пунктов,Учтенный,"Местоположение установлено относительно ориентира, расположенного в границах участка. Почтовый адрес ориентира: Российская Федерация, Республика Татарстан (Татарстан), м.р-н Лаишевский, с.п. Кирбинское, д Травкино, ул Рябиновая, з/у 9.",Частная,индивидуальные жилые дома с приусадебными земельными участками,ЖИЛОЙ,0,нет,16:24:110302,1336238.48,1087.2567,,,,,нет,нет,нет,нет,нет,да,нет,да,55.54597592444138,49.258732159242285
16:24:110302:457,785.0,Земли населенных пунктов,Учтенный,"Местоположение установлено относительно ориентира, расположенного в границах участка. Почтовый адрес ориентира: Российская Федерация, Республика Татарстан (Татарстан), м.р-н Лаишевский, с.п. Кирбинское, д Травкино, ул Луговая, з/у 7.",Частная,индивидуальные жилые дома с приусадебными земельными участками,ЖИЛОЙ,0,нет,16:24:110302,857203.2,1091.9786,,,,,нет,нет,нет,нет,нет,да,нет,да,55.54676063163073,49.25975607453453
16:24:110302:471,600.0,Земли населенных пунктов,Учтенный,"Местоположение установлено относительно ориентира, расположенного в границах участка. Почтовый адрес ориентира: Российская Федерация, Республика Татарстан (Татарстан), м.р-н Лаишевский, с.п. Кирбинское, д Травкино, ул Луговая, з/у 12.",Частная,индивидуальные жилые дома с приусадебными земельными участками,ЖИЛОЙ,0,нет,16:24:110302,655124.58,1091.8743,,,,,нет,нет,нет,нет,нет,да,нет,да,55.54632911145893,49.25994332724885
16:24:110302:459,648.0,Земли населенных пунктов,Учтенный,"Местоположение установлено относительно ориентира, расположенного в границах участка. Почтовый адрес ориентира: Российская Федерация, Республика Татарстан (Татарстан), м.р-н Лаишевский, с.п. Кирбинское, д Травкино, ул Луговая, з/у 11.",Частная,индивидуальные жилые дома с приусадебными земельными участками,ЖИЛОЙ,0,нет,16:24:110302,698689.54,1078.2246,,,,,нет,нет,нет,нет,нет,да,нет,да,55.5468654215641,49.26036573301146
16:24:110302:529,700.0,Земли населенных пунктов,Учтенный,"Местоположение установлено относительно ориентира, расположенного в границах участка. Почтовый адрес ориентира: Российская Федерация, Республика Татарстан (Татарстан), м.р-н Лаишевский, с.п. Кирбинское, д Травкино, ул Солнечная, з/у 10.",Частная,индивидуальные жилые дома с приусадебными земельными участками,ЖИЛОЙ,0,нет,16:24:110302,738612.98,1055.1614,,,,,нет,нет,нет,нет,нет,да,нет,да,55.54467838136353,49.25947043890561
16:24:110302:495,700.0,Земли населенных пунктов,Учтенный,"Местоположение установлено относительно ориентира, расположенного в границах участка. Почтовый адрес ориентира: Российская Федерация, Республика Татарстан (Татарстан), м.р-н Лаишевский, с.п. Кирбинское, д Травкино, ул Вишневая, з/у 16.",Частная,индивидуальные жилые дома с приусадебными земельными участками,ЖИЛОЙ,0,нет,16:24:110302,750838.83,1072.6269,,,,,нет,нет,нет,нет,нет,да,нет,да,55.54570769314034,49.26040209679485
16:24:110201:322,1750.0,Земли населенных пунктов,Учтенный,"Местоположение установлено относительно ориентира, расположенного в границах участка. Почтовый адрес ориентира: Российская Федерация, Республика Татарстан (Татарстан), м.р-н Лаишевский, с.п. Кирбинское, д Травкино, ул Дачная, з/у 2.",Частная,Для ведения личного подсобного хозяйства,ЛПХ,0,нет,16:24:110201,1827445.72,1044.2547,,,,,нет,нет,нет,нет,да,да,нет,да,55.54847089190148,49.26205839376359
16:24:110302:454,600.0,Земли населенных пунктов,Учтенный,"Местоположение установлено относительно ориентира, расположенного в границах участка. Почтовый адрес ориентира: Российская Федерация, Республика Татарстан (Татарстан), м.р-н Лаишевский, с.п. Кирбинское, д Травкино, ул Луговая, з/у 3.",Частная,индивидуальные жилые дома с приусадебными земельными участками,ЖИЛОЙ,0,нет,16:24:110302,652354.02,1087.2567,,,,,нет,нет,нет,нет,нет,да,нет,да,55.54626010248639,49.258092310360105
16:24:110302:841,600.0,Земли населенных пунктов,Учтенный,"Российская Федерация, Республика Татарстан (Татарстан), м.р-н Лаишевский, с.п. Кирбинское, д Травкино, ул Победы, з/у 31",Частная,Для индивидуального жилищного строительства,ИЖС,0,нет,16:24:110302,547952.16,913.2536,,,,,нет,да,нет,нет,нет,да,нет,да,55.552936143644025,49.278719351098744
16:24:110302:1248,6319.0,Земли сельскохозяйственного назначения,Учтенный,"Местоположение установлено относительно ориентира, расположенного в границах участка. Почтовый адрес ориентира: Республика Татарстан, Лаишевский муниципальный район, Кирбинское сельское поселение.",Частная,для сельскохозяйственного производства,СХ,0,нет,16:24:110302,24960.05,3.95,,,,,нет,нет,нет,нет,нет,нет,нет,нет,55.54199661952713,49.26108587047095
16:24:110302:388,724.0,Земли населенных пунктов,Учтенный,"Местоположение установлено относительно ориентира, расположенного в границах участка. Почтовый адрес ориентира: Российская Федерация, Республика Татарстан (Татарстан), м.р-н Лаишевский, с.п. Кирбинское, д Травкино, ул Рябиновая, з/у 6.",Частная,индивидуальные жилые дома с приусадебными земельными участками,ЖИЛОЙ,0,нет,16:24:110302,751036.33,1037.343,,,,,нет,нет,нет,нет,нет,да,нет,да,55.5442530172524,49.26087496106415
16:24:110302:747,500.0,Земли населенных пунктов,Учтенный,"Российская Федерация, Республика Татарстан (Татарстан), м.р-н Лаишевский, с.п. Кирбинское, д Травкино, ул Сююмбике, з/у 44",Частная,Для индивидуального жилищного строительства,ИЖС,0,нет,16:24:110302,452969.55,905.9391,,,,,нет,да,нет,нет,нет,да,нет,да,55.55409638082656,49.279307535719184
16:24:110302:391,700.0,Земли населенных пунктов,Учтенный,"Местоположение установлено относительно ориентира, расположенного в границах участка. Почтовый адрес ориентира: Российская Федерация, Республика Татарстан (Татарстан), м.р-н Лаишевский, с.п. Кирбинское, д Травкино, ул Радужная, з/у 16.",Частная,индивидуальные жилые дома с приусадебными земельными участками,ЖИЛОЙ,0,нет,16:24:110302,726140.1,1037.343,,,,,нет,нет,нет,нет,нет,да,нет,да,55.5443449231588,49.261614098877914
16:24:110302:376,795.0,Земли населенных пунктов,Учтенный,"Местоположение установлено относительно ориентира, расположенного в границах участка. Почтовый адрес ориентира: Российская Федерация, Республика Татарстан (Татарстан), м.р-н Лаишевский, с.п. Кирбинское, д Травкино, ул Рябиновая, з/у 20.",Частная,индивидуальные жилые дома с приусадебными земельными участками,ЖИЛОЙ,0,нет,16:24:110302,793424.71,998.0185,,,,,нет,нет,нет,нет,нет,да,нет,да,55.54279514511575,49.262047307913285
16:24:110201:659,1000.0,Земли населенных пунктов,Учтенный,"Российская Федерация, Республика Татарстан (Татарстан), м.р-н Лаишевский, с.п. Кирбинское, д Травкино, ул Травкинская, з/у 14А",Частная,Для ведения личного подсобного хозяйства,ЛПХ,0,нет,16:24:110201,1027230.7,1027.23,,,,,нет,нет,нет,нет,да,да,нет,да,55.551300026282945,49.264872383094186
16:24:110302:389,724.0,Земли населенных пунктов,Учтенный,"Местоположение установлено относительно ориентира, расположенного в границах участка. Почтовый адрес ориентира: Российская Федерация, Республика Татарстан (Татарстан), м.р-н Лаишевский, с.п. Кирбинское, д Травкино, ул Рябиновая, з/у 10.",Частная,индивидуальные жилые дома с приусадебными земельными участками,ЖИЛОЙ,0,нет,16:24:110302,750469.22,1036.5597,,,,,нет,нет,нет,нет,нет,да,нет,да,55.543882646728676,49.26114837170422
16:24:110302:423,800.0,Земли населенных пунктов,Учтенный,"Местоположение установлено относительно ориентира, расположенного в границах участка. Почтовый адрес ориентира: Российская Федерация, Республика Татарстан (Татарстан), м.р-н Лаишевский, с.п. Кирбинское, д Травкино, ул Светлая, з/у 14.",Частная,индивидуальные жилые дома с приусадебными земельными участками,ЖИЛОЙ,0,нет,16:24:110302,797733.2,997.1665,,,,,нет,нет,нет,нет,нет,да,нет,да,55.54312530825994,49.262723903579435
16:24:110302:369,700.0,Земли населенных пунктов,Учтенный,"Местоположение установлено относительно ориентира, расположенного в границах участка. Почтовый адрес ориентира: Российская Федерация, Республика Татарстан (Татарстан), м.р-н Лаишевский, с.п. Кирбинское, д Травкино, ул Радужная, з/у 10.",Частная,индивидуальные жилые дома с приусадебными земельными участками,ЖИЛОЙ,0,нет,16:24:110302,721538.86,1030.7698,,,,,нет,нет,нет,нет,нет,да,нет,да,55.5439657729954,49.26001663572662
16:24:110302:424,792.0,Земли населенных пунктов,Учтенный,"Местоположение установлено относительно ориентира, расположенного в границах участка. Почтовый адрес ориентира: Российская Федерация, Республика Татарстан (Татарстан), м.р-н Лаишевский, с.п. Кирбинское, д Травкино, ул Рябиновая, з/у 18.",Частная,индивидуальные жилые дома с приусадебными земельными участками,ЖИЛОЙ,0,нет,16:24:110302,793984.83,1002.5061,,,,,нет,нет,нет,нет,нет,да,нет,да,55.54296202693812,49.26186030985817
16:24:110302:773,600.0,Земли населенных пунктов,Учтенный,"Российская Федерация, Республика Татарстан (Татарстан), м.р-н Лаишевский, с.п. Кирбинское, д Травкино, ул Победы, з/у 4",Частная,Для индивидуального жилищного строительства,ИЖС,0,нет,16:24:110302,585764.22,976.2737,,,,,нет,да,нет,нет,нет,да,нет,да,55.551979963225904,49.27352881966677
16:24:110201:660,1224.0,Земли населенных пунктов,Учтенный,"Российская Федерация, Республика Татарстан (Татарстан), м.р-н Лаишевский, с.п. Кирбинское, д Травкино, ул Травкинская, з/у 14",Частная,Для ведения личного подсобного хозяйства,ЛПХ,0,нет,16:24:110201,1263427.49,1032.21,,,,,нет,нет,нет,нет,да,да,нет,да,55.5514017746782,49.264596224519615
16:24:110302:914,523.0,Земли населенных пунктов,Учтенный,"Местоположение установлено относительно ориентира, расположенного в границах участка. Почтовый адрес ориентира: Российская Федерация, Республика Татарстан (Татарстан), м.р-н Лаишевский, с.п. Кирбинское, д Травкино, ул Рябиновая, з/у 13.",Частная,индивидуальные жилые дома с приусадебными земельными участками,ЖИЛОЙ,0,нет,16:24:110302,562486.66,1075.5003,,,,,нет,нет,нет,нет,нет,да,нет,да,55.54534117307913,49.26007734746511
16:24:110201:639,500.0,Земли населенных пунктов,Учтенный,"Российская Федерация, Республика Татарстан (Татарстан), м.р-н Лаишевский, с.п. Кирбинское, д Травкино, ул Озерная, з/у 22Г",Частная,Для ведения личного подсобного хозяйства,ЛПХ,0,нет,16:24:110201,519861.55,1039.72,,,,,нет,нет,нет,нет,да,да,нет,да,55.5480146213621,49.26329131250404
16:24:110302:676,800.0,Земли населенных пунктов,Учтенный,"Российская Федерация, Республика Татарстан (Татарстан), м.р-н Лаишевский, с.п. Кирбинское, д Травкино, ул Дружбы, з/у 36",Частная,Для индивидуального жилищного строительства,ИЖС,0,нет,16:24:110302,757659.36,947.0742,,,,,нет,да,нет,нет,нет,да,нет,да,55.554014154079255,49.275434995879
16:24:110302:999,648.0,Земли населенных пунктов,Учтенный,"Местоположение установлено относительно ориентира, расположенного в границах участка. Почтовый адрес ориентира: Российская Федерация, Республика Татарстан (Татарстан), м.р-н Лаишевский, с.п. Кирбинское, д Травкино, ул Мира, з/у 37.",Частная,Для индивидуального жилищного строительства,ИЖС,0,нет,16:24:110302,544310.28,839.985,,,,,нет,да,нет,нет,нет,да,нет,да,55.55067829554719,49.28025909540505
16:24:110302:995,675.0,Земли населенных пунктов,Учтенный,"Местоположение установлено относительно ориентира, расположенного в границах участка. Почтовый адрес ориентира: Российская Федерация, Республика Татарстан (Татарстан), м.р-н Лаишевский, с.п. Кирбинское, д Травкино, ул Мира, з/у 47.",Частная,Для индивидуального жилищного строительства,ИЖС,0,нет,16:24:110302,579249.63,858.1476,,,,,нет,да,нет,нет,нет,да,нет,да,55.5512355107992,49.28169621026281
16:24:110302:844,600.0,Земли населенных пунктов,Учтенный,"Российская Федерация, Республика Татарстан (Татарстан), м.р-н Лаишевский, с.п. Кирбинское, д Травкино, ул Победы, з/у 37",Частная,Для индивидуального жилищного строительства,ИЖС,0,нет,16:24:110302,539072.82,898.4547,,,,,нет,да,нет,нет,нет,да,нет,да,55.55312483286853,49.279609886207474
16:24:110302:981,712.0,Земли населенных пунктов,Учтенный,"Российская Федерация, Республика Татарстан (Татарстан), м.р-н Лаишевский, с.п. Кирбинское, д Травкино, ул Мира, з/у 44",Частная,Для индивидуального жилищного строительства,ИЖС,0,нет,16:24:110302,626647.93,880.1235,,,,,нет,да,нет,нет,нет,да,нет,да,55.551085545792816,49.27901561406263
16:24:110302:837,521.0,Земли населенных пунктов,Учтенный,"Российская Федерация, Республика Татарстан (Татарстан), м.р-н Лаишевский, с.п. Кирбинское, д Травкино, ул Победы, з/у 23",Частная,Для индивидуального жилищного строительства,ИЖС,0,нет,16:24:110302,482635.7,926.3641,,,,,нет,да,нет,нет,нет,да,нет,да,55.55269775915082,49.27759435818759
16:24:110302:986,500.0,Земли населенных пунктов,Учтенный,"Российская Федерация, Республика Татарстан (Татарстан), м.р-н Лаишевский, с.п. Кирбинское, д Травкино, ул Мира, з/у 29",Частная,Для индивидуального жилищного строительства,ИЖС,0,нет,16:24:110302,433990.95,867.9819,,,,,нет,да,нет,нет,нет,да,нет,да,55.551467404133575,49.28070282282963
16:24:110302:998,512.0,Земли населенных пунктов,Учтенный,"Российская Федерация, Республика Татарстан (Татарстан), м.р-н Лаишевский, с.п. Кирбинское, д Травкино, ул Мира, з/у 35",Частная,Для индивидуального жилищного строительства,ИЖС,0,нет,16:24:110302,430072.32,839.985,,,,,нет,да,нет,нет,нет,да,нет,да,55.550707222768835,49.279883220856256
16:24:110302:1002,600.0,Земли населенных пунктов,Учтенный,"Российская Федерация, Республика Татарстан (Татарстан), м.р-н Лаишевский, с.п. Кирбинское, д Травкино, ул Мира, з/у 43",Частная,Для индивидуального жилищного строительства,ИЖС,0,нет,16:24:110302,512214.9,853.6915,,,,,нет,да,нет,нет,нет,да,нет,да,55.550933076853156,49.28112273670406
16:24:110302:475,600.0,Земли населенных пунктов,Учтенный,"Местоположение установлено относительно ориентира, расположенного в границах участка. Почтовый адрес ориентира: Российская Федерация, Республика Татарстан (Татарстан), м.р-н Лаишевский, с.п. Кирбинское, д Травкино, ул Вишневая, з/у 5.",Частная,индивидуальные жилые дома с приусадебными земельными участками,ЖИЛОЙ,0,нет,16:24:110302,652330.08,1087.2168,,,,,нет,нет,нет,нет,нет,да,нет,да,55.545711412504225,49.258557828686115
16:24:110302:752,600.0,Земли населенных пунктов,Учтенный,"Российская Федерация, Республика Татарстан (Татарстан), м.р-н Лаишевский, с.п. Кирбинское, д Травкино, ул Дружбы, з/у 47",Частная,Для индивидуального жилищного строительства,ИЖС,0,нет,16:24:110302,532179.3,886.9655,,,,,нет,да,нет,нет,нет,да,нет,да,55.554687321398134,49.28082944534585
16:24:110302:1467,821.0,Земли населенных пунктов,Учтенный,"Местоположение установлено относительно ориентира, расположенного в границах участка. Почтовый адрес ориентира: Российская Федерация, Республика Татарстан, Лаишевский муниципальный район, Кирбинское сельское поселение, д Травкино.",Частная,Для индивидуального жилищного строительства,ИЖС,0,нет,16:24:110302,794417.91,967.6223,,,,,нет,да,нет,нет,нет,да,нет,да,55.550728001215724,49.27203230856349
16:24:110201:50,612.0,Земли населенных пунктов,Ранее учтенный,"Местоположение установлено относительно ориентира, расположенного в границах участка. Почтовый адрес ориентира: Российская Федерация, Республика Татарстан (Татарстан), м.р-н Лаишевский, с.п. Кирбинское, д Травкино, ул Тукая, з/у 7.",,Для ведения личного подсобного хозяйства,ЛПХ,0,нет,16:24:110201,650400.18,1062.7454,,,,,да,нет,нет,нет,да,да,нет,да,55.54758008676337,49.26248250972399
16:24:110201:44,959.0,Земли населенных пунктов,Ранее учтенный,"Местоположение установлено относительно ориентира, расположенного в границах участка. Почтовый адрес ориентира: Российская Федерация, Республика Татарстан (Татарстан), м.р-н Лаишевский, с.п. Кирбинское, д Травкино, ул Дачная, з/у 7.",Частная,Для ведения личного подсобного хозяйства,ЛПХ,0,нет,16:24:110201,1016447.36,1059.9034,,,,,нет,нет,нет,нет,да,да,нет,да,55.54822464628846,49.2614639777959
16:24:110302:858,600.0,Земли населенных пунктов,Учтенный,"Местоположение установлено относительно ориентира, расположенного в границах участка. Почтовый адрес ориентира: Российская Федерация, Республика Татарстан (Татарстан), м.р-н Лаишевский, с.п. Кирбинское, д Травкино, ул Свободы, з/у 34.",Частная,Для индивидуального жилищного строительства,ИЖС,0,нет,16:24:110302,538336.74,897.2279,,,,,нет,да,нет,нет,нет,да,нет,да,55.552872444415826,49.27977633149082
16:24:110302:915,527.0,Земли населенных пунктов,Учтенный,"Российская Федерация, Республика Татарстан (Татарстан), м.р-н Лаишевский, с.п. Кирбинское, д Травкино, ул Рябиновая, з/у 11",Частная,индивидуальные жилые дома с приусадебными земельными участками,ЖИЛОЙ,0,нет,16:24:110302,564652.25,1071.4464,,,,,нет,нет,нет,нет,нет,да,нет,да,55.545196184423254,49.26018439808186
16:24:110201:684,1015.0,Земли населенных пунктов,Учтенный,"Российская Федерация, Республика Татарстан (Татарстан), м.р-н Лаишевский, с.п. Кирбинское, д Травкино, ул Пушкина, з/у 2а",Частная,Для ведения личного подсобного хозяйства,ЛПХ,0,нет,16:24:110201,1019084.87,1004.02,,,,,нет,нет,нет,нет,да,да,нет,да,55.54980438004106,49.266376656690035
16:24:110302:800,651.0,Земли населенных пунктов,Учтенный,"Российская Федерация, Республика Татарстан (Татарстан), м.р-н Лаишевский, с.п. Кирбинское, д Травкино, ул Победы, з/у 28",Частная,Для индивидуального жилищного строительства,ИЖС,0,нет,16:24:110302,602890.45,926.099,,,,,нет,да,нет,нет,нет,да,нет,да,55.55300822423414,49.27717406048748
16:24:110302:1982,1156.0,Земли населенных пунктов,Учтенный,"Российская Федерация, Республика Татарстан (Татарстан), м.р-н Лаишевский, с.п. Кирбинское, д Травкино, ул. Залесная, з/у 45",Частная,Для индивидуального жилищного строительства,ИЖС,0,нет,16:24:110302,952754.39,824.18,,,,,нет,да,нет,нет,нет,да,нет,да,55.54411160404932,49.269768028296866
16:24:110302:1957,1000.0,Земли населенных пунктов,Учтенный,"Российская Федерация, Республика Татарстан (Татарстан), м.р-н Лаишевский, с.п. Кирбинское, д Травкино, ул. Калинина, з/у 2",Частная,Для индивидуального жилищного строительства,ИЖС,0,нет,16:24:110302,874120.9,874.12,,,,,нет,да,нет,нет,нет,да,нет,да,55.544431235115105,49.26780916149833
16:24:110302:1986,1009.0,Земли населенных пунктов,Учтенный,"Российская Федерация, Республика Татарстан (Татарстан), м.р-н Лаишевский, с.п. Кирбинское, д Травкино, ул. Залесная, з/у 37",Частная,Для индивидуального жилищного строительства,ИЖС,0,нет,16:24:110302,859425.34,851.76,,,,,нет,да,нет,нет,нет,да,нет,да,55.54357692903185,49.26812623626006
16:24:110302:1989,1001.0,Земли населенных пунктов,Учтенный,"Российская Федерация, Республика Татарстан (Татарстан), м.р-н Лаишевский, с.п. Кирбинское, д Травкино, ул. Залесная, з/у 31",Частная,Для индивидуального жилищного строительства,ИЖС,0,нет,16:24:110302,879722.64,878.84,,,,,нет,да,нет,нет,нет,да,нет,да,55.54326176526358,49.26695988786677
16:24:110302:1962,1000.0,Земли населенных пунктов,Учтенный,"Российская Федерация, Республика Татарстан (Татарстан), м.р-н Лаишевский, с.п. Кирбинское, д Травкино, ул. Кленовая, з/у 1",Частная,Для индивидуального жилищного строительства,ИЖС,0,нет,16:24:110302,871302.8,871.3,,,,,нет,да,нет,нет,нет,да,нет,да,55.54455864809744,49.268363404236204
16:24:110302:1948,1000.0,Земли населенных пунктов,Учтенный,"Российская Федерация, Республика Татарстан (Татарстан), м.р-н Лаишевский, с.п. Кирбинское, д Травкино, ул. Калинина, з/у 3",Частная,Для индивидуального жилищного строительства,ИЖС,0,нет,16:24:110302,895587.1,895.59,,,,,нет,да,нет,нет,нет,да,нет,да,55.54427104322419,49.26700708607347
16:24:110302:1956,1000.0,Земли населенных пунктов,Учтенный,"Российская Федерация, Республика Татарстан (Татарстан), м.р-н Лаишевский, с.п. Кирбинское, д Травкино, ул. Калинина, з/у 4",Частная,Для индивидуального жилищного строительства,ИЖС,0,нет,16:24:110302,872911.6,872.91,,,,,нет,да,нет,нет,нет,да,нет,да,55.544659704566186,49.26764363149461
16:24:110302:1994,1003.0,Земли населенных пунктов,Учтенный,"Российская Федерация, Республика Татарстан (Татарстан), м.р-н Лаишевский, с.п. Кирбинское, д Травкино, ул. Залесная, з/у 23",Частная,Для индивидуального жилищного строительства,ИЖС,0,нет,16:24:110302,918074.49,915.33,,,,,нет,да,нет,нет,нет,да,нет,да,55.5427923334492,49.26520442065872
16:24:110302:2031,1000.0,Земли населенных пунктов,Учтенный,"Российская Федерация, Республика Татарстан (Татарстан), м.р-н Лаишевский, с.п. Кирбинское, д Травкино, ул. Калинина, з/у 25",Частная,Для индивидуального жилищного строительства,ИЖС,0,нет,16:24:110302,1018758.1,1018.76,,,,,нет,да,нет,нет,нет,да,нет,да,55.54714978207977,49.264912225247194
16:24:110302:2044,1000.0,Земли населенных пунктов,Учтенный,"Российская Федерация, Республика Татарстан (Татарстан), м.р-н Лаишевский, с.п. Кирбинское, д Травкино, ул. Лазурная, з/у 10",Частная,Для индивидуального жилищного строительства,ИЖС,0,нет,16:24:110302,924612.5,924.61,,,,,нет,да,нет,нет,нет,да,нет,да,55.54565877670568,49.266928745580735
16:24:110302:2029,1000.0,Земли населенных пунктов,Учтенный,"Российская Федерация, Республика Татарстан (Татарстан), м.р-н Лаишевский, с.п. Кирбинское, д Травкино, ул. Калинина, з/у 21",Частная,Для индивидуального жилищного строительства,ИЖС,0,нет,16:24:110302,990228.6,990.23,,,,,нет,да,нет,нет,нет,да,нет,да,55.546726711687086,49.265250205058116
16:24:110302:2023,1004.0,Земли населенных пунктов,Учтенный,"Российская Федерация, Республика Татарстан, Лаишевский муниципальный район, Кирбинское сельское поселение, д Травкино",Частная,Для индивидуального жилищного строительства,ИЖС,0,нет,16:24:110302,1046140.79,1041.97,,,,,нет,да,нет,нет,нет,да,нет,да,55.54673739841123,49.2632338627355
16:24:110302:1995,1004.0,Земли населенных пунктов,Учтенный,"Российская Федерация, Республика Татарстан, Лаишевский муниципальный район, Кирбинское сельское поселение, д Травкино",Частная,Для индивидуального жилищного строительства,ИЖС,0,нет,16:24:110302,929885.62,926.18,,,,,нет,да,нет,нет,нет,да,нет,да,55.54266043696712,49.264824583463266
16:24:110302:2046,1000.0,Земли населенных пунктов,Учтенный,"Российская Федерация, Республика Татарстан (Татарстан), м.р-н Лаишевский, с.п. Кирбинское, д Травкино, ул. Лазурная, з/у 12",Частная,Для индивидуального жилищного строительства,ИЖС,0,нет,16:24:110302,897549.8,897.55,,,,,нет,да,нет,нет,нет,да,нет,да,55.54579380733321,49.26751599450562
16:24:110302:2052,1000.0,Земли населенных пунктов,Учтенный,"Российская Федерация, Республика Татарстан (Татарстан), м.р-н Лаишевский, с.п. Кирбинское, д Травкино, ул. Кленовая, з/у 19",Частная,Для индивидуального жилищного строительства,ИЖС,0,нет,16:24:110302,969959.2,969.96,,,,,нет,да,нет,нет,нет,да,нет,да,55.54704234374922,49.26662290449396
16:24:110302:2058,1000.0,Земли населенных пунктов,Учтенный,"Российская Федерация, Республика Татарстан (Татарстан), м.р-н Лаишевский, с.п. Кирбинское, д Травкино, ул. Парковая, з/у 19",Частная,Для индивидуального жилищного строительства,ИЖС,0,нет,16:24:110302,998131.8,998.13,,,,,нет,да,нет,нет,нет,да,нет,да,55.54793862792163,49.26720291523804
16:24:110302:2047,1000.0,Земли населенных пунктов,Учтенный,"Российская Федерация, Республика Татарстан (Татарстан), м.р-н Лаишевский, с.п. Кирбинское, д Травкино, ул. Кленовая, з/у 9",Частная,Для индивидуального жилищного строительства,ИЖС,0,нет,16:24:110302,926580.8,926.58,,,,,нет,да,нет,нет,нет,да,нет,да,55.54600188225238,49.26736713944456
16:24:110302:2053,1000.0,Земли населенных пунктов,Учтенный,"Российская Федерация, Республика Татарстан (Татарстан), м.р-н Лаишевский, с.п. Кирбинское, д Травкино, ул. Кленовая, з/у 21",Частная,Для индивидуального жилищного строительства,ИЖС,0,нет,16:24:110302,969959.2,969.96,,,,,нет,да,нет,нет,нет,да,нет,да,55.54725043539283,49.266474103490516
16:24:110302:2057,1000.0,Земли населенных пунктов,Учтенный,"Российская Федерация, Республика Татарстан (Татарстан), м.р-н Лаишевский, с.п. Кирбинское, д Травкино, ул. Парковая, з/у 17",Частная,Для индивидуального жилищного строительства,ИЖС,0,нет,16:24:110302,999741.8,999.74,,,,,нет,да,нет,нет,нет,да,нет,да,55.54788399416723,49.26679512229646
16:24:110302:2061,1000.0,Земли населенных пунктов,Учтенный,"Российская Федерация, Республика Татарстан, Лаишевский муниципальный район, Кирбинское сельское поселение, д Травкино",Частная,Для индивидуального жилищного строительства,ИЖС,0,нет,16:24:110302,960158.6,960.16,,,,,нет,да,нет,нет,нет,да,нет,да,55.54722295003152,49.26740838378759
16:24:110302:2050,1000.0,Земли населенных пунктов,Учтенный,"Российская Федерация, Республика Татарстан (Татарстан), м.р-н Лаишевский, с.п. Кирбинское, д Травкино, ул. Кленовая, з/у 15",Частная,Для индивидуального жилищного строительства,ИЖС,0,нет,16:24:110302,957903.7,957.9,,,,,нет,да,нет,нет,нет,да,нет,да,55.54662615960132,49.26692066021701
16:24:110302:1827,1012.0,Земли населенных пунктов,Учтенный,"Российская Федерация, Республика Татарстан (Татарстан), м.р-н Лаишевский, с.п. Кирбинское, д Травкино, ул. Залесная, з/у 177",Частная,Для индивидуального жилищного строительства,ИЖС,0,нет,16:24:110302,596800.08,589.72,,,,,нет,да,нет,нет,нет,да,нет,да,55.548819066904514,49.29268175503638
16:24:110302:1853,1071.0,Земли населенных пунктов,Учтенный,"Российская Федерация, Республика Татарстан (Татарстан), м.р-н Лаишевский, с.п. Кирбинское, д Травкино, ул. Залесная, з/у 153",Частная,Для индивидуального жилищного строительства,ИЖС,0,нет,16:24:110302,606133.09,565.95,,,,,нет,да,нет,нет,нет,да,нет,да,55.5472193111037,49.29019401794819
16:24:110302:1881,1082.0,Земли населенных пунктов,Учтенный,"Российская Федерация, Республика Татарстан (Татарстан), м.р-н Лаишевский, с.п. Кирбинское, д Травкино, ул. Залесная, з/у 189",Частная,Для индивидуального жилищного строительства,ИЖС,0,нет,16:24:110302,656310.8,606.57,,,,,нет,да,нет,нет,нет,да,нет,да,55.54981497761595,49.294805757251424
16:24:110302:1860,1058.0,Земли населенных пунктов,Учтенный,"Российская Федерация, Республика Татарстан (Татарстан), м.р-н Лаишевский, с.п. Кирбинское, д Травкино, ул. Залесная, з/у 147",Частная,Для индивидуального жилищного строительства,ИЖС,0,нет,16:24:110302,598507.32,565.7,,,,,нет,да,нет,нет,нет,да,нет,да,55.54695830006478,49.289015016952554
16:24:110302:1886,1000.0,Земли населенных пунктов,Учтенный,"Российская Федерация, Республика Татарстан, Лаишевский муниципальный район, Кирбинское сельское поселение, деревня Травкино ",Частная,Для индивидуального жилищного строительства,ИЖС,0,нет,16:24:110302,1156849.0,1156.85,,,,,нет,да,нет,нет,нет,да,нет,да,55.55040177359255,49.25608451736972
16:24:110302:1919,1000.0,Земли населенных пунктов,Учтенный,"Российская Федерация, Республика Татарстан, Лаишевский муниципальный район, Кирбинское сельское поселение, деревня Травкино ",Частная,Для индивидуального жилищного строительства,ИЖС,0,нет,16:24:110302,1113700.7,1113.7,,,,,нет,да,нет,нет,нет,да,нет,да,55.54869454395796,49.258660576667125
16:24:110302:1891,1000.0,Земли населенных пунктов,Учтенный,"Российская Федерация, Республика Татарстан, Лаишевский муниципальный район, Кирбинское сельское поселение, деревня Травкино ",Частная,Для индивидуального жилищного строительства,ИЖС,0,нет,16:24:110302,1138909.4,1138.91,,,,,нет,да,нет,нет,нет,да,нет,да,55.5501773138684,49.25714165191219
16:24:110302:1888,1048.0,Земли населенных пунктов,Учтенный,"Российская Федерация, Республика Татарстан, Лаишевский муниципальный район, Кирбинское сельское поселение, деревня Травкино ",Частная,Для индивидуального жилищного строительства,ИЖС,0,нет,16:24:110302,1201601.59,1146.57,,,,,нет,да,нет,нет,нет,да,нет,да,55.54986683952311,49.256095586502994
16:24:110302:1943,1000.0,Земли населенных пунктов,Учтенный,"Российская Федерация, Республика Татарстан, Лаишевский муниципальный район, Кирбинское сельское поселение, деревня Травкино ",Частная,Для индивидуального жилищного строительства,ИЖС,0,нет,16:24:110302,1133469.5,1133.47,,,,,нет,да,нет,нет,нет,да,нет,да,55.550721076953906,49.25765882049258
16:24:110302:1896,1000.0,Земли населенных пунктов,Учтенный,"Российская Федерация, Республика Татарстан, Лаишевский муниципальный район, Кирбинское сельское поселение, деревня Травкино ",Частная,Для индивидуального жилищного строительства,ИЖС,0,нет,16:24:110302,1120560.3,1120.56,,,,,нет,да,нет,нет,нет,да,нет,да,55.549884344233156,49.25779690988412
16:24:110302:1895,1072.0,Земли населенных пунктов,Учтенный,"Российская Федерация, Республика Татарстан, Лаишевский муниципальный район, Кирбинское сельское поселение, деревня Травкино ",Частная,Магазины,ДРУГОЕ,0,нет,16:24:110302,969998.24,904.85,,,,,нет,нет,нет,нет,нет,нет,нет,да,55.55078537410284,49.25585113224249
16:24:110302:1934,1000.0,Земли населенных пунктов,Учтенный,"Российская Федерация, Республика Татарстан, Лаишевский муниципальный район, Кирбинское сельское поселение, деревня Травкино ",Частная,Для индивидуального жилищного строительства,ИЖС,0,нет,16:24:110302,1104503.6,1104.5,,,,,нет,да,нет,нет,нет,да,нет,да,55.547602416296016,49.25919797407154
16:24:110302:1894,1000.0,Земли населенных пунктов,Учтенный,"Российская Федерация, Республика Татарстан, Лаишевский муниципальный район, Кирбинское сельское поселение, деревня Травкино ",Частная,Для индивидуального жилищного строительства,ИЖС,0,нет,16:24:110302,1119996.6,1120.0,,,,,нет,да,нет,нет,нет,да,нет,да,55.54997198346963,49.258183747525074
16:24:110302:2722,1078.0,Земли населенных пунктов,Учтенный,"Российская Федерация, Республика Татарстан (Татарстан), м.р-н Лаишевский, с.п. Кирбинское, д Травкино, ул. Залесная, з/у 101",Частная,Для индивидуального жилищного строительства,ИЖС,0,нет,16:24:110302,680097.8,630.89,,,,,нет,да,нет,нет,нет,да,нет,да,55.54580348645925,49.28008458613603
16:24:110302:2725,1028.0,Земли населенных пунктов,Учтенный,"Российская Федерация, Республика Татарстан (Татарстан), м.р-н Лаишевский, с.п. Кирбинское, д Травкино, ул. Залесная, з/у 95",Частная,Для индивидуального жилищного строительства,ИЖС,0,нет,16:24:110302,676467.18,658.04,,,,,нет,да,нет,нет,нет,да,нет,да,55.54562694427227,49.279001289676735
16:24:110302:2730,1012.0,Земли населенных пунктов,Учтенный,"Российская Федерация, Республика Татарстан (Татарстан), м.р-н Лаишевский, с.п. Кирбинское, д Травкино, ул. Залесная, з/у 87",Частная,Для индивидуального жилищного строительства,ИЖС,0,нет,16:24:110302,676247.14,668.23,,,,,нет,да,нет,нет,нет,да,нет,да,55.54545881561428,49.27744997280034
16:24:110302:2786,1000.0,Земли населенных пунктов,Учтенный,"Местоположение установлено относительно ориентира, расположенного в границах участка. Почтовый адрес ориентира: Российская Федерация, Республика Татарстан (Татарстан), м.р-н Лаишевский, с.п. Кирбинское, д Травкино, ул. Лазурная, з/у 23.",Частная,Для индивидуального жилищного строительства,ИЖС,0,нет,16:24:110302,801492.8,801.49,,,,,нет,да,нет,нет,нет,да,нет,да,55.54636620478168,49.271904471169044
16:24:110302:2695,1000.0,Земли населенных пунктов,Учтенный,"Российская Федерация, Республика Татарстан (Татарстан), м.р-н Лаишевский, с.п. Кирбинское, д Травкино, ул. Семейная, з/у 20",Частная,Для индивидуального жилищного строительства,ИЖС,0,нет,16:24:110302,947769.4,947.77,,,,,нет,да,нет,нет,нет,да,нет,да,55.54748333527291,49.268622453285595
16:24:110302:2727,1012.0,Земли населенных пунктов,Учтенный,"Российская Федерация, Республика Татарстан (Татарстан), м.р-н Лаишевский, с.п. Кирбинское, д Травкино, ул. Залесная, з/у 91",Частная,Для индивидуального жилищного строительства,ИЖС,0,нет,16:24:110302,673953.14,665.96,,,,,нет,да,нет,нет,нет,да,нет,да,55.545522780009414,49.27823116041724
16:24:110302:2736,1002.0,Земли населенных пунктов,Учтенный,"Российская Федерация, Республика Татарстан (Татарстан), м.р-н Лаишевский, с.п. Кирбинское, д Травкино, ул. Залесная, з/у 75",Частная,Для индивидуального жилищного строительства,ИЖС,0,нет,16:24:110302,717468.97,716.04,,,,,нет,да,нет,нет,нет,да,нет,да,55.54518000819421,49.275056766141674
16:24:110302:2750,1000.0,Земли населенных пунктов,Учтенный,"Российская Федерация, Республика Татарстан (Татарстан), м.р-н Лаишевский, с.п. Кирбинское, д Травкино, ул. Звездная, з/у 15",Частная,Для индивидуального жилищного строительства,ИЖС,0,нет,16:24:110302,906475.5,906.48,,,,,нет,да,нет,нет,нет,да,нет,да,55.54725788756791,49.26966832179367
16:24:110302:2774,1000.0,Земли населенных пунктов,Учтенный,"Российская Федерация, Республика Татарстан (Татарстан), м.р-н Лаишевский, с.п. Кирбинское, д Травкино, ул. Залесная, з/у 20",Частная,Для индивидуального жилищного строительства,ИЖС,0,нет,16:24:110302,797708.7,797.71,,,,,нет,да,нет,нет,нет,да,нет,да,55.544875151904094,49.270688616187634
16:24:110302:2757,1000.0,Земли населенных пунктов,Учтенный,"Российская Федерация, Республика Татарстан (Татарстан), м.р-н Лаишевский, с.п. Кирбинское, д Травкино, ул. Звездная, з/у 11",Частная,Для индивидуального жилищного строительства,ИЖС,0,нет,16:24:110302,889701.9,889.7,,,,,нет,да,нет,нет,нет,да,нет,да,55.54684169618601,49.26996598357455
16:24:110302:2721,1007.0,Земли населенных пунктов,Учтенный,"Российская Федерация, Республика Татарстан (Татарстан), м.р-н Лаишевский, с.п. Кирбинское, д Травкино, ул. Залесная, з/у 103",Частная,Для индивидуального жилищного строительства,ИЖС,0,нет,16:24:110302,638470.93,634.03,,,,,нет,да,нет,нет,нет,да,нет,да,55.54581606804525,49.2804665589908
16:24:110302:2726,1034.0,Земли населенных пунктов,Учтенный,"Российская Федерация, Республика Татарстан (Татарстан), м.р-н Лаишевский, с.п. Кирбинское, д Травкино, ул. Залесная, з/у 93",Частная,Для индивидуального жилищного строительства,ИЖС,0,нет,16:24:110302,680447.38,658.07,,,,,нет,да,нет,нет,нет,да,нет,да,55.54560969147542,49.278587362841826
16:24:110302:2719,1125.0,Земли населенных пунктов,Учтенный,"Российская Федерация, Республика Татарстан (Татарстан), м.р-н Лаишевский, с.п. Кирбинское, д Травкино, ул. Залесная, з/у 107",Частная,Для индивидуального жилищного строительства,ИЖС,0,нет,16:24:110302,687475.58,611.09,,,,,нет,да,нет,нет,нет,да,нет,да,55.5459132428355,49.2812215530258
16:24:110302:2778,1000.0,Земли населенных пунктов,Учтенный,"Российская Федерация, Республика Татарстан (Татарстан), м.р-н Лаишевский, с.п. Кирбинское, д Травкино, ул. Парковая, з/у 40",Частная,Для индивидуального жилищного строительства,ИЖС,0,нет,16:24:110302,878726.3,878.73,,,,,нет,да,нет,нет,нет,да,нет,да,55.54953557865524,49.27652474031489
16:24:110302:2772,1000.0,Земли населенных пунктов,Учтенный,"Российская Федерация, Республика Татарстан (Татарстан), м.р-н Лаишевский, с.п. Кирбинское, д Травкино, ул. Звездная, з/у 1",Частная,Для индивидуального жилищного строительства,ИЖС,0,нет,16:24:110302,797829.3,797.83,,,,,нет,да,нет,нет,нет,да,нет,да,55.54521824402316,49.271127034018505
16:24:110302:2801,1000.0,Земли населенных пунктов,Учтенный,"Российская Федерация, Республика Татарстан (Татарстан), м.р-н Лаишевский, с.п. Кирбинское, д Травкино, ул. Парковая, з/у 35",Частная,Для индивидуального жилищного строительства,ИЖС,0,нет,16:24:110302,883201.9,883.2,,,,,нет,да,нет,нет,нет,да,нет,да,55.54764655273114,49.27030497357117
16:24:110302:2802,1000.0,Земли населенных пунктов,Учтенный,"Российская Федерация, Республика Татарстан (Татарстан), м.р-н Лаишевский, с.п. Кирбинское, д Травкино, ул. Парковая, з/у 39",Частная,Для индивидуального жилищного строительства,ИЖС,0,нет,16:24:110302,876814.8,876.81,,,,,нет,да,нет,нет,нет,да,нет,да,55.5479621280626,49.271677745417996
16:24:110302:2788,1000.0,Земли населенных пунктов,Учтенный,"Местоположение установлено относительно ориентира, расположенного в границах участка. Почтовый адрес ориентира: Российская Федерация, Республика Татарстан (Татарстан), м.р-н Лаишевский, с.п. Кирбинское, д Травкино, ул. Лазурная, з/у 22.",Частная,Для индивидуального жилищного строительства,ИЖС,0,нет,16:24:110302,851845.3,851.85,,,,,нет,да,нет,нет,нет,да,нет,да,55.54660608702103,49.271049122686996
16:24:110302:2809,1000.0,Земли населенных пунктов,Учтенный,"Российская Федерация, Республика Татарстан (Татарстан), м.р-н Лаишевский, с.п. Кирбинское, д Травкино, ул. Славы, з/у 12",Частная,Для индивидуального жилищного строительства,ИЖС,0,нет,16:24:110302,833307.6,833.31,,,,,нет,да,нет,нет,нет,да,нет,да,55.54733783351463,49.27212419597656
16:24:110302:2806,1000.0,Земли населенных пунктов,Учтенный,"Российская Федерация, Республика Татарстан (Татарстан), м.р-н Лаишевский, с.п. Кирбинское, д Травкино, ул. Славы, з/у 14",Частная,Для индивидуального жилищного строительства,ИЖС,0,нет,16:24:110302,853187.1,853.19,,,,,нет,да,нет,нет,нет,да,нет,да,55.547545913837574,49.27197542283209
16:24:110302:2819,1000.0,Земли населенных пунктов,Учтенный,"Российская Федерация, Республика Татарстан (Татарстан), м.р-н Лаишевский, с.п. Кирбинское, д Травкино, ул. Славы, з/у 6",Частная,Для индивидуального жилищного строительства,ИЖС,0,нет,16:24:110302,780253.3,780.25,,,,,нет,да,нет,нет,нет,да,нет,да,55.54613056052516,49.27298758546425
16:24:110302:2816,1000.0,Земли населенных пунктов,Учтенный,"Российская Федерация, Республика Татарстан (Татарстан), м.р-н Лаишевский, с.п. Кирбинское, д Травкино, ул. Лазурная, з/у 27",Частная,Для индивидуального жилищного строительства,ИЖС,0,нет,16:24:110302,789194.7,789.19,,,,,нет,да,нет,нет,нет,да,нет,да,55.546681726365065,49.27327721091283
16:24:110302:2805,1000.0,Земли населенных пунктов,Учтенный,"Российская Федерация, Республика Татарстан (Татарстан), м.р-н Лаишевский, с.п. Кирбинское, д Травкино, ул. Славы, з/у 16",Частная,Для индивидуального жилищного строительства,ИЖС,0,нет,16:24:110302,876814.8,876.81,,,,,нет,да,нет,нет,нет,да,нет,да,55.5477540120614,49.27182658485554
16:24:110302:2804,1000.0,Земли населенных пунктов,Учтенный,"Российская Федерация, Республика Татарстан (Татарстан), м.р-н Лаишевский, с.п. Кирбинское, д Травкино, ул. Каштановая, з/у 15",Частная,Для индивидуального жилищного строительства,ИЖС,0,нет,16:24:110302,876814.8,876.81,,,,,нет,да,нет,нет,нет,да,нет,да,55.54788901919078,49.272413850070265
16:24:110302:2800,1002.0,Земли населенных пунктов,Учтенный,"Российская Федерация, Республика Татарстан (Татарстан), м.р-н Лаишевский, с.п. Кирбинское, д Травкино, ул. Парковая, з/у 36",Частная,Для индивидуального жилищного строительства,ИЖС,0,нет,16:24:110302,880483.95,878.73,,,,,нет,да,нет,нет,нет,да,нет,да,55.54936628978211,49.275786995404516
16:24:110302:2465,1000.0,Земли населенных пунктов,Учтенный,"Российская Федерация, Республика Татарстан (Татарстан), м.р-н Лаишевский, с.п. Кирбинское, д Травкино, ул. Каштановая, з/у 1",Частная,Для индивидуального жилищного строительства,ИЖС,0,нет,16:24:110302,756471.1,756.47,,,,,нет,да,нет,нет,нет,да,нет,да,55.54584936131603,49.27387241175487
16:24:110302:2507,1000.0,Земли населенных пунктов,Учтенный,"Российская Федерация, Республика Татарстан (Татарстан), м.р-н Лаишевский, с.п. Кирбинское, д Травкино, ул. Уютная, з/у 1",Частная,Для индивидуального жилищного строительства,ИЖС,0,нет,16:24:110302,809386.5,809.39,,,,,нет,да,нет,нет,нет,да,нет,да,55.5478957820329,49.275605867813304
16:24:110302:2549,1000.0,Земли населенных пунктов,Учтенный,"Российская Федерация, Республика Татарстан (Татарстан), м.р-н Лаишевский, с.п. Кирбинское, д Травкино, ул. Изумрудная, з/у 11",Частная,Для индивидуального жилищного строительства,ИЖС,0,нет,16:24:110302,723990.5,723.99,,,,,нет,да,нет,нет,нет,да,нет,да,55.54752757102756,49.27906592923294
16:24:110302:2560,1000.0,Земли населенных пунктов,Учтенный,"Российская Федерация, Республика Татарстан (Татарстан), м.р-н Лаишевский, с.п. Кирбинское, д Травкино, ул. Юбилейная, з/у 2",Частная,Для индивидуального жилищного строительства,ИЖС,0,нет,16:24:110302,679964.3,679.96,,,,,нет,да,нет,нет,нет,да,нет,да,55.546352080738814,49.279222511648506
16:24:110302:2554,1000.0,Земли населенных пунктов,Учтенный,"Российская Федерация, Республика Татарстан (Татарстан), м.р-н Лаишевский, с.п. Кирбинское, д Травкино, ул. Изумрудная, з/у 7",Частная,Для индивидуального жилищного строительства,ИЖС,0,нет,16:24:110302,689486.3,689.49,,,,,нет,да,нет,нет,нет,да,нет,да,55.547111374897575,49.27936349380147
16:24:110302:2505,1000.0,Земли населенных пунктов,Учтенный,"Российская Федерация, Республика Татарстан (Татарстан), м.р-н Лаишевский, с.п. Кирбинское, д Травкино, ул. Жемчужная, з/у 2",Частная,Для индивидуального жилищного строительства,ИЖС,0,нет,16:24:110302,832447.3,832.45,,,,,нет,да,нет,нет,нет,да,нет,да,55.547760790209146,49.275018591602745
16:24:110302:2502,1000.0,Земли населенных пунктов,Учтенный,"Российская Федерация, Республика Татарстан (Татарстан), м.р-н Лаишевский, с.п. Кирбинское, д Травкино, ул. Уютная, з/у 5",Частная,Для индивидуального жилищного строительства,ИЖС,0,нет,16:24:110302,832971.0,832.97,,,,,нет,да,нет,нет,нет,да,нет,да,55.548311986991834,49.27530825772682
16:24:110302:2542,1000.0,Земли населенных пунктов,Учтенный,"Российская Федерация, Республика Татарстан (Татарстан), м.р-н Лаишевский, с.п. Кирбинское, д Травкино, ул. Лазурная, з/у 44",Частная,Для индивидуального жилищного строительства,ИЖС,0,нет,16:24:110302,761731.8,761.73,,,,,нет,да,нет,нет,нет,да,нет,да,55.54831867435284,49.27850034170274
16:24:110302:2572,1002.0,Земли населенных пунктов,Учтенный,"Российская Федерация, Республика Татарстан (Татарстан), м.р-н Лаишевский, с.п. Кирбинское, д Травкино, ул. Парковая, з/у 48",Частная,Для индивидуального жилищного строительства,ИЖС,0,нет,16:24:110302,867614.26,865.88,,,,,нет,да,нет,нет,нет,да,нет,да,55.549874730924856,49.27800272442776
16:24:110302:2607,1000.0,Земли населенных пунктов,Учтенный,"Российская Федерация, Республика Татарстан (Татарстан), м.р-н Лаишевский, с.п. Кирбинское, д Травкино, ул. Рождественская, з/у 17",Частная,Для индивидуального жилищного строительства,ИЖС,0,нет,16:24:110302,755793.9,755.79,,,,,нет,да,нет,нет,нет,да,нет,да,55.5491577171304,49.281097322307104
16:24:110302:2569,1000.0,Земли населенных пунктов,Учтенный,"Российская Федерация, Республика Татарстан (Татарстан), м.р-н Лаишевский, с.п. Кирбинское, д Травкино, ул. Изумрудная, з/у 20",Частная,Для индивидуального жилищного строительства,ИЖС,0,нет,16:24:110302,792514.5,792.51,,,,,нет,да,нет,нет,нет,да,нет,да,55.54912350698048,49.27883948711646
16:24:110302:2532,1000.0,Земли населенных пунктов,Учтенный,"Российская Федерация, Республика Татарстан (Татарстан), м.р-н Лаишевский, с.п. Кирбинское, д Травкино, ул. Парковая, з/у 57",Частная,Для индивидуального жилищного строительства,ИЖС,0,нет,16:24:110302,830883.8,830.88,,,,,нет,да,нет,нет,нет,да,нет,да,55.549359202819275,49.27775635742525
16:24:110302:2577,1000.0,Земли населенных пунктов,Учтенный,"Российская Федерация, Республика Татарстан (Татарстан), м.р-н Лаишевский, с.п. Кирбинское, д Травкино, ул. Лазурная, з/у 18",Частная,Для индивидуального жилищного строительства,ИЖС,0,нет,16:24:110302,751717.1,751.72,,,,,нет,да,нет,нет,нет,да,нет,да,55.54863415783119,49.27987317067982
16:24:110302:2680,1000.0,Земли населенных пунктов,Учтенный,"Российская Федерация, Республика Татарстан (Татарстан), м.р-н Лаишевский, с.п. Кирбинское, д Травкино, ул. Восточная, з/у 26",Частная,Для индивидуального жилищного строительства,ИЖС,0,нет,16:24:110302,756250.6,756.25,,,,,нет,да,нет,нет,нет,да,нет,да,55.550299894560155,49.2829048943766
16:24:110302:2651,1000.0,Земли населенных пунктов,Учтенный,"Российская Федерация, Республика Татарстан (Татарстан), м.р-н Лаишевский, с.п. Кирбинское, д Травкино, ул. Рождественская, з/у 14",Частная,Для индивидуального жилищного строительства,ИЖС,0,нет,16:24:110302,678768.9,678.77,,,,,нет,да,нет,нет,нет,да,нет,да,55.54833898284606,49.282597165341755
16:24:110302:2508,1000.0,Земли населенных пунктов,Учтенный,"Российская Федерация, Республика Татарстан (Татарстан), м.р-н Лаишевский, с.п. Кирбинское, д Травкино, ул. Лазурная, з/у 34",Частная,Для индивидуального жилищного строительства,ИЖС,0,нет,16:24:110302,798914.1,798.91,,,,,нет,да,нет,нет,нет,да,нет,да,55.547552688187466,49.275167381045364
16:24:110302:2529,1000.0,Земли населенных пунктов,Учтенный,"Российская Федерация, Республика Татарстан (Татарстан), м.р-н Лаишевский, с.п. Кирбинское, д Травкино, ул. Парковая, з/у 51",Частная,Для индивидуального жилищного строительства,ИЖС,0,нет,16:24:110302,852862.5,852.86,,,,,нет,да,нет,нет,нет,да,нет,да,55.54890872564833,49.275796192480875
16:24:110302:2538,1000.0,Земли населенных пунктов,Учтенный,"Российская Федерация, Республика Татарстан (Татарстан), м.р-н Лаишевский, с.п. Кирбинское, д Травкино, ул. Юбилейная, з/у 18",Частная,Для индивидуального жилищного строительства,ИЖС,0,нет,16:24:110302,817713.0,817.71,,,,,нет,да,нет,нет,нет,да,нет,да,55.54859990700758,49.277615429759365
16:24:110302:2501,1000.0,Земли населенных пунктов,Учтенный,"Российская Федерация, Республика Татарстан (Татарстан), м.р-н Лаишевский, с.п. Кирбинское, д Травкино, ул. Жемчужная, з/у 6",Частная,Для индивидуального жилищного строительства,ИЖС,0,нет,16:24:110302,832461.2,832.46,,,,,нет,да,нет,нет,нет,да,нет,да,55.5481769938185,49.27472094463672
16:24:110302:2591,1000.0,Земли населенных пунктов,Учтенный,"Российская Федерация, Республика Татарстан (Татарстан), м.р-н Лаишевский, с.п. Кирбинское, д Травкино, ул. Урожайная, з/у 3",Частная,Для индивидуального жилищного строительства,ИЖС,0,нет,16:24:110302,661314.9,661.31,,,,,нет,да,нет,нет,нет,да,нет,да,55.54701063060096,49.2810338652837
16:24:110302:2660,1000.0,Земли населенных пунктов,Учтенный,"Российская Федерация, Республика Татарстан (Татарстан), м.р-н Лаишевский, с.п. Кирбинское, д Травкино, ул. Рождественская, з/у 20",Частная,Для индивидуального жилищного строительства,ИЖС,0,нет,16:24:110302,758117.8,758.12,,,,,нет,да,нет,нет,нет,да,нет,да,55.54954630476251,49.28173408563238
16:24:110302:2608,1000.0,Земли населенных пунктов,Учтенный,"Российская Федерация, Республика Татарстан (Татарстан), м.р-н Лаишевский, с.п. Кирбинское, д Травкино, ул. Урожайная, з/у 18",Частная,Для индивидуального жилищного строительства,ИЖС,0,нет,16:24:110302,752745.9,752.75,,,,,нет,да,нет,нет,нет,да,нет,да,55.54902276977619,49.28050994526875
16:24:110302:2659,1000.0,Земли населенных пунктов,Учтенный,"Российская Федерация, Республика Татарстан (Татарстан), м.р-н Лаишевский, с.п. Кирбинское, д Травкино, ул. Рождественская, з/у 18",Частная,Для индивидуального жилищного строительства,ИЖС,0,нет,16:24:110302,758117.8,758.12,,,,,нет,да,нет,нет,нет,да,нет,да,55.54933819461267,49.281882877976386
16:24:110302:2558,1000.0,Земли населенных пунктов,Учтенный,"Российская Федерация, Республика Татарстан (Татарстан), м.р-н Лаишевский, с.п. Кирбинское, д Травкино, ул. Изумрудная, з/у 3",Частная,Для индивидуального жилищного строительства,ИЖС,0,нет,16:24:110302,684106.5,684.11,,,,,нет,да,нет,нет,нет,да,нет,да,55.54669515999508,49.27966108366623
16:24:110302:2526,1000.0,Земли населенных пунктов,Учтенный,"Российская Федерация, Республика Татарстан (Татарстан), м.р-н Лаишевский, с.п. Кирбинское, д Травкино, ул. Юбилейная, з/у 7",Частная,Для индивидуального жилищного строительства,ИЖС,0,нет,16:24:110302,832585.1,832.59,,,,,нет,да,нет,нет,нет,да,нет,да,55.54883559204254,49.276532307100624
16:24:110302:2575,1000.0,Земли населенных пунктов,Учтенный,"Российская Федерация, Республика Татарстан, Лаишевский муницпальный район, Кирбинское сельское поселение, д Травкино",Частная,Для индивидуального жилищного строительства,ИЖС,0,нет,16:24:110302,758256.1,758.26,,,,,нет,да,нет,нет,нет,да,нет,да,55.5487072935318,49.27913706597339
16:24:110302:2544,1000.0,Земли населенных пунктов,Учтенный,"Российская Федерация, Республика Татарстан (Татарстан), м.р-н Лаишевский, с.п. Кирбинское, д Травкино, ул. Лазурная, з/у 39",Частная,Для индивидуального жилищного строительства,ИЖС,0,нет,16:24:110302,755864.9,755.86,,,,,нет,да,нет,нет,нет,да,нет,да,55.547808807782005,49.27818103909414
16:24:110302:2547,1000.0,Земли населенных пунктов,Учтенный,"Российская Федерация, Республика Татарстан (Татарстан), м.р-н Лаишевский, с.п. Кирбинское, д Травкино, ул. Юбилейная, з/у 14",Частная,Для индивидуального жилищного строительства,ИЖС,0,нет,16:24:110302,727196.6,727.2,,,,,нет,да,нет,нет,нет,да,нет,да,55.54760071983893,49.278329843797096
16:24:110302:2639,1000.0,Земли населенных пунктов,Учтенный,"Российская Федерация, Республика Татарстан (Татарстан), м.р-н Лаишевский, с.п. Кирбинское, д Травкино, ул. Парковая, з/у 23",Частная,Для индивидуального жилищного строительства,ИЖС,0,нет,16:24:110302,981387.9,981.39,,,,,нет,да,нет,нет,нет,да,нет,да,55.54807915323622,49.26816645988449
16:24:110302:2675,1105.0,Земли населенных пунктов,Учтенный,"Российская Федерация, Республика Татарстан (Татарстан), м.р-н Лаишевский, с.п. Кирбинское, д Травкино, ул. Ореховая, з/у 8",Частная,Для индивидуального жилищного строительства,ИЖС,0,нет,16:24:110302,816057.53,738.51,,,,,нет,да,нет,нет,нет,да,нет,да,55.55031238222921,49.284461814628045
16:24:110302:2652,1000.0,Земли населенных пунктов,Учтенный,"Российская Федерация, Республика Татарстан (Татарстан), м.р-н Лаишевский, с.п. Кирбинское, д Травкино, ул. Рождественская, з/у 16",Частная,Для индивидуального жилищного строительства,ИЖС,0,нет,16:24:110302,703076.2,703.08,,,,,нет,да,нет,нет,нет,да,нет,да,55.5485470758616,49.28244841210579
16:24:110302:2612,1000.0,Земли населенных пунктов,Учтенный,"Российская Федерация, Республика Татарстан (Татарстан), м.р-н Лаишевский, с.п. Кирбинское, д Травкино, ул. Лазурная, з/у 49",Частная,Для индивидуального жилищного строительства,ИЖС,0,нет,16:24:110302,712458.2,712.46,,,,,нет,да,нет,нет,нет,да,нет,да,55.548574711881656,49.28151407979125
16:24:110302:3014,1000.0,Земли населенных пунктов,Учтенный,"Российская Федерация, Республика Татарстан, Лаишевский муниципальный район, Кирбинское сельское поселение, д Травкино",Частная,для индивидуального жилищного строительства,ИЖС,0,нет,16:24:110302,574965.4,574.97,,,,,нет,да,нет,нет,нет,да,нет,да,55.54787074425746,49.29031119626854
16:24:110302:716,800.0,Земли населенных пунктов,Учтенный,"Местоположение установлено относительно ориентира, расположенного в границах участка. Почтовый адрес ориентира: Российская Федерация, Республика Татарстан (Татарстан), м.р-н Лаишевский, с.п. Кирбинское, д Травкино, ул Сююмбике, з/у 6.",Частная,Для индивидуального жилищного строительства,ИЖС,0,нет,16:24:110302,788738.08,985.9226,,,,,нет,да,нет,нет,нет,да,нет,да,55.55254298386466,49.272580731086556
16:24:110302:328,1082.26,,Ранее учтенный,-,,,ДРУГОЕ,0,нет,16:24:110302,0.0,0.0,,,,,да,нет,нет,нет,нет,нет,нет,нет,55.55095064938167,49.27661139426158
16:24:110302:331,35056.13,,Ранее учтенный,"Российская Федерация, Республика Татарстан (Татарстан), м.р-н Лаишевский, с.п. Кирбинское, кв-л 302, з/у 331",,,ДРУГОЕ,0,нет,16:24:110302,0.0,0.0,,,,,да,нет,нет,нет,нет,нет,нет,нет,55.54601853132449,49.28361124881481
16:24:110302:898,900.0,Земли населенных пунктов,Учтенный,"Местоположение установлено относительно ориентира, расположенного в границах участка. Почтовый адрес ориентира: Российская Федерация, Республика Татарстан (Татарстан), м.р-н Лаишевский, с.п. Кирбинское, д Травкино, ул Мира, з/у 24.",Частная,Для индивидуального жилищного строительства,ИЖС,0,нет,16:24:110302,791312.94,879.2366,,,,,нет,да,нет,нет,нет,да,нет,да,55.552646698605436,49.28162229868238
16:24:110302:1466,776.0,Земли населенных пунктов,Учтенный,"Местоположение установлено относительно ориентира, расположенного в границах участка. Почтовый адрес ориентира: Российская Федерация, Республика Татарстан, Лаишевский муниципальный район, Кирбинское сельское поселение, д Травкино.",Частная,Для индивидуального жилищного строительства,ИЖС,0,нет,16:24:110302,752928.28,970.2684,,,,,нет,да,нет,нет,нет,да,нет,да,55.5510757878745,49.271458200603604
16:24:110302:1455,860.0,Земли населенных пунктов,Учтенный,"Местоположение установлено относительно ориентира, расположенного в границах участка. Почтовый адрес ориентира: Российская Федерация, Республика Татарстан, Лаишевский муниципальный район, Кирбинское сельское поселение, д Травкино.",Частная,для индивидуального жилищного строительства,ИЖС,0,нет,16:24:110302,861126.6,1001.31,,,,,нет,да,нет,нет,нет,да,нет,да,55.55209935754578,49.27054420817798
16:24:110302:967,974.0,Земли населенных пунктов,Учтенный,"Российская Федерация, Республика Татарстан (Татарстан), м.р-н Лаишевский, с.п. Кирбинское, д Травкино, ул Мира, з/у 40",Частная,Для индивидуального жилищного строительства,ИЖС,0,нет,16:24:110302,813151.98,834.8583,,,,,нет,да,нет,нет,нет,да,нет,да,55.550631178703746,49.278631640889486
16:24:110302:1470,628.0,Земли населенных пунктов,Учтенный,"Местоположение установлено относительно ориентира, расположенного в границах участка. Почтовый адрес ориентира: Российская Федерация, Республика Татарстан, Лаишевский муниципальный район, Кирбинское сельское поселение, д Травкино.",Частная,Для индивидуального жилищного строительства,ИЖС,0,нет,16:24:110302,607879.13,967.9604,,,,,нет,да,нет,нет,нет,да,нет,да,55.55106597027546,49.272798371315396
16:24:110302:1473,603.0,Земли населенных пунктов,Учтенный,"Местоположение установлено относительно ориентира, расположенного в границах участка. Почтовый адрес ориентира: Российская Федерация, Республика Татарстан, Лаишевский муниципальный район, Кирбинское сельское поселение, д Травкино.",Частная,Для индивидуального жилищного строительства,ИЖС,0,нет,16:24:110302,579534.68,961.0857,,,,,нет,да,нет,нет,нет,да,нет,да,55.551364301490594,49.27401117934542
16:24:110201:147,1000.0,Земли населенных пунктов,Учтенный,"Местоположение установлено относительно ориентира, расположенного в границах участка. Почтовый адрес ориентира: Российская Федерация, Республика Татарстан (Татарстан), м.р-н Лаишевский, с.п. Кирбинское, д Травкино, ул Озерная, з/у 11Б.",,Для ведения личного подсобного хозяйства,ЛПХ,0,нет,16:24:110201,1057009.9,1057.0099,,,,,да,нет,нет,нет,да,да,нет,да,55.55097103793489,49.26356109049463
16:24:110302:414,679.0,Земли населенных пунктов,Учтенный,"Местоположение установлено относительно ориентира, расположенного в границах участка. Почтовый адрес ориентира: Российская Федерация, Республика Татарстан (Татарстан), м.р-н Лаишевский, с.п. Кирбинское, д Травкино, ул Светлая, з/у 1.",Частная,индивидуальные жилые дома с приусадебными земельными участками,ЖИЛОЙ,0,нет,16:24:110302,683380.98,1006.4521,,,,,нет,нет,нет,нет,нет,да,нет,да,55.54279292706421,49.25947718249151
16:24:110302:726,600.0,Земли населенных пунктов,Учтенный,"Российская Федерация, Республика Татарстан (Татарстан), м.р-н Лаишевский, с.п. Кирбинское, д Травкино, ул Дружбы, з/у 19",Частная,Для индивидуального жилищного строительства,ИЖС,0,нет,16:24:110302,568234.08,947.0568,,,,,нет,да,нет,нет,нет,да,нет,да,55.553601898118906,49.27570697077119
16:24:110302:573,699.0,Земли населенных пунктов,Учтенный,"Местоположение установлено относительно ориентира, расположенного в границах участка. Почтовый адрес ориентира: Российская Федерация, Республика Татарстан (Татарстан), м.р-н Лаишевский, с.п. Кирбинское, д Травкино, ул Радужная, з/у 21.",Частная,индивидуальные жилые дома с приусадебными земельными участками,ЖИЛОЙ,0,нет,16:24:110302,724677.76,1036.735,,,,,нет,нет,нет,нет,нет,да,нет,да,55.54484772764098,49.26173383523229
16:24:110302:418,800.0,Земли населенных пунктов,Учтенный,"Местоположение установлено относительно ориентира, расположенного в границах участка. Почтовый адрес ориентира: Российская Федерация, Республика Татарстан (Татарстан), м.р-н Лаишевский, с.п. Кирбинское, д Травкино, ул Светлая, з/у 11.",Частная,индивидуальные жилые дома с приусадебными земельными участками,ЖИЛОЙ,0,нет,16:24:110302,808544.24,1010.6803,,,,,нет,нет,нет,нет,нет,да,нет,да,55.54340907737949,49.262058919734834
16:24:110302:862,600.0,Земли населенных пунктов,Учтенный,"Российская Федерация, Республика Татарстан (Татарстан), м.р-н Лаишевский, с.п. Кирбинское, д Травкино, ул Победы, з/у 45",Частная,Для индивидуального жилищного строительства,ИЖС,0,нет,16:24:110302,530511.42,884.1857,,,,,нет,да,нет,нет,нет,да,нет,да,55.55341729458799,49.28099025784782
16:24:110302:1462,945.0,Земли населенных пунктов,Учтенный,"Местоположение установлено относительно ориентира, расположенного в границах участка. Почтовый адрес ориентира: Российская Федерация, Республика Татарстан, Лаишевский муниципальный район, Кирбинское сельское поселение, д Травкино.",Частная,для индивидуального жилищного строительства,ИЖС,0,нет,16:24:110302,947766.3,1002.9273,,,,,нет,да,нет,нет,нет,да,нет,да,55.55238044471087,49.27059772524975
16:24:110201:96,3839.0,Земли населенных пунктов,Ранее учтенный,"Местоположение установлено относительно ориентира, расположенного в границах участка. Почтовый адрес ориентира: Российская Федерация, Республика Татарстан (Татарстан), м.р-н Лаишевский, с.п. Кирбинское, д Травкино, ул Озерная, з/у 15.",Частная,Ведение личного подсобного хозяйства,ЛПХ,0,нет,16:24:110201,3951005.51,1029.1757,,,,,нет,нет,нет,нет,да,да,нет,да,55.54990803976145,49.26486957656888
16:24:110302:889,600.0,Земли населенных пунктов,Учтенный,"Местоположение установлено относительно ориентира, расположенного в границах участка. Почтовый адрес ориентира: Российская Федерация, Республика Татарстан (Татарстан), м.р-н Лаишевский, с.п. Кирбинское, д Травкино, ул Мира, з/у 14.",Частная,Для индивидуального жилищного строительства,ИЖС,0,нет,16:24:110302,548330.46,913.8841,,,,,нет,да,нет,нет,нет,да,нет,да,55.551842731554395,49.278220378256194
16:24:110302:1418,600.0,Земли населенных пунктов,Учтенный,"Местоположение установлено относительно ориентира, расположенного в границах участка. Почтовый адрес ориентира: Российская Федерация, Республика Татарстан, Лаишевский муниципальный район, Кирбинское сельское поселение, д Травкино.",Частная,Для индивидуального жилищного строительства,ИЖС,0,нет,16:24:110302,581815.14,969.6919,,,,,нет,да,нет,нет,нет,да,нет,да,55.55062404818209,49.26916813859725
16:24:110302:856,600.0,Земли населенных пунктов,Учтенный,"Местоположение установлено относительно ориентира, расположенного в границах участка. Почтовый адрес ориентира: Российская Федерация, Республика Татарстан (Татарстан), м.р-н Лаишевский, с.п. Кирбинское, д Травкино, ул Свободы, з/у 30.",Частная,Для индивидуального жилищного строительства,ИЖС,0,нет,16:24:110302,545165.22,908.6087,,,,,нет,да,нет,нет,нет,да,нет,да,55.55274664717226,49.27918262258618
16:24:110302:401,670.0,Земли населенных пунктов,Учтенный,"Местоположение установлено относительно ориентира, расположенного в границах участка. Почтовый адрес ориентира: Российская Федерация, Республика Татарстан (Татарстан), м.р-н Лаишевский, с.п. Кирбинское, д Травкино, ул Радужная, з/у 2.",Частная,индивидуальные жилые дома с приусадебными земельными участками,ЖИЛОЙ,0,нет,16:24:110302,693024.75,1034.3653,,,,,нет,нет,нет,нет,нет,да,нет,да,55.543715251209484,49.25881754159393
16:24:110302:1419,600.0,Земли населенных пунктов,Учтенный,"Местоположение установлено относительно ориентира, расположенного в границах участка. Почтовый адрес ориентира: Российская Федерация, Республика Татарстан, Лаишевский муниципальный район, Кирбинское сельское поселение, д Травкино.",Частная,Для индивидуального жилищного строительства,ИЖС,0,нет,16:24:110302,581815.14,969.6919,,,,,нет,да,нет,нет,нет,да,нет,да,55.55069976302959,49.26943481696574
16:24:110201:22,2859.0,Земли населенных пунктов,Ранее учтенный,"Местоположение установлено относительно ориентира, расположенного в границах участка. Почтовый адрес ориентира: Российская Федерация, Республика Татарстан (Татарстан), м.р-н Лаишевский, с.п. Кирбинское, д Травкино, ул Озерная, з/у 12.",,Для ведения личного подсобного хозяйства,ЛПХ,0,нет,16:24:110201,3093011.72,1081.8509,,,,,да,нет,нет,нет,да,да,нет,да,55.55043249112847,49.26172845214345
16:24:110302:437,800.0,Земли населенных пунктов,Учтенный,"Российская Федерация, Республика Татарстан (Татарстан), м.р-н Лаишевский, с.п. Кирбинское, д Травкино, ул Зеленая, з/у 2",Частная,индивидуальные жилые дома с приусадебными земельными участками,ЖИЛОЙ,0,нет,16:24:110302,821954.56,1027.4432,,,,,нет,нет,нет,нет,нет,да,нет,да,55.54223355215099,49.260279387434174
16:24:110201:142,538.0,Земли населенных пунктов,Учтенный,"Местоположение установлено относительно ориентира, расположенного в границах участка. Почтовый адрес ориентира: Российская Федерация, Республика Татарстан (Татарстан), м.р-н Лаишевский, с.п. Кирбинское, д Травкино, ул Травкинская, з/у 10б.",,Для ведения личного подсобного хозяйства,ЛПХ,0,нет,16:24:110201,542345.05,1008.0763,,,,,да,нет,нет,нет,да,да,нет,да,55.55135985509739,49.26606021075217
16:24:110302:892,500.0,Земли населенных пунктов,Учтенный,"Российская Федерация, Республика Татарстан (Татарстан), м.р-н Лаишевский, с.п. Кирбинское, д Травкино, ул Свободы, з/у 25",Частная,Для индивидуального жилищного строительства,ИЖС,0,нет,16:24:110302,446029.6,892.0592,,,,,нет,да,нет,нет,нет,да,нет,да,55.55269417565453,49.28079044158996
16:24:110302:1414,780.0,Земли населенных пунктов,Учтенный,"Местоположение установлено относительно ориентира, расположенного в границах участка. Почтовый адрес ориентира: Российская Федерация, Республика Татарстан, Лаишевский муниципальный район, Кирбинское сельское поселение, д Травкино.",Частная,Для индивидуального жилищного строительства,ИЖС,0,нет,16:24:110302,753871.48,966.5019,,,,,нет,да,нет,нет,нет,да,нет,да,55.55061091459431,49.270907871896895
16:24:110302:1408,605.0,Земли населенных пунктов,Учтенный,"Местоположение установлено относительно ориентира, расположенного в границах участка. Почтовый адрес ориентира: Российская Федерация, Республика Татарстан, Лаишевский муниципальный район, Кирбинское сельское поселение, д Травкино.",Частная,Для индивидуального жилищного строительства,ИЖС,0,нет,16:24:110302,586663.6,969.6919,,,,,нет,да,нет,нет,нет,да,нет,да,55.55029352438739,49.2690119357363
16:24:110302:964,644.0,Земли населенных пунктов,Учтенный,"Российская Федерация, Республика Татарстан (Татарстан), м.р-н Лаишевский, с.п. Кирбинское, д Травкино, ул Мира, з/у 30",Частная,Для индивидуального жилищного строительства,ИЖС,0,нет,16:24:110302,581983.32,903.7008,,,,,нет,да,нет,нет,нет,да,нет,да,55.5511668824116,49.27789694071677
16:24:110302:1441,909.0,Земли населенных пунктов,Учтенный,"Местоположение установлено относительно ориентира, расположенного в границах участка. Почтовый адрес ориентира: Российская Федерация, Республика Татарстан, Лаишевский муниципальный район, Кирбинское сельское поселение, д Травкино.",Частная,Для индивидуального жилищного строительства,ИЖС,0,нет,16:24:110302,887448.97,976.29,,,,,нет,да,нет,нет,нет,да,нет,да,55.5518138064704,49.27278769057466
16:24:110201:331,931.0,Земли населенных пунктов,Учтенный,"Местоположение установлено относительно ориентира, расположенного в границах участка. Почтовый адрес ориентира: Республика Татарстан, Лаишевский муниципальный район, Кирбинское сельское поселение, д Травкино, ул. Травкинская, д. 43.",Частная,Для ведения личного подсобного хозяйства,ЛПХ,0,нет,16:24:110201,1013803.79,1088.9407,,,,,нет,нет,нет,нет,да,да,нет,да,55.549332421953864,49.25943175991024
16:24:110201:321,668.0,Земли населенных пунктов,Учтенный,"Местоположение установлено относительно ориентира, расположенного в границах участка. Почтовый адрес ориентира: Российская Федерация, Республика Татарстан (Татарстан), м.р-н Лаишевский, с.п. Кирбинское, д Травкино, ул Озерная, з/у 11В.",Частная,для ведения личного подсобного хозяйства,ЛПХ,0,нет,16:24:110201,720258.58,1078.2314,,,,,нет,нет,нет,нет,да,да,нет,да,55.55074368269189,49.26277547322854
16:24:110201:653,1251.0,Земли населенных пунктов,Учтенный,"Российская Федерация, Республика Татарстан (Татарстан), м.р-н Лаишевский, с.п. Кирбинское, д Травкино, ул Пушкина, з/у 3б",Частная,Для ведения личного подсобного хозяйства,ЛПХ,0,нет,16:24:110201,1269986.55,1015.1771,,,,,нет,нет,нет,нет,да,да,нет,да,55.550857946620276,49.265680820009095
16:24:110201:332,760.0,Земли населенных пунктов,Учтенный,"Местоположение установлено относительно ориентира, расположенного в границах участка. Почтовый адрес ориентира: Республика Татарстан, Лаишевский муниципальный район, Кирбинское сельское поселение, д Травкино, ул. Травкинская, д. 43.",Частная,Для ведения личного подсобного хозяйства,ЛПХ,0,нет,16:24:110201,827730.29,1089.1188,,,,,нет,нет,нет,нет,да,да,нет,да,55.54949150220405,49.25984671754258
16:24:110201:668,1208.0,Земли населенных пунктов,Учтенный,"Российская Федерация, Республика Татарстан (Татарстан), м.р-н Лаишевский, с.п. Кирбинское, д Травкино, ул Озерная, з/у 19А",Частная,для ведения личного подсобного хозяйства,ЛПХ,0,нет,16:24:110201,1232550.91,1020.32,,,,,нет,нет,нет,нет,да,да,нет,да,55.54946142810411,49.26492649895687
16:24:110302:696,825.0,Земли населенных пунктов,Учтенный,"Российская Федерация, Республика Татарстан (Татарстан), м.р-н Лаишевский, с.п. Кирбинское, д Травкино, ул Березовая, з/у 42",Частная,Для индивидуального жилищного строительства,ИЖС,0,нет,16:24:110302,737418.74,893.8409,,,,,нет,да,нет,нет,нет,да,нет,да,55.555695692750625,49.28151779824855
16:24:110302:722,800.0,Земли населенных пунктов,Учтенный,"Российская Федерация, Республика Татарстан (Татарстан), м.р-н Лаишевский, с.п. Кирбинское, д Травкино, ул Сююмбике, з/у 18",Частная,Для индивидуального жилищного строительства,ИЖС,0,нет,16:24:110302,765881.76,957.3522,,,,,нет,да,нет,нет,нет,да,нет,да,55.55293917789824,49.27457085603284
16:24:110201:115,1877.0,Земли населенных пунктов,Ранее учтенный,"Местоположение установлено относительно ориентира, расположенного в границах участка. Почтовый адрес ориентира: Российская Федерация, Республика Татарстан (Татарстан), м.р-н Лаишевский, с.п. Кирбинское, д Травкино, ул Толстого, з/у 4.",Частная,Под строительство жилого дома и приусадебного участка,ЖИЛОЙ,0,нет,16:24:110201,1831045.03,975.52,,,,,нет,нет,нет,нет,нет,да,нет,да,55.54973224039028,49.26758638551495
16:24:110302:1433,626.0,Земли населенных пунктов,Учтенный,"Местоположение установлено относительно ориентира, расположенного в границах участка. Почтовый адрес ориентира: Российская Федерация, Республика Татарстан, Лаишевский муниципальный район, Кирбинское сельское поселение, д Травкино.",Частная,Для индивидуального жилищного строительства,ИЖС,0,нет,16:24:110302,618340.33,987.76,,,,,нет,да,нет,нет,нет,да,нет,да,55.55148988530027,49.26995020739305
16:24:110302:402,633.0,Земли населенных пунктов,Учтенный,"Местоположение установлено относительно ориентира, расположенного в границах участка. Почтовый адрес ориентира: Российская Федерация, Республика Татарстан (Татарстан), м.р-н Лаишевский, с.п. Кирбинское, д Травкино, ул Цветочная, з/у 1.",Частная,индивидуальные жилые дома с приусадебными земельными участками,ЖИЛОЙ,0,нет,16:24:110302,655309.9,1035.2447,,,,,нет,нет,нет,нет,нет,да,нет,да,55.54343390456853,49.25901873405449
16:24:110302:1369,1415.0,Земли населенных пунктов,Учтенный,"Местоположение установлено относительно ориентира, расположенного в границах участка. Почтовый адрес ориентира: Российская Федерация, Республика Татарстан, Лаишевский муниципальный район, Кирбинское сельское поселение, д Травкино.",Частная,Для индивидуального жилищного строительства,ИЖС,0,нет,16:24:110302,1361859.25,962.4447,,,,,нет,да,нет,нет,нет,да,нет,да,55.55013945035275,49.26906949503466
16:24:110201:250,1870.0,Земли населенных пунктов,Учтенный,"Местоположение установлено относительно ориентира, расположенного в границах участка. Почтовый адрес ориентира: Российская Федерация, Республика Татарстан (Татарстан), м.р-н Лаишевский, с.п. Кирбинское, д Травкино, ул Пушкина, з/у 5.",Частная,для ведения личного подсобного хозяйства,ЛПХ,0,нет,16:24:110201,1879584.87,1005.1256,,,,,нет,нет,нет,нет,да,да,нет,да,55.55096409223919,49.266538044785456
16:24:110302:640,991.0,Земли населенных пунктов,Учтенный,"Республика Татарстан, Лаишевский муниципальный район, Кирбинское сельское поселение, д Травкино",Частная,Для индивидуального жилищного строительства,ИЖС,0,нет,16:24:110302,1010818.32,1019.9983,,,,,нет,да,нет,нет,нет,да,нет,да,55.55339737856791,49.27045599595715
16:24:110302:650,987.0,Земли населенных пунктов,Учтенный,"Местоположение установлено относительно ориентира, расположенного в границах участка. Почтовый адрес ориентира: Российская Федерация, Республика Татарстан (Татарстан), м.р-н Лаишевский, с.п. Кирбинское, д Травкино, ул Березовая, з/у 17.",Частная,Для индивидуального жилищного строительства,ИЖС,0,нет,16:24:110302,974742.84,987.5814,,,,,нет,да,нет,нет,нет,да,нет,да,55.553980538473795,49.2735334795659
16:24:110302:812,600.0,Земли населенных пунктов,Учтенный,"Российская Федерация, Республика Татарстан (Татарстан), м.р-н Лаишевский, с.п. Кирбинское, д Травкино, ул Сююмбике, з/у 55",Частная,Для индивидуального жилищного строительства,ИЖС,0,нет,16:24:110302,530136.06,883.5601,,,,,нет,да,нет,нет,нет,да,нет,да,55.55405230817918,49.280909789496675
16:24:110302:880,859.0,Земли населенных пунктов,Учтенный,"Российская Федерация, Республика Татарстан (Татарстан), м.р-н Лаишевский, с.п. Кирбинское, д Травкино, ул Свободы, з/у 21",Частная,Для индивидуального жилищного строительства,ИЖС,0,нет,16:24:110302,782803.78,911.2966,,,,,нет,да,нет,нет,нет,да,нет,да,55.55229362025895,49.27913212404937
16:24:110302:921,607.0,Земли населенных пунктов,Учтенный,"Российская Федерация, Республика Татарстан (Татарстан), м.р-н Лаишевский, с.п. Кирбинское, д Травкино, ул Дружбы, з/у 2",Частная,для индивидуального жилищного строительства,ИЖС,0,нет,16:24:110302,631967.67,1041.1329,,,,,нет,да,нет,нет,нет,да,нет,да,55.55270111590232,49.26818072056049
16:24:110201:5,,Земли населенных пунктов,Ранее учтенный,"Местоположение установлено относительно ориентира, расположенного в границах участка. Почтовый адрес ориентира: Российская Федерация, Республика Татарстан (Татарстан), м.р-н Лаишевский, с.п. Кирбинское, д Травкино, ул Придорожная, з/у 3.",,Ведение личного подсобного хозяйства,ЛПХ,0,нет,16:24:110201,1130141.2,1130.1412,,,,,да,нет,нет,нет,да,да,нет,да,55.55166650152153,49.25936768957217
16:24:110302:923,835.0,Земли населенных пунктов,Учтенный,"Российская Федерация, Республика Татарстан (Татарстан), м.р-н Лаишевский, с.п. Кирбинское, д Травкино, ул Мира, з/у 18",Частная,Для индивидуального жилищного строительства,ИЖС,0,нет,16:24:110302,749185.05,897.2276,,,,,нет,да,нет,нет,нет,да,нет,да,55.5523241434979,49.28027139734334
16:24:110302:701,800.0,Земли населенных пунктов,Учтенный,"Российская Федерация, Республика Татарстан (Татарстан), м.р-н Лаишевский, с.п. Кирбинское, д Травкино, ул Дружбы, з/у 70",Частная,Для индивидуального жилищного строительства,ИЖС,0,нет,16:24:110302,725387.6,906.7345,,,,,нет,да,нет,нет,нет,да,нет,да,55.555036683232096,49.280260675317024
16:24:110302:664,1014.0,Земли населенных пунктов,Учтенный,"Российская Федерация, Республика Татарстан (Татарстан), м.р-н Лаишевский, с.п. Кирбинское, д Травкино, ул Березовая, з/у 24",Частная,Для индивидуального жилищного строительства,ИЖС,0,нет,16:24:110302,986428.33,972.809,,,,,нет,да,нет,нет,нет,да,нет,да,55.554530443145225,49.27577111749611
16:24:110302:753,600.0,Земли населенных пунктов,Учтенный,"Российская Федерация, Республика Татарстан (Татарстан), м.р-н Лаишевский, с.п. Кирбинское, д Травкино, ул Дружбы, з/у 49",Частная,Для индивидуального жилищного строительства,ИЖС,0,нет,16:24:110302,532179.3,886.9655,,,,,нет,да,нет,нет,нет,да,нет,да,55.55475022546494,49.28112625325424
16:24:110302:755,918.0,Земли населенных пунктов,Учтенный,"Российская Федерация, Республика Татарстан (Татарстан), м.р-н Лаишевский, с.п. Кирбинское, д Травкино, ул Дружбы, з/у 53",Частная,Для индивидуального жилищного строительства,ИЖС,0,нет,16:24:110302,814271.88,887.0064,,,,,нет,да,нет,нет,нет,да,нет,да,55.554889358648175,49.28178299124412
16:24:110302:1256,600.0,Земли населенных пунктов,Учтенный,"Местоположение установлено относительно ориентира, расположенного в границах участка. Почтовый адрес ориентира: Российская Федерация, Республика Татарстан (Татарстан), м.р-н Лаишевский, с.п. Кирбинское, д Травкино, ул Свободы, з/у 10.",Частная,Для индивидуального жилищного строительства,ИЖС,0,нет,16:24:110302,565290.12,942.1502,,,,,нет,да,нет,нет,нет,да,нет,да,55.55207947639358,49.27603434659478
16:24:110302:665,1014.0,Земли населенных пунктов,Учтенный,"Российская Федерация, Республика Татарстан (Татарстан), м.р-н Лаишевский, с.п. Кирбинское, д Травкино, ул Березовая, з/у 25",Частная,Для индивидуального жилищного строительства,ИЖС,0,нет,16:24:110302,988649.9,974.9999,,,,,нет,да,нет,нет,нет,да,нет,да,55.554593341381995,49.27606797944905
16:24:110302:1307,1000.0,Земли населенных пунктов,Учтенный,"Местоположение установлено относительно ориентира, расположенного в границах участка. Почтовый адрес ориентира: Российская Федерация, Республика Татарстан, Лаишевский муниципальный район, Кирбинское сельское поселение, д Травкино.",Частная,Для индивидуального жилищного строительства,ИЖС,0,нет,16:24:110302,1020608.5,1020.6085,,,,,нет,да,нет,нет,нет,да,нет,да,55.552320831996994,49.26826755338229
16:24:110201:94,1000.0,Земли населенных пунктов,Ранее учтенный,"Местоположение установлено относительно ориентира, расположенного в границах участка. Почтовый адрес ориентира: Российская Федерация, Республика Татарстан (Татарстан), м.р-н Лаишевский, с.п. Кирбинское, д Травкино, ул Пушкина, з/у 12.",,Ведение личного подсобного хозяйства с правом строительства жилого дома,ЛПХ,0,нет,16:24:110201,1048769.5,1048.77,,,,,да,нет,нет,нет,да,да,нет,да,55.55114243144899,49.26844562370595
16:24:110302:1434,626.0,Земли населенных пунктов,Учтенный,"Местоположение установлено относительно ориентира, расположенного в границах участка. Почтовый адрес ориентира: Российская Федерация, Республика Татарстан, Лаишевский муниципальный район, Кирбинское сельское поселение, д Травкино.",Частная,Для индивидуального жилищного строительства,ИЖС,0,нет,16:24:110302,617143.29,985.85,,,,,нет,да,нет,нет,нет,да,нет,да,55.55153930341388,49.270222143471905
16:24:110302:668,1016.0,Земли населенных пунктов,Учтенный,"Местоположение установлено относительно ориентира, расположенного в границах участка. Почтовый адрес ориентира: Российская Федерация, Республика Татарстан (Татарстан), м.р-н Лаишевский, с.п. Кирбинское, д Травкино, ул Березовая, з/у 28.",Частная,Для индивидуального жилищного строительства,ИЖС,0,нет,16:24:110302,964694.34,949.5023,,,,,нет,да,нет,нет,нет,да,нет,да,55.554782553413226,49.27695822559772
16:24:110302:771,915.0,Земли населенных пунктов,Учтенный,"Российская Федерация, Республика Татарстан (Татарстан), м.р-н Лаишевский, с.п. Кирбинское, д Травкино, ул Сююмбике, з/у 17",Частная,Для индивидуального жилищного строительства,ИЖС,0,нет,16:24:110302,876903.24,958.3642,,,,,нет,да,нет,нет,нет,да,нет,да,55.552544395889356,49.27506071851072
16:24:110302:946,850.0,Земли населенных пунктов,Учтенный,"Местоположение установлено относительно ориентира, расположенного в границах участка. Почтовый адрес ориентира: Российская Федерация, Республика Татарстан (Татарстан), м.р-н Лаишевский, с.п. Кирбинское, д Травкино, ул Дружбы, з/у 11.",Частная,Для индивидуального жилищного строительства,ИЖС,0,нет,16:24:110302,812388.18,955.7508,,,,,нет,да,нет,нет,нет,да,нет,да,55.553343458586,49.27432765752774
16:24:110201:72,962.0,Земли населенных пунктов,Ранее учтенный,"Российская Федерация, Республика Татарстан (Татарстан), м.р-н Лаишевский, с.п. Кирбинское, д Травкино, ул Травкинская, з/у 11",,Для ведения личного подсобного хозяйства,ЛПХ,0,нет,16:24:110201,993887.9,1033.15,,,,,да,нет,нет,нет,да,да,нет,да,55.55243783904676,49.266049172445875
16:24:110201:280,2195.0,Земли населенных пунктов,Учтенный,"Местоположение установлено относительно ориентира, расположенного в границах участка. Почтовый адрес ориентира: Российская Федерация, Республика Татарстан (Татарстан), м.р-н Лаишевский, с.п. Кирбинское, д Травкино, ул Травкинская, з/у 31А.",,для ведения личного подсобного хозяйства (приусадебные участки),ЛПХ,0,нет,16:24:110201,2381308.75,1084.8787,,,,,да,нет,нет,нет,да,да,нет,да,55.55200919383138,49.26296552410456
16:24:110201:6,1107.0,Земли населенных пунктов,Ранее учтенный,"Местоположение установлено относительно ориентира, расположенного в границах участка. Почтовый адрес ориентира: Российская Федерация, Республика Татарстан (Татарстан), м.р-н Лаишевский, с.п. Кирбинское, д Травкино, ул Придорожная, з/у 2.",Частная,магазины,ДРУГОЕ,0,нет,16:24:110201,1019938.1,921.35,,,,,нет,нет,нет,нет,нет,нет,нет,да,55.55161025904575,49.25974323459641
16:24:110302:1424,626.0,Земли населенных пунктов,Учтенный,"Местоположение установлено относительно ориентира, расположенного в границах участка. Почтовый адрес ориентира: Российская Федерация, Республика Татарстан, Лаишевский муниципальный район, Кирбинское сельское поселение, д Травкино.",Частная,Для индивидуального жилищного строительства,ИЖС,0,нет,16:24:110302,629261.02,1005.2093,,,,,нет,да,нет,нет,нет,да,нет,да,55.551272894291415,49.26905438962253
16:24:110302:694,904.0,Земли населенных пунктов,Учтенный,"Российская Федерация, Республика Татарстан (Татарстан), м.р-н Лаишевский, с.п. Кирбинское, д Травкино, ул Березовая, з/у 40",Частная,Для индивидуального жилищного строительства,ИЖС,0,нет,16:24:110302,808032.17,893.8409,,,,,нет,да,нет,нет,нет,да,нет,да,55.55558988880737,49.28091082409811
16:24:110302:698,800.0,Земли населенных пунктов,Учтенный,"Местоположение установлено относительно ориентира, расположенного в границах участка. Почтовый адрес ориентира: Российская Федерация, Республика Татарстан (Татарстан), м.р-н Лаишевский, с.п. Кирбинское, д Травкино, ул Дружбы, з/у 64.",Частная,Для индивидуального жилищного строительства,ИЖС,0,нет,16:24:110302,730816.8,913.521,,,,,нет,да,нет,нет,нет,да,нет,да,55.55484803463975,49.279370157453386
16:24:110302:715,800.0,Земли населенных пунктов,Учтенный,"Местоположение установлено относительно ориентира, расположенного в границах участка. Почтовый адрес ориентира: Российская Федерация, Республика Татарстан (Татарстан), м.р-н Лаишевский, с.п. Кирбинское, д Травкино, ул Сююмбике, з/у 4.",Частная,Для индивидуального жилищного строительства,ИЖС,0,нет,16:24:110302,795024.16,993.7802,,,,,нет,да,нет,нет,нет,да,нет,да,55.55248005917749,49.272283890033606
16:24:110302:743,500.0,Земли населенных пунктов,Учтенный,"Местоположение установлено относительно ориентира, расположенного в границах участка. Почтовый адрес ориентира: Российская Федерация, Республика Татарстан (Татарстан), м.р-н Лаишевский, с.п. Кирбинское, д Травкино, ул Сююмбике, з/у 36.",Частная,Для индивидуального жилищного строительства,ИЖС,0,нет,16:24:110302,462773.05,925.5461,,,,,нет,да,нет,нет,нет,да,нет,да,55.553721750078445,49.277539474996196
16:24:110302:790,600.0,Земли населенных пунктов,Учтенный,"Российская Федерация, Республика Татарстан (Татарстан), м.р-н Лаишевский, с.п. Кирбинское, д Травкино, ул Сююмбике, з/у 39",Частная,Для индивидуального жилищного строительства,ИЖС,0,нет,16:24:110302,547243.86,912.0731,,,,,нет,да,нет,нет,нет,да,нет,да,55.553508263550704,49.27834211551901
16:24:110302:884,600.0,Земли населенных пунктов,Учтенный,"Российская Федерация, Республика Татарстан (Татарстан), м.р-н Лаишевский, с.п. Кирбинское, д Травкино, ул Мира, з/у 4",Частная,Для индивидуального жилищного строительства,ИЖС,0,нет,16:24:110302,556767.54,927.9459,,,,,нет,да,нет,нет,нет,да,нет,да,55.551528222954424,49.276736227722225
16:24:110302:645,995.0,Земли населенных пунктов,Учтенный,"Российская Федерация, Республика Татарстан (Татарстан), м.р-н Лаишевский, с.п. Кирбинское, д Травкино, ул Березовая, з/у 13",Частная,Для индивидуального жилищного строительства,ИЖС,0,нет,16:24:110302,999476.9,1004.4994,,,,,нет,да,нет,нет,нет,да,нет,да,55.553712898391964,49.27193957056104
16:24:110302:706,1209.0,Земли населенных пунктов,Учтенный,"Российская Федерация, Республика Татарстан (Татарстан), м.р-н Лаишевский, с.п. Кирбинское, д Травкино, ул Дружбы, з/у 80",Частная,Для индивидуального жилищного строительства,ИЖС,0,нет,16:24:110302,1078917.16,892.4046,,,,,нет,да,нет,нет,нет,да,нет,да,55.55539063286444,49.28181053195101
16:24:110302:829,600.0,Земли населенных пунктов,Учтенный,"Местоположение установлено относительно ориентира, расположенного в границах участка. Почтовый адрес ориентира: Российская Федерация, Республика Татарстан (Татарстан), м.р-н Лаишевский, с.п. Кирбинское, д Травкино, ул Свободы, з/у 6.",Частная,Для индивидуального жилищного строительства,ИЖС,0,нет,16:24:110302,570270.78,950.4513,,,,,нет,да,нет,нет,нет,да,нет,да,55.551660377256084,49.27541426996114
16:24:110302:857,600.0,Земли населенных пунктов,Учтенный,"Местоположение установлено относительно ориентира, расположенного в границах участка. Почтовый адрес ориентира: Российская Федерация, Республика Татарстан (Татарстан), м.р-н Лаишевский, с.п. Кирбинское, д Травкино, ул Свободы, з/у 32.",Частная,Для индивидуального жилищного строительства,ИЖС,0,нет,16:24:110302,539803.74,899.6729,,,,,нет,да,нет,нет,нет,да,нет,да,55.55280955513624,49.27947947662146
16:24:110302:820,500.0,Земли населенных пунктов,Учтенный,"Российская Федерация, Республика Татарстан (Татарстан), м.р-н Лаишевский, с.п. Кирбинское, д Травкино, ул Победы, з/у 54",Частная,Для индивидуального жилищного строительства,ИЖС,0,нет,16:24:110302,441780.05,883.5601,,,,,нет,да,нет,нет,нет,да,нет,да,55.55387964026569,49.281361982597865
16:24:110201:88,1080.0,Земли населенных пунктов,Ранее учтенный,"Местоположение установлено относительно ориентира, расположенного в границах участка. Почтовый адрес ориентира: Российская Федерация, Республика Татарстан (Татарстан), м.р-н Лаишевский, с.п. Кирбинское, д Травкино, ул Травкинская, з/у 2.",Частная,Ведение личного подсобного хозяйства,ЛПХ,0,нет,16:24:110201,1101569.98,1019.9722,,,,,нет,нет,нет,нет,да,да,нет,да,55.5522185636921,49.26758089360162
16:24:110302:632,727.0,Земли населенных пунктов,Учтенный,"Местоположение установлено относительно ориентира, расположенного в границах участка. Почтовый адрес ориентира: Российская Федерация, Республика Татарстан (Татарстан), м.р-н Лаишевский, с.п. Кирбинское, д Травкино, ул Березовая, з/у 6.",Частная,"для индивидуальной жилой застройки, для индивидуального жилищного строительства, магазины, Бытовое обслуживание",ИЖС,0,нет,16:24:110302,754395.32,1037.6827,,,,,нет,да,нет,нет,нет,да,нет,да,55.55321210428921,49.26934330568497
16:24:110302:647,969.0,Земли населенных пунктов,Учтенный,"Российская Федерация, Республика Татарстан (Татарстан), м.р-н Лаишевский, с.п. Кирбинское, д Травкино, ул Березовая, з/у 15",Частная,Для индивидуального жилищного строительства,ИЖС,0,нет,16:24:110302,957509.5,988.1419,,,,,нет,да,нет,нет,нет,да,нет,да,55.553766124485975,49.272613839919465
16:24:110302:681,800.0,Земли населенных пунктов,Учтенный,"Российская Федерация, Республика Татарстан (Татарстан), м.р-н Лаишевский, с.п. Кирбинское, д Травкино, ул Дружбы, з/у 46",Частная,Для индивидуального жилищного строительства,ИЖС,0,нет,16:24:110302,749112.96,936.3912,,,,,нет,да,нет,нет,нет,да,нет,да,55.554328642175655,49.276919292966056
16:24:110302:855,600.0,Земли населенных пунктов,Учтенный,"Российская Федерация, Республика Татарстан (Татарстан), м.р-н Лаишевский, с.п. Кирбинское, д Травкино, ул Свободы, з/у 28",Частная,Для индивидуального жилищного строительства,ИЖС,0,нет,16:24:110302,547959.78,913.2663,,,,,нет,да,нет,нет,нет,да,нет,да,55.55268373836102,49.27888583287689
16:24:110302:705,800.0,Земли населенных пунктов,Учтенный,"Российская Федерация, Республика Татарстан (Татарстан), м.р-н Лаишевский, с.п. Кирбинское, д Травкино, ул Дружбы, з/у 78",Частная,Для индивидуального жилищного строительства,ИЖС,0,нет,16:24:110302,711817.12,889.7714,,,,,нет,да,нет,нет,нет,да,нет,да,55.555288282189636,49.28144817297153
16:24:110302:777,600.0,Земли населенных пунктов,Учтенный,"Российская Федерация, Республика Татарстан (Татарстан), м.р-н Лаишевский, с.п. Кирбинское, д Травкино, ул Победы, з/у 12",Частная,Для индивидуального жилищного строительства,ИЖС,0,нет,16:24:110302,575021.04,958.3684,,,,,нет,да,нет,нет,нет,да,нет,да,55.55223161583493,49.27471610298739
16:24:110302:815,684.0,Земли населенных пунктов,Учтенный,"Местоположение установлено относительно ориентира, расположенного в границах участка. Почтовый адрес ориентира: Российская Федерация, Республика Татарстан (Татарстан), м.р-н Лаишевский, с.п. Кирбинское, д Травкино, ул Сююмбике, з/у 61.",Частная,Для индивидуального жилищного строительства,ИЖС,0,нет,16:24:110302,604165.37,883.2827,,,,,нет,да,нет,нет,нет,да,нет,да,55.554244558256435,49.28181711602579
16:24:110302:900,81.0,Земли населенных пунктов,Учтенный,"Местоположение установлено относительно ориентира, расположенного в границах участка. Почтовый адрес ориентира: Республика Татарстан, Лаишевский муниципальный район, Кирбинское сельское поселение, д Травкино.",Частная,Для индивидуального жилищного строительства,ИЖС,0,нет,16:24:110302,79017.73,975.5275,,,,,нет,да,нет,нет,нет,да,нет,да,55.554694155075154,49.27422702721913
16:24:110302:700,800.0,Земли населенных пунктов,Учтенный,"Российская Федерация, Республика Татарстан (Татарстан), м.р-н Лаишевский, с.п. Кирбинское, д Травкино, ул Дружбы, з/у 68",Частная,Для индивидуального жилищного строительства,ИЖС,0,нет,16:24:110302,725118.8,906.3985,,,,,нет,да,нет,нет,нет,да,нет,да,55.554973795164116,49.279963803354065
16:24:110302:868,600.0,Земли населенных пунктов,Учтенный,"Российская Федерация, Республика Татарстан (Татарстан), м.р-н Лаишевский, с.п. Кирбинское, д Травкино, ул Свободы, з/у 44",Частная,Для индивидуального жилищного строительства,ИЖС,0,нет,16:24:110302,529558.74,882.5979,,,,,нет,да,нет,нет,нет,да,нет,да,55.55322780758085,49.28145349245883
16:24:110302:1407,790.0,Земли населенных пунктов,Учтенный,"Местоположение установлено относительно ориентира, расположенного в границах участка. Почтовый адрес ориентира: Российская Федерация, Республика Татарстан, Лаишевский муниципальный район, Кирбинское сельское поселение, д Травкино.",Частная,Для индивидуального жилищного строительства,ИЖС,0,нет,16:24:110302,767443.52,971.4475,,,,,нет,да,нет,нет,нет,да,нет,да,55.5502354602703,49.26850679732424
16:24:110201:252,1114.0,Земли населенных пунктов,Учтенный,"Местоположение установлено относительно ориентира, расположенного в границах участка. Почтовый адрес ориентира: Российская Федерация, Республика Татарстан (Татарстан), м.р-н Лаишевский, с.п. Кирбинское, д Травкино, ул Пушкина, з/у 5А.",,для ведения личного подсобного хозяйства,ЛПХ,0,нет,16:24:110201,1117870.48,1003.4744,,,,,да,нет,нет,нет,да,да,нет,да,55.55069842469568,49.266155135011005
16:24:110302:479,733.0,Земли населенных пунктов,Учтенный,"Местоположение установлено относительно ориентира, расположенного в границах участка. Почтовый адрес ориентира: Российская Федерация, Республика Татарстан (Татарстан), м.р-н Лаишевский, с.п. Кирбинское, д Травкино, ул Вишневая, з/у 1.",Частная,индивидуальные жилые дома с приусадебными земельными участками,ЖИЛОЙ,0,нет,16:24:110302,789768.94,1077.4474,,,,,нет,нет,нет,нет,нет,да,нет,да,55.54555528425182,49.25791374503291
16:24:110302:1368,1500.0,Земли населенных пунктов,Учтенный,"Местоположение установлено относительно ориентира, расположенного в границах участка. Почтовый адрес ориентира: Российская Федерация, Республика Татарстан, Лаишевский муниципальный район, Кирбинское сельское поселение, д Травкино.",Частная,Для индивидуального жилищного строительства,ИЖС,0,нет,16:24:110302,1463726.85,975.8179,,,,,нет,да,нет,нет,нет,да,нет,да,55.55158722486009,49.27288760176126
16:24:110302:704,800.0,Земли населенных пунктов,Учтенный,"Российская Федерация, Республика Татарстан (Татарстан), м.р-н Лаишевский, с.п. Кирбинское, д Травкино, ул Дружбы, з/у 76",Муниципальная,Для индивидуального жилищного строительства,ИЖС,0,нет,16:24:110302,710862.4,888.578,,,,,да,да,нет,нет,нет,да,нет,да,55.5552253790402,49.281151297109936
16:24:110201:240,367.0,Земли населенных пунктов,Учтенный,"Местоположение установлено относительно ориентира, расположенного в границах участка. Почтовый адрес ориентира: Российская Федерация, Республика Татарстан (Татарстан), м.р-н Лаишевский, с.п. Кирбинское, д Травкино, ул Травкинская, з/у 6б.",,Для ведения личного подсобного хозяйства,ЛПХ,0,нет,16:24:110201,374607.58,1020.7291,,,,,да,нет,нет,нет,да,да,нет,да,55.55197289733685,49.26696294629345
16:24:110302:1436,626.0,Земли населенных пунктов,Учтенный,"Местоположение установлено относительно ориентира, расположенного в границах участка. Почтовый адрес ориентира: Российская Федерация, Республика Татарстан, Лаишевский муниципальный район, Кирбинское сельское поселение, д Травкино.",Частная,Для индивидуального жилищного строительства,ИЖС,0,нет,16:24:110302,622441.88,994.32,,,,,нет,да,нет,нет,нет,да,нет,да,55.550817883375416,49.26823023843147
16:24:110302:1289,501.0,Земли населенных пунктов,Учтенный,"Местоположение установлено относительно ориентира, расположенного в границах участка. Почтовый адрес ориентира: Российская Федерация, Республика Татарстан (Татарстан), м.р-н Лаишевский, с.п. Кирбинское, д Травкино, ул Дружбы, з/у 18.",Частная,Для индивидуального жилищного строительства,ИЖС,0,нет,16:24:110302,506424.78,1010.8279,,,,,нет,да,нет,нет,нет,да,нет,да,55.553121326543355,49.2710372186335
16:24:110302:848,600.0,Земли населенных пунктов,Учтенный,"Местоположение установлено относительно ориентира, расположенного в границах участка. Почтовый адрес ориентира: Российская Федерация, Республика Татарстан (Татарстан), м.р-н Лаишевский, с.п. Кирбинское, д Травкино, ул Свободы, д. 14.",Частная,Для индивидуального жилищного строительства,ИЖС,0,нет,16:24:110302,555818.46,926.3641,,,,,нет,да,нет,нет,нет,да,нет,да,55.55226818518322,49.27692484951517
16:24:110302:852,521.0,Земли населенных пунктов,Учтенный,"Российская Федерация, Республика Татарстан (Татарстан), м.р-н Лаишевский, с.п. Кирбинское, д Травкино, ул Свободы, з/у 22",Частная,Для индивидуального жилищного строительства,ИЖС,0,нет,16:24:110302,481137.56,923.4886,,,,,нет,да,нет,нет,нет,да,нет,да,55.552499973359964,49.27801866557041
16:24:110302:631,727.0,Земли населенных пунктов,Учтенный,"Российская Федерация, Республика Татарстан (Татарстан), м.р-н Лаишевский, с.п. Кирбинское, д Травкино, ул Березовая, з/у 5",Частная,Для индивидуального жилищного строительства,ИЖС,0,нет,16:24:110302,754395.32,1037.6827,,,,,нет,да,нет,нет,нет,да,нет,да,55.55314911769401,49.269046559484885
16:24:110302:661,1011.0,Земли населенных пунктов,Учтенный,"Российская Федерация, Республика Татарстан (Татарстан), м.р-н Лаишевский, с.п. Кирбинское, д Травкино, ул Березовая, з/у 21",Частная,Для индивидуального жилищного строительства,ИЖС,0,нет,16:24:110302,986258.3,975.5275,,,,,нет,да,нет,нет,нет,да,нет,да,55.55434097066761,49.27488103964485
16:24:110302:741,658.0,Земли населенных пунктов,Учтенный,"Российская Федерация, Республика Татарстан (Татарстан), м.р-н Лаишевский, с.п. Кирбинское, д Травкино, ул Сююмбике, з/у 32",Частная,Для индивидуального жилищного строительства,ИЖС,0,нет,16:24:110302,609009.33,925.5461,,,,,нет,да,нет,нет,нет,да,нет,да,55.55356299869138,49.27679043044605
16:24:110302:480,600.0,Земли населенных пунктов,Учтенный,"Местоположение установлено относительно ориентира, расположенного в границах участка. Почтовый адрес ориентира: Российская Федерация, Республика Татарстан (Татарстан), м.р-н Лаишевский, с.п. Кирбинское, д Травкино, ул Вишневая, з/у 3.",Частная,индивидуальные жилые дома с приусадебными земельными участками,ЖИЛОЙ,0,нет,16:24:110302,649955.28,1083.2588,,,,,нет,нет,нет,нет,нет,да,нет,да,55.54563233064317,49.25823834677604
16:24:110302:663,1013.0,Земли населенных пунктов,Учтенный,"Российская Федерация, Республика Татарстан (Татарстан), м.р-н Лаишевский, с.п. Кирбинское, д Травкино, ул Березовая, з/у 23",Частная,Для индивидуального жилищного строительства,ИЖС,0,нет,16:24:110302,981565.09,968.9685,,,,,нет,да,нет,нет,нет,да,нет,да,55.55446749017134,49.27547431954123
16:24:110302:691,1002.0,Земли населенных пунктов,Учтенный,"Российская Федерация, Республика Татарстан (Татарстан), м.р-н Лаишевский, с.п. Кирбинское, д Травкино, ул Березовая, з/у 37",Частная,Для индивидуального жилищного строительства,ИЖС,0,нет,16:24:110302,909391.85,907.5767,,,,,нет,да,нет,нет,нет,да,нет,да,55.55542529500807,49.280004341271464
16:24:110201:285,1500.0,Земли населенных пунктов,Учтенный,"Местоположение установлено относительно ориентира, расположенного в границах участка. Почтовый адрес ориентира: Российская Федерация, Республика Татарстан (Татарстан), м.р-н Лаишевский, с.п. Кирбинское, д Травкино, ул Озерная, з/у 21А.",Частная,Ведение личного подсобного хозяйства,ЛПХ,0,нет,16:24:110201,1518228.6,1012.1524,,,,,нет,нет,нет,нет,да,да,нет,да,55.549324752513726,49.265834556653786
16:24:110302:472,600.0,Земли населенных пунктов,Учтенный,"Местоположение установлено относительно ориентира, расположенного в границах участка. Почтовый адрес ориентира: Российская Федерация, Республика Татарстан (Татарстан), м.р-н Лаишевский, с.п. Кирбинское, д Травкино, ул Луговая, з/у 14.",Частная,индивидуальные жилые дома с приусадебными земельными участками,ЖИЛОЙ,0,нет,16:24:110302,655069.62,1091.7827,,,,,нет,нет,нет,нет,нет,да,нет,да,55.54639846968771,49.2602356081714
16:24:110201:27,1429.0,Земли населенных пунктов,Ранее учтенный,"Местоположение установлено относительно ориентира, расположенного в границах участка. Почтовый адрес ориентира: Российская Федерация, Республика Татарстан (Татарстан), м.р-н Лаишевский, с.п. Кирбинское, д Травкино, ул Травкинская, з/у 45.",,Для личного подсобного хозяйства,ЛПХ,0,нет,16:24:110201,1522542.77,1065.4603,,,,,да,нет,нет,нет,да,да,нет,да,55.549210225749036,49.26065341647922
16:24:110302:467,600.0,Земли населенных пунктов,Учтенный,"Местоположение установлено относительно ориентира, расположенного в границах участка. Почтовый адрес ориентира: Российская Федерация, Республика Татарстан (Татарстан), м.р-н Лаишевский, с.п. Кирбинское, д Травкино, ул Вишневая, з/у 13.",Частная,индивидуальные жилые дома с приусадебными земельными участками,ЖИЛОЙ,0,нет,16:24:110302,640051.2,1066.752,,,,,нет,нет,нет,нет,нет,да,нет,да,55.546149902191836,49.26041909089695
16:24:000000:3537,1475.0,Земли населенных пунктов,Ранее учтенный,"Российская Федерация, Республика Татарстан (Татарстан), м.р-н Лаишевский, с.п. Кирбинское, д Травкино, ул Дачная, з/у 4",Частная,Для индивидуального жилищного строительства,ИЖС,0,нет,16:24:000000,1578534.68,1070.19,,,,,нет,да,нет,нет,нет,да,нет,да,55.548764183077495,49.26013689585038
16:24:110201:325,1189.0,Земли населенных пунктов,Учтенный,"Местоположение установлено относительно ориентира, расположенного в границах участка. Почтовый адрес ориентира: Российская Федерация, Республика Татарстан (Татарстан), м.р-н Лаишевский, с.п. Кирбинское, д Травкино, ул Дачная, з/у 2а.",Частная,Для ведения личного подсобного хозяйства,ЛПХ,0,нет,16:24:110201,1252498.19,1053.4047,,,,,нет,нет,нет,нет,да,да,нет,да,55.54889606960441,49.261885232476104
16:24:110302:585,450.0,Земли населенных пунктов,Учтенный,"Местоположение установлено относительно ориентира, расположенного в границах участка. Почтовый адрес ориентира: Российская Федерация, Республика Татарстан (Татарстан), м.р-н Лаишевский, с.п. Кирбинское, д Травкино, ул Вишневая, з/у 10.",Частная,индивидуальные жилые дома с приусадебными земельными участками,ЖИЛОЙ,0,нет,16:24:110302,483975.13,1075.5003,,,,,нет,нет,нет,нет,нет,да,нет,да,55.54547685433225,49.25922442580755
16:24:110302:452,594.0,Земли населенных пунктов,Учтенный,"Местоположение установлено относительно ориентира, расположенного в границах участка. Почтовый адрес ориентира: Российская Федерация, Республика Татарстан (Татарстан), м.р-н Лаишевский, с.п. Кирбинское, д Травкино, ул Рябиновая, з/у 5.",Частная,индивидуальные жилые дома с приусадебными земельными участками,ЖИЛОЙ,0,нет,16:24:110302,661546.35,1113.7144,,,,,нет,нет,нет,нет,нет,да,нет,да,55.546550045664695,49.25837358922279
16:24:110302:497,700.0,Земли населенных пунктов,Учтенный,"Местоположение установлено относительно ориентира, расположенного в границах участка. Почтовый адрес ориентира: Российская Федерация, Республика Татарстан (Татарстан), м.р-н Лаишевский, с.п. Кирбинское, д Травкино, ул Вишневая, з/у 20.",Частная,индивидуальные жилые дома с приусадебными земельными участками,ЖИЛОЙ,0,нет,16:24:110302,741980.68,1059.9724,,,,,нет,нет,нет,нет,нет,да,нет,да,55.54584646056454,49.26098668404501
16:24:110302:485,700.0,Земли населенных пунктов,Учтенный,"Местоположение установлено относительно ориентира, расположенного в границах участка. Почтовый адрес ориентира: Российская Федерация, Республика Татарстан (Татарстан), м.р-н Лаишевский, с.п. Кирбинское, д Травкино, ул Вишневая, з/у 6.",Частная,индивидуальные жилые дома с приусадебными земельными участками,ЖИЛОЙ,0,нет,16:24:110302,743558.06,1062.2258,,,,,нет,нет,нет,нет,нет,да,нет,да,55.54529672283762,49.258670410744955
16:24:110201:39,,Земли населенных пунктов,Ранее учтенный,"Местоположение установлено относительно ориентира, расположенного в границах участка. Почтовый адрес ориентира: Российская Федерация, Республика Татарстан (Татарстан), м.р-н Лаишевский, с.п. Кирбинское, д Травкино, ул Дачная, з/у 1.",,Ведение личного подсобного хозяйства,ЛПХ,0,нет,16:24:110201,1137428.78,1053.1748,,,,,да,нет,нет,нет,да,да,нет,да,55.548879089366444,49.26240397357452
16:24:110201:121,,Земли населенных пунктов,Ранее учтенный,"Местоположение установлено относительно ориентира, расположенного в границах участка. Почтовый адрес ориентира: Российская Федерация, Республика Татарстан (Татарстан), м.р-н Лаишевский, с.п. Кирбинское, д Травкино, ул Толстого, з/у 9.",,Для ведения личного подсобного хозяйства,ЛПХ,0,нет,16:24:110201,1510811.73,975.35,,,,,да,нет,нет,нет,да,да,нет,да,55.54886385784968,49.267912005958216
16:24:110201:48,1658.0,Земли населенных пунктов,Ранее учтенный,"Местоположение установлено относительно ориентира, расположенного в границах участка. Почтовый адрес ориентира: Российская Федерация, Республика Татарстан (Татарстан), м.р-н Лаишевский, с.п. Кирбинское, д Травкино, ул Тукая, з/у 5.",,Для ведения личного подсобного хозяйства,ЛПХ,0,нет,16:24:110201,1749799.98,1055.3679,,,,,да,нет,нет,нет,да,да,нет,да,55.54783753455337,49.26243649397264
16:24:110302:736,500.0,Земли населенных пунктов,Учтенный,"Российская Федерация, Республика Татарстан (Татарстан), м.р-н Лаишевский, с.п. Кирбинское, д Травкино, ул Сююмбике, з/у 22",Частная,Для индивидуального жилищного строительства,ИЖС,0,нет,16:24:110302,473056.9,946.1138,,,,,нет,да,нет,нет,нет,да,нет,да,55.55324051717413,49.27526862423619
16:24:110201:46,1305.0,Земли населенных пунктов,Ранее учтенный,"Местоположение установлено относительно ориентира, расположенного в границах участка. Почтовый адрес ориентира: Российская Федерация, Республика Татарстан (Татарстан), м.р-н Лаишевский, с.п. Кирбинское, д Травкино, ул Тукая, з/у 4.",,Для ведения личного подсобного хозяйства,ЛПХ,0,нет,16:24:110201,1361970.82,1043.6558,,,,,да,нет,нет,нет,да,да,нет,да,55.54810183295151,49.26237848873946
16:24:110302:483,765.0,Земли населенных пунктов,Учтенный,"Местоположение установлено относительно ориентира, расположенного в границах участка. Почтовый адрес ориентира: Российская Федерация, Республика Татарстан (Татарстан), м.р-н Лаишевский, с.п. Кирбинское, д Травкино, ул Вишневая, з/у 2.",Частная,индивидуальные жилые дома с приусадебными земельными участками,ЖИЛОЙ,0,нет,16:24:110302,812602.74,1062.2258,,,,,нет,нет,нет,нет,нет,да,нет,да,55.54514861727326,49.258056806463145
16:24:110302:587,500.0,Земли населенных пунктов,Учтенный,"Местоположение установлено относительно ориентира, расположенного в границах участка. Почтовый адрес ориентира: Российская Федерация, Республика Татарстан (Татарстан), м.р-н Лаишевский, с.п. Кирбинское, д Травкино, ул Вишневая, з/у 10А.",Частная,индивидуальные жилые дома с приусадебными земельными участками,ЖИЛОЙ,0,нет,16:24:110302,537750.15,1075.5003,,,,,нет,нет,нет,нет,нет,да,нет,да,55.545278219310696,49.25938088512756
16:24:110302:458,716.0,Земли населенных пунктов,Учтенный,"Местоположение установлено относительно ориентира, расположенного в границах участка. Почтовый адрес ориентира: Российская Федерация, Республика Татарстан (Татарстан), м.р-н Лаишевский, с.п. Кирбинское, д Травкино, ул Луговая, з/у 9.",Частная,индивидуальные жилые дома с приусадебными земельными участками,ЖИЛОЙ,0,нет,16:24:110302,782497.78,1092.874,,,,,нет,нет,нет,нет,нет,да,нет,да,55.54681300901349,49.26006090326863
16:24:110302:491,700.0,Земли населенных пунктов,Учтенный,"Местоположение установлено относительно ориентира, расположенного в границах участка. Почтовый адрес ориентира: Российская Федерация, Республика Татарстан (Татарстан), м.р-н Лаишевский, с.п. Кирбинское, д Травкино, ул Солнечная, з/у 3.",Частная,индивидуальные жилые дома с приусадебными земельными участками,ЖИЛОЙ,0,нет,16:24:110302,743558.06,1062.2258,,,,,нет,нет,нет,нет,нет,да,нет,да,55.544937350439376,49.25859231655321
16:24:110302:484,700.0,Земли населенных пунктов,Учтенный,"Местоположение установлено относительно ориентира, расположенного в границах участка. Почтовый адрес ориентира: Российская Федерация, Республика Татарстан (Татарстан), м.р-н Лаишевский, с.п. Кирбинское, д Травкино, ул Вишневая, з/у 4.",Частная,индивидуальные жилые дома с приусадебными земельными участками,ЖИЛОЙ,0,нет,16:24:110302,743558.06,1062.2258,,,,,нет,нет,нет,нет,нет,да,нет,да,55.54522732481007,49.25837820391005
16:24:110302:623,1046.0,Земли населенных пунктов,Учтенный,"Местоположение установлено относительно ориентира, расположенного в границах участка. Почтовый адрес ориентира: Республика Татарстан, Лаишевский муниципальный район, Кирбинское сельское поселение.",Частная,индивидуальные жилые дома с приусадебными земельными участками,ЖИЛОЙ,0,нет,16:24:110302,1031168.98,985.8212,,,,,нет,нет,нет,нет,нет,да,нет,да,55.5428814841705,49.26334469228732
16:24:110302:434,800.0,Земли населенных пунктов,Учтенный,"Местоположение установлено относительно ориентира, расположенного в границах участка. Почтовый адрес ориентира: Российская Федерация, Республика Татарстан (Татарстан), м.р-н Лаишевский, с.п. Кирбинское, д Травкино, ул Светлая, з/у 4.",Частная,индивидуальные жилые дома с приусадебными земельными участками,ЖИЛОЙ,0,нет,16:24:110302,808973.84,1011.2173,,,,,нет,нет,нет,нет,нет,да,нет,да,55.54249866917379,49.2600836928746
16:24:110302:417,795.0,Земли населенных пунктов,Учтенный,"Местоположение установлено относительно ориентира, расположенного в границах участка. Почтовый адрес ориентира: Российская Федерация, Республика Татарстан (Татарстан), м.р-н Лаишевский, с.п. Кирбинское, д Травкино, ул Рябиновая, з/у 16.",Частная,индивидуальные жилые дома с приусадебными земельными участками,ЖИЛОЙ,0,нет,16:24:110302,811825.38,1021.164,,,,,нет,нет,нет,нет,нет,да,нет,да,55.54324642877092,49.26165130057668
16:24:110302:428,800.0,Земли населенных пунктов,Учтенный,"Местоположение установлено относительно ориентира, расположенного в границах участка. Почтовый адрес ориентира: Российская Федерация, Республика Татарстан (Татарстан), м.р-н Лаишевский, с.п. Кирбинское, д Травкино, ул Светлая, з/у 16.",Частная,индивидуальные жилые дома с приусадебными земельными участками,ЖИЛОЙ,0,нет,16:24:110302,790881.12,988.6014,,,,,нет,нет,нет,нет,нет,да,нет,да,55.5432120380141,49.263089294860414
16:24:110302:432,800.0,Земли населенных пунктов,Учтенный,"Местоположение установлено относительно ориентира, расположенного в границах участка. Почтовый адрес ориентира: Российская Федерация, Республика Татарстан (Татарстан), м.р-н Лаишевский, с.п. Кирбинское, д Травкино, ул Светлая, з/у 10.",Частная,индивидуальные жилые дома с приусадебными земельными участками,ЖИЛОЙ,0,нет,16:24:110302,801979.52,1002.4744,,,,,нет,нет,нет,нет,нет,да,нет,да,55.54275882529432,49.26117964631526
16:24:110302:399,700.0,Земли населенных пунктов,Учтенный,"Местоположение установлено относительно ориентира, расположенного в границах участка. Почтовый адрес ориентира: Российская Федерация, Республика Татарстан (Татарстан), м.р-н Лаишевский, с.п. Кирбинское, д Травкино, ул Радужная, з/у 6.",Частная,индивидуальные жилые дома с приусадебными земельными участками,ЖИЛОЙ,0,нет,16:24:110302,721538.86,1030.7698,,,,,нет,нет,нет,нет,нет,да,нет,да,55.54382123731917,49.25940775657349
16:24:110302:763,678.0,Земли населенных пунктов,Учтенный,"Российская Федерация, Республика Татарстан (Татарстан), м.р-н Лаишевский, с.п. Кирбинское, д Травкино, ул Сююмбике, з/у 1",Частная,Для индивидуального жилищного строительства,ИЖС,0,нет,16:24:110302,662299.83,976.8434,,,,,нет,да,нет,нет,нет,да,нет,да,55.55200166036248,49.272649215881195
16:24:110302:1004,967.0,Земли населенных пунктов,Учтенный,"Российская Федерация, Республика Татарстан (Татарстан), м.р-н Лаишевский, с.п. Кирбинское, д Травкино, ул Мира, з/у 49",Частная,Для индивидуального жилищного строительства,ИЖС,0,нет,16:24:110302,796347.03,823.5233,,,,,нет,да,нет,нет,нет,да,нет,да,55.550577327395075,49.280883194423694
16:24:110201:53,1466.0,Земли населенных пунктов,Ранее учтенный,"Местоположение установлено относительно ориентира, расположенного в границах участка. Почтовый адрес ориентира: Российская Федерация, Республика Татарстан (Татарстан), м.р-н Лаишевский, с.п. Кирбинское, д Травкино, ул Озерная, з/у 20.",Частная,Для ведения личного подсобного хозяйства,ЛПХ,0,нет,16:24:110201,1512023.6,1031.39,,,,,нет,нет,нет,нет,да,да,нет,да,55.5485124400585,49.26379225850335
16:24:110302:994,500.0,Земли населенных пунктов,Учтенный,"Российская Федерация, Республика Татарстан (Татарстан), м.р-н Лаишевский, с.п. Кирбинское, д Травкино, ул Мира, з/у 58",Частная,Для индивидуального жилищного строительства,ИЖС,0,нет,16:24:110302,429073.8,858.1476,,,,,нет,да,нет,нет,нет,да,нет,да,55.551319938301695,49.28113831863542
16:24:110201:55,1562.0,Земли населенных пунктов,Ранее учтенный,"Местоположение установлено относительно ориентира, расположенного в границах участка. Почтовый адрес ориентира: Российская Федерация, Республика Татарстан (Татарстан), м.р-н Лаишевский, с.п. Кирбинское, д Травкино, ул Озерная, з/у 24.",,Для ведения личного подсобного хозяйства,ЛПХ,0,нет,16:24:110201,1619275.88,1036.67,,,,,да,нет,нет,нет,да,да,нет,да,55.54777717088159,49.264025424221536
16:24:110302:635,611.0,Земли населенных пунктов,Учтенный,"Местоположение установлено относительно ориентира, расположенного в границах участка. Почтовый адрес ориентира: Российская Федерация, Республика Татарстан (Татарстан), м.р-н Лаишевский, с.п. Кирбинское, д Травкино, ул Дружбы, з/у 6.",Частная,Для индивидуального жилищного строительства,ИЖС,0,нет,16:24:110302,624751.53,1022.5066,,,,,нет,да,нет,нет,нет,да,нет,да,55.552800085205206,49.26893853286951
16:24:110201:276,834.0,Земли населенных пунктов,Учтенный,"Местоположение установлено относительно ориентира, расположенного в границах участка. Почтовый адрес ориентира: Российская Федерация, Республика Татарстан (Татарстан), м.р-н Лаишевский, с.п. Кирбинское, д Травкино, ул Травкинская, з/у 23.",Частная,Индивидуальное жилищное строительство,ДРУГОЕ,0,нет,16:24:110201,864846.16,1036.9858,,,,,нет,нет,нет,нет,нет,нет,нет,да,55.5520275814701,49.264461809219405
16:24:110302:677,800.0,Земли населенных пунктов,Учтенный,"Местоположение установлено относительно ориентира, расположенного в границах участка. Почтовый адрес ориентира: Российская Федерация, Республика Татарстан (Татарстан), м.р-н Лаишевский, с.п. Кирбинское, д Травкино, ул Дружбы, з/у 38.",Частная,Для индивидуального жилищного строительства,ИЖС,0,нет,16:24:110302,757645.44,947.0568,,,,,нет,да,нет,нет,нет,да,нет,да,55.554077071103464,49.275731853514024
16:24:110302:685,800.0,Земли населенных пунктов,Учтенный,"Российская Федерация, Республика Татарстан (Татарстан), м.р-н Лаишевский, с.п. Кирбинское, д Травкино, ул Дружбы, з/у 54",Частная,Для индивидуального жилищного строительства,ИЖС,0,нет,16:24:110302,740015.92,925.0199,,,,,нет,да,нет,нет,нет,да,нет,да,55.5545802916652,49.27810668473474
16:24:110302:930,730.0,Земли населенных пунктов,Учтенный,"Российская Федерация, Республика Татарстан (Татарстан), м.р-н Лаишевский, с.п. Кирбинское, д Травкино, ул Дружбы, з/у 62",Частная,Для индивидуального жилищного строительства,ИЖС,0,нет,16:24:110302,675165.03,924.8836,,,,,нет,да,нет,нет,нет,да,нет,да,55.55501684912457,49.278577454252215
16:24:110302:1007,600.0,Земли населенных пунктов,Учтенный,"Российская Федерация, Республика Татарстан (Татарстан), м.р-н Лаишевский, с.п. Кирбинское, д Травкино, ул Мира, з/у 3",Частная,Для индивидуального жилищного строительства,ИЖС,0,нет,16:24:110302,561899.28,936.4988,,,,,нет,да,нет,нет,нет,да,нет,да,55.551112862581896,49.27669112702787
16:24:110302:1000,600.0,Земли населенных пунктов,Учтенный,"Российская Федерация, Республика Татарстан (Татарстан), м.р-н Лаишевский, с.п. Кирбинское, д Травкино, ул Мира, з/у 39",Частная,Для индивидуального жилищного строительства,ИЖС,0,нет,16:24:110302,503991.0,839.985,,,,,нет,да,нет,нет,нет,да,нет,да,55.55080728600403,49.280529084457825
16:24:110302:512,700.0,Земли населенных пунктов,Учтенный,"Местоположение установлено относительно ориентира, расположенного в границах участка. Почтовый адрес ориентира: Российская Федерация, Республика Татарстан (Татарстан), м.р-н Лаишевский, с.п. Кирбинское, д Травкино, ул Солнечная, з/у 24.",Частная,индивидуальные жилые дома с приусадебными земельными участками,ЖИЛОЙ,0,нет,16:24:110302,733293.4,1047.562,,,,,нет,нет,нет,нет,нет,да,нет,да,55.54522541975329,49.26182294971846
16:24:110302:1964,1000.0,Земли населенных пунктов,Учтенный,"Российская Федерация, Республика Татарстан (Татарстан), м.р-н Лаишевский, с.п. Кирбинское, д Травкино, ул. Кленовая, з/у 5",Частная,Для индивидуального жилищного строительства,ИЖС,0,нет,16:24:110302,871302.8,871.3,,,,,нет,да,нет,нет,нет,да,нет,да,55.54500282545892,49.268082083909974
16:24:110302:1987,1000.0,Земли населенных пунктов,Учтенный,"Российская Федерация, Республика Татарстан (Татарстан), м.р-н Лаишевский, с.п. Кирбинское, д Травкино, ул. Залесная, з/у 35",Частная,Для индивидуального жилищного строительства,ИЖС,0,нет,16:24:110302,851204.2,851.2,,,,,нет,да,нет,нет,нет,да,нет,да,55.54346110206378,49.26776780405922
16:24:110302:1971,1000.0,Земли населенных пунктов,Учтенный,"Российская Федерация, Республика Татарстан (Татарстан), м.р-н Лаишевский, с.п. Кирбинское, д Травкино, ул. Кленовая, з/у 4",Частная,Для индивидуального жилищного строительства,ИЖС,0,нет,16:24:110302,852614.3,852.61,,,,,нет,да,нет,нет,нет,да,нет,да,55.54497530997584,49.26901627796197
16:24:110302:1963,1000.0,Земли населенных пунктов,Учтенный,"Российская Федерация, Республика Татарстан (Татарстан), м.р-н Лаишевский, с.п. Кирбинское, д Травкино, ул. Кленовая, з/у 3",Частная,Для индивидуального жилищного строительства,ИЖС,0,нет,16:24:110302,871302.8,871.3,,,,,нет,да,нет,нет,нет,да,нет,да,55.54479471383767,49.268230867851535
16:24:110302:1984,1008.0,Земли населенных пунктов,Учтенный,"Российская Федерация, Республика Татарстан (Татарстан), м.р-н Лаишевский, с.п. Кирбинское, д Травкино, ул. Залесная, з/у 41",Частная,Для индивидуального жилищного строительства,ИЖС,0,нет,16:24:110302,839199.11,832.54,,,,,нет,да,нет,нет,нет,да,нет,да,55.5438864726568,49.268939498878915
16:24:110302:1968,1000.0,Земли населенных пунктов,Учтенный,"Российская Федерация, Республика Татарстан, Лаишевский муниципальный район, Кирбинское сельское поселение, д Травкино",Частная,Для индивидуального жилищного строительства,ИЖС,0,нет,16:24:110302,864431.7,864.43,,,,,нет,да,нет,нет,нет,да,нет,да,55.54539148115036,49.26871865176429
16:24:110302:1981,1260.0,Земли населенных пунктов,Учтенный,"Российская Федерация, Республика Татарстан (Татарстан), м.р-н Лаишевский, с.п. Кирбинское, д Травкино, ул. Залесная, з/у 47",Частная,Для индивидуального жилищного строительства,ИЖС,0,нет,16:24:110302,1014638.31,805.27,,,,,нет,да,нет,нет,нет,да,нет,да,55.54426874159009,49.27020604119041
16:24:110302:1969,1000.0,Земли населенных пунктов,Учтенный,"Российская Федерация, Республика Татарстан (Татарстан), м.р-н Лаишевский, с.п. Кирбинское, д Травкино, ул. Западная, з/у 9",Частная,Для индивидуального жилищного строительства,ИЖС,0,нет,16:24:110302,999726.5,999.73,,,,,нет,да,нет,нет,нет,да,нет,да,55.54574112011382,49.26434057748771
16:24:110302:1973,1272.0,Земли населенных пунктов,Учтенный,"Российская Федерация, Республика Татарстан, Лаишевский муниципальный район, Кирбинское сельское поселение, д Травкино",Частная,Для индивидуального жилищного строительства,ИЖС,0,нет,16:24:110302,1048800.25,824.53,,,,,нет,да,нет,нет,нет,да,нет,да,55.54453647190608,49.269330205988126
16:24:110302:1952,1000.0,Земли населенных пунктов,Учтенный,"Российская Федерация, Республика Татарстан (Татарстан), м.р-н Лаишевский, с.п. Кирбинское, д Травкино, ул. Лазурная, з/у 7",Частная,Для индивидуального жилищного строительства,ИЖС,0,нет,16:24:110302,917466.5,917.47,,,,,нет,да,нет,нет,нет,да,нет,да,55.54510339327741,49.26641173226313
16:24:110302:1950,1000.0,Земли населенных пунктов,Учтенный,"Российская Федерация, Республика Татарстан (Татарстан), м.р-н Лаишевский, с.п. Кирбинское, д Травкино, ул. Калинина, з/у 7",Частная,Для индивидуального жилищного строительства,ИЖС,0,нет,16:24:110302,897732.3,897.73,,,,,нет,да,нет,нет,нет,да,нет,да,55.54468720964172,49.266709412254826
16:24:110302:1949,1000.0,Земли населенных пунктов,Учтенный,"Российская Федерация, Республика Татарстан (Татарстан), м.р-н Лаишевский, с.п. Кирбинское, д Травкино, ул. Калинина, з/у 5",Частная,Для индивидуального жилищного строительства,ИЖС,0,нет,16:24:110302,895587.1,895.59,,,,,нет,да,нет,нет,нет,да,нет,да,55.544479117574404,49.2668582340542
16:24:110302:2013,1000.0,Земли населенных пунктов,Учтенный,"Российская Федерация, Республика Татарстан (Татарстан), м.р-н Лаишевский, с.п. Кирбинское, д Травкино, ул. Западная, з/у 26",Частная,Для индивидуального жилищного строительства,ИЖС,0,нет,16:24:110302,1035047.7,1035.05,,,,,нет,да,нет,нет,нет,да,нет,да,55.54702230893707,49.264357824988444
16:24:110302:2030,1000.0,Земли населенных пунктов,Учтенный,"Российская Федерация, Республика Татарстан (Татарстан), м.р-н Лаишевский, с.п. Кирбинское, д Травкино, ул. Калинина, з/у 23",Частная,Для индивидуального жилищного строительства,ИЖС,0,нет,16:24:110302,995096.5,995.1,,,,,нет,да,нет,нет,нет,да,нет,да,55.54693480174002,49.265101366301664
16:24:110302:2014,1000.0,Земли населенных пунктов,Учтенный,"Российская Федерация, Республика Татарстан (Татарстан), м.р-н Лаишевский, с.п. Кирбинское, д Травкино, ул. Западная, з/у 24",Частная,Для индивидуального жилищного строительства,ИЖС,0,нет,16:24:110302,1021215.8,1021.22,,,,,нет,да,нет,нет,нет,да,нет,да,55.5467997775393,49.264514108707026
16:24:110302:1997,1000.0,Земли населенных пунктов,Учтенный,"Российская Федерация, Республика Татарстан, Лаишевский муниципальный район, Кирбинское сельское поселение, д Травкино",Частная,Для индивидуального жилищного строительства,ИЖС,0,нет,16:24:110302,951081.5,951.08,,,,,нет,да,нет,нет,нет,да,нет,да,55.542479231842876,49.26392972914728
16:24:110302:2034,1004.0,Земли населенных пунктов,Учтенный,"Российская Федерация, Республика Татарстан (Татарстан), м.р-н Лаишевский, с.п. Кирбинское, д Травкино, ул. Универсиады, з/у 16",Частная,Для индивидуального жилищного строительства,ИЖС,0,нет,16:24:110302,1035401.91,1031.28,,,,,нет,да,нет,нет,нет,да,нет,да,55.546489254608325,49.263417325242976
16:24:110302:2019,1000.0,Земли населенных пунктов,Учтенный,"Российская Федерация, Республика Татарстан (Татарстан), м.р-н Лаишевский, с.п. Кирбинское, д Травкино, ул. Западная, з/у 14",Частная,Для индивидуального жилищного строительства,ИЖС,0,нет,16:24:110302,963322.8,963.32,,,,,нет,да,нет,нет,нет,да,нет,да,55.545759328701386,49.2652584265079
16:24:110302:2042,1000.0,Земли населенных пунктов,Учтенный,"Российская Федерация, Республика Татарстан (Татарстан), м.р-н Лаишевский, с.п. Кирбинское, д Травкино, ул. Калинина, з/у 12",Частная,Для индивидуального жилищного строительства,ИЖС,0,нет,16:24:110302,942276.3,942.28,,,,,нет,да,нет,нет,нет,да,нет,да,55.54607496081228,49.26663106059503
16:24:110302:2024,1000.0,Земли населенных пунктов,Учтенный,"Российская Федерация, Республика Татарстан (Татарстан), м.р-н Лаишевский, с.п. Кирбинское, д Травкино, ул. Калинина, з/у 11",Частная,Для индивидуального жилищного строительства,ИЖС,0,нет,16:24:110302,957507.7,957.51,,,,,нет,да,нет,нет,нет,да,нет,да,55.54568629431269,49.26599450224294
16:24:110302:2048,1000.0,Земли населенных пунктов,Учтенный,"Российская Федерация, Республика Татарстан (Татарстан), м.р-н Лаишевский, с.п. Кирбинское, д Травкино, ул. Кленовая, з/у 11",Частная,Для индивидуального жилищного строительства,ИЖС,0,нет,16:24:110302,940278.2,940.28,,,,,нет,да,нет,нет,нет,да,нет,да,55.54620997494885,49.26721828292051
16:24:110302:2036,1000.0,Земли населенных пунктов,Учтенный,"Российская Федерация, Республика Татарстан (Татарстан), м.р-н Лаишевский, с.п. Кирбинское, д Травкино, ул. Калинина, з/у 24",Частная,Для индивидуального жилищного строительства,ИЖС,0,нет,16:24:110302,1014845.0,1014.84,,,,,нет,да,нет,нет,нет,да,нет,да,55.54733869326202,49.26573381146696
16:24:110302:2088,1000.0,Земли населенных пунктов,Учтенный,"Российская Федерация, Республика Татарстан, Лаишевский муниципальный район, Кирбинское сельское поселение, д Травкино",Частная,Для индивидуального жилищного строительства,ИЖС,0,нет,16:24:110302,937680.2,937.68,,,,,нет,да,нет,нет,нет,да,нет,да,55.54439663184439,49.26530227950669
16:24:110302:2087,1000.0,Земли населенных пунктов,Учтенный,"Российская Федерация, Республика Татарстан, Лаишевский муниципальный район, Кирбинское сельское поселение, д Травкино",Частная,Для индивидуального жилищного строительства,ИЖС,0,нет,16:24:110302,923503.9,923.5,,,,,нет,да,нет,нет,нет,да,нет,да,55.544102214714506,49.265512920475075
16:24:110302:2090,1000.0,Земли населенных пунктов,Учтенный,"Российская Федерация, Республика Татарстан (Татарстан), м.р-н Лаишевский, с.п. Кирбинское, д Травкино, ул. Лазурная, з/у 3",Частная,Для индивидуального жилищного строительства,ИЖС,0,нет,16:24:110302,938105.6,938.11,,,,,нет,да,нет,нет,нет,да,нет,да,55.54469106638514,49.26509173055028
16:24:110302:2083,1000.0,Земли населенных пунктов,Учтенный,"Российская Федерация, Республика Татарстан, Лаишевский муниципальный район, Кирбинское сельское поселение, д Травкино",Частная,Для индивидуального жилищного строительства,ИЖС,0,нет,16:24:110302,922750.3,922.75,,,,,нет,да,нет,нет,нет,да,нет,да,55.54371234879743,49.26530852069597
16:24:110302:2059,1000.0,Земли населенных пунктов,Учтенный,"Российская Федерация, Республика Татарстан (Татарстан), м.р-н Лаишевский, с.п. Кирбинское, д Травкино, ул. Кленовая, з/у 24",Частная,Для индивидуального жилищного строительства,ИЖС,0,нет,16:24:110302,986521.4,986.52,,,,,нет,да,нет,нет,нет,да,нет,да,55.54765429010451,49.26710643558545
16:24:110302:2086,1000.0,Земли населенных пунктов,Учтенный,"Российская Федерация, Республика Татарстан, Лаишевский муниципальный район, Кирбинское сельское поселение, д Травкино",Частная,Для индивидуального жилищного строительства,ИЖС,0,нет,16:24:110302,922750.3,922.75,,,,,нет,да,нет,нет,нет,да,нет,да,55.54380777930733,49.265723526512616
16:24:110302:2092,1000.0,Земли населенных пунктов,Учтенный,"Российская Федерация, Республика Татарстан (Татарстан), м.р-н Лаишевский, с.п. Кирбинское, д Травкино, ул. Западная, з/у 10",Частная,Для индивидуального жилищного строительства,ИЖС,0,нет,16:24:110302,934958.1,934.96,,,,,нет,да,нет,нет,нет,да,нет,да,55.54476028424617,49.26597335673044
16:24:110302:2073,1000.0,Земли населенных пунктов,Учтенный,"Российская Федерация, Республика Татарстан, Лаишевский муниципальный район, Кирбинское сельское поселение, д Травкино",Частная,Для индивидуального жилищного строительства,ИЖС,0,нет,16:24:110302,922072.6,922.07,,,,,нет,да,нет,нет,нет,да,нет,да,55.54695914363705,49.26832653676692
16:24:110302:2097,1054.0,Земли населенных пунктов,Учтенный,"Российская Федерация, Республика Татарстан (Татарстан), м.р-н Лаишевский, с.п. Кирбинское, д Травкино, ул. Залесная, з/у 6",Частная,Для индивидуального жилищного строительства,ИЖС,0,нет,16:24:110302,926301.37,878.84,,,,,нет,да,нет,нет,нет,да,нет,да,55.543704136993014,49.26670220186978
16:24:110302:1836,1000.0,Земли населенных пунктов,Учтенный,"Республика Татарстан, Лаишевский муниципальный район, Кирбинское сельское поселение, д. Травкино",Частная,Для индивидуального жилищного строительства,ИЖС,0,нет,16:24:110302,585393.7,585.39,,,,,нет,да,нет,нет,нет,да,нет,да,55.548408930423555,49.29199847033034
16:24:110302:1834,1074.0,Земли населенных пунктов,Учтенный,"Российская Федерация, Республика Татарстан (Татарстан), м.р-н Лаишевский, с.п. Кирбинское, д Травкино, ул. Залесная, з/у 199",Частная,Для индивидуального жилищного строительства,ИЖС,0,нет,16:24:110302,658863.77,613.47,,,,,нет,да,нет,нет,нет,да,нет,да,55.549816226574215,49.29644973430672
16:24:110302:1824,1066.0,Земли населенных пунктов,Учтенный,"Российская Федерация, Республика Татарстан (Татарстан), м.р-н Лаишевский, с.п. Кирбинское, д Травкино, ул. Залесная, з/у 183",Частная,Для индивидуального жилищного строительства,ИЖС,0,нет,16:24:110302,643198.39,603.38,,,,,нет,да,нет,нет,нет,да,нет,да,55.549540879859066,49.293566662532776
16:24:110302:1839,1000.0,Земли населенных пунктов,Учтенный,"Республика Татарстан, Лаишевский муниципальный район, Кирбинское сельское поселение, д. Травкино",Частная,Для индивидуального жилищного строительства,ИЖС,0,нет,16:24:110302,582461.2,582.46,,,,,нет,да,нет,нет,нет,да,нет,да,55.54806035135588,49.29157364589851
16:24:110302:1851,1118.0,Земли населенных пунктов,Учтенный,"Российская Федерация, Республика Татарстан (Татарстан), м.р-н Лаишевский, с.п. Кирбинское, д Травкино, ул. Залесная, з/у 155",Частная,Для индивидуального жилищного строительства,ИЖС,0,нет,16:24:110302,638134.61,570.78,,,,,нет,да,нет,нет,нет,да,нет,да,55.54729410360301,49.29052900125732
16:24:110302:1861,1076.0,Земли населенных пунктов,Учтенный,"Российская Федерация, Республика Татарстан (Татарстан), м.р-н Лаишевский, с.п. Кирбинское, д Травкино, ул. Залесная, з/у 145",Частная,Для индивидуального жилищного строительства,ИЖС,0,нет,16:24:110302,606989.89,564.12,,,,,нет,да,нет,нет,нет,да,нет,да,55.546940637993224,49.28859963255615
16:24:110302:1870,1003.0,Земли населенных пунктов,Учтенный,"Республика Татарстан, Лаишевский муниципальный район, Кирбинское сельское поселение, д. Травкино",Частная,Для индивидуального жилищного строительства,ИЖС,0,нет,16:24:110302,584552.51,582.8,,,,,нет,да,нет,нет,нет,да,нет,да,55.54730950429596,49.28672324409085
16:24:110302:1915,1000.0,Земли населенных пунктов,Учтенный,"Российская Федерация, Республика Татарстан, Лаишевский муниципальный район, Кирбинское сельское поселение, деревня Травкино ",Частная,Для индивидуального жилищного строительства,ИЖС,0,нет,16:24:110302,1123064.7,1123.06,,,,,нет,да,нет,нет,нет,да,нет,да,55.54844078740408,49.2575401440231
16:24:110302:1932,1192.0,Земли населенных пунктов,Учтенный,"Российская Федерация, Республика Татарстан, Лаишевский муниципальный район, Кирбинское сельское поселение, деревня Травкино ",Частная,Для индивидуального жилищного строительства,ИЖС,0,нет,16:24:110302,1299894.48,1090.52,,,,,нет,да,нет,нет,нет,да,нет,да,55.547999633253106,49.25943494946732
16:24:110302:1923,1000.0,Земли населенных пунктов,Учтенный,"Российская Федерация, Республика Татарстан, Лаишевский муниципальный район, Кирбинское сельское поселение, деревня Травкино ",Частная,Для индивидуального жилищного строительства,ИЖС,0,нет,16:24:110302,1113797.1,1113.8,,,,,нет,да,нет,нет,нет,да,нет,да,55.54828139632558,49.258518795553684
16:24:110302:1884,1009.0,Земли населенных пунктов,Учтенный,"Российская Федерация, Республика Татарстан, Лаишевский муниципальный район, Кирбинское сельское поселение, деревня Травкино ",Частная,Магазины,ДРУГОЕ,0,нет,16:24:110302,912992.74,904.85,,,,,нет,нет,нет,нет,нет,нет,нет,да,55.550692899009995,49.25561268293433
16:24:110302:1940,1000.0,Земли населенных пунктов,Учтенный,"Российская Федерация, Республика Татарстан, Лаишевский муниципальный район, Кирбинское сельское поселение, деревня Травкино ",Частная,Для индивидуального жилищного строительства,ИЖС,0,нет,16:24:110302,1101183.3,1101.18,,,,,нет,да,нет,нет,нет,да,нет,да,55.54717378599496,49.259406482499934
16:24:110302:1918,1000.0,Земли населенных пунктов,Учтенный,"Российская Федерация, Республика Татарстан, Лаишевский муниципальный район, Кирбинское сельское поселение, деревня Травкино ",Частная,Для индивидуального жилищного строительства,ИЖС,0,нет,16:24:110302,1113700.7,1113.7,,,,,нет,да,нет,нет,нет,да,нет,да,55.54860995351527,49.25828713973224
16:24:110302:2496,1000.0,Земли населенных пунктов,Учтенный,"Российская Федерация, Республика Татарстан (Татарстан), м.р-н Лаишевский, с.п. Кирбинское, д Травкино, ул. Парковая, з/у 45",Частная,Для индивидуального жилищного строительства,ИЖС,0,нет,16:24:110302,877254.6,877.25,,,,,нет,да,нет,нет,нет,да,нет,да,55.548412653294974,49.27363781620824
16:24:110302:2492,1000.0,Земли населенных пунктов,Учтенный,"Российская Федерация, Республика Татарстан, Лаишевский муницпальный район, Кирбинское сельское поселение, д Травкино",Частная,Для индивидуального жилищного строительства,ИЖС,0,нет,16:24:110302,875356.5,875.36,,,,,нет,да,нет,нет,нет,да,нет,да,55.54820457086453,49.27378664719835
16:24:110302:2711,1015.0,Земли населенных пунктов,Учтенный,"Российская Федерация, Республика Татарстан (Татарстан), м.р-н Лаишевский, с.п. Кирбинское, д Травкино, ул. Залесная, з/у 121",Частная,Для индивидуального жилищного строительства,ИЖС,0,нет,16:24:110302,599709.7,590.85,,,,,нет,да,нет,нет,нет,да,нет,да,55.54629903737631,49.28391870478644
16:24:110302:2756,1001.0,Земли населенных пунктов,Учтенный,"Российская Федерация, Республика Татарстан (Татарстан), м.р-н Лаишевский, с.п. Кирбинское, д Травкино, ул. Парковая, з/у 44",Частная,Для индивидуального жилищного строительства,ИЖС,0,нет,16:24:110302,871123.85,870.25,,,,,нет,да,нет,нет,нет,да,нет,да,55.54970500565314,49.27726306281785
16:24:110302:2716,1001.0,Земли населенных пунктов,Учтенный,"Российская Федерация, Республика Татарстан (Татарстан), м.р-н Лаишевский, с.п. Кирбинское, д Травкино, ул. Залесная, з/у 111",Частная,Для индивидуального жилищного строительства,ИЖС,0,нет,16:24:110302,611244.23,610.63,,,,,нет,да,нет,нет,нет,да,нет,да,55.54603720304883,49.28197233673571
16:24:110302:2770,1000.0,Земли населенных пунктов,Учтенный,"Российская Федерация, Республика Татарстан (Татарстан), м.р-н Лаишевский, с.п. Кирбинское, д Травкино, ул. Семейная, з/у 4",Частная,Для индивидуального жилищного строительства,ИЖС,0,нет,16:24:110302,824225.7,824.23,,,,,нет,да,нет,нет,нет,да,нет,да,55.545291345154986,49.270390976845384
16:24:110302:2766,1000.0,Земли населенных пунктов,Учтенный,"Российская Федерация, Республика Татарстан (Татарстан), м.р-н Лаишевский, с.п. Кирбинское, д Травкино, ул. Звездная, з/у 5",Частная,Для индивидуального жилищного строительства,ИЖС,0,нет,16:24:110302,823629.9,823.63,,,,,нет,да,нет,нет,нет,да,нет,да,55.545634456277284,49.27082939683788
16:24:110302:2767,1001.0,Земли населенных пунктов,Учтенный,"Российская Федерация, Республика Татарстан (Татарстан), м.р-н Лаишевский, с.п. Кирбинское, д Травкино, ул. Парковая, з/у 42",Частная,Для индивидуального жилищного строительства,ИЖС,0,нет,16:24:110302,872240.47,871.37,,,,,нет,да,нет,нет,нет,да,нет,да,55.549620212596984,49.27689353587131
16:24:110302:2753,1000.0,Земли населенных пунктов,Учтенный,"Российская Федерация, Республика Татарстан (Татарстан), м.р-н Лаишевский, с.п. Кирбинское, д Травкино, ул. Звездная, з/у 13",Частная,Для индивидуального жилищного строительства,ИЖС,0,нет,16:24:110302,906475.5,906.48,,,,,нет,да,нет,нет,нет,да,нет,да,55.54704979193956,49.26981716931168
16:24:110302:2702,1001.0,Земли населенных пунктов,Учтенный,"Российская Федерация, Республика Татарстан (Татарстан), м.р-н Лаишевский, с.п. Кирбинское, д Травкино, ул. Восточная, з/у 6",Частная,Для индивидуального жилищного строительства,ИЖС,0,нет,16:24:110302,632120.49,631.49,,,,,нет,да,нет,нет,нет,да,нет,да,55.547475388117796,49.284840318612474
16:24:110302:2712,1002.0,Земли населенных пунктов,Учтенный,"Российская Федерация, Республика Татарстан (Татарстан), м.р-н Лаишевский, с.п. Кирбинское, д Травкино, ул. Залесная, з/у 119",Частная,Для индивидуального жилищного строительства,ИЖС,0,нет,16:24:110302,606468.92,605.26,,,,,нет,да,нет,нет,нет,да,нет,да,55.54624763540326,49.28352730705881
16:24:110302:2749,1003.0,Земли населенных пунктов,Учтенный,"Российская Федерация, Республика Татарстан (Татарстан), м.р-н Лаишевский, с.п. Кирбинское, д Травкино, ул. Залесная, з/у 51",Частная,Для индивидуального жилищного строительства,ИЖС,0,нет,16:24:110302,795848.1,793.47,,,,,нет,да,нет,нет,нет,да,нет,да,55.5444147173297,49.27094663122328
16:24:110302:2739,1000.0,Земли населенных пунктов,Учтенный,"Российская Федерация, Республика Татарстан (Татарстан), м.р-н Лаишевский, с.п. Кирбинское, д Травкино, ул. Семейная, з/у 16",Частная,Для индивидуального жилищного строительства,ИЖС,0,нет,16:24:110302,906475.5,906.48,,,,,нет,да,нет,нет,нет,да,нет,да,55.54712286725165,49.269081075366834
16:24:110302:2740,1046.0,Земли населенных пунктов,Учтенный,"Российская Федерация, Республика Татарстан (Татарстан), м.р-н Лаишевский, с.п. Кирбинское, д Травкино, ул. Залесная, з/у 69",Частная,Для индивидуального жилищного строительства,ИЖС,0,нет,16:24:110302,762114.66,728.6,,,,,нет,да,нет,нет,нет,да,нет,да,55.54507983508959,49.274090931374154
16:24:110302:2728,1000.0,Земли населенных пунктов,Учтенный,"Российская Федерация, Республика Татарстан (Татарстан), м.р-н Лаишевский, с.п. Кирбинское, д Травкино, ул. Семейная, з/у 18",Частная,Для индивидуального жилищного строительства,ИЖС,0,нет,16:24:110302,911950.4,911.95,,,,,нет,да,нет,нет,нет,да,нет,да,55.5473485697037,49.26893854450881
16:24:110302:2769,1000.0,Земли населенных пунктов,Учтенный,"Российская Федерация, Республика Татарстан (Татарстан), м.р-н Лаишевский, с.п. Кирбинское, д Травкино, ул. Звездная, з/у 3",Частная,Для индивидуального жилищного строительства,ИЖС,0,нет,16:24:110302,823028.2,823.03,,,,,нет,да,нет,нет,нет,да,нет,да,55.54542634129217,49.270978200316854
16:24:110302:2784,1000.0,Земли населенных пунктов,Учтенный,"Российская Федерация, Республика Татарстан (Татарстан), м.р-н Лаишевский, с.п. Кирбинское, д Травкино, ул. Звездная, з/у 8",Частная,Для индивидуального жилищного строительства,ИЖС,0,нет,16:24:110302,811280.8,811.28,,,,,нет,да,нет,нет,нет,да,нет,да,55.546023097500914,49.27146606534744
16:24:110302:2776,1000.0,Земли населенных пунктов,Учтенный,"Российская Федерация, Республика Татарстан (Татарстан), м.р-н Лаишевский, с.п. Кирбинское, д Травкино, ул. Залесная, з/у 26",Частная,Для индивидуального жилищного строительства,ИЖС,0,нет,16:24:110302,774803.9,774.8,,,,,нет,да,нет,нет,нет,да,нет,да,55.545325711300244,49.272648522132066
16:24:110302:2741,1005.0,Земли населенных пунктов,Учтенный,"Российская Федерация, Республика Татарстан (Татарстан), м.р-н Лаишевский, с.п. Кирбинское, д Травкино, ул. Залесная, з/у 67",Частная,Для индивидуального жилищного строительства,ИЖС,0,нет,16:24:110302,735128.46,731.47,,,,,нет,да,нет,нет,нет,да,нет,да,55.54502584353328,49.273784249958624
16:24:110302:2745,1002.0,Земли населенных пунктов,Учтенный,"Российская Федерация, Республика Татарстан (Татарстан), м.р-н Лаишевский, с.п. Кирбинское, д Травкино, ул. Залесная, з/у 59",Частная,Для индивидуального жилищного строительства,ИЖС,0,нет,16:24:110302,763029.61,761.51,,,,,нет,да,нет,нет,нет,да,нет,да,55.544758719164705,49.272385781873176
16:24:110302:2752,107730.0,Земли населенных пунктов,Учтенный,"Российская Федерация, Республика Татарстан, Лаишевский муницпальный район, Кирбинское сельское поселение, д Травкино",Муниципальная;Частная,улично-дорожная сеть,ДРУГОЕ,0,нет,16:24:110302,51495704.88,478.01,,,,,да,нет,нет,нет,нет,нет,нет,да,55.547506309247474,49.27789568423077
16:24:110302:2813,1000.0,Земли населенных пунктов,Учтенный,"Российская Федерация, Республика Татарстан (Татарстан), м.р-н Лаишевский, с.п. Кирбинское, д Травкино, ул. Лазурная, з/у 28",Частная,Для индивидуального жилищного строительства,ИЖС,0,нет,16:24:110302,812734.7,812.73,,,,,нет,да,нет,нет,нет,да,нет,да,55.547056622538285,49.2730090871158
16:24:110302:2807,1000.0,Земли населенных пунктов,Учтенный,"Российская Федерация, Республика Татарстан (Татарстан), м.р-н Лаишевский, с.п. Кирбинское, д Травкино, ул. Каштановая, з/у 13",Частная,Для индивидуального жилищного строительства,ИЖС,0,нет,16:24:110302,862121.5,862.12,,,,,нет,да,нет,нет,нет,да,нет,да,55.547680902296975,49.27256268534119
16:24:110302:2799,1000.0,Земли населенных пунктов,Учтенный,"Российская Федерация, Республика Татарстан (Татарстан), м.р-н Лаишевский, с.п. Кирбинское, д Травкино, ул. Парковая, з/у 37",Частная,Для индивидуального жилищного строительства,ИЖС,0,нет,16:24:110302,883061.2,883.06,,,,,нет,да,нет,нет,нет,да,нет,да,55.547781549135095,49.27089226356593
16:24:110302:2812,1000.0,Земли населенных пунктов,Учтенный,"Российская Федерация, Республика Татарстан (Татарстан), м.р-н Лаишевский, с.п. Кирбинское, д Травкино, ул. Каштановая, з/у 9",Частная,Для индивидуального жилищного строительства,ИЖС,0,нет,16:24:110302,832519.1,832.52,,,,,нет,да,нет,нет,нет,да,нет,да,55.54726472196539,49.272860288130275
16:24:110302:2814,1000.0,Земли населенных пунктов,Учтенный,"Российская Федерация, Республика Татарстан (Татарстан), м.р-н Лаишевский, с.п. Кирбинское, д Травкино, ул. Лазурная, з/у 26",Частная,Для индивидуального жилищного строительства,ИЖС,0,нет,16:24:110302,833307.6,833.31,,,,,нет,да,нет,нет,нет,да,нет,да,55.54692163619704,49.27242183239566
16:24:110302:2481,1000.0,Земли населенных пунктов,Учтенный,"Российская Федерация, Республика Татарстан (Татарстан), м.р-н Лаишевский, с.п. Кирбинское, д Травкино, ул. Лазурная, з/у 29",Частная,Для индивидуального жилищного строительства,ИЖС,0,нет,16:24:110302,789267.3,789.27,,,,,нет,да,нет,нет,нет,да,нет,да,55.54686229005013,49.27406268170897
16:24:110302:2467,1000.0,Земли населенных пунктов,Учтенный,"Российская Федерация, Республика Татарстан, Лаишевский муницпальный район, Кирбинское сельское поселение, д Травкино",Частная,Для индивидуального жилищного строительства,ИЖС,0,нет,16:24:110302,756471.1,756.47,,,,,нет,да,нет,нет,нет,да,нет,да,55.545506261118575,49.27343396289464
16:24:110302:2476,1000.0,Земли населенных пунктов,Учтенный,"Российская Федерация, Республика Татарстан (Татарстан), м.р-н Лаишевский, с.п. Кирбинское, д Травкино, ул. Каштановая, з/у 6",Частная,Для индивидуального жилищного строительства,ИЖС,0,нет,16:24:110302,749629.1,749.63,,,,,нет,да,нет,нет,нет,да,нет,да,55.54623798668628,49.27450911371777
16:24:110302:2473,1002.0,Земли населенных пунктов,Учтенный,"Российская Федерация, Республика Татарстан (Татарстан), м.р-н Лаишевский, с.п. Кирбинское, д Травкино, ул. Парковая, з/у 30",Частная,Для индивидуального жилищного строительства,ИЖС,0,нет,16:24:110302,879294.88,877.54,,,,,нет,да,нет,нет,нет,да,нет,да,55.54911271305248,49.27468208740708
16:24:110302:2472,1000.0,Земли населенных пунктов,Учтенный,"Российская Федерация, Республика Татарстан (Татарстан), м.р-н Лаишевский, с.п. Кирбинское, д Травкино, ул. Каштановая, з/у 4",Частная,Для индивидуального жилищного строительства,ИЖС,0,нет,16:24:110302,749629.1,749.63,,,,,нет,да,нет,нет,нет,да,нет,да,55.54602988523394,49.274657900125284
16:24:110302:2504,1000.0,Земли населенных пунктов,Учтенный,"Российская Федерация, Республика Татарстан (Татарстан), м.р-н Лаишевский, с.п. Кирбинское, д Травкино, ул. Жемчужная, з/у 4",Частная,Для индивидуального жилищного строительства,ИЖС,0,нет,16:24:110302,832461.2,832.46,,,,,нет,да,нет,нет,нет,да,нет,да,55.54796891007096,49.274869769014536
16:24:110302:2531,1000.0,Земли населенных пунктов,Учтенный,"Российская Федерация, Республика Татарстан (Татарстан), м.р-н Лаишевский, с.п. Кирбинское, д Травкино, ул. Парковая, з/у 55",Частная,Для индивидуального жилищного строительства,ИЖС,0,нет,16:24:110302,827500.1,827.5,,,,,нет,да,нет,нет,нет,да,нет,да,55.549224221423174,49.27716902035549
16:24:110302:2517,1002.0,Земли населенных пунктов,Учтенный,"Российская Федерация, Республика Татарстан (Татарстан), м.р-н Лаишевский, с.п. Кирбинское, д Травкино, ул. Парковая, з/у 22",Частная,Для индивидуального жилищного строительства,ИЖС,0,нет,16:24:110302,883483.54,881.72,,,,,нет,да,нет,нет,нет,да,нет,да,55.54877494604722,49.27321015788509
16:24:110302:2552,1000.0,Земли населенных пунктов,Учтенный,"Российская Федерация, Республика Татарстан (Татарстан), м.р-н Лаишевский, с.п. Кирбинское, д Травкино, ул. Юбилейная, з/у 10",Частная,Для индивидуального жилищного строительства,ИЖС,0,нет,16:24:110302,712619.7,712.62,,,,,нет,да,нет,нет,нет,да,нет,да,55.54718450752938,49.27862741658635
16:24:110302:2545,1000.0,Земли населенных пунктов,Учтенный,"Российская Федерация, Республика Татарстан (Татарстан), м.р-н Лаишевский, с.п. Кирбинское, д Травкино, ул. Лазурная, з/у 41",Частная,Для индивидуального жилищного строительства,ИЖС,0,нет,16:24:110302,724107.7,724.11,,,,,нет,да,нет,нет,нет,да,нет,да,55.547943766412445,49.27876835838775
16:24:110302:2620,1000.0,Земли населенных пунктов,Учтенный,"Российская Федерация, Республика Татарстан (Татарстан), м.р-н Лаишевский, с.п. Кирбинское, д Травкино, ул. Урожайная, з/у 10",Частная,Для индивидуального жилищного строительства,ИЖС,0,нет,16:24:110302,674148.3,674.15,,,,,нет,да,нет,нет,нет,да,нет,да,55.54760732862162,49.281521838727826
16:24:110302:2663,1100.0,Земли населенных пунктов,Учтенный,"Российская Федерация, Республика Татарстан, Лаишевский муницпальный район, Кирбинское сельское поселение, д Травкино",Частная,Для индивидуального жилищного строительства,ИЖС,0,нет,16:24:110302,832579.88,756.89,,,,,нет,да,нет,нет,нет,да,нет,да,55.549897477083675,49.28220787653065
16:24:110302:2655,1000.0,Земли населенных пунктов,Учтенный,"Российская Федерация, Республика Татарстан (Татарстан), м.р-н Лаишевский, с.п. Кирбинское, д Травкино, ул. Лазурная, з/у 51",Частная,Для индивидуального жилищного строительства,ИЖС,0,нет,16:24:110302,713909.3,713.91,,,,,нет,да,нет,нет,нет,да,нет,да,55.54875518671931,49.28229962572751
16:24:110302:2643,1000.0,Земли населенных пунктов,Учтенный,"Российская Федерация, Республика Татарстан (Татарстан), м.р-н Лаишевский, с.п. Кирбинское, д Травкино, ул. Рождественская, з/у 8",Частная,Для индивидуального жилищного строительства,ИЖС,0,нет,16:24:110302,658411.4,658.41,,,,,нет,да,нет,нет,нет,да,нет,да,55.54771466669007,49.28304344709523
16:24:110302:2613,1000.0,Земли населенных пунктов,Учтенный,"Российская Федерация, Республика Татарстан (Татарстан), м.р-н Лаишевский, с.п. Кирбинское, д Травкино, ул. Рождественская, з/у 15",Частная,Для индивидуального жилищного строительства,ИЖС,0,нет,16:24:110302,712458.2,712.46,,,,,нет,да,нет,нет,нет,да,нет,да,55.54836660196811,49.28166286964366
16:24:110302:2597,1149.0,Земли населенных пунктов,Учтенный,"Российская Федерация, Республика Татарстан, Лаишевский муницпальный район, Кирбинское сельское поселение, д Травкино",Частная,Для индивидуального жилищного строительства,ИЖС,0,нет,16:24:110302,739306.7,643.43,,,,,нет,да,нет,нет,нет,да,нет,да,55.54649263634681,49.28107788543529
16:24:110302:2500,1000.0,Земли населенных пунктов,Учтенный,"Российская Федерация, Республика Татарстан (Татарстан), м.р-н Лаишевский, с.п. Кирбинское, д Травкино, ул. Жемчужная, з/у 8",Частная,Для индивидуального жилищного строительства,ИЖС,0,нет,16:24:110302,836778.3,836.78,,,,,нет,да,нет,нет,нет,да,нет,да,55.54838509528124,49.274572150485454
16:24:110302:2541,1000.0,Земли населенных пунктов,Учтенный,"Российская Федерация, Республика Татарстан (Татарстан), м.р-н Лаишевский, с.п. Кирбинское, д Травкино, ул. Изумрудная, з/у 15",Частная,Для индивидуального жилищного строительства,ИЖС,0,нет,16:24:110302,759682.2,759.68,,,,,нет,да,нет,нет,нет,да,нет,да,55.54852676248011,49.27835153520006
16:24:110302:2594,1000.0,Земли населенных пунктов,Учтенный,"Российская Федерация, Республика Татарстан (Татарстан), м.р-н Лаишевский, с.п. Кирбинское, д Травкино, ул. Урожайная, з/у 1",Частная,Для индивидуального жилищного строительства,ИЖС,0,нет,16:24:110302,641023.3,641.02,,,,,нет,да,нет,нет,нет,да,нет,да,55.546777462540945,49.28117908808127
16:24:110302:2497,1000.0,Земли населенных пунктов,Учтенный,"Российская Федерация, Республика Татарстан (Татарстан), м.р-н Лаишевский, с.п. Кирбинское, д Травкино, ул. Парковая, з/у 47",Частная,Для индивидуального жилищного строительства,ИЖС,0,нет,16:24:110302,876536.8,876.54,,,,,нет,да,нет,нет,нет,да,нет,да,55.54859319649548,49.274423386450835
16:24:110302:2647,1000.0,Земли населенных пунктов,Учтенный,"Российская Федерация, Республика Татарстан (Татарстан), м.р-н Лаишевский, с.п. Кирбинское, д Травкино, ул. Рождественская, з/у 12",Частная,Для индивидуального жилищного строительства,ИЖС,0,нет,16:24:110302,676914.4,676.91,,,,,нет,да,нет,нет,нет,да,нет,да,55.548130871616046,49.2827459485813
16:24:110302:2688,1000.0,Земли населенных пунктов,Учтенный,"Российская Федерация, Республика Татарстан (Татарстан), м.р-н Лаишевский, с.п. Кирбинское, д Травкино, ул. Ореховая, з/у 5",,Для индивидуального жилищного строительства,ИЖС,0,нет,16:24:110302,705480.7,705.48,,,,,да,да,нет,нет,нет,да,нет,да,55.54981051117202,49.2839385898458
16:24:110302:2691,1000.0,Земли населенных пунктов,Учтенный,"Российская Федерация, Республика Татарстан (Татарстан), м.р-н Лаишевский, с.п. Кирбинское, д Травкино, ул. Лазурная, з/у 55",Частная,Для индивидуального жилищного строительства,ИЖС,0,нет,16:24:110302,707772.2,707.77,,,,,нет,да,нет,нет,нет,да,нет,да,55.549092564502224,49.28376798630562
16:24:110302:2533,1000.0,Земли населенных пунктов,Учтенный,"Российская Федерация, Республика Татарстан (Татарстан), м.р-н Лаишевский, с.п. Кирбинское, д Травкино, ул. Изумрудная, з/у 21",Частная,Для индивидуального жилищного строительства,ИЖС,0,нет,16:24:110302,825663.9,825.66,,,,,нет,да,нет,нет,нет,да,нет,да,55.549151097536516,49.277905138407526
16:24:110302:2555,1000.0,Земли населенных пунктов,Учтенный,"Российская Федерация, Республика Татарстан (Татарстан), м.р-н Лаишевский, с.п. Кирбинское, д Травкино, ул. Изумрудная, з/у 5",Частная,Для индивидуального жилищного строительства,ИЖС,0,нет,16:24:110302,689405.6,689.41,,,,,нет,да,нет,нет,нет,да,нет,да,55.54690326753952,49.279512289518294
16:24:110302:2623,1000.0,Земли населенных пунктов,Учтенный,"Российская Федерация, Республика Татарстан (Татарстан), м.р-н Лаишевский, с.п. Кирбинское, д Травкино, ул. Урожайная, з/у 8",Частная,Для индивидуального жилищного строительства,ИЖС,0,нет,16:24:110302,674084.9,674.08,,,,,нет,да,нет,нет,нет,да,нет,да,55.547399218733425,49.28167059321471
16:24:110302:2628,1006.0,Земли населенных пунктов,Учтенный,"Российская Федерация, Республика Татарстан, Лаишевский муницпальный район, Кирбинское сельское поселение, д Травкино",Частная,Для индивидуального жилищного строительства,ИЖС,0,нет,16:24:110302,945763.54,940.12,,,,,нет,да,нет,нет,нет,да,нет,да,55.54793234785185,49.26953893177239
16:24:110302:2650,1001.0,Земли населенных пунктов,Учтенный,"Российская Федерация, Республика Татарстан, Лаишевский муницпальный район, Кирбинское сельское поселение, д Травкино",Частная,Для индивидуального жилищного строительства,ИЖС,0,нет,16:24:110302,979950.47,978.97,,,,,нет,да,нет,нет,нет,да,нет,да,55.548292248647286,49.26846852994507
16:24:110302:2682,1000.0,Земли населенных пунктов,Учтенный,"Российская Федерация, Республика Татарстан (Татарстан), м.р-н Лаишевский, с.п. Кирбинское, д Травкино, ул. Ореховая, з/у 9",Частная,Для индивидуального жилищного строительства,ИЖС,0,нет,16:24:110302,745260.0,745.26,,,,,нет,да,нет,нет,нет,да,нет,да,55.55022671826301,49.28364102165836
16:24:110302:2690,1000.0,Земли населенных пунктов,Учтенный,"Российская Федерация, Республика Татарстан (Татарстан), м.р-н Лаишевский, с.п. Кирбинское, д Травкино, ул. Лазурная, з/у 58",Частная,Для индивидуального жилищного строительства,ИЖС,0,нет,16:24:110302,711206.8,711.21,,,,,нет,да,нет,нет,нет,да,нет,да,55.549467465431846,49.28349994596668
16:24:110302:2553,1000.0,Земли населенных пунктов,Учтенный,"Российская Федерация, Республика Татарстан (Татарстан), м.р-н Лаишевский, с.п. Кирбинское, д Травкино, ул. Юбилейная, з/у 8",Частная,Для индивидуального жилищного строительства,ИЖС,0,нет,16:24:110302,691031.8,691.03,,,,,нет,да,нет,нет,нет,да,нет,да,55.54697640106357,49.27877621646947
16:24:110302:2543,1000.0,Земли населенных пунктов,Учтенный,"Российская Федерация, Республика Татарстан (Татарстан), м.р-н Лаишевский, с.п. Кирбинское, д Травкино, ул. Лазурная, з/у 42",Частная,Для индивидуального жилищного строительства,ИЖС,0,нет,16:24:110302,782711.5,782.71,,,,,нет,да,нет,нет,нет,да,нет,да,55.548183714387406,49.2779130494166
16:24:110302:2578,1000.0,Земли населенных пунктов,Учтенный,"Российская Федерация, Республика Татарстан (Татарстан), м.р-н Лаишевский, с.п. Кирбинское, д Травкино, ул. Лазурная, з/у 45",Частная,Для индивидуального жилищного строительства,ИЖС,0,нет,16:24:110302,715234.1,715.23,,,,,нет,да,нет,нет,нет,да,нет,да,55.548259246791005,49.280141239800095
16:24:110302:2596,1112.0,Земли населенных пунктов,Учтенный,"Российская Федерация, Республика Татарстан, Лаишевский муницпальный район, Кирбинское сельское поселение, д Травкино",Частная,Для индивидуального жилищного строительства,ИЖС,0,нет,16:24:110302,711189.16,639.56,,,,,нет,да,нет,нет,нет,да,нет,да,55.546526631945255,49.28141199670553
16:24:110302:2592,1000.0,Земли населенных пунктов,Учтенный,"Российская Федерация, Республика Татарстан (Татарстан), м.р-н Лаишевский, с.п. Кирбинское, д Травкино, ул. Изумрудная, з/у 4",Частная,Для индивидуального жилищного строительства,ИЖС,0,нет,16:24:110302,677861.2,677.86,,,,,нет,да,нет,нет,нет,да,нет,да,55.54687566477283,49.28044658375521
16:24:110302:2600,1220.0,Земли населенных пунктов,Учтенный,"Российская Федерация, Республика Татарстан, Лаишевский муницпальный район, Кирбинское сельское поселение, д Травкино",Частная,Для индивидуального жилищного строительства,ИЖС,0,нет,16:24:110302,967688.99,793.19,,,,,нет,да,нет,нет,нет,да,нет,да,55.54976151425664,49.280234692775
16:24:110302:2838,3031.0,Земли сельскохозяйственного назначения,Учтенный,"Республика Татарстан, Лаишевский муниципальный район, Кирбинское сельское поселение",Муниципальная,Земельные участки (территории) общего пользования (код 12.0.),ОГП,0,нет,16:24:110302,1620281.37,534.57,,,,,да,нет,нет,нет,нет,нет,да,нет,55.55047204043067,49.2799257975701
16:24:110302:3015,1185.0,Земли населенных пунктов,Учтенный,"Российская Федерация, Республика Татарстан, Лаишевский муниципальный район, Кирбинское сельское поселение, д Травкино",Частная,для индивидуального жилищного строительства,ИЖС,0,нет,16:24:110302,688406.2,580.93,,,,,нет,да,нет,нет,нет,да,нет,да,55.54815963482177,49.29049808306037
16:24:110302:3032,1000.0,Земли населенных пунктов,Учтенный,"Российская Федерация, Республика Татарстан, Лаишевский муниципальный район, Кирбинское сельское поселение, д Травкино",Частная,Для индивидуального жилищного строительства,ИЖС,0,нет,16:24:110302,574965.4,574.97,,,,,нет,да,нет,нет,нет,да,нет,да,55.54766927445377,49.2899689242126
16:24:110302:3142,100.0,Земли населенных пунктов,Учтенный,"Российская Федерация, Республика Татарстан, Лаишевский муниципальный район, Кирбинское сельское поселение, д Травкино",Муниципальная;Частная,Благоустройство территори,ДРУГОЕ,0,нет,16:24:110302,2318.86,23.19,,,,,да,нет,нет,нет,нет,нет,нет,да,55.547035792223504,49.25807302968144
16:24:110201:699,871.0,Земли населенных пунктов,Учтенный,"Российская Федерация, Республика Татарстан, Лаишевский муниципальный район, Кирбинское сельское поселение, д Травкино, ул. Садовая, уч-к. 6",Частная,ведение личного подсобного хозяйства,ЛПХ,0,нет,16:24:110201,957038.77,1098.78,,,,,нет,нет,нет,нет,да,да,нет,да,55.550106943164195,49.259296790459594
16:24:110201:708,1916.0,Земли населенных пунктов,Учтенный,"Республика Татарстан, Лаишевский муниципальный район, Кирбинское сельское поселение, д Травкино",Частная,Индивидуальное жилищное строительство,ДРУГОЕ,0,нет,16:24:110201,1868073.37,974.99,,,,,нет,нет,нет,нет,нет,нет,нет,да,55.54913532716956,49.2679858149358
16:24:110201:711,2009.0,Земли населенных пунктов,Учтенный,"Российская Федерация, Республика Татарстан, Лаишевский муниципальный район, Кирбинское сельское поселение, д. Травкино, ул. Толстого, 11",Частная,Ведение личного подсобного хозяйства,ЛПХ,0,нет,16:24:110201,1977772.51,984.46,,,,,нет,нет,нет,нет,да,да,нет,да,55.54931018788786,49.26727752692084
16:24:110302:581,633.0,Земли населенных пунктов,Учтенный,"Местоположение установлено относительно ориентира, расположенного в границах участка. Почтовый адрес ориентира: Российская Федерация, Республика Татарстан (Татарстан), м.р-н Лаишевский, с.п. Кирбинское, д Травкино, ул Радужная, з/у 1.",Частная,индивидуальные жилые дома с приусадебными земельными участками,ЖИЛОЙ,0,нет,16:24:110302,653935.91,1033.07,,,,,нет,нет,нет,нет,нет,да,нет,да,55.54412656238252,49.25853827900601
16:24:110302:732,600.0,Земли населенных пунктов,Учтенный,"Местоположение установлено относительно ориентира, расположенного в границах участка. Почтовый адрес ориентира: Российская Федерация, Республика Татарстан (Татарстан), м.р-н Лаишевский, с.п. Кирбинское, д Травкино, ул Дружбы, з/у 31.",Частная,Для индивидуального жилищного строительства,ИЖС,0,нет,16:24:110302,557967.72,929.9462,,,,,нет,да,нет,нет,нет,да,нет,да,55.554020211330524,49.27768095476961
16:24:110302:853,600.0,Земли населенных пунктов,Учтенный,"Российская Федерация, Республика Татарстан (Татарстан), м.р-н Лаишевский, с.п. Кирбинское, д Травкино, ул Свободы, з/у 24",Частная,Для индивидуального жилищного строительства,ИЖС,0,нет,16:24:110302,548627.58,914.3793,,,,,нет,да,нет,нет,нет,да,нет,да,55.55255791876749,49.27829216122826
16:24:110302:426,800.0,Земли населенных пунктов,Учтенный,"Местоположение установлено относительно ориентира, расположенного в границах участка. Почтовый адрес ориентира: Российская Федерация, Республика Татарстан (Татарстан), м.р-н Лаишевский, с.п. Кирбинское, д Травкино, ул Зеленая, з/у 6.",Частная,индивидуальные жилые дома с приусадебными земельными участками,ЖИЛОЙ,0,нет,16:24:110302,797733.2,997.1665,,,,,нет,нет,нет,нет,нет,да,нет,да,55.542770625953345,49.26252775653552
16:24:110302:1443,600.0,Земли населенных пунктов,Учтенный,"Местоположение установлено относительно ориентира, расположенного в границах участка. Почтовый адрес ориентира: Российская Федерация, Республика Татарстан, Лаишевский муниципальный район, Кирбинское сельское поселение, д Травкино.",Частная,Для индивидуального жилищного строительства,ИЖС,0,нет,16:24:110302,585864.78,976.4413,,,,,нет,да,нет,нет,нет,да,нет,да,55.55184516732381,49.271627346626
16:24:110201:257,1407.0,Земли населенных пунктов,Учтенный,"Местоположение установлено относительно ориентира, расположенного в границах участка. Почтовый адрес ориентира: Российская Федерация, Республика Татарстан (Татарстан), м.р-н Лаишевский, с.п. Кирбинское, д Травкино, ул Травкинская, з/у 27.",,Для ведения личного подсобного хозяйства,ЛПХ,0,нет,16:24:110201,1492657.88,1060.8798,,,,,да,нет,нет,нет,да,да,нет,да,55.55184747259905,49.26396159587618
16:24:110302:731,600.0,Земли населенных пунктов,Учтенный,"Российская Федерация, Республика Татарстан (Татарстан), м.р-н Лаишевский, с.п. Кирбинское, д Травкино, ул Дружбы, з/у 29",Частная,Для индивидуального жилищного строительства,ИЖС,0,нет,16:24:110302,559873.32,933.1222,,,,,нет,да,нет,нет,нет,да,нет,да,55.55395731699279,49.27738409457468
16:24:110302:574,699.0,Земли населенных пунктов,Учтенный,"Местоположение установлено относительно ориентира, расположенного в границах участка. Почтовый адрес ориентира: Российская Федерация, Республика Татарстан (Татарстан), м.р-н Лаишевский, с.п. Кирбинское, д Травкино, ул Радужная, з/у 15.",Частная,индивидуальные жилые дома с приусадебными земельными участками,ЖИЛОЙ,0,нет,16:24:110302,728464.25,1042.152,,,,,нет,нет,нет,нет,нет,да,нет,да,55.54464838860017,49.26085058646924
16:24:110302:1420,689.0,Земли населенных пунктов,Учтенный,"Местоположение установлено относительно ориентира, расположенного в границах участка. Почтовый адрес ориентира: Российская Федерация, Республика Татарстан, Лаишевский муниципальный район, Кирбинское сельское поселение, д Травкино.",Частная,Для индивидуального жилищного строительства,ИЖС,0,нет,16:24:110302,668165.33,969.761,,,,,нет,да,нет,нет,нет,да,нет,да,55.5507301073557,49.269764725214124
16:24:110302:1257,600.0,Земли населенных пунктов,Учтенный,"Местоположение установлено относительно ориентира, расположенного в границах участка. Почтовый адрес ориентира: Российская Федерация, Республика Татарстан (Татарстан), м.р-н Лаишевский, с.п. Кирбинское, д Травкино, ул Свободы, з/у 10А.",Частная,Для индивидуального жилищного строительства,ИЖС,0,нет,16:24:110302,565290.12,942.1502,,,,,нет,да,нет,нет,нет,да,нет,да,55.55214235613387,49.27633115868166
16:24:110302:575,700.0,Земли населенных пунктов,Учтенный,"Местоположение установлено относительно ориентира, расположенного в границах участка. Почтовый адрес ориентира: Российская Федерация, Республика Татарстан (Татарстан), м.р-н Лаишевский, с.п. Кирбинское, д Травкино, ул Радужная, з/у 17.",Частная,индивидуальные жилые дома с приусадебными земельными участками,ЖИЛОЙ,0,нет,16:24:110302,731017.07,1044.3101,,,,,нет,нет,нет,нет,нет,да,нет,да,55.5447148228807,49.261144971484164
16:24:110302:1457,600.0,Земли населенных пунктов,Учтенный,"Местоположение установлено относительно ориентира, расположенного в границах участка. Почтовый адрес ориентира: Российская Федерация, Республика Татарстан, Лаишевский муниципальный район, Кирбинское сельское поселение, д Травкино.",Частная,для индивидуального жилищного строительства,ИЖС,0,нет,16:24:110302,607836.3,1013.0605,,,,,нет,да,нет,нет,нет,да,нет,да,55.5519937322236,49.26878139252123
16:24:110302:1409,614.0,Земли населенных пунктов,Учтенный,"Местоположение установлено относительно ориентира, расположенного в границах участка. Почтовый адрес ориентира: Российская Федерация, Республика Татарстан, Лаишевский муниципальный район, Кирбинское сельское поселение, д Травкино.",Частная,Для индивидуального жилищного строительства,ИЖС,0,нет,16:24:110302,595390.83,969.6919,,,,,нет,да,нет,нет,нет,да,нет,да,55.55036924563643,49.26933617846021
16:24:110302:1456,769.0,Земли населенных пунктов,Учтенный,"Местоположение установлено относительно ориентира, расположенного в границах участка. Почтовый адрес ориентира: Российская Федерация, Республика Татарстан, Лаишевский муниципальный район, Кирбинское сельское поселение, д Травкино.",Частная,для индивидуального жилищного строительства,ИЖС,0,нет,16:24:110302,764272.42,993.8523,,,,,нет,да,нет,нет,нет,да,нет,да,55.55232777241783,49.27163265727481
16:24:110302:1416,600.0,Земли населенных пунктов,Учтенный,"Местоположение установлено относительно ориентира, расположенного в границах участка. Почтовый адрес ориентира: Российская Федерация, Республика Татарстан, Лаишевский муниципальный район, Кирбинское сельское поселение, д Травкино.",Частная,Для индивидуального жилищного строительства,ИЖС,0,нет,16:24:110302,581821.62,969.7027,,,,,нет,да,нет,нет,нет,да,нет,да,55.550498217227606,49.268574592514916
16:24:110201:80,3286.0,Земли населенных пунктов,Ранее учтенный,"Местоположение установлено относительно ориентира, расположенного в границах участка. Почтовый адрес ориентира: Российская Федерация, Республика Татарстан (Татарстан), м.р-н Лаишевский, с.п. Кирбинское, д Травкино, ул Травкинская, з/у 16.",Частная,Для ведения личного подсобного хозяйства,ЛПХ,0,нет,16:24:110201,3438153.63,1046.3036,,,,,нет,нет,нет,нет,да,да,нет,да,55.551048867268264,49.26402961918444
16:24:110201:15,3085.0,Земли населенных пунктов,Ранее учтенный,"Местоположение установлено относительно ориентира, расположенного в границах участка. Почтовый адрес ориентира: Российская Федерация, Республика Татарстан (Татарстан), м.р-н Лаишевский, с.п. Кирбинское, д Травкино, ул Травкинская, з/у 39.",,Личное подсобное хозяйство,ДРУГОЕ,0,нет,16:24:110201,3403643.79,1103.2881,,,,,да,нет,нет,нет,нет,нет,нет,да,55.550471178665205,49.26004323651002
16:24:110302:1445,773.0,Земли населенных пунктов,Учтенный,"Местоположение установлено относительно ориентира, расположенного в границах участка. Почтовый адрес ориентира: Российская Федерация, Республика Татарстан, Лаишевский муниципальный район, Кирбинское сельское поселение, д Травкино.",Частная,Для индивидуального жилищного строительства,ИЖС,0,нет,16:24:110302,756992.56,979.2918,,,,,нет,да,нет,нет,нет,да,нет,да,55.55195301306184,49.27238664495196
16:24:110302:1442,600.0,Земли населенных пунктов,Учтенный,"Местоположение установлено относительно ориентира, расположенного в границах участка. Почтовый адрес ориентира: Российская Федерация, Республика Татарстан, Лаишевский муниципальный район, Кирбинское сельское поселение, д Травкино.",Частная,Для индивидуального жилищного строительства,ИЖС,0,нет,16:24:110302,586851.06,978.0851,,,,,нет,да,нет,нет,нет,да,нет,да,55.55180282678833,49.27133689530525
16:24:110302:861,600.0,Земли населенных пунктов,Учтенный,"Российская Федерация, Республика Татарстан (Татарстан), м.р-н Лаишевский, с.п. Кирбинское, д Травкино, ул Победы, з/у 43",Частная,Для индивидуального жилищного строительства,ИЖС,0,нет,16:24:110302,535509.06,892.5151,,,,,нет,да,нет,нет,нет,да,нет,да,55.55335439029602,49.280693396826656
16:24:110302:805,500.0,Земли населенных пунктов,Учтенный,"Местоположение установлено относительно ориентира, расположенного в границах участка. Почтовый адрес ориентира: Российская Федерация, Республика Татарстан (Татарстан), м.р-н Лаишевский, с.п. Кирбинское, д Травкино, ул Победы, з/у 38.",Частная,Для индивидуального жилищного строительства,ИЖС,0,нет,16:24:110302,456626.8,913.2536,,,,,нет,да,нет,нет,нет,да,нет,да,55.553335569162314,49.27879431344205
16:24:110302:577,700.0,Земли населенных пунктов,Учтенный,"Местоположение установлено относительно ориентира, расположенного в границах участка. Почтовый адрес ориентира: Российская Федерация, Республика Татарстан (Татарстан), м.р-н Лаишевский, с.п. Кирбинское, д Травкино, ул Радужная, з/у 13.",Частная,индивидуальные жилые дома с приусадебными земельными участками,ЖИЛОЙ,0,нет,16:24:110302,733841.15,1048.3445,,,,,нет,нет,нет,нет,нет,да,нет,да,55.5445819536945,49.260556157182926
16:24:110201:35,962.0,Земли населенных пунктов,Ранее учтенный,"Местоположение установлено относительно ориентира, расположенного в границах участка. Почтовый адрес ориентира: Российская Федерация, Республика Татарстан (Татарстан), м.р-н Лаишевский, с.п. Кирбинское, д Травкино, ул Дачная, з/у 18.",Частная,Для ведения личного подсобного хозяйства,ЛПХ,0,нет,16:24:110201,1037830.32,1078.8257,,,,,нет,нет,нет,нет,да,да,нет,да,55.54748735958555,49.26060116375602
16:24:110302:395,800.0,Земли населенных пунктов,Учтенный,"Местоположение установлено относительно ориентира, расположенного в границах участка. Почтовый адрес ориентира: Российская Федерация, Республика Татарстан (Татарстан), м.р-н Лаишевский, с.п. Кирбинское, д Травкино, ул Цветочная, з/у 13.",Частная,индивидуальные жилые дома с приусадебными земельными участками,ЖИЛОЙ,0,нет,16:24:110302,820099.6,1025.1245,,,,,нет,нет,нет,нет,нет,да,нет,да,55.544140437975535,49.26190820315703
16:24:110302:1363,1402.0,Земли населенных пунктов,Учтенный,"Местоположение установлено относительно ориентира, расположенного в границах участка. Почтовый адрес ориентира: Российская Федерация, Республика Татарстан, Лаишевский муниципальный район, Кирбинское сельское поселение, д Травкино.",Частная,Для индивидуального жилищного строительства,ИЖС,0,нет,16:24:110302,1390839.24,992.0394,,,,,нет,да,нет,нет,нет,да,нет,да,55.551699820853315,49.270920113865145
16:24:110201:652,1233.0,Земли населенных пунктов,Учтенный,"Российская Федерация, Республика Татарстан (Татарстан), м.р-н Лаишевский, с.п. Кирбинское, д Травкино, ул Пушкина, з/у 3а",Частная,Для ведения личного подсобного хозяйства,ЛПХ,0,нет,16:24:110201,1258824.2,1020.9442,,,,,нет,нет,нет,нет,да,да,нет,да,55.55085116379951,49.26538884872264
16:24:110201:86,2103.0,Земли населенных пунктов,Ранее учтенный,"Местоположение установлено относительно ориентира, расположенного в границах участка. Почтовый адрес ориентира: Российская Федерация, Республика Татарстан (Татарстан), м.р-н Лаишевский, с.п. Кирбинское, д Травкино, ул Травкинская, з/у 6.",,ведение личного подсобного хозяйства,ЛПХ,0,нет,16:24:110201,2129747.43,1012.7187,,,,,да,нет,нет,нет,да,да,нет,да,55.55178877097972,49.26692344310896
16:24:110302:630,726.0,Земли населенных пунктов,Учтенный,"Российская Федерация, Республика Татарстан (Татарстан), м.р-н Лаишевский, с.п. Кирбинское, д Травкино, ул Березовая, з/у 4",Частная,Для индивидуального жилищного строительства,ИЖС,0,нет,16:24:110302,753357.64,1037.6827,,,,,нет,да,нет,нет,нет,да,нет,да,55.55308609457258,49.26874975063764
16:24:110302:671,1017.0,Земли населенных пунктов,Учтенный,"Российская Федерация, Республика Татарстан (Татарстан), м.р-н Лаишевский, с.п. Кирбинское, д Травкино, ул Березовая, з/у 31",Частная,Для индивидуального жилищного строительства,ИЖС,0,нет,16:24:110302,957118.23,941.1192,,,,,нет,да,нет,нет,нет,да,нет,да,55.55497163302791,49.277848574579764
16:24:110302:1365,1446.0,Земли населенных пунктов,Учтенный,"Местоположение установлено относительно ориентира, расположенного в границах участка. Почтовый адрес ориентира: Российская Федерация, Республика Татарстан, Лаишевский муниципальный район, Кирбинское сельское поселение, д Травкино.",Частная,Для индивидуального жилищного строительства,ИЖС,0,нет,16:24:110302,1404448.76,971.2647,,,,,нет,да,нет,нет,нет,да,нет,да,55.55074226050422,49.26885630041058
16:24:110302:1003,600.0,Земли населенных пунктов,Учтенный,"Российская Федерация, Республика Татарстан (Татарстан), м.р-н Лаишевский, с.п. Кирбинское, д Травкино, ул Мира, з/у 45",Частная,Для индивидуального жилищного строительства,ИЖС,0,нет,16:24:110302,514888.56,858.1476,,,,,нет,да,нет,нет,нет,да,нет,да,55.550995980147036,49.281419580147
16:24:110302:761,500.0,Земли населенных пунктов,Учтенный,"Российская Федерация, Республика Татарстан (Татарстан), м.р-н Лаишевский, с.п. Кирбинское, д Травкино, ул Сююмбике, з/у 56",Частная,Для индивидуального жилищного строительства,ИЖС,0,нет,16:24:110302,443433.45,886.8669,,,,,нет,да,нет,нет,нет,да,нет,да,55.55451465385583,49.281281614392284
16:24:110302:943,800.0,Земли населенных пунктов,Учтенный,"Местоположение установлено относительно ориентира, расположенного в границах участка. Почтовый адрес ориентира: Российская Федерация, Республика Татарстан (Татарстан), м.р-н Лаишевский, с.п. Кирбинское, д Травкино, ул Дружбы, з/у 28.",Частная,Для индивидуального жилищного строительства,ИЖС,0,нет,16:24:110302,764600.64,955.7508,,,,,нет,да,нет,нет,нет,да,нет,да,55.553625846959726,49.27420427477648
16:24:110201:316,1203.0,Земли населенных пунктов,Учтенный,"Местоположение установлено относительно ориентира, расположенного в границах участка. Почтовый адрес ориентира: Российская Федерация, Республика Татарстан (Татарстан), м.р-н Лаишевский, с.п. Кирбинское, д Травкино, ул Придорожная, з/у 6.",Частная,Для ведения личного подсобного хозяйства,ЛПХ,0,нет,16:24:110201,1370560.82,1139.2858,,,,,нет,нет,нет,нет,да,да,нет,да,55.551444993718704,49.25853067998601
16:24:110302:643,992.0,Земли населенных пунктов,Учтенный,"Российская Федерация, Республика Татарстан (Татарстан), м.р-н Лаишевский, с.п. Кирбинское, д Травкино, ул Березовая, з/у 11",Частная,Для индивидуального жилищного строительства,ИЖС,0,нет,16:24:110302,996909.41,1004.949,,,,,нет,да,нет,нет,нет,да,нет,да,55.553586397608704,49.271346345253015
16:24:110302:750,600.0,Земли населенных пунктов,Учтенный,"Российская Федерация, Республика Татарстан (Татарстан), м.р-н Лаишевский, с.п. Кирбинское, д Травкино, ул Дружбы, з/у 43",Частная,Для индивидуального жилищного строительства,ИЖС,0,нет,16:24:110302,539280.66,898.8011,,,,,нет,да,нет,нет,нет,да,нет,да,55.55456154722251,49.28023573751914
16:24:110302:824,600.0,Земли населенных пунктов,Учтенный,"Местоположение установлено относительно ориентира, расположенного в границах участка. Почтовый адрес ориентира: Российская Федерация, Республика Татарстан (Татарстан), м.р-н Лаишевский, с.п. Кирбинское, д Травкино, ул Победы, з/у 5.",Частная,Для индивидуального жилищного строительства,ИЖС,0,нет,16:24:110302,575260.68,958.7678,,,,,нет,да,нет,нет,нет,да,нет,да,55.55184984168382,49.2749509295761
16:24:110302:678,800.0,Земли населенных пунктов,Учтенный,"Российская Федерация, Республика Татарстан (Татарстан), м.р-н Лаишевский, с.п. Кирбинское, д Травкино, ул Дружбы, з/у 40",Частная,Для индивидуального жилищного строительства,ИЖС,0,нет,16:24:110302,757645.44,947.0568,,,,,нет,да,нет,нет,нет,да,нет,да,55.55413998740714,49.27602871209574
16:24:110302:703,800.0,Земли населенных пунктов,Учтенный,"Местоположение установлено относительно ориентира, расположенного в границах участка. Почтовый адрес ориентира: Российская Федерация, Республика Татарстан (Татарстан), м.р-н Лаишевский, с.п. Кирбинское, д Травкино, ул Дружбы, з/у 74.",Муниципальная;Частная,Для индивидуального жилищного строительства,ИЖС,0,нет,16:24:110302,712436.64,890.5458,,,,,да,да,нет,нет,нет,да,нет,да,55.55516247517014,49.280854422194906
16:24:110302:792,600.0,Земли населенных пунктов,Учтенный,"Местоположение установлено относительно ориентира, расположенного в границах участка. Почтовый адрес ориентира: Российская Федерация, Республика Татарстан (Татарстан), м.р-н Лаишевский, с.п. Кирбинское, д Травкино, ул Сююмбике, з/у 43.",Частная,Для индивидуального жилищного строительства,ИЖС,0,нет,16:24:110302,546679.62,911.1327,,,,,нет,да,нет,нет,нет,да,нет,да,55.55363402891385,49.27893583301576
16:24:110302:845,600.0,Земли населенных пунктов,Учтенный,"Российская Федерация, Республика Татарстан (Татарстан), м.р-н Лаишевский, с.п. Кирбинское, д Травкино, ул Победы, з/у 39",Частная,Для индивидуального жилищного строительства,ИЖС,0,нет,16:24:110302,538711.2,897.852,,,,,нет,да,нет,нет,нет,да,нет,да,55.55318773979043,49.27990674377443
16:24:110302:883,600.0,Земли населенных пунктов,Учтенный,"Российская Федерация, Республика Татарстан (Татарстан), м.р-н Лаишевский, с.п. Кирбинское, д Травкино, ул Мира, з/у 2",Частная,Для индивидуального жилищного строительства,ИЖС,0,нет,16:24:110302,564715.62,941.1927,,,,,нет,да,нет,нет,нет,да,нет,да,55.55146530832003,49.27643938771243
16:24:110302:918,2003.0,Земли населенных пунктов,Учтенный,"Российская Федерация, Республика Татарстан (Татарстан), м.р-н Лаишевский, с.п. Кирбинское, д Травкино, ул Дружбы, з/у 24",Частная,Для индивидуального жилищного строительства,ИЖС,0,нет,16:24:110302,2010167.94,1003.5786,,,,,нет,да,нет,нет,нет,да,нет,да,55.55335866913179,49.27232165587067
16:24:110302:886,600.0,Земли населенных пунктов,Учтенный,"Российская Федерация, Республика Татарстан (Татарстан), м.р-н Лаишевский, с.п. Кирбинское, д Травкино, ул Мира, з/у 8",Частная,Для индивидуального жилищного строительства,ИЖС,0,нет,16:24:110302,556663.5,927.7725,,,,,нет,да,нет,нет,нет,да,нет,да,55.55165399629631,49.277329846870444
16:24:110302:662,1013.0,Земли населенных пунктов,Учтенный,"Российская Федерация, Республика Татарстан (Татарстан), м.р-н Лаишевский, с.п. Кирбинское, д Травкино, ул Березовая, з/у 22",Частная,Для индивидуального жилищного строительства,ИЖС,0,нет,16:24:110302,983727.74,971.1034,,,,,нет,да,нет,нет,нет,да,нет,да,55.55440430275958,49.2751776161759
16:24:110302:759,500.0,Земли населенных пунктов,Учтенный,"Российская Федерация, Республика Татарстан (Татарстан), м.р-н Лаишевский, с.п. Кирбинское, д Травкино, ул Сююмбике, з/у 52",Частная,Для индивидуального жилищного строительства,ИЖС,0,нет,16:24:110302,448548.45,897.0969,,,,,нет,да,нет,нет,нет,да,нет,да,55.55438884587413,49.28068793919817
16:24:110302:779,573.0,Земли населенных пунктов,Учтенный,"Российская Федерация, Республика Татарстан (Татарстан), м.р-н Лаишевский, с.п. Кирбинское, д Травкино, ул Победы, з/у 16",Частная,Для индивидуального жилищного строительства,ИЖС,0,нет,16:24:110302,543441.11,948.4138,,,,,нет,да,нет,нет,нет,да,нет,да,55.552339168818264,49.27531405100169
16:24:110302:832,600.0,Земли населенных пунктов,Учтенный,"Местоположение установлено относительно ориентира, расположенного в границах участка. Почтовый адрес ориентира: Российская Федерация, Республика Татарстан (Татарстан), м.р-н Лаишевский, с.п. Кирбинское, д Травкино, ул Победы, з/у 13.",Частная,Для индивидуального жилищного строительства,ИЖС,0,нет,16:24:110302,565286.04,942.1434,,,,,нет,да,нет,нет,нет,да,нет,да,55.552394775758124,49.27616475797917
16:24:110302:850,521.0,Земли населенных пунктов,Учтенный,"Местоположение установлено относительно ориентира, расположенного в границах участка. Почтовый адрес ориентира: Российская Федерация, Республика Татарстан (Татарстан), м.р-н Лаишевский, с.п. Кирбинское, д Травкино, ул Свободы, з/у 18.",Частная,Для индивидуального жилищного строительства,ИЖС,0,нет,16:24:110302,482635.7,926.3641,,,,,нет,да,нет,нет,нет,да,нет,да,55.55239070111821,49.27750293220534
16:24:110302:1016,900.0,Земли населенных пунктов,Учтенный,"Местоположение установлено относительно ориентира, расположенного в границах участка. Почтовый адрес ориентира: Российская Федерация, Республика Татарстан (Татарстан), м.р-н Лаишевский, с.п. Кирбинское, д Травкино, ул Свободы, з/у 13.",Частная,Для индивидуального жилищного строительства,ИЖС,0,нет,16:24:110302,833039.1,925.599,,,,,нет,да,нет,нет,нет,да,нет,да,55.552004377310915,49.27766439765985
16:24:110302:683,800.0,Земли населенных пунктов,Учтенный,"Российская Федерация, Республика Татарстан (Татарстан), м.р-н Лаишевский, с.п. Кирбинское, д Травкино, ул Дружбы, з/у 50",Частная,Для индивидуального жилищного строительства,ИЖС,0,нет,16:24:110302,749112.96,936.3912,,,,,нет,да,нет,нет,нет,да,нет,да,55.55445446829826,49.27751301864817
16:24:110302:762,985.0,Земли населенных пунктов,Учтенный,"Российская Федерация, Республика Татарстан (Татарстан), м.р-н Лаишевский, с.п. Кирбинское, д Травкино, ул Сююмбике, з/у 58",Частная,Для индивидуального жилищного строительства,ИЖС,0,нет,16:24:110302,873443.73,886.7449,,,,,нет,да,нет,нет,нет,да,нет,да,55.554618171503215,49.2816947959856
16:24:110302:1361,1446.0,Земли населенных пунктов,Учтенный,"Местоположение установлено относительно ориентира, расположенного в границах участка. Почтовый адрес ориентира: Российская Федерация, Республика Татарстан, Лаишевский муниципальный район, Кирбинское сельское поселение, д Травкино.",Частная,Для индивидуального жилищного строительства,ИЖС,0,нет,16:24:110302,1451148.05,1003.5602,,,,,нет,да,нет,нет,нет,да,нет,да,55.551634158326664,49.269661239526044
16:24:110302:394,800.0,Земли населенных пунктов,Учтенный,"Местоположение установлено относительно ориентира, расположенного в границах участка. Почтовый адрес ориентира: Российская Федерация, Республика Татарстан (Татарстан), м.р-н Лаишевский, с.п. Кирбинское, д Травкино, ул Цветочная, з/у 11.",Частная,индивидуальные жилые дома с приусадебными земельными участками,ЖИЛОЙ,0,нет,16:24:110302,829684.48,1037.1056,,,,,нет,нет,нет,нет,нет,да,нет,да,55.54405197603397,49.26152985034421
16:24:110302:1426,626.0,Земли населенных пунктов,Учтенный,"Местоположение установлено относительно ориентира, расположенного в границах участка. Почтовый адрес ориентира: Российская Федерация, Республика Татарстан, Лаишевский муниципальный район, Кирбинское сельское поселение, д Травкино.",Частная,Для индивидуального жилищного строительства,ИЖС,0,нет,16:24:110302,617982.44,987.19,,,,,нет,да,нет,нет,нет,да,нет,да,55.55108852480834,49.269549586974655
16:24:110201:277,639.0,Земли населенных пунктов,Учтенный,"Местоположение установлено относительно ориентира, расположенного в границах участка. Почтовый адрес ориентира: Российская Федерация, Республика Татарстан (Татарстан), м.р-н Лаишевский, с.п. Кирбинское, д Травкино, ул Травкинская, з/у 23А.",,Индивидуальное жилищное строительство,ДРУГОЕ,0,нет,16:24:110201,690679.76,1080.876,,,,,да,нет,нет,нет,нет,нет,нет,да,55.55248363666394,49.264070727659366
16:24:110302:767,600.0,Земли населенных пунктов,Учтенный,"Российская Федерация, Республика Татарстан (Татарстан), м.р-н Лаишевский, с.п. Кирбинское, д Травкино, ул Сююмбике, з/у 9",Частная,Для индивидуального жилищного строительства,ИЖС,0,нет,16:24:110302,581548.86,969.2481,,,,,нет,да,нет,нет,нет,да,нет,да,55.55228171089033,49.273821437715476
16:24:110302:693,941.0,Земли населенных пунктов,Учтенный,"Российская Федерация, Республика Татарстан (Татарстан), м.р-н Лаишевский, с.п. Кирбинское, д Травкино, ул Березовая, з/у 39",Частная,Для индивидуального жилищного строительства,ИЖС,0,нет,16:24:110302,846477.21,899.5507,,,,,нет,да,нет,нет,нет,да,нет,да,55.555536086205166,49.28060798229974
16:24:110302:756,500.0,Земли населенных пунктов,Учтенный,"Местоположение установлено относительно ориентира, расположенного в границах участка. Почтовый адрес ориентира: Российская Федерация, Республика Татарстан (Татарстан), м.р-н Лаишевский, с.п. Кирбинское, д Травкино, ул Сююмбике, з/у 46.",Частная,Для индивидуального жилищного строительства,ИЖС,0,нет,16:24:110302,449400.55,898.8011,,,,,нет,да,нет,нет,нет,да,нет,да,55.55420016461717,49.27979733865739
16:24:110302:1271,500.0,Земли населенных пунктов,Учтенный,"Российская Федерация, Республика Татарстан (Татарстан), м.р-н Лаишевский, с.п. Кирбинское, д Травкино, ул Победы, з/у 49",Частная,Для индивидуального жилищного строительства,ИЖС,0,нет,16:24:110302,441591.3,883.1826,,,,,нет,да,нет,нет,нет,да,нет,да,55.55353890176406,49.281564086142744
16:24:110302:774,600.0,Земли населенных пунктов,Учтенный,"Российская Федерация, Республика Татарстан (Татарстан), м.р-н Лаишевский, с.п. Кирбинское, д Травкино, ул Победы, з/у 6",Частная,Для индивидуального жилищного строительства,ИЖС,0,нет,16:24:110302,585262.68,975.4378,,,,,нет,да,нет,нет,нет,да,нет,да,55.5520428849048,49.27382565892861
16:24:110302:831,600.0,Земли населенных пунктов,Учтенный,"Местоположение установлено относительно ориентира, расположенного в границах участка. Почтовый адрес ориентира: Российская Федерация, Республика Татарстан, Лаишевский муниципальный район, Кирбинское сельское поселение, д Травкино, ул. Победы, з/у 11.",Частная,Для индивидуального жилищного строительства,ИЖС,0,нет,16:24:110302,565290.12,942.1502,,,,,нет,да,нет,нет,нет,да,нет,да,55.55233187771775,49.27586791245376
16:24:110201:42,1364.0,Земли населенных пунктов,Ранее учтенный,"Местоположение установлено относительно ориентира, расположенного в границах участка. Почтовый адрес ориентира: Российская Федерация, Республика Татарстан (Татарстан), м.р-н Лаишевский, с.п. Кирбинское, д Травкино, ул Тукая, з/у 3.",Частная,Под жилую застройку Индивидуальную,ДРУГОЕ,0,нет,16:24:110201,1418109.47,1039.67,,,,,нет,нет,нет,нет,нет,нет,нет,да,55.54849242419326,49.26281596626109
16:24:110302:445,600.0,Земли населенных пунктов,Учтенный,"Местоположение установлено относительно ориентира, расположенного в границах участка. Почтовый адрес ориентира: Российская Федерация, Республика Татарстан (Татарстан), м.р-н Лаишевский, с.п. Кирбинское, д Травкино, ул Рябиновая, з/у 7.",Частная,индивидуальные жилые дома с приусадебными земельными участками,ЖИЛОЙ,0,нет,16:24:110302,653735.28,1089.5588,,,,,нет,нет,нет,нет,нет,да,нет,да,55.54635600863569,49.25849636518665
16:24:110302:527,700.0,Земли населенных пунктов,Учтенный,"Местоположение установлено относительно ориентира, расположенного в границах участка. Почтовый адрес ориентира: Российская Федерация, Республика Татарстан (Татарстан), м.р-н Лаишевский, с.п. Кирбинское, д Травкино, ул Солнечная, з/у 6.",Частная,индивидуальные жилые дома с приусадебными земельными участками,ЖИЛОЙ,0,нет,16:24:110302,727204.87,1038.8641,,,,,нет,нет,нет,нет,нет,да,нет,да,55.54453967834168,49.25888596978052
16:24:110201:238,1146.0,Земли населенных пунктов,Учтенный,"Местоположение установлено относительно ориентира, расположенного в границах участка. Почтовый адрес ориентира: Республика Татарстан, Лаишевский муниципальный район, Кирбинское сельское поселение, д Травкино.",,индивидуальное жилищное строительство,ДРУГОЕ,0,нет,16:24:110201,1228516.01,1072.0035,,,,,да,нет,нет,нет,нет,нет,нет,да,55.54946815140202,49.26042032523112
16:24:110302:740,500.0,Земли населенных пунктов,Учтенный,"Местоположение установлено относительно ориентира, расположенного в границах участка. Почтовый адрес ориентира: Российская Федерация, Республика Татарстан (Татарстан), м.р-н Лаишевский, с.п. Кирбинское, д Травкино, ул Сююмбике, з/у 30.",Частная,Для индивидуального жилищного строительства,ИЖС,0,нет,16:24:110302,465960.25,931.9205,,,,,нет,да,нет,нет,нет,да,нет,да,55.553492128785635,49.276456004035886
16:24:110302:791,600.0,Земли населенных пунктов,Учтенный,"Российская Федерация, Республика Татарстан (Татарстан), м.р-н Лаишевский, с.п. Кирбинское, д Травкино, ул Сююмбике, з/у 41",Частная,Для индивидуального жилищного строительства,ИЖС,0,нет,16:24:110302,546929.52,911.5492,,,,,нет,да,нет,нет,нет,да,нет,да,55.55357115557448,49.278638973850086
16:24:110302:680,800.0,Земли населенных пунктов,Учтенный,"Российская Федерация, Республика Татарстан (Татарстан), м.р-н Лаишевский, с.п. Кирбинское, д Травкино, ул Дружбы, з/у 44",Частная,Для индивидуального жилищного строительства,ИЖС,0,нет,16:24:110302,749112.96,936.3912,,,,,нет,да,нет,нет,нет,да,нет,да,55.55426574599743,49.27662243165584
16:24:110302:751,600.0,Земли населенных пунктов,Учтенный,"Местоположение установлено относительно ориентира, расположенного в границах участка. Почтовый адрес ориентира: Российская Федерация, Республика Татарстан (Татарстан), м.р-н Лаишевский, с.п. Кирбинское, д Травкино, ул Дружбы, з/у 45.",Частная,Для индивидуального жилищного строительства,ИЖС,0,нет,16:24:110302,537511.32,895.8522,,,,,нет,да,нет,нет,нет,да,нет,да,55.55462441667478,49.280532606692525
16:24:110302:959,600.0,Земли населенных пунктов,Учтенный,"Местоположение установлено относительно ориентира, расположенного в границах участка. Почтовый адрес ориентира: Российская Федерация, Республика Татарстан (Татарстан), м.р-н Лаишевский, с.п. Кирбинское, д Травкино, ул Мира, з/у 5.",Частная,Для индивидуального жилищного строительства,ИЖС,0,нет,16:24:110302,553085.7,921.8095,,,,,нет,да,нет,нет,нет,да,нет,да,55.55118544493693,49.277087131458245
16:24:110201:75,1291.0,Земли населенных пунктов,Ранее учтенный,"Местоположение установлено относительно ориентира, расположенного в границах участка. Почтовый адрес ориентира: Российская Федерация, Республика Татарстан (Татарстан), м.р-н Лаишевский, с.п. Кирбинское, д Травкино, ул Травкинская, з/у 5.",,Для ведения личного подсобного хозяйства,ЛПХ,0,нет,16:24:110201,1337743.5,1036.2072,,,,,да,нет,нет,нет,да,да,нет,да,55.55278814280099,49.26685260225032
16:24:110302:1254,591.0,Земли населенных пунктов,Учтенный,"Российская Федерация, Республика Татарстан (Татарстан), м.р-н Лаишевский, с.п. Кирбинское, д Травкино, ул Победы, з/у 1",Частная,Для индивидуального жилищного строительства,ИЖС,0,нет,16:24:110302,567271.53,959.8503,,,,,нет,да,нет,нет,нет,да,нет,да,55.55165771868879,49.2740443265028
16:24:110302:633,1454.0,Земли населенных пунктов,Учтенный,"Местоположение установлено относительно ориентира, расположенного в границах участка. Почтовый адрес ориентира: Российская Федерация, Республика Татарстан (Татарстан), м.р-н Лаишевский, с.п. Кирбинское, д Травкино, ул Березовая, д. 7.",Частная,Магазины,ДРУГОЕ,0,нет,16:24:110302,1315650.59,904.8491,,,,,нет,нет,нет,нет,нет,нет,нет,да,55.55327176426733,49.2697889100437
16:24:110302:734,768.0,Земли населенных пунктов,Учтенный,"Российская Федерация, Республика Татарстан (Татарстан), м.р-н Лаишевский, с.п. Кирбинское, д Травкино, ул Дружбы, з/у 35",Частная,Для индивидуального жилищного строительства,ИЖС,0,нет,16:24:110302,700495.72,912.1038,,,,,нет,да,нет,нет,нет,да,нет,да,55.554232862874244,49.27867494060603
16:24:110302:708,800.0,Земли населенных пунктов,Учтенный,"Российская Федерация, Республика Татарстан (Татарстан), м.р-н Лаишевский, с.п. Кирбинское, д Травкино, ул Дружбы, з/у 3",Частная,Для индивидуального жилищного строительства,ИЖС,0,нет,16:24:110302,795084.64,993.8558,,,,,нет,да,нет,нет,нет,да,нет,да,55.55271358945331,49.27187761178127
16:24:110302:826,600.0,Земли населенных пунктов,Учтенный,"Местоположение установлено относительно ориентира, расположенного в границах участка. Почтовый адрес ориентира: Российская Федерация, Республика Татарстан (Татарстан), м.р-н Лаишевский, с.п. Кирбинское, д Травкино, ул Победы, з/у 9.",Частная,Для индивидуального жилищного строительства,ИЖС,0,нет,16:24:110302,565290.12,942.1502,,,,,нет,да,нет,нет,нет,да,нет,да,55.55197567749569,49.275544579918524
16:24:110302:1429,626.0,Земли населенных пунктов,Учтенный,"Местоположение установлено относительно ориентира, расположенного в границах участка. Почтовый адрес ориентира: Российская Федерация, Республика Татарстан, Лаишевский муниципальный район, Кирбинское сельское поселение, д Травкино.",Частная,Для индивидуального жилищного строительства,ИЖС,0,нет,16:24:110302,608334.59,971.78,,,,,нет,да,нет,нет,нет,да,нет,да,55.55128693293899,49.27038853365982
16:24:110302:578,628.0,Земли населенных пунктов,Учтенный,"Местоположение установлено относительно ориентира, расположенного в границах участка. Почтовый адрес ориентира: Российская Федерация, Республика Татарстан (Татарстан), м.р-н Лаишевский, с.п. Кирбинское, д Травкино, ул Радужная, з/у 23.",Частная,индивидуальные жилые дома с приусадебными земельными участками,ЖИЛОЙ,0,нет,16:24:110302,642767.11,1023.51,,,,,нет,нет,нет,нет,нет,да,нет,да,55.54491915665372,49.262039882263196
16:24:110302:642,992.0,Земли населенных пунктов,Учтенный,"Российская Федерация, Республика Татарстан (Татарстан), м.р-н Лаишевский, с.п. Кирбинское, д Травкино, ул Березовая, з/у 10",Частная,Для индивидуального жилищного строительства,ИЖС,0,нет,16:24:110302,1003582.89,1011.6763,,,,,нет,да,нет,нет,нет,да,нет,да,55.55352334407818,49.27104956091786
16:24:110302:669,1016.0,Земли населенных пунктов,Учтенный,"Российская Федерация, Республика Татарстан (Татарстан), м.р-н Лаишевский, с.п. Кирбинское, д Травкино, ул Березовая, з/у 29",Частная,Для индивидуального жилищного строительства,ИЖС,0,нет,16:24:110302,969017.52,953.7574,,,,,нет,да,нет,нет,нет,да,нет,да,55.55484561075828,49.27725493388171
16:24:110302:679,800.0,Земли населенных пунктов,Учтенный,"Российская Федерация, Республика Татарстан (Татарстан), м.р-н Лаишевский, с.п. Кирбинское, д Травкино, ул Дружбы, з/у 42",Частная,Для индивидуального жилищного строительства,ИЖС,0,нет,16:24:110302,756923.76,946.1547,,,,,нет,да,нет,нет,нет,да,нет,да,55.55420288502641,49.27632557151338
16:24:110302:724,600.0,Земли населенных пунктов,Учтенный,"Местоположение установлено относительно ориентира, расположенного в границах участка. Почтовый адрес ориентира: Российская Федерация, Республика Татарстан (Татарстан), м.р-н Лаишевский, с.п. Кирбинское, д Травкино, ул Дружбы, з/у 15.",Частная,Для индивидуального жилищного строительства,ИЖС,0,нет,16:24:110302,573450.48,955.7508,,,,,нет,да,нет,нет,нет,да,нет,да,55.553476081176804,49.2751132638049
16:24:110302:808,500.0,Земли населенных пунктов,Учтенный,"Местоположение установлено относительно ориентира, расположенного в границах участка. Почтовый адрес ориентира: Российская Федерация, Республика Татарстан (Татарстан), м.р-н Лаишевский, с.п. Кирбинское, д Травкино, ул Победы, з/у 44.",Частная,Для индивидуального жилищного строительства,ИЖС,0,нет,16:24:110302,448926.7,897.8534,,,,,нет,да,нет,нет,нет,да,нет,да,55.55352427584844,49.27968482636727
16:24:110302:660,1010.0,Земли населенных пунктов,Учтенный,"Российская Федерация, Республика Татарстан (Татарстан), м.р-н Лаишевский, с.п. Кирбинское, д Травкино, ул Березовая, з/у 20",Частная,Для индивидуального жилищного строительства,ИЖС,0,нет,16:24:110302,985282.78,975.5275,,,,,нет,да,нет,нет,нет,да,нет,да,55.554277655757986,49.27458449586676
16:24:110302:727,600.0,Земли населенных пунктов,Учтенный,"Российская Федерация, Республика Татарстан, муниципальный район Лаишевский, сельское поселение Кирбинское, деревня Травкино, улица Дружбы, земельный участок 21",Частная,Для индивидуального жилищного строительства,ИЖС,0,нет,16:24:110302,568234.08,947.0568,,,,,нет,да,нет,нет,нет,да,нет,да,55.55366479652726,49.27600382561892
16:24:110302:754,600.0,Земли населенных пунктов,Учтенный,"Российская Федерация, Республика Татарстан (Татарстан), м.р-н Лаишевский, с.п. Кирбинское, д Травкино, ул Дружбы, з/у 51",Частная,Для индивидуального жилищного строительства,ИЖС,0,нет,16:24:110302,532179.3,886.9655,,,,,нет,да,нет,нет,нет,да,нет,да,55.55481312868342,49.2814231254919
16:24:110302:847,600.0,Земли населенных пунктов,Учтенный,"Российская Федерация, Республика Татарстан (Татарстан), м.р-н Лаишевский, с.п. Кирбинское, д Травкино, ул Свободы, з/у 12",Частная,Для индивидуального жилищного строительства,ИЖС,0,нет,16:24:110302,563202.0,938.67,,,,,нет,да,нет,нет,нет,да,нет,да,55.552205271018785,49.276628003625135
16:24:110302:493,700.0,Земли населенных пунктов,Учтенный,"Местоположение установлено относительно ориентира, расположенного в границах участка. Почтовый адрес ориентира: Российская Федерация, Республика Татарстан (Татарстан), м.р-н Лаишевский, с.п. Кирбинское, д Травкино, ул Вишневая, з/у 12.",Частная,индивидуальные жилые дома с приусадебными земельными участками,ЖИЛОЙ,0,нет,16:24:110302,752850.21,1075.5003,,,,,нет,нет,нет,нет,нет,да,нет,да,55.54556899465954,49.25981757743743
16:24:110302:1306,1400.0,Земли населенных пунктов,Учтенный,"Местоположение установлено относительно ориентира, расположенного в границах участка. Почтовый адрес ориентира: Республика Татарстан, Лаишевский муниципальный район, Кирбинское сельское поселение, д Травкино.",Частная,индивидуальные жилые дома с приусадебными земельными участками,ЖИЛОЙ,0,нет,16:24:110302,1502290.58,1073.0647,,,,,нет,нет,нет,нет,нет,да,нет,да,55.546567991880266,49.261228234072114
16:24:110302:766,600.0,Земли населенных пунктов,Учтенный,"Российская Федерация, Республика Татарстан (Татарстан), м.р-н Лаишевский, с.п. Кирбинское, д Травкино, ул Сююмбике, з/у 7",Частная,Для индивидуального жилищного строительства,ИЖС,0,нет,16:24:110302,585764.22,976.2737,,,,,нет,да,нет,нет,нет,да,нет,да,55.552218789153585,49.27352462306703
16:24:110302:788,600.0,Земли населенных пунктов,Учтенный,"Российская Федерация, Республика Татарстан (Татарстан), м.р-н Лаишевский, с.п. Кирбинское, д Травкино, ул Сююмбике, з/у 35",Частная,Для индивидуального жилищного строительства,ИЖС,0,нет,16:24:110302,555327.66,925.5461,,,,,нет,да,нет,нет,нет,да,нет,да,55.55338245937768,49.27774840158427
16:24:110302:920,600.0,Земли населенных пунктов,Учтенный,"Местоположение установлено относительно ориентира, расположенного в границах участка. Почтовый адрес ориентира: Российская Федерация, Республика Татарстан (Татарстан), м.р-н Лаишевский, с.п. Кирбинское, д Травкино, ул Дружбы, з/у 4.",Частная,для индивидуального жилищного строительства,ИЖС,0,нет,16:24:110302,613697.1,1022.8285,,,,,нет,да,нет,нет,нет,да,нет,да,55.552759148528644,49.268571522455694
16:24:110302:470,600.0,Земли населенных пунктов,Учтенный,"Местоположение установлено относительно ориентира, расположенного в границах участка. Почтовый адрес ориентира: Российская Федерация, Республика Татарстан (Татарстан), м.р-н Лаишевский, с.п. Кирбинское, д Травкино, ул Луговая, з/у 10.",Частная,индивидуальные жилые дома с приусадебными земельными участками,ЖИЛОЙ,0,нет,16:24:110302,655124.58,1091.8743,,,,,нет,нет,нет,нет,нет,да,нет,да,55.546259734567606,49.259651047251296
16:24:110302:474,600.0,Земли населенных пунктов,Учтенный,"Местоположение установлено относительно ориентира, расположенного в границах участка. Почтовый адрес ориентира: Российская Федерация, Республика Татарстан (Татарстан), м.р-н Лаишевский, с.п. Кирбинское, д Травкино, ул Луговая, з/у 18.",Частная,индивидуальные жилые дома с приусадебными земельными участками,ЖИЛОЙ,0,нет,16:24:110302,643259.88,1072.0998,,,,,нет,нет,нет,нет,нет,да,нет,да,55.546533114776885,49.260857527540736
16:24:110302:514,700.0,Земли населенных пунктов,Учтенный,"Местоположение установлено относительно ориентира, расположенного в границах участка. Почтовый адрес ориентира: Российская Федерация, Республика Татарстан (Татарстан), м.р-н Лаишевский, с.п. Кирбинское, д Травкино, ул Солнечная, з/у 28.",Частная,индивидуальные жилые дома с приусадебными земельными участками,ЖИЛОЙ,0,нет,16:24:110302,719611.62,1028.0166,,,,,нет,нет,нет,нет,нет,да,нет,да,55.54516911864922,49.262277606750764
16:24:110302:466,600.0,Земли населенных пунктов,Учтенный,"Местоположение установлено относительно ориентира, расположенного в границах участка. Почтовый адрес ориентира: Российская Федерация, Республика Татарстан (Татарстан), м.р-н Лаишевский, с.п. Кирбинское, д Травкино, ул Вишневая, з/у 15.",Частная,индивидуальные жилые дома с приусадебными земельными участками,ЖИЛОЙ,0,нет,16:24:110302,635983.44,1059.9724,,,,,нет,нет,нет,нет,нет,да,нет,да,55.546219295216176,49.26071137153036
16:24:110302:526,700.0,Земли населенных пунктов,Учтенный,"Местоположение установлено относительно ориентира, расположенного в границах участка. Почтовый адрес ориентира: Российская Федерация, Республика Татарстан (Татарстан), м.р-н Лаишевский, с.п. Кирбинское, д Травкино, ул Солнечная, з/у 4.",Частная,индивидуальные жилые дома с приусадебными земельными участками,ЖИЛОЙ,0,нет,16:24:110302,723151.87,1033.0741,,,,,нет,нет,нет,нет,нет,да,нет,да,55.54447028098931,49.25859367313642
16:24:110302:453,645.0,Земли населенных пунктов,Учтенный,"Местоположение установлено относительно ориентира, расположенного в границах участка. Почтовый адрес ориентира: Российская Федерация, Республика Татарстан (Татарстан), м.р-н Лаишевский, с.п. Кирбинское, д Травкино, ул Луговая, з/у 1.",Частная,индивидуальные жилые дома с приусадебными земельными участками,ЖИЛОЙ,0,нет,16:24:110302,706847.82,1095.8881,,,,,нет,нет,нет,нет,нет,да,нет,да,55.54616394124491,49.25764363855265
16:24:110302:720,1229.0,Земли населенных пунктов,Учтенный,"Местоположение установлено относительно ориентира, расположенного в границах участка. Почтовый адрес ориентира: Российская Федерация, Республика Татарстан (Татарстан), м.р-н Лаишевский, с.п. Кирбинское, д Травкино, ул Сююмбике, з/у 14.",Частная,Для индивидуального жилищного строительства,ИЖС,0,нет,16:24:110302,1190045.25,968.3037,,,,,нет,да,нет,нет,нет,да,нет,да,55.552927674499976,49.27389197990217
16:24:110302:373,800.0,Земли населенных пунктов,Учтенный,"Местоположение установлено относительно ориентира, расположенного в границах участка. Почтовый адрес ориентира: Российская Федерация, Республика Татарстан (Татарстан), м.р-н Лаишевский, с.п. Кирбинское, д Травкино, ул Светлая, з/у 8.",Частная,индивидуальные жилые дома с приусадебными земельными участками,ЖИЛОЙ,0,нет,16:24:110302,801558.16,1001.9477,,,,,нет,нет,нет,нет,нет,да,нет,да,55.54267210767912,49.26081432689606
16:24:110302:400,700.0,Земли населенных пунктов,Учтенный,"Местоположение установлено относительно ориентира, расположенного в границах участка. Почтовый адрес ориентира: Российская Федерация, Республика Татарстан (Татарстан), м.р-н Лаишевский, с.п. Кирбинское, д Травкино, ул Радужная, з/у 4.",Частная,индивидуальные жилые дома с приусадебными земельными участками,ЖИЛОЙ,0,нет,16:24:110302,721771.96,1031.1028,,,,,нет,нет,нет,нет,нет,да,нет,да,55.54378263361275,49.25910139383986
16:24:110302:372,728.0,Земли населенных пунктов,Учтенный,"Местоположение установлено относительно ориентира, расположенного в границах участка. Почтовый адрес ориентира: Российская Федерация, Республика Татарстан (Татарстан), м.р-н Лаишевский, с.п. Кирбинское, д Травкино, ул Рябиновая, з/у 8.",Частная,индивидуальные жилые дома с приусадебными земельными участками,ЖИЛОЙ,0,нет,16:24:110302,755185.7,1037.343,,,,,нет,нет,нет,нет,нет,да,нет,да,55.544074030397184,49.26106290808332
16:24:110302:416,795.0,Земли населенных пунктов,Учтенный,"Местоположение установлено относительно ориентира, расположенного в границах участка. Почтовый адрес ориентира: Российская Федерация, Республика Татарстан (Татарстан), м.р-н Лаишевский, с.п. Кирбинское, д Травкино, ул Рябиновая, з/у 12.",Частная,индивидуальные жилые дома с приусадебными земельными участками,ЖИЛОЙ,0,нет,16:24:110302,811825.38,1021.164,,,,,нет,нет,нет,нет,нет,да,нет,да,55.54360023282501,49.261390096204785
16:24:110302:935,500.0,Земли населенных пунктов,Учтенный,"Местоположение установлено относительно ориентира, расположенного в границах участка. Почтовый адрес ориентира: Российская Федерация, Республика Татарстан (Татарстан), м.р-н Лаишевский, с.п. Кирбинское, д Травкино, ул Цветочная, з/у 14.",Частная,индивидуальные жилые дома с приусадебными земельными участками,ЖИЛОЙ,0,нет,16:24:110302,503988.15,1007.9763,,,,,нет,нет,нет,нет,нет,да,нет,да,55.54378331983794,49.26233720626406
16:24:110302:936,1100.0,Земли населенных пунктов,Учтенный,"Местоположение установлено относительно ориентира, расположенного в границах участка. Почтовый адрес ориентира: Республика Татарстан, Лаишевский муниципальный район, Кирбинское сельское поселение, д Травкино, ул. Цветочная.",Частная,индивидуальные жилые дома с приусадебными земельными участками,ЖИЛОЙ,0,нет,16:24:110302,1111268.84,1010.2444,,,,,нет,нет,нет,нет,нет,да,нет,да,55.54367846176608,49.261971888696
16:24:110302:987,500.0,Земли населенных пунктов,Учтенный,"Российская Федерация, Республика Татарстан (Татарстан), м.р-н Лаишевский, с.п. Кирбинское, д Травкино, ул Мира, з/у 31",Частная,Для индивидуального жилищного строительства,ИЖС,0,нет,16:24:110302,429553.5,859.107,,,,,нет,да,нет,нет,нет,да,нет,да,55.55153030849973,49.2809996379456
16:24:110302:990,499.0,Земли населенных пунктов,Учтенный,"Российская Федерация, Республика Татарстан (Татарстан), м.р-н Лаишевский, с.п. Кирбинское, д Травкино, ул Мира, з/у 50",Частная,Для индивидуального жилищного строительства,ИЖС,0,нет,16:24:110302,419152.52,839.985,,,,,нет,да,нет,нет,нет,да,нет,да,55.55104479773167,49.27995063703387
16:24:110302:707,903.0,Земли населенных пунктов,Учтенный,"Местоположение установлено относительно ориентира, расположенного в границах участка. Почтовый адрес ориентира: Российская Федерация, Республика Татарстан (Татарстан), м.р-н Лаишевский, с.п. Кирбинское, д Травкино, ул Дружбы, з/у 1.",Частная,Для индивидуального жилищного строительства,ИЖС,0,нет,16:24:110302,897525.74,993.9377,,,,,нет,да,нет,нет,нет,да,нет,да,55.55267023322809,49.271492135404415
16:24:110302:971,500.0,Земли населенных пунктов,Учтенный,"Российская Федерация, Республика Татарстан (Татарстан), м.р-н Лаишевский, с.п. Кирбинское, д Травкино, ул Мира, з/у 19",Частная,Для индивидуального жилищного строительства,ИЖС,0,нет,16:24:110302,437233.4,874.4668,,,,,нет,да,нет,нет,нет,да,нет,да,55.55222700746017,49.281436768924856
16:24:110302:985,500.0,Земли населенных пунктов,Учтенный,"Российская Федерация, Республика Татарстан (Татарстан), м.р-н Лаишевский, с.п. Кирбинское, д Травкино, ул Мира, з/у 27",Частная,Для индивидуального жилищного строительства,ИЖС,0,нет,16:24:110302,436754.85,873.5097,,,,,нет,да,нет,нет,нет,да,нет,да,55.5514044991109,49.280405976971146
16:24:110302:405,800.0,Земли населенных пунктов,Учтенный,"Местоположение установлено относительно ориентира, расположенного в границах участка. Почтовый адрес ориентира: Российская Федерация, Республика Татарстан (Татарстан), м.р-н Лаишевский, с.п. Кирбинское, д Травкино, ул Цветочная, з/у 7.",Частная,индивидуальные жилые дома с приусадебными земельными участками,ЖИЛОЙ,0,нет,16:24:110302,824615.84,1030.7698,,,,,нет,нет,нет,нет,нет,да,нет,да,55.54370058176537,49.26005495318366
16:24:110201:112,1586.0,Земли населенных пунктов,Ранее учтенный,"Местоположение установлено относительно ориентира, расположенного в границах участка. Почтовый адрес ориентира: Российская Федерация, Республика Татарстан (Татарстан), м.р-н Лаишевский, с.п. Кирбинское, д Травкино, ул Толстого, з/у 1.",,Для ведения личного подсобного хозяйства,ЛПХ,0,нет,16:24:110201,1571711.25,990.9907,,,,,да,нет,нет,нет,да,да,нет,да,55.55035688879577,49.26714946372839
16:24:110201:640,500.0,Земли населенных пунктов,Учтенный,"Российская Федерация, Республика Татарстан (Татарстан), м.р-н Лаишевский, с.п. Кирбинское, д Травкино, ул Озерная, з/у 22В",Частная,Для ведения личного подсобного хозяйства,ЛПХ,0,нет,16:24:110201,519852.3,1039.7046,,,,,нет,нет,нет,нет,да,да,нет,да,55.54808252364283,49.26357737287344
16:24:110201:95,,Земли населенных пунктов,Ранее учтенный,"Местоположение установлено относительно ориентира, расположенного в границах участка. Почтовый адрес ориентира: Российская Федерация, Республика Татарстан (Татарстан), м.р-н Лаишевский, с.п. Кирбинское, д Травкино, ул Пушкина, з/у 14.",Частная,Ведение личного подсобного хозяйства,ЛПХ,0,нет,16:24:110201,1004702.6,1004.7026,,,,,нет,нет,нет,нет,да,да,нет,да,55.55124130353163,49.26868787646433
16:24:110201:281,1100.0,Земли населенных пунктов,Учтенный,"Местоположение установлено относительно ориентира, расположенного в границах участка. Почтовый адрес ориентира: Российская Федерация, Республика Татарстан (Татарстан), м.р-н Лаишевский, с.п. Кирбинское, д Травкино, ул Травкинская, з/у 31.",Частная,для ведения личного подсобного хозяйства (приусадебные участки),ЛПХ,0,нет,16:24:110201,1165503.68,1059.5488,,,,,нет,нет,нет,нет,да,да,нет,да,55.55158386330691,49.26340517252612
16:24:110201:686,1275.0,Земли населенных пунктов,Учтенный,"Российская Федерация, Республика Татарстан, муниципальный район Лаишевский, сельское поселение Кирбинское, деревня Травкино, улица Озерная, земельный участок 19Б",Частная,для ведения личного подсобного хозяйства,ЛПХ,0,нет,16:24:110201,1300273.56,1019.82,,,,,нет,нет,нет,нет,да,да,нет,да,55.54929060933735,49.26458685931287
16:24:110302:885,600.0,Земли населенных пунктов,Учтенный,"Российская Федерация, Республика Татарстан (Татарстан), м.р-н Лаишевский, с.п. Кирбинское, д Травкино, ул Мира, з/у 6",Частная,Для индивидуального жилищного строительства,ИЖС,0,нет,16:24:110302,556663.5,927.7725,,,,,нет,да,нет,нет,нет,да,нет,да,55.55159111896751,49.27703303687872
16:24:110302:1974,1096.0,Земли населенных пунктов,Учтенный,"Российская Федерация, Республика Татарстан, Лаишевский муниципальный район, Кирбинское сельское поселение, д Травкино",Частная,Для индивидуального жилищного строительства,ИЖС,0,нет,16:24:110302,896294.22,817.79,,,,,нет,да,нет,нет,нет,да,нет,да,55.54468706552384,49.26990835159489
16:24:110302:1991,1000.0,Земли населенных пунктов,Учтенный,"Российская Федерация, Республика Татарстан, Лаишевский муниципальный район, Кирбинское сельское поселение, д Травкино",Частная,Для индивидуального жилищного строительства,ИЖС,0,нет,16:24:110302,1010800.8,1010.8,,,,,нет,да,нет,нет,нет,да,нет,да,55.54634045245334,49.26387963861038
16:24:110302:1977,1003.0,Земли населенных пунктов,Учтенный,"Российская Федерация, Республика Татарстан (Татарстан), м.р-н Лаишевский, с.п. Кирбинское, д Травкино, ул. Семейная, з/у 5",Частная,Для индивидуального жилищного строительства,ИЖС,0,нет,16:24:110302,848519.24,845.98,,,,,нет,да,нет,нет,нет,да,нет,да,55.54531865738168,49.269455824488375
16:24:110302:1985,1001.0,Земли населенных пунктов,Учтенный,"Российская Федерация, Республика Татарстан (Татарстан), м.р-н Лаишевский, с.п. Кирбинское, д Травкино, ул. Залесная, з/у 39",Частная,Для индивидуального жилищного строительства,ИЖС,0,нет,16:24:110302,852667.22,851.82,,,,,нет,да,нет,нет,нет,да,нет,да,55.54376453140465,49.268490425726874
16:24:110302:1966,1000.0,Земли населенных пунктов,Учтенный,"Российская Федерация, Республика Татарстан (Татарстан), м.р-н Лаишевский, с.п. Кирбинское, д Травкино, ул. Лазурная, з/у 11",Частная,Для индивидуального жилищного строительства,ИЖС,0,нет,16:24:110302,895522.3,895.52,,,,,нет,да,нет,нет,нет,да,нет,да,55.54541899449297,49.26778438426263
16:24:110302:1972,1000.0,Земли населенных пунктов,Учтенный,"Российская Федерация, Республика Татарстан (Татарстан), м.р-н Лаишевский, с.п. Кирбинское, д Травкино, ул. Кленовая, з/у 2",Частная,Для индивидуального жилищного строительства,ИЖС,0,нет,16:24:110302,835309.8,835.31,,,,,нет,да,нет,нет,нет,да,нет,да,55.544767215066166,49.26916512033618
16:24:110302:1953,1000.0,Земли населенных пунктов,Учтенный,"Российская Федерация, Республика Татарстан (Татарстан), м.р-н Лаишевский, с.п. Кирбинское, д Травкино, ул. Лазурная, з/у 9",Частная,Для индивидуального жилищного строительства,ИЖС,0,нет,16:24:110302,917391.6,917.39,,,,,нет,да,нет,нет,нет,да,нет,да,55.54528396507855,49.267197171695685
16:24:110302:1979,1010.0,Земли населенных пунктов,Учтенный,"Российская Федерация, Республика Татарстан (Татарстан), м.р-н Лаишевский, с.п. Кирбинское, д Травкино, ул. Лазурная, з/у 15",Частная,Для индивидуального жилищного строительства,ИЖС,0,нет,16:24:110302,873967.14,865.31,,,,,нет,да,нет,нет,нет,да,нет,да,55.54573605376451,49.26915684524094
16:24:110302:1960,1071.0,Земли населенных пунктов,Учтенный,"Российская Федерация, Республика Татарстан, Лаишевский муниципальный район, Кирбинское сельское поселение, д Травкино",Частная,Для индивидуального жилищного строительства,ИЖС,0,нет,16:24:110302,915614.61,854.92,,,,,нет,да,нет,нет,нет,да,нет,да,55.544197603669865,49.26818134426449
16:24:110302:1993,1026.0,Земли населенных пунктов,Учтенный,"Российская Федерация, Республика Татарстан (Татарстан), м.р-н Лаишевский, с.п. Кирбинское, д Травкино, ул. Залесная, з/у 25",Частная,Для индивидуального жилищного строительства,ИЖС,0,нет,16:24:110302,939127.04,915.33,,,,,нет,да,нет,нет,нет,да,нет,да,55.54290501975349,49.26565215088344
16:24:110302:1958,1000.0,Земли населенных пунктов,Учтенный,"Российская Федерация, Республика Татарстан (Татарстан), м.р-н Лаишевский, с.п. Кирбинское, д Травкино, ул. Западная, з/у 7",Частная,Для индивидуального жилищного строительства,ИЖС,0,нет,16:24:110302,970343.7,970.34,,,,,нет,да,нет,нет,нет,да,нет,да,55.545446686784985,49.26455120101971
16:24:110302:2027,1000.0,Земли населенных пунктов,Учтенный,"Российская Федерация, Республика Татарстан, Лаишевский муниципальный район, Кирбинское сельское поселение, д Травкино",Частная,Для индивидуального жилищного строительства,ИЖС,0,нет,16:24:110302,990211.2,990.21,,,,,нет,да,нет,нет,нет,да,нет,да,55.546310548865634,49.26554794133706
16:24:110302:2043,1000.0,Земли населенных пунктов,Учтенный,"Российская Федерация, Республика Татарстан (Татарстан), м.р-н Лаишевский, с.п. Кирбинское, д Травкино, ул. Калинина, з/у 10",Частная,Для индивидуального жилищного строительства,ИЖС,0,нет,16:24:110302,942276.3,942.28,,,,,нет,да,нет,нет,нет,да,нет,да,55.545866868821996,49.26677991971519
16:24:110302:2006,1020.0,Земли населенных пунктов,Учтенный,"Российская Федерация, Республика Татарстан (Татарстан), м.р-н Лаишевский, с.п. Кирбинское, д Травкино, ул. Залесная, з/у 1",Частная,Для индивидуального жилищного строительства,ИЖС,0,нет,16:24:110302,1043080.05,1022.63,,,,,нет,да,нет,нет,нет,да,нет,да,55.5417025079539,49.26075845774873
16:24:110302:2028,1000.0,Земли населенных пунктов,Учтенный,"Российская Федерация, Республика Татарстан, Лаишевский муниципальный район, Кирбинское сельское поселение, д Травкино",Частная,Для индивидуального жилищного строительства,ИЖС,0,нет,16:24:110302,990228.6,990.23,,,,,нет,да,нет,нет,нет,да,нет,да,55.54651863935163,49.265399074035386
16:24:110302:2039,1000.0,Земли населенных пунктов,Учтенный,"Российская Федерация, Республика Татарстан (Татарстан), м.р-н Лаишевский, с.п. Кирбинское, д Травкино, ул. Калинина, з/у 18",Частная,Для индивидуального жилищного строительства,ИЖС,0,нет,16:24:110302,976533.4,976.53,,,,,нет,да,нет,нет,нет,да,нет,да,55.54669921763973,49.266184505394264
16:24:110302:2020,1000.0,Земли населенных пунктов,Учтенный,"Российская Федерация, Республика Татарстан (Татарстан), м.р-н Лаишевский, с.п. Кирбинское, д Травкино, ул. Западная, з/у 12",Частная,Для индивидуального жилищного строительства,ИЖС,0,нет,16:24:110302,963322.8,963.32,,,,,нет,да,нет,нет,нет,да,нет,да,55.54555125644604,49.26540722843241
16:24:110302:2016,1000.0,Земли населенных пунктов,Учтенный,"Российская Федерация, Республика Татарстан (Татарстан), м.р-н Лаишевский, с.п. Кирбинское, д Травкино, ул. Западная, з/у 20",Частная,Для индивидуального жилищного строительства,ИЖС,0,нет,16:24:110302,992675.1,992.68,,,,,нет,да,нет,нет,нет,да,нет,да,55.54638359853976,49.264811853211825
16:24:110302:2017,1000.0,Земли населенных пунктов,Учтенный,"Российская Федерация, Республика Татарстан (Татарстан), м.р-н Лаишевский, с.п. Кирбинское, д Травкино, ул. Западная, з/у 18",Частная,Для индивидуального жилищного строительства,ИЖС,0,нет,16:24:110302,990375.3,990.38,,,,,нет,да,нет,нет,нет,да,нет,да,55.54617552678401,49.26496069152957
16:24:110302:2038,1000.0,Земли населенных пунктов,Учтенный,"Российская Федерация, Республика Татарстан (Татарстан), м.р-н Лаишевский, с.п. Кирбинское, д Травкино, ул. Калинина, з/у 20",Частная,Для индивидуального жилищного строительства,ИЖС,0,нет,16:24:110302,974454.1,974.45,,,,,нет,да,нет,нет,нет,да,нет,да,55.54690732684777,49.266035640100554
16:24:110302:2035,1032.0,Земли населенных пунктов,Учтенный,"Российская Федерация, Республика Татарстан (Татарстан), м.р-н Лаишевский, с.п. Кирбинское, д Травкино, ул. Парковая, з/у 13",Частная,Для индивидуального жилищного строительства,ИЖС,0,нет,16:24:110302,1045223.12,1012.81,,,,,нет,да,нет,нет,нет,да,нет,да,55.547559615934,49.26580022741059
16:24:110302:2033,1024.0,Земли населенных пунктов,Учтенный,"Российская Федерация, Республика Татарстан (Татарстан), м.р-н Лаишевский, с.п. Кирбинское, д Травкино, ул. Парковая, з/у 11",Частная,Для индивидуального жилищного строительства,ИЖС,0,нет,16:24:110302,1041827.74,1017.41,,,,,нет,да,нет,нет,нет,да,нет,да,55.54750844385302,49.265465607448945
16:24:110302:2004,1032.0,Земли населенных пунктов,Учтенный,"Российская Федерация, Республика Татарстан (Татарстан), м.р-н Лаишевский, с.п. Кирбинское, д Травкино, ул. Залесная, з/у 5",Частная,Для индивидуального жилищного строительства,ИЖС,0,нет,16:24:110302,1046634.38,1014.18,,,,,нет,да,нет,нет,нет,да,нет,да,55.541889015592496,49.26152061523517
16:24:110302:2078,1044.0,Земли населенных пунктов,Учтенный,"Российская Федерация, Республика Татарстан (Татарстан), м.р-н Лаишевский, с.п. Кирбинское, д Травкино, ул. Универсиады, з/у 8",Частная,Для индивидуального жилищного строительства,ИЖС,0,нет,16:24:110302,1026268.18,983.02,,,,,нет,да,нет,нет,нет,да,нет,да,55.5453493116627,49.264126917626285
16:24:110302:2001,1004.0,Земли населенных пунктов,Учтенный,"Российская Федерация, Республика Татарстан (Татарстан), м.р-н Лаишевский, с.п. Кирбинское, д Травкино, ул. Залесная, з/у 9",Частная,Для индивидуального жилищного строительства,ИЖС,0,нет,16:24:110302,986328.5,982.4,,,,,нет,да,нет,нет,нет,да,нет,да,55.542056759410116,49.26230447851024
16:24:110302:2089,1000.0,Земли населенных пунктов,Учтенный,"Российская Федерация, Республика Татарстан (Татарстан), м.р-н Лаишевский, с.п. Кирбинское, д Травкино, ул. Лазурная, з/у 2",Частная,Для индивидуального жилищного строительства,ИЖС,0,нет,16:24:110302,982992.4,982.99,,,,,нет,да,нет,нет,нет,да,нет,да,55.545076046218526,49.26442983306133
16:24:110302:2081,1000.0,Земли населенных пунктов,Учтенный,"Российская Федерация, Республика Татарстан, Лаишевский муниципальный район, Кирбинское сельское поселение, д Травкино",Частная,Для индивидуального жилищного строительства,ИЖС,0,нет,16:24:110302,941442.9,941.44,,,,,нет,да,нет,нет,нет,да,нет,да,55.544301199862126,49.26488730018281
16:24:110302:2054,1000.0,Земли населенных пунктов,Учтенный,"Российская Федерация, Республика Татарстан (Татарстан), м.р-н Лаишевский, с.п. Кирбинское, д Травкино, ул. Кленовая, з/у 23",Частная,Для индивидуального жилищного строительства,ИЖС,0,нет,16:24:110302,986513.3,986.51,,,,,нет,да,нет,нет,нет,да,нет,да,55.547466219498915,49.266288511414096
16:24:110302:2082,1000.0,Земли населенных пунктов,Учтенный,"Российская Федерация, Республика Татарстан, Лаишевский муниципальный район, Кирбинское сельское поселение, д Травкино",Частная,Для индивидуального жилищного строительства,ИЖС,0,нет,16:24:110302,922750.3,922.75,,,,,нет,да,нет,нет,нет,да,нет,да,55.544006783558224,49.26509788038084
16:24:110302:2079,1000.0,Земли населенных пунктов,Учтенный,"Российская Федерация, Республика Татарстан (Татарстан), м.р-н Лаишевский, с.п. Кирбинское, д Травкино, ул. Парковая, з/у 21",Частная,Для индивидуального жилищного строительства,ИЖС,0,нет,16:24:110302,978822.5,978.82,,,,,нет,да,нет,нет,нет,да,нет,да,55.54804189751271,49.26750275753385
16:24:110302:2062,1000.0,Земли населенных пунктов,Учтенный,"Российская Федерация, Республика Татарстан (Татарстан), м.р-н Лаишевский, с.п. Кирбинское, д Травкино, ул. Кленовая, з/у 18",Частная,Для индивидуального жилищного строительства,ИЖС,0,нет,16:24:110302,947098.8,947.1,,,,,нет,да,нет,нет,нет,да,нет,да,55.547014839172334,49.267557243012746
16:24:110302:2049,1000.0,Земли населенных пунктов,Учтенный,"Российская Федерация, Республика Татарстан (Татарстан), м.р-н Лаишевский, с.п. Кирбинское, д Травкино, ул. Кленовая, з/у 13",Частная,Для индивидуального жилищного строительства,ИЖС,0,нет,16:24:110302,938187.9,938.19,,,,,нет,да,нет,нет,нет,да,нет,да,55.546418085362326,49.267069456617776
16:24:110302:2099,1000.0,Земли населенных пунктов,Учтенный,"Российская Федерация, Республика Татарстан (Татарстан), м.р-н Лаишевский, с.п. Кирбинское, д Травкино, ул. Калинина, з/у 1",Частная,Для индивидуального жилищного строительства,ИЖС,0,нет,16:24:110302,891573.1,891.57,,,,,нет,да,нет,нет,нет,да,нет,да,55.54406293275954,49.267155936310246
16:24:110302:2077,1000.0,Земли населенных пунктов,Учтенный,"Российская Федерация, Республика Татарстан (Татарстан), м.р-н Лаишевский, с.п. Кирбинское, д Травкино, ул. Семейная, з/у 23",Частная,Для индивидуального жилищного строительства,ИЖС,0,нет,16:24:110302,953526.9,953.53,,,,,нет,да,нет,нет,нет,да,нет,да,55.547781795295286,49.26766106510243
16:24:110302:2098,1004.0,Земли населенных пунктов,Учтенный,"Российская Федерация, Республика Татарстан (Татарстан), м.р-н Лаишевский, с.п. Кирбинское, д Травкино, ул. Залесная, з/у 8",Частная,Для индивидуального жилищного строительства,ИЖС,0,нет,16:24:110302,871073.61,867.6,,,,,нет,да,нет,нет,нет,да,нет,да,55.543856233530356,49.267220875724185
16:24:110302:2076,1000.0,Земли населенных пунктов,Учтенный,"Российская Федерация, Республика Татарстан (Татарстан), м.р-н Лаишевский, с.п. Кирбинское, д Травкино, ул. Семейная, з/у 21",Частная,Для индивидуального жилищного строительства,ИЖС,0,нет,16:24:110302,953148.8,953.15,,,,,нет,да,нет,нет,нет,да,нет,да,55.54756605375485,49.267846799269364
16:24:110302:2063,1000.0,Земли населенных пунктов,Учтенный,"Российская Федерация, Республика Татарстан, Лаишевский муниципальный район, Кирбинское сельское поселение, д Травкино",Частная,Для индивидуального жилищного строительства,ИЖС,0,нет,16:24:110302,922212.7,922.21,,,,,нет,да,нет,нет,нет,да,нет,да,55.54680674609042,49.2677061007748
16:24:110302:2096,1000.0,Земли населенных пунктов,Учтенный,"Российская Федерация, Республика Татарстан (Татарстан), м.р-н Лаишевский, с.п. Кирбинское, д Травкино, ул. Западная, з/у 2",Частная,Для индивидуального жилищного строительства,ИЖС,0,нет,16:24:110302,891571.8,891.57,,,,,нет,да,нет,нет,нет,да,нет,да,55.543914600498965,49.26661618131368
16:24:110302:1835,1001.0,Земли населенных пунктов,Учтенный,"Республика Татарстан, Лаишевский муниципальный район, Кирбинское сельское поселение, д. Травкино",Частная,Для индивидуального жилищного строительства,ИЖС,0,нет,16:24:110302,583043.66,582.46,,,,,нет,да,нет,нет,нет,да,нет,да,55.54847271355504,49.29125963755373
16:24:110302:1825,1155.0,Земли населенных пунктов,Учтенный,"Российская Федерация, Республика Татарстан (Татарстан), м.р-н Лаишевский, с.п. Кирбинское, д Травкино, ул. Залесная, з/у 181",Частная,Для индивидуального жилищного строительства,ИЖС,0,нет,16:24:110302,695744.86,602.38,,,,,нет,да,нет,нет,нет,да,нет,да,55.5493522656955,49.29294654269082
16:24:110302:1842,1032.0,Земли населенных пунктов,Учтенный,"Российская Федерация, Республика Татарстан (Татарстан), м.р-н Лаишевский, с.п. Кирбинское, д Травкино, ул. Залесная, з/у 165",Частная,Для индивидуального жилищного строительства,ИЖС,0,нет,16:24:110302,596472.57,577.98,,,,,нет,да,нет,нет,нет,да,нет,да,55.54778426218519,49.292314497426354
16:24:110302:1868,1069.0,Земли населенных пунктов,Учтенный,"Российская Федерация, Республика Татарстан (Татарстан), м.р-н Лаишевский, с.п. Кирбинское, д Травкино, ул. Залесная, з/у 139",Частная,Для индивидуального жилищного строительства,ИЖС,0,нет,16:24:110302,602597.65,563.7,,,,,нет,да,нет,нет,нет,да,нет,да,55.546785115160525,49.28744359952024
16:24:110302:1929,1000.0,Земли населенных пунктов,Учтенный,"Российская Федерация, Республика Татарстан, Лаишевский муниципальный район, Кирбинское сельское поселение, деревня Травкино ",Частная,Для индивидуального жилищного строительства,ИЖС,0,нет,16:24:110302,1116630.8,1116.63,,,,,нет,да,нет,нет,нет,да,нет,да,55.5477115129391,49.25816072129596
16:24:110302:1944,1000.0,Земли населенных пунктов,Учтенный,"Российская Федерация, Республика Татарстан, Лаишевский муниципальный район, Кирбинское сельское поселение, деревня Травкино ",Частная,Для индивидуального жилищного строительства,ИЖС,0,нет,16:24:110302,1145888.4,1145.89,,,,,нет,да,нет,нет,нет,да,нет,да,55.550634523316695,49.25727667271538
16:24:110302:1925,1000.0,Земли населенных пунктов,Учтенный,"Российская Федерация, Республика Татарстан, Лаишевский муниципальный район, Кирбинское сельское поселение, деревня Травкино ",Частная,Для индивидуального жилищного строительства,ИЖС,0,нет,16:24:110302,1122370.5,1122.37,,,,,нет,да,нет,нет,нет,да,нет,да,55.548112213474916,49.257771900043714
16:24:110302:1898,1000.0,Земли населенных пунктов,Учтенный,"Российская Федерация, Республика Татарстан, Лаишевский муниципальный район, Кирбинское сельское поселение, деревня Травкино ",Частная,Для индивидуального жилищного строительства,ИЖС,0,нет,16:24:110302,1138901.8,1138.9,,,,,нет,да,нет,нет,нет,да,нет,да,55.54970908028374,49.25702311311095
16:24:110302:1889,1000.0,Земли населенных пунктов,Учтенный,"Российская Федерация, Республика Татарстан, Лаишевский муниципальный район, Кирбинское сельское поселение, деревня Травкино ",Частная,Для индивидуального жилищного строительства,ИЖС,0,нет,16:24:110302,1138909.4,1138.91,,,,,нет,да,нет,нет,нет,да,нет,да,55.55000204590817,49.25636778890947
16:24:110302:1890,1000.0,Земли населенных пунктов,Учтенный,"Российская Федерация, Республика Татарстан, Лаишевский муниципальный район, Кирбинское сельское поселение, деревня Травкино ",Частная,Для индивидуального жилищного строительства,ИЖС,0,нет,16:24:110302,1138909.4,1138.91,,,,,нет,да,нет,нет,нет,да,нет,да,55.55008967151847,49.25675471950052
16:24:110302:1945,1000.0,Земли населенных пунктов,Учтенный,"Российская Федерация, Республика Татарстан, Лаишевский муниципальный район, Кирбинское сельское поселение, деревня Травкино ",Частная,Для индивидуального жилищного строительства,ИЖС,0,нет,16:24:110302,1148488.3,1148.49,,,,,нет,да,нет,нет,нет,да,нет,да,55.550547986506956,49.25689449502856
16:24:110302:1939,1000.0,Земли населенных пунктов,Учтенный,"Российская Федерация, Республика Татарстан, Лаишевский муниципальный район, Кирбинское сельское поселение, деревня Травкино ",Частная,Магазины,ДРУГОЕ,0,нет,16:24:110302,904849.1,904.85,,,,,нет,нет,нет,нет,нет,нет,нет,да,55.55110724590686,49.25738630659412
16:24:110302:2495,1004.0,Земли населенных пунктов,Учтенный,"Российская Федерация, Республика Татарстан (Татарстан), м.р-н Лаишевский, с.п. Кирбинское, д Травкино, ул. Парковая, з/у 26",Частная,Для индивидуального жилищного строительства,ИЖС,0,нет,16:24:110302,891084.34,887.53,,,,,нет,да,нет,нет,нет,да,нет,да,55.54894362688831,49.2739452468518
16:24:110302:2488,1000.0,Земли населенных пунктов,Учтенный,"Российская Федерация, Республика Татарстан (Татарстан), м.р-н Лаишевский, с.п. Кирбинское, д Травкино, ул. Жемчужная, з/у 13",Частная,Для индивидуального жилищного строительства,ИЖС,0,нет,16:24:110302,831973.7,831.97,,,,,нет,да,нет,нет,нет,да,нет,да,55.54778835161518,49.27408427245394
16:24:110302:2491,1000.0,Земли населенных пунктов,Учтенный,"Российская Федерация, Республика Татарстан (Татарстан), м.р-н Лаишевский, с.п. Кирбинское, д Травкино, ул. Жемчужная, з/у 15",Частная,Для индивидуального жилищного строительства,ИЖС,0,нет,16:24:110302,837981.9,837.98,,,,,нет,да,нет,нет,нет,да,нет,да,55.54799645238218,49.27393544471313
16:24:110302:2724,1012.0,Земли населенных пунктов,Учтенный,"Российская Федерация, Республика Татарстан (Татарстан), м.р-н Лаишевский, с.п. Кирбинское, д Травкино, ул. Залесная, з/у 97",Частная,Для индивидуального жилищного строительства,ИЖС,0,нет,16:24:110302,665456.79,657.57,,,,,нет,да,нет,нет,нет,да,нет,да,55.54570844841811,49.27934599652205
16:24:110302:2743,1002.0,Земли населенных пунктов,Учтенный,"Российская Федерация, Республика Татарстан (Татарстан), м.р-н Лаишевский, с.п. Кирбинское, д Травкино, ул. Залесная, з/у 63",Частная,Для индивидуального жилищного строительства,ИЖС,0,нет,16:24:110302,733117.61,731.65,,,,,нет,да,нет,нет,нет,да,нет,да,55.54490956258392,49.273122933268255
16:24:110302:2755,1000.0,Земли населенных пунктов,Учтенный,"Российская Федерация, Республика Татарстан (Татарстан), м.р-н Лаишевский, с.п. Кирбинское, д Травкино, ул. Семейная, з/у 12",Частная,Для индивидуального жилищного строительства,ИЖС,0,нет,16:24:110302,902395.8,902.4,,,,,нет,да,нет,нет,нет,да,нет,да,55.546706677282216,49.269378742339164
16:24:110302:2762,1000.0,Земли населенных пунктов,Учтенный,"Российская Федерация, Республика Татарстан (Татарстан), м.р-н Лаишевский, с.п. Кирбинское, д Травкино, ул. Лазурная, з/у 19",Частная,Для индивидуального жилищного строительства,ИЖС,0,нет,16:24:110302,825026.8,825.03,,,,,нет,да,нет,нет,нет,да,нет,да,55.54605063191947,49.27053172147765
16:24:110302:2706,1000.0,Земли населенных пунктов,Учтенный,"Российская Федерация, Республика Татарстан (Татарстан), м.р-н Лаишевский, с.п. Кирбинское, д Травкино, ул. Парковая, з/у 31",Частная,Для индивидуального жилищного строительства,ИЖС,0,нет,16:24:110302,939038.1,939.04,,,,,нет,да,нет,нет,нет,да,нет,да,55.54756688062486,49.269077814351725
16:24:110302:2710,1004.0,Земли населенных пунктов,Учтенный,"Российская Федерация, Республика Татарстан (Татарстан), м.р-н Лаишевский, с.п. Кирбинское, д Травкино, ул. Залесная, з/у 123",Частная,Для индивидуального жилищного строительства,ИЖС,0,нет,16:24:110302,590181.72,587.83,,,,,нет,да,нет,нет,нет,да,нет,да,55.546351763820894,49.284298705413704
16:24:110302:2768,1000.0,Земли населенных пунктов,Учтенный,"Российская Федерация, Республика Татарстан (Татарстан), м.р-н Лаишевский, с.п. Кирбинское, д Травкино, ул. Семейная, з/у 6",Частная,Для индивидуального жилищного строительства,ИЖС,0,нет,16:24:110302,831470.4,831.47,,,,,нет,да,нет,нет,нет,да,нет,да,55.5454994415314,49.270242138978155
16:24:110302:2748,1004.0,Земли населенных пунктов,Учтенный,"Российская Федерация, Республика Татарстан (Татарстан), м.р-н Лаишевский, с.п. Кирбинское, д Травкино, ул. Залесная, з/у 53",Частная,Для индивидуального жилищного строительства,ИЖС,0,нет,16:24:110302,788830.15,785.69,,,,,нет,да,нет,нет,нет,да,нет,да,55.544498986350916,49.2712992059995
16:24:110302:2735,1003.0,Земли населенных пунктов,Учтенный,"Российская Федерация, Республика Татарстан (Татарстан), м.р-н Лаишевский, с.п. Кирбинское, д Травкино, ул. Залесная, з/у 77",Частная,Для индивидуального жилищного строительства,ИЖС,0,нет,16:24:110302,710716.67,708.59,,,,,нет,да,нет,нет,нет,да,нет,да,55.54516860194346,49.27552769157895
16:24:110302:2731,1003.0,Земли населенных пунктов,Учтенный,"Российская Федерация, Республика Татарстан (Татарстан), м.р-н Лаишевский, с.п. Кирбинское, д Травкино, ул. Залесная, з/у 85",Частная,Для индивидуального жилищного строительства,ИЖС,0,нет,16:24:110302,670620.14,668.61,,,,,нет,да,нет,нет,нет,да,нет,да,55.54537591379002,49.2771008117736
16:24:110302:2698,1000.0,Земли населенных пунктов,Учтенный,"Российская Федерация, Республика Татарстан (Татарстан), м.р-н Лаишевский, с.п. Кирбинское, д Травкино, ул. Восточная, з/у 14",Частная,Для индивидуального жилищного строительства,ИЖС,0,нет,16:24:110302,664019.0,664.02,,,,,нет,да,нет,нет,нет,да,нет,да,55.548468244105095,49.284214289678154
16:24:110302:2704,1037.0,Земли населенных пунктов,Учтенный,"Российская Федерация, Республика Татарстан (Татарстан), м.р-н Лаишевский, с.п. Кирбинское, д Травкино, ул. Восточная, з/у 2",Частная,Для индивидуального жилищного строительства,ИЖС,0,нет,16:24:110302,616830.1,594.82,,,,,нет,да,нет,нет,нет,да,нет,да,55.547161533605525,49.28523745080753
16:24:110302:2723,1047.0,Земли населенных пунктов,Учтенный,"Российская Федерация, Республика Татарстан (Татарстан), м.р-н Лаишевский, с.п. Кирбинское, д Травкино, ул. Залесная, з/у 99",Частная,Для индивидуального жилищного строительства,ИЖС,0,нет,16:24:110302,671834.56,641.68,,,,,нет,да,нет,нет,нет,да,нет,да,55.54571844999986,49.279758485237956
16:24:110302:2761,1000.0,Земли населенных пунктов,Учтенный,"Российская Федерация, Республика Татарстан (Татарстан), м.р-н Лаишевский, с.п. Кирбинское, д Травкино, ул. Лазурная, з/у 20",Частная,Для индивидуального жилищного строительства,ИЖС,0,нет,16:24:110302,856644.4,856.64,,,,,нет,да,нет,нет,нет,да,нет,да,55.54642552196113,49.270263670869
16:24:110302:2783,1000.0,Земли населенных пунктов,Учтенный,"Российская Федерация, Республика Татарстан (Татарстан), м.р-н Лаишевский, с.п. Кирбинское, д Травкино, ул. Звездная, з/у 6",Частная,Для индивидуального жилищного строительства,ИЖС,0,нет,16:24:110302,812680.7,812.68,,,,,нет,да,нет,нет,нет,да,нет,да,55.54581501774707,49.27161483545617
16:24:110302:2771,1000.0,Земли населенных пунктов,Учтенный,"Российская Федерация, Республика Татарстан (Татарстан), м.р-н Лаишевский, с.п. Кирбинское, д Травкино, ул. Семейная, з/у 2",Частная,Для индивидуального жилищного строительства,ИЖС,0,нет,16:24:110302,797918.8,797.92,,,,,нет,да,нет,нет,нет,да,нет,да,55.54508324859203,49.27053981314335
16:24:110302:2782,1000.0,Земли населенных пунктов,Учтенный,"Российская Федерация, Республика Татарстан (Татарстан), м.р-н Лаишевский, с.п. Кирбинское, д Травкино, ул. Славы, з/у 5",Частная,Для индивидуального жилищного строительства,ИЖС,0,нет,16:24:110302,801492.8,801.49,,,,,нет,да,нет,нет,нет,да,нет,да,55.54594998991016,49.27220213417513
16:24:110302:2747,1004.0,Земли населенных пунктов,Учтенный,"Российская Федерация, Республика Татарстан (Татарстан), м.р-н Лаишевский, с.п. Кирбинское, д Травкино, ул. Залесная, з/у 55",Частная,Для индивидуального жилищного строительства,ИЖС,0,нет,16:24:110302,766707.91,763.65,,,,,нет,да,нет,нет,нет,да,нет,да,55.54458441271684,49.271656573503115
16:24:110302:2744,1002.0,Земли населенных пунктов,Учтенный,"Российская Федерация, Республика Татарстан (Татарстан), м.р-н Лаишевский, с.п. Кирбинское, д Травкино, ул. Залесная, з/у 61",Частная,Для индивидуального жилищного строительства,ИЖС,0,нет,16:24:110302,748236.29,746.74,,,,,нет,да,нет,нет,нет,да,нет,да,55.544806778787134,49.27280009827984
16:24:110302:2707,1005.0,Земли населенных пунктов,Учтенный,"Российская Федерация, Республика Татарстан (Татарстан), м.р-н Лаишевский, с.п. Кирбинское, д Травкино, ул. Залесная, з/у 129",Частная,Для индивидуального жилищного строительства,ИЖС,0,нет,16:24:110302,567627.72,564.8,,,,,нет,да,нет,нет,нет,да,нет,да,55.54645572100599,49.285497426805804
16:24:110302:2773,1000.0,Земли населенных пунктов,Учтенный,"Российская Федерация, Республика Татарстан (Татарстан), м.р-н Лаишевский, с.п. Кирбинское, д Травкино, ул. Залесная, з/у 22",Частная,Для индивидуального жилищного строительства,ИЖС,0,нет,16:24:110302,796091.1,796.09,,,,,нет,да,нет,нет,нет,да,нет,да,55.545010164531526,49.27127586625918
16:24:110302:2780,1000.0,Земли населенных пунктов,Учтенный,"Российская Федерация, Республика Татарстан (Татарстан), м.р-н Лаишевский, с.п. Кирбинское, д Травкино, ул. Звездная, з/у 4",Частная,Для индивидуального жилищного строительства,ИЖС,0,нет,16:24:110302,782170.0,782.17,,,,,нет,да,нет,нет,нет,да,нет,да,55.54560691978154,49.27176363557116
16:24:110302:2760,1000.0,Земли населенных пунктов,Учтенный,"Российская Федерация, Республика Татарстан (Татарстан), м.р-н Лаишевский, с.п. Кирбинское, д Травкино, ул. Лазурная, з/у 48",Частная,Для индивидуального жилищного строительства,ИЖС,0,нет,16:24:110302,873022.2,873.02,,,,,нет,да,нет,нет,нет,да,нет,да,55.54629050453089,49.269676403140465
16:24:110302:2718,1044.0,Земли населенных пунктов,Учтенный,"Российская Федерация, Республика Татарстан (Татарстан), м.р-н Лаишевский, с.п. Кирбинское, д Травкино, ул. Залесная, з/у 109",Частная,Для индивидуального жилищного строительства,ИЖС,0,нет,16:24:110302,637501.48,610.63,,,,,нет,да,нет,нет,нет,да,нет,да,55.545976957393954,49.28160565527384
16:24:110302:2713,1001.0,Земли населенных пунктов,Учтенный,"Российская Федерация, Республика Татарстан (Татарстан), м.р-н Лаишевский, с.п. Кирбинское, д Травкино, ул. Залесная, з/у 117",Частная,Для индивидуального жилищного строительства,ИЖС,0,нет,16:24:110302,606195.39,605.59,,,,,нет,да,нет,нет,нет,да,нет,да,55.54623086252494,49.28312486043048
16:24:110302:2795,1000.0,Земли населенных пунктов,Учтенный,"Российская Федерация, Республика Татарстан (Татарстан), м.р-н Лаишевский, с.п. Кирбинское, д Травкино, ул. Славы, з/у 13",Частная,Для индивидуального жилищного строительства,ИЖС,0,нет,16:24:110302,880402.8,880.4,,,,,нет,да,нет,нет,нет,да,нет,да,55.54736535476311,49.27118994803414
16:24:110302:2792,1000.0,Земли населенных пунктов,Учтенный,"Российская Федерация, Республика Татарстан (Татарстан), м.р-н Лаишевский, с.п. Кирбинское, д Травкино, ул. Звездная, з/у 10",Частная,Для индивидуального жилищного строительства,ИЖС,0,нет,16:24:110302,851845.3,851.85,,,,,нет,да,нет,нет,нет,да,нет,да,55.54681416618938,49.2709002832425
16:24:110302:2821,1000.0,Земли населенных пунктов,Учтенный,"Российская Федерация, Республика Татарстан (Татарстан), м.р-н Лаишевский, с.п. Кирбинское, д Травкино, ул. Каштановая, з/у 3",Частная,Для индивидуального жилищного строительства,ИЖС,0,нет,16:24:110302,756471.1,756.47,,,,,нет,да,нет,нет,нет,да,нет,да,55.54605746176212,49.27372365355861
16:24:110302:2794,1000.0,Земли населенных пунктов,Учтенный,"Российская Федерация, Республика Татарстан (Татарстан), м.р-н Лаишевский, с.п. Кирбинское, д Травкино, ул. Славы, з/у 11",Частная,Для индивидуального жилищного строительства,ИЖС,0,нет,16:24:110302,849249.6,849.25,,,,,нет,да,нет,нет,нет,да,нет,да,55.54715727538432,49.271338724651024
16:24:110302:2797,1000.0,Земли населенных пунктов,Учтенный,"Российская Федерация, Республика Татарстан (Татарстан), м.р-н Лаишевский, с.п. Кирбинское, д Травкино, ул. Звездная, з/у 16",Частная,Для индивидуального жилищного строительства,ИЖС,0,нет,16:24:110302,883061.2,883.06,,,,,нет,да,нет,нет,нет,да,нет,да,55.547438438319546,49.27045385076404
16:24:110302:2483,1000.0,Земли населенных пунктов,Учтенный,"Российская Федерация, Республика Татарстан (Татарстан), м.р-н Лаишевский, с.п. Кирбинское, д Травкино, ул. Лазурная, з/у 32",Частная,Для индивидуального жилищного строительства,ИЖС,0,нет,16:24:110302,794517.5,794.52,,,,,нет,да,нет,нет,нет,да,нет,да,55.547372167548176,49.27438189165085
16:24:110302:2478,1000.0,Земли населенных пунктов,Учтенный,"Российская Федерация, Республика Татарстан (Татарстан), м.р-н Лаишевский, с.п. Кирбинское, д Травкино, ул. Жемчужная, з/у 7",Частная,Для индивидуального жилищного строительства,ИЖС,0,нет,16:24:110302,751648.3,751.65,,,,,нет,да,нет,нет,нет,да,нет,да,55.54658108304231,49.27494754840767
16:24:110302:2477,1000.0,Земли населенных пунктов,Учтенный,"Российская Федерация, Республика Татарстан (Татарстан), м.р-н Лаишевский, с.п. Кирбинское, д Травкино, ул. Каштановая, з/у 8",Частная,Для индивидуального жилищного строительства,ИЖС,0,нет,16:24:110302,756162.1,756.16,,,,,нет,да,нет,нет,нет,да,нет,да,55.546446105978646,49.274360294165774
16:24:110302:2471,1000.0,Земли населенных пунктов,Учтенный,"Российская Федерация, Республика Татарстан (Татарстан), м.р-н Лаишевский, с.п. Кирбинское, д Травкино, ул. Каштановая, з/у 2",Частная,Для индивидуального жилищного строительства,ИЖС,0,нет,16:24:110302,736684.5,736.68,,,,,нет,да,нет,нет,нет,да,нет,да,55.545821801496814,49.27480671675792
16:24:110302:2487,1000.0,Земли населенных пунктов,Учтенный,"Российская Федерация, Республика Татарстан (Татарстан), м.р-н Лаишевский, с.п. Кирбинское, д Травкино, ул. Жемчужная, з/у 11",Частная,Для индивидуального жилищного строительства,ИЖС,0,нет,16:24:110302,825766.6,825.77,,,,,нет,да,нет,нет,нет,да,нет,да,55.54758026862561,49.27423309873505
16:24:110302:2474,1000.0,Земли населенных пунктов,Учтенный,"Российская Федерация, Республика Татарстан (Татарстан), м.р-н Лаишевский, с.п. Кирбинское, д Травкино, ул. Жемчужная, з/у 3",Частная,Для индивидуального жилищного строительства,ИЖС,0,нет,16:24:110302,749629.1,749.63,,,,,нет,да,нет,нет,нет,да,нет,да,55.54616487878701,49.27524518096917
16:24:110302:2486,1000.0,Земли населенных пунктов,Учтенный,"Российская Федерация, Республика Татарстан (Татарстан), м.р-н Лаишевский, с.п. Кирбинское, д Травкино, ул. Каштановая, з/у 12",Частная,Для индивидуального жилищного строительства,ИЖС,0,нет,16:24:110302,831634.0,831.63,,,,,нет,да,нет,нет,нет,да,нет,да,55.54744527027035,49.27364580023107
16:24:110302:2470,1000.0,Земли населенных пунктов,Учтенный,"Российская Федерация, Республика Татарстан (Татарстан), м.р-н Лаишевский, с.п. Кирбинское, д Травкино, ул. Жемчужная, з/у 1",Частная,Для индивидуального жилищного строительства,ИЖС,0,нет,16:24:110302,740695.0,740.7,,,,,нет,да,нет,нет,нет,да,нет,да,55.5459271254289,49.27537032932815
16:24:110302:2479,1000.0,Земли населенных пунктов,Учтенный,"Российская Федерация, Республика Татарстан (Татарстан), м.р-н Лаишевский, с.п. Кирбинское, д Травкино, ул. Жемчужная, з/у 9",Частная,Для индивидуального жилищного строительства,ИЖС,0,нет,16:24:110302,785236.2,785.24,,,,,нет,да,нет,нет,нет,да,нет,да,55.54678918482798,49.274798761457866
16:24:110302:2566,1000.0,Земли населенных пунктов,Учтенный,"Российская Федерация, Республика Татарстан (Татарстан), м.р-н Лаишевский, с.п. Кирбинское, д Травкино, ул. Изумрудная, з/у 22",Частная,Для индивидуального жилищного строительства,ИЖС,0,нет,16:24:110302,793789.2,793.79,,,,,нет,да,нет,нет,нет,да,нет,да,55.549331595493186,49.278690679378634
16:24:110302:2530,1000.0,Земли населенных пунктов,Учтенный,"Российская Федерация, Республика Татарстан (Татарстан), м.р-н Лаишевский, с.п. Кирбинское, д Травкино, ул. Парковая, з/у 53",Частная,Для индивидуального жилищного строительства,ИЖС,0,нет,16:24:110302,870302.9,870.3,,,,,нет,да,нет,нет,нет,да,нет,да,55.54904369573802,49.27638348836065
16:24:110302:2527,1000.0,Земли населенных пунктов,Учтенный,"Российская Федерация, Республика Татарстан (Татарстан), м.р-н Лаишевский, с.п. Кирбинское, д Травкино, ул. Уютная, з/у 8",Частная,Для индивидуального жилищного строительства,ИЖС,0,нет,16:24:110302,834042.0,834.04,,,,,нет,да,нет,нет,нет,да,нет,да,55.54870062265883,49.27594501381823
16:24:110302:2534,1000.0,Земли населенных пунктов,Учтенный,"Российская Федерация, Республика Татарстан (Татарстан), м.р-н Лаишевский, с.п. Кирбинское, д Травкино, ул. Юбилейная, з/у 22",Частная,Для индивидуального жилищного строительства,ИЖС,0,нет,16:24:110302,826097.7,826.1,,,,,нет,да,нет,нет,нет,да,нет,да,55.54901613474717,49.277317835733086
16:24:110302:2523,1000.0,Земли населенных пунктов,Учтенный,"Российская Федерация, Республика Татарстан (Татарстан), м.р-н Лаишевский, с.п. Кирбинское, д Травкино, ул. Уютная, з/у 4",Частная,Для индивидуального жилищного строительства,ИЖС,0,нет,16:24:110302,834042.0,834.04,,,,,нет,да,нет,нет,нет,да,нет,да,55.548284398345324,49.27624255661347
16:24:110302:2604,1000.0,Земли населенных пунктов,Учтенный,"Российская Федерация, Республика Татарстан, Лаишевский муницпальный район, Кирбинское сельское поселение, д Травкино",Частная,Для индивидуального жилищного строительства,ИЖС,0,нет,16:24:110302,767303.8,767.3,,,,,нет,да,нет,нет,нет,да,нет,да,55.54945503230014,49.28021199306628
16:24:110302:2588,1000.0,Земли населенных пунктов,Учтенный,"Российская Федерация, Республика Татарстан (Татарстан), м.р-н Лаишевский, с.п. Кирбинское, д Травкино, ул. Изумрудная, з/у 8",Частная,Для индивидуального жилищного строительства,ИЖС,0,нет,16:24:110302,680588.8,680.59,,,,,нет,да,нет,нет,нет,да,нет,да,55.547291863599824,49.28014900072509
16:24:110302:2685,1000.0,Земли населенных пунктов,Учтенный,"Российская Федерация, Республика Татарстан (Татарстан), м.р-н Лаишевский, с.п. Кирбинское, д Травкино, ул. Ореховая, з/у 7",Частная,Для индивидуального жилищного строительства,ИЖС,0,нет,16:24:110302,744608.3,744.61,,,,,нет,да,нет,нет,нет,да,нет,да,55.55001862379263,49.283789806593724
16:24:110302:2673,2823.0,Земли населенных пунктов,Учтенный,"Российская Федерация, Республика Татарстан, Лаишевский муницпальный район, Кирбинское сельское поселение, д Травкино",Частная,Для индивидуального жилищного строительства,ИЖС,0,нет,16:24:110302,2147942.79,760.87,,,,,нет,да,нет,нет,нет,да,нет,да,55.550819508922416,49.284532128886326
16:24:110302:2551,1000.0,Земли населенных пунктов,Учтенный,"Российская Федерация, Республика Татарстан (Татарстан), м.р-н Лаишевский, с.п. Кирбинское, д Травкино, ул. Изумрудная, з/у 9",Частная,Для индивидуального жилищного строительства,ИЖС,0,нет,16:24:110302,721221.4,721.22,,,,,нет,да,нет,нет,нет,да,нет,да,55.54731946404191,49.279214728088654
16:24:110302:2568,1000.0,Земли населенных пунктов,Учтенный,"Российская Федерация, Республика Татарстан (Татарстан), м.р-н Лаишевский, с.п. Кирбинское, д Травкино, ул. Урожайная, з/у 19",Частная,Для индивидуального жилищного строительства,ИЖС,0,нет,16:24:110302,786772.9,786.77,,,,,нет,да,нет,нет,нет,да,нет,да,55.549258480433174,49.27942679669727
16:24:110302:2524,1000.0,Земли населенных пунктов,Учтенный,"Российская Федерация, Республика Татарстан (Татарстан), м.р-н Лаишевский, с.п. Кирбинское, д Травкино, ул. Уютная, з/у 6",Частная,Для индивидуального жилищного строительства,ИЖС,0,нет,16:24:110302,834042.0,834.04,,,,,нет,да,нет,нет,нет,да,нет,да,55.54849250164456,49.27609377010209
16:24:110302:2557,1000.0,Земли населенных пунктов,Учтенный,"Российская Федерация, Республика Татарстан (Татарстан), м.р-н Лаишевский, с.п. Кирбинское, д Травкино, ул. Юбилейная, з/у 4",Частная,Для индивидуального жилищного строительства,ИЖС,0,нет,16:24:110302,691031.8,691.03,,,,,нет,да,нет,нет,нет,да,нет,да,55.54656018769985,49.279073748158034
16:24:110302:2559,1000.0,Земли населенных пунктов,Учтенный,"Российская Федерация, Республика Татарстан (Татарстан), м.р-н Лаишевский, с.п. Кирбинское, д Травкино, ул. Изумрудная, з/у 1",Частная,Для индивидуального жилищного строительства,ИЖС,0,нет,16:24:110302,656144.5,656.14,,,,,нет,да,нет,нет,нет,да,нет,да,55.54648703442787,49.27980981276261
16:24:110302:2540,1000.0,Земли населенных пунктов,Учтенный,"Российская Федерация, Республика Татарстан (Татарстан), м.р-н Лаишевский, с.п. Кирбинское, д Травкино, ул. Юбилейная, з/у 16",Частная,Для индивидуального жилищного строительства,ИЖС,0,нет,16:24:110302,783266.1,783.27,,,,,нет,да,нет,нет,нет,да,нет,да,55.54839181977265,49.27776424042833
16:24:110302:2525,1000.0,Земли населенных пунктов,Учтенный,"Российская Федерация, Республика Татарстан (Татарстан), м.р-н Лаишевский, с.п. Кирбинское, д Травкино, ул. Юбилейная, з/у 5",Частная,Для индивидуального жилищного строительства,ИЖС,0,нет,16:24:110302,833317.6,833.32,,,,,нет,да,нет,нет,нет,да,нет,да,55.54862748816059,49.27668112427134
16:24:110302:2616,1000.0,Земли населенных пунктов,Учтенный,"Российская Федерация, Республика Татарстан (Татарстан), м.р-н Лаишевский, с.п. Кирбинское, д Травкино, ул. Рождественская, з/у 13",Частная,Для индивидуального жилищного строительства,ИЖС,0,нет,16:24:110302,696056.6,696.06,,,,,нет,да,нет,нет,нет,да,нет,да,55.548158491932654,49.28181162624044
16:24:110302:2621,1000.0,Земли населенных пунктов,Учтенный,"Российская Федерация, Республика Татарстан (Татарстан), м.р-н Лаишевский, с.п. Кирбинское, д Травкино, ул. Рождественская, з/у 9",Частная,Для индивидуального жилищного строительства,ИЖС,0,нет,16:24:110302,674148.3,674.15,,,,,нет,да,нет,нет,нет,да,нет,да,55.54774228913844,49.282109198211856
16:24:110302:2630,1000.0,Земли населенных пунктов,Учтенный,"Российская Федерация, Республика Татарстан (Татарстан), м.р-н Лаишевский, с.п. Кирбинское, д Травкино, ул. Рождественская, з/у 1",Частная,Для индивидуального жилищного строительства,ИЖС,0,нет,16:24:110302,638697.2,638.7,,,,,нет,да,нет,нет,нет,да,нет,да,55.546877572357225,49.28266922288887
16:24:110302:2679,1000.0,Земли населенных пунктов,Учтенный,"Российская Федерация, Республика Татарстан (Татарстан), м.р-н Лаишевский, с.п. Кирбинское, д Травкино, ул. Ореховая, з/у 11",Частная,Для индивидуального жилищного строительства,ИЖС,0,нет,16:24:110302,754996.4,755.0,,,,,нет,да,нет,нет,нет,да,нет,да,55.55043483044642,49.283492266955705
16:24:110302:2579,1000.0,Земли населенных пунктов,Учтенный,"Российская Федерация, Республика Татарстан (Татарстан), м.р-н Лаишевский, с.п. Кирбинское, д Травкино, ул. Лазурная, з/у 43",Частная,Для индивидуального жилищного строительства,ИЖС,0,нет,16:24:110302,723237.9,723.24,,,,,нет,да,нет,нет,нет,да,нет,да,55.54812429481905,49.279553879429685
16:24:110302:2537,1000.0,Земли населенных пунктов,Учтенный,"Российская Федерация, Республика Татарстан (Татарстан), м.р-н Лаишевский, с.п. Кирбинское, д Травкино, ул. Изумрудная, з/у 17",Частная,Для индивидуального жилищного строительства,ИЖС,0,нет,16:24:110302,789957.4,789.96,,,,,нет,да,нет,нет,нет,да,нет,да,55.548734868321674,49.278202758926156
16:24:110302:2550,1003.0,Земли населенных пунктов,Учтенный,"Российская Федерация, Республика Татарстан (Татарстан), м.р-н Лаишевский, с.п. Кирбинское, д Травкино, ул. Парковая, з/у 16",Частная,Для индивидуального жилищного строительства,ИЖС,0,нет,16:24:110302,913948.04,911.21,,,,,нет,да,нет,нет,нет,да,нет,да,55.54852218342894,49.272108836993475
16:24:110302:2499,1000.0,Земли населенных пунктов,Учтенный,"Российская Федерация, Республика Татарстан (Татарстан), м.р-н Лаишевский, с.п. Кирбинское, д Травкино, ул. Уютная, з/у 7",Частная,Для индивидуального жилищного строительства,ИЖС,0,нет,16:24:110302,853835.0,853.84,,,,,нет,да,нет,нет,нет,да,нет,да,55.54852007113429,49.275159497748504
16:24:110302:2528,1001.0,Земли населенных пунктов,Учтенный,"Российская Федерация, Республика Татарстан (Татарстан), м.р-н Лаишевский, с.п. Кирбинское, д Травкино, ул. Парковая, з/у 20",Частная,Для индивидуального жилищного строительства,ИЖС,0,нет,16:24:110302,885229.04,884.34,,,,,нет,да,нет,нет,нет,да,нет,да,55.54869071088713,49.272843060024336
16:24:110302:2583,1000.0,Земли населенных пунктов,Учтенный,"Российская Федерация, Республика Татарстан (Татарстан), м.р-н Лаишевский, с.п. Кирбинское, д Травкино, ул. Изумрудная, з/у 12",Частная,Для индивидуального жилищного строительства,ИЖС,0,нет,16:24:110302,715027.3,715.03,,,,,нет,да,нет,нет,нет,да,нет,да,55.54770807958196,49.279851443215954
16:24:110302:2587,1000.0,Земли населенных пунктов,Учтенный,"Российская Федерация, Республика Татарстан (Татарстан), м.р-н Лаишевский, с.п. Кирбинское, д Травкино, ул. Урожайная, з/у 7",Частная,Для индивидуального жилищного строительства,ИЖС,0,нет,16:24:110302,680193.2,680.19,,,,,нет,да,нет,нет,нет,да,нет,да,55.54742683077573,49.28073631913308
16:24:110302:2619,1000.0,Земли населенных пунктов,Учтенный,"Российская Федерация, Республика Татарстан (Татарстан), м.р-н Лаишевский, с.п. Кирбинское, д Травкино, ул. Урожайная, з/у 12",Частная,Для индивидуального жилищного строительства,ИЖС,0,нет,16:24:110302,674148.3,674.15,,,,,нет,да,нет,нет,нет,да,нет,да,55.5478154202958,49.2813731142445
16:24:110302:2658,1100.0,Земли населенных пунктов,Учтенный,"Российская Федерация, Республика Татарстан, Лаишевский муницпальный район, Кирбинское сельское поселение, д Травкино",Частная,Для индивидуального жилищного строительства,ИЖС,0,нет,16:24:110302,819628.26,745.12,,,,,нет,да,нет,нет,нет,да,нет,да,55.54948125553826,49.28250542559387
16:24:110302:2615,1000.0,Земли населенных пунктов,Учтенный,"Российская Федерация, Республика Татарстан (Татарстан), м.р-н Лаишевский, с.п. Кирбинское, д Травкино, ул. Урожайная, з/у 14",Частная,Для индивидуального жилищного строительства,ИЖС,0,нет,16:24:110302,687630.8,687.63,,,,,нет,да,нет,нет,нет,да,нет,да,55.54802352993979,49.281224293247554
16:24:110302:2520,1000.0,Земли населенных пунктов,Учтенный,"Российская Федерация, Республика Татарстан (Татарстан), м.р-н Лаишевский, с.п. Кирбинское, д Травкино, ул. Уютная, з/у 2",Частная,Для индивидуального жилищного строительства,ИЖС,0,нет,16:24:110302,813547.3,813.55,,,,,нет,да,нет,нет,нет,да,нет,да,55.548076312760905,49.27639137335239
16:24:110302:2539,1002.0,Земли населенных пунктов,Учтенный,"Российская Федерация, Республика Татарстан (Татарстан), м.р-н Лаишевский, с.п. Кирбинское, д Травкино, ул. Парковая, з/у 18",Частная,Для индивидуального жилищного строительства,ИЖС,0,нет,16:24:110302,909533.14,907.72,,,,,нет,да,нет,нет,нет,да,нет,да,55.54860647443898,49.2724760587912
16:24:110302:2561,1003.0,Земли населенных пунктов,Учтенный,"Российская Федерация, Республика Татарстан, Лаишевский муницпальный район, Кирбинское сельское поселение, д Травкино",Частная,Для индивидуального жилищного строительства,ИЖС,0,нет,16:24:110302,902647.64,899.95,,,,,нет,да,нет,нет,нет,да,нет,да,55.548437927121086,49.27174168035437
16:24:110302:2609,1000.0,Земли населенных пунктов,Учтенный,"Российская Федерация, Республика Татарстан (Татарстан), м.р-н Лаишевский, с.п. Кирбинское, д Травкино, ул. Лазурная, з/у 52",Частная,Для индивидуального жилищного строительства,ИЖС,0,нет,16:24:110302,726670.5,726.67,,,,,нет,да,нет,нет,нет,да,нет,да,55.54894960786667,49.28124605318244
16:24:110302:2624,1000.0,Земли населенных пунктов,Учтенный,"Российская Федерация, Республика Татарстан (Татарстан), м.р-н Лаишевский, с.п. Кирбинское, д Травкино, ул. Урожайная, з/у 6",Частная,Для индивидуального жилищного строительства,ИЖС,0,нет,16:24:110302,648801.4,648.8,,,,,нет,да,нет,нет,нет,да,нет,да,55.547191108594845,49.28181937781821
16:24:110201:692,2129.0,Земли населенных пунктов,Учтенный,"Местоположение установлено относительно ориентира, расположенного в границах участка. Почтовый адрес ориентира: Российская Федерация, Республика Татарстан, Лаишевский муниципальный район муниципальный район, Кирбинское сельское поселение, д Травкино, ул. Травкинская, з/у 21.",Частная,для ведения личного подсобного хозяйства,ЛПХ,0,нет,16:24:110201,2236612.65,1050.55,,,,,нет,нет,нет,нет,да,да,нет,да,55.5523809127519,49.26450761075542
16:24:110302:1431,626.0,Земли населенных пунктов,Учтенный,"Местоположение установлено относительно ориентира, расположенного в границах участка. Почтовый адрес ориентира: Российская Федерация, Республика Татарстан, Лаишевский муниципальный район, Кирбинское сельское поселение, д Травкино.",Частная,Для индивидуального жилищного строительства,ИЖС,0,нет,16:24:110302,629261.02,1005.2093,,,,,нет,да,нет,нет,нет,да,нет,да,55.55136402235935,49.26935658217481
16:24:110201:709,1820.0,Земли населенных пунктов,Учтенный,"Российская Федерация, Республика Татарстан, Лаишевский муниципальный район, Кирбинское сельское поселение, д Травкино, ул Озерная, з/у 11А",Частная,Для ведения личного подсобного хозяйства,ЛПХ,0,нет,16:24:110201,1921120.47,1055.56,,,,,нет,нет,нет,нет,да,да,нет,да,55.55062137027512,49.263598067297714
16:24:110201:710,2500.0,Земли населенных пунктов,Учтенный,"Российская Федерация, Республика Татарстан, Лаишевский муниципальный район, Кирбинское сельское поселение, д Травкино",Частная,Для ведения личного подсобного хозяйства,ЛПХ,0,нет,16:24:110201,2637007.0,1054.8,,,,,нет,нет,нет,нет,да,да,нет,да,55.55033356677055,49.26397674346137
16:24:110302:3585,1000.0,Земли населенных пунктов,Учтенный,"Российская Федерация, Республика Татарстан, муниципальный район Лаишевский, сельское поселение Кирбинское, д Травкино, ул. Ореховая",Частная,Для индивидуального жилищного строительства,ИЖС,0,нет,16:24:110302,671621.4,671.62,,,,,нет,да,нет,нет,нет,да,нет,да,55.54897929358261,49.28449844733591
16:24:110302:3589,1299.0,Земли населенных пунктов,Учтенный,"Российская Федерация, Республика Татарстан, Лаишевский муницпальный район, Кирбинское сельское поселение, д Травкино",Частная,Для индивидуального жилищного строительства,ИЖС,0,нет,16:24:110302,780733.16,601.03,,,,,нет,да,нет,нет,нет,да,нет,да,55.546932852136514,49.28435429842417
16:24:110302:3593,1000.0,Земли населенных пунктов,Учтенный,"Российская Федерация, Республика Татарстан, Лаишевский муницпальный район, Кирбинское сельское поселение, д Травкино",Частная,Для индивидуального жилищного строительства,ИЖС,0,нет,16:24:110302,676914.4,676.91,,,,,нет,да,нет,нет,нет,да,нет,да,55.54827078085516,49.283220357361486
16:24:110302:3596,1000.0,Земли населенных пунктов,Учтенный,"Российская Федерация, Республика Татарстан, Лаишевский муницпальный район, Кирбинское сельское поселение, д Травкино",Частная,Для индивидуального жилищного строительства,ИЖС,0,нет,16:24:110302,640932.8,640.93,,,,,нет,да,нет,нет,нет,да,нет,да,55.54770316805004,49.28362608166823
16:24:110302:3592,1000.0,Земли населенных пунктов,Учтенный,"Российская Федерация, Республика Татарстан, Лаишевский муницпальный район, Кирбинское сельское поселение, д Травкино",Частная,Для индивидуального жилищного строительства,ИЖС,0,нет,16:24:110302,681918.2,681.92,,,,,нет,да,нет,нет,нет,да,нет,да,55.548459948952384,49.28308508141853
16:24:110302:3595,1000.0,Земли населенных пунктов,Учтенный,"Российская Федерация, Республика Татарстан, Лаишевский муницпальный район, Кирбинское сельское поселение, д Травкино",Частная,Для индивидуального жилищного строительства,ИЖС,0,нет,16:24:110302,669135.5,669.14,,,,,нет,да,нет,нет,нет,да,нет,да,55.54789235444375,49.28349087310162
16:24:110302:330,19636.1,,Ранее учтенный,"Российская Федерация, Республика Татарстан (Татарстан), м.р-н Лаишевский, с.п. Кирбинское, кв-л 302, з/у 330",,,ДРУГОЕ,0,нет,16:24:110302,0.0,0.0,,,,,да,нет,нет,нет,нет,нет,нет,нет,55.55183342427118,49.2873316045888
16:24:110302:329,507.94,,Ранее учтенный,-,,,ДРУГОЕ,0,нет,16:24:110302,0.0,0.0,,,,,да,нет,нет,нет,нет,нет,нет,нет,55.5505487390716,49.280381504743964
16:24:110302:21,,,Ранее учтенный,-,,,ДРУГОЕ,0,нет,16:24:110302,0.0,0.0,,,,,да,нет,нет,нет,нет,нет,нет,нет,55.55033647476401,49.279360097576664
16:24:110302:332,3130.96,,Ранее учтенный,-,,,ДРУГОЕ,0,нет,16:24:110302,0.0,0.0,,,,,да,нет,нет,нет,нет,нет,нет,нет,55.544977886514936,49.26378171227554
16:24:110302:1259,528.0,Земли населенных пунктов,Учтенный,"Российская Федерация, Республика Татарстан (Татарстан), м.р-н Лаишевский, с.п. Кирбинское, д Травкино, ул Вишневая, з/у 26",Частная,индивидуальные жилые дома с приусадебными земельными участками,ЖИЛОЙ,0,нет,16:24:110302,555734.57,1052.5276,,,,,нет,нет,нет,нет,нет,да,нет,да,55.54586089561022,49.26172085770313
16:24:110302:387,959.0,Земли населенных пунктов,Учтенный,"Местоположение установлено относительно ориентира, расположенного в границах участка. Почтовый адрес ориентира: Российская Федерация, Республика Татарстан (Татарстан), м.р-н Лаишевский, с.п. Кирбинское, д Травкино, ул Цветочная, з/у 15.",Частная,индивидуальные жилые дома с приусадебными земельными участками,ЖИЛОЙ,0,нет,16:24:110302,970374.32,1011.8606,,,,,нет,нет,нет,нет,нет,да,нет,да,55.544229989129015,49.26228554192738
16:24:110302:1460,600.0,Земли населенных пунктов,Учтенный,"Местоположение установлено относительно ориентира, расположенного в границах участка. Почтовый адрес ориентира: Российская Федерация, Республика Татарстан, Лаишевский муниципальный район, Кирбинское сельское поселение, д Травкино.",Частная,для индивидуального жилищного строительства,ИЖС,0,нет,16:24:110302,607648.62,1012.7477,,,,,нет,да,нет,нет,нет,да,нет,да,55.55217922342086,49.26965632048406
16:24:110201:91,1231.0,Земли населенных пунктов,Ранее учтенный,"Местоположение установлено относительно ориентира, расположенного в границах участка. Почтовый адрес ориентира: Российская Федерация, Республика Татарстан (Татарстан), м.р-н Лаишевский, с.п. Кирбинское, д Травкино, ул Пушкина, з/у 11.",,Для ведения личного подсобного хозяйства,ЛПХ,0,нет,16:24:110201,1252504.95,1017.47,,,,,да,нет,нет,нет,да,да,нет,да,55.55162962648052,49.2679848715433
16:24:110201:92,1226.0,Земли населенных пунктов,Ранее учтенный,"Местоположение установлено относительно ориентира, расположенного в границах участка. Почтовый адрес ориентира: Российская Федерация, Республика Татарстан (Татарстан), м.р-н Лаишевский, с.п. Кирбинское, д Травкино, ул Пушкина, з/у 8.",,Ведение личного подсобного хозяйства,ЛПХ,0,нет,16:24:110201,1225174.53,999.3267,,,,,да,нет,нет,нет,да,да,нет,да,55.55115778560736,49.267166413059556
16:24:110201:148,971.0,Земли населенных пунктов,Учтенный,"Местоположение установлено относительно ориентира, расположенного в границах участка. Почтовый адрес ориентира: Российская Федерация, Республика Татарстан (Татарстан), м.р-н Лаишевский, с.п. Кирбинское, д Травкино, ул Травкинская, з/у 29.",Частная,Для ведения личного подсобного хозяйства,ЛПХ,0,нет,16:24:110201,1029635.49,1060.3867,,,,,нет,нет,нет,нет,да,да,нет,да,55.55170952915014,49.26367844616994
16:24:110302:744,500.0,Земли населенных пунктов,Учтенный,"Российская Федерация, Республика Татарстан (Татарстан), м.р-н Лаишевский, с.п. Кирбинское, д Травкино, ул Сююмбике, з/у 38",Частная,Для индивидуального жилищного строительства,ИЖС,0,нет,16:24:110302,458724.75,917.4495,,,,,нет,да,нет,нет,нет,да,нет,да,55.553784626079825,49.27783633355019
16:24:110302:605,400.0,Земли населенных пунктов,Учтенный,"Местоположение установлено относительно ориентира, расположенного в границах участка. Почтовый адрес ориентира: Российская Федерация, Республика Татарстан (Татарстан), м.р-н Лаишевский, с.п. Кирбинское, д Травкино, ул Вишневая, з/у 24.",Частная,индивидуальные жилые дома с приусадебными земельными участками,ЖИЛОЙ,0,нет,16:24:110302,423988.96,1059.9724,,,,,нет,нет,нет,нет,нет,да,нет,да,55.546079674114196,49.26177745629694
16:24:110302:371,660.0,Земли населенных пунктов,Учтенный,"Местоположение установлено относительно ориентира, расположенного в границах участка. Почтовый адрес ориентира: Российская Федерация, Республика Татарстан (Татарстан), м.р-н Лаишевский, с.п. Кирбинское, д Травкино, ул Цветочная, з/у 2.",Частная,индивидуальные жилые дома с приусадебными земельными участками,ЖИЛОЙ,0,нет,16:24:110302,667296.1,1011.0547,,,,,нет,нет,нет,нет,нет,да,нет,да,55.54305929070163,49.25928668280772
16:24:110302:1366,1145.0,Земли населенных пунктов,Учтенный,"Местоположение установлено относительно ориентира, расположенного в границах участка. Почтовый адрес ориентира: Российская Федерация, Республика Татарстан, Лаишевский муниципальный район, Кирбинское сельское поселение, д Травкино.",Частная,Для индивидуального жилищного строительства,ИЖС,0,нет,16:24:110302,1112590.55,971.6948,,,,,нет,да,нет,нет,нет,да,нет,да,55.551037979649145,49.270251121399106
16:24:110302:905,13685.0,Земли населенных пунктов,Учтенный,"Местоположение установлено относительно ориентира, расположенного в границах участка. Почтовый адрес ориентира: Республика Татарстан, Лаишевский муниципальный район, Кирбинское сельское поселение.",Муниципальная,Для индивидуального жилищного строительства,ИЖС,0,нет,16:24:110302,12153341.96,888.08,,,,,да,да,нет,нет,нет,да,нет,да,55.55149927792083,49.27907436736967
16:24:110302:1440,600.0,Земли населенных пунктов,Учтенный,"Местоположение установлено относительно ориентира, расположенного в границах участка. Почтовый адрес ориентира: Российская Федерация, Республика Татарстан, Лаишевский муниципальный район, Кирбинское сельское поселение, д Травкино.",Частная,Для индивидуального жилищного строительства,ИЖС,0,нет,16:24:110302,585864.72,976.44,,,,,нет,да,нет,нет,нет,да,нет,да,55.55169881810994,49.272428571102274
16:24:110201:57,,Земли населенных пунктов,Ранее учтенный,"Местоположение установлено относительно ориентира, расположенного в границах участка. Почтовый адрес ориентира: Российская Федерация, Республика Татарстан (Татарстан), м.р-н Лаишевский, с.п. Кирбинское, д Травкино, ул Озерная, з/у 3.",Частная,Для ведения личного подсобного хозяйства,ЛПХ,0,нет,16:24:110201,1981024.2,1099.35,,,,,нет,нет,нет,нет,да,да,нет,да,55.55181637984088,49.26142352797672
16:24:110302:1468,711.0,Земли населенных пунктов,Учтенный,"Местоположение установлено относительно ориентира, расположенного в границах участка. Почтовый адрес ориентира: Российская Федерация, Республика Татарстан, Лаишевский муниципальный район, Кирбинское сельское поселение, д Травкино.",Частная,Для индивидуального жилищного строительства,ИЖС,0,нет,16:24:110302,687979.46,967.6223,,,,,нет,да,нет,нет,нет,да,нет,да,55.55085904468823,49.27228851219513
16:24:110201:129,,Земли населенных пунктов,Ранее учтенный,"Местоположение установлено относительно ориентира, расположенного в границах участка. Почтовый адрес ориентира: Российская Федерация, Республика Татарстан (Татарстан), м.р-н Лаишевский, с.п. Кирбинское, д Травкино, ул Дачная, з/у 3А.",,Для ведения личного подсобного хозяйства,ЛПХ,0,нет,16:24:110201,1145966.36,1053.28,,,,,да,нет,нет,нет,да,да,нет,да,55.54859186659534,49.26152604936338
16:24:110302:638,792.0,Земли населенных пунктов,Учтенный,"Российская Федерация, Республика Татарстан (Татарстан), м.р-н Лаишевский, с.п. Кирбинское, д Травкино, ул Дружбы, з/у 12",Частная,Для индивидуального жилищного строительства,ИЖС,0,нет,16:24:110302,803193.81,1014.1336,,,,,нет,да,нет,нет,нет,да,нет,да,55.55292983683349,49.26989560977682
16:24:110302:422,800.0,Земли населенных пунктов,Учтенный,"Местоположение установлено относительно ориентира, расположенного в границах участка. Почтовый адрес ориентира: Российская Федерация, Республика Татарстан (Татарстан), м.р-н Лаишевский, с.п. Кирбинское, д Травкино, ул Светлая, з/у 13.",Частная,индивидуальные жилые дома с приусадебными земельными участками,ЖИЛОЙ,0,нет,16:24:110302,806127.6,1007.6595,,,,,нет,нет,нет,нет,нет,да,нет,да,55.5434986459605,49.26245075198848
16:24:110201:143,538.0,Земли населенных пунктов,Учтенный,"Местоположение установлено относительно ориентира, расположенного в границах участка. Почтовый адрес ориентира: Российская Федерация, Республика Татарстан (Татарстан), м.р-н Лаишевский, с.п. Кирбинское, д Травкино, ул Травкинская, з/у 10в.",Частная,Для ведения личного подсобного хозяйства,ЛПХ,0,нет,16:24:110201,542345.05,1008.0763,,,,,нет,нет,нет,нет,да,да,нет,да,55.55144024490515,49.266458627960695
16:24:110302:1423,689.0,Земли населенных пунктов,Учтенный,"Местоположение установлено относительно ориентира, расположенного в границах участка. Почтовый адрес ориентира: Российская Федерация, Республика Татарстан, Лаишевский муниципальный район, Кирбинское сельское поселение, д Травкино.",Частная,Для индивидуального жилищного строительства,ИЖС,0,нет,16:24:110302,669556.76,971.7805,,,,,нет,да,нет,нет,нет,да,нет,да,55.55094506626127,49.27065915213682
16:24:110302:1364,1414.0,Земли населенных пунктов,Учтенный,"Местоположение установлено относительно ориентира, расположенного в границах участка. Почтовый адрес ориентира: Российская Федерация, Республика Татарстан, Лаишевский муниципальный район, Кирбинское сельское поселение, д Травкино.",Частная,Для индивидуального жилищного строительства,ИЖС,0,нет,16:24:110302,1405192.19,993.771,,,,,нет,да,нет,нет,нет,да,нет,да,55.552118805554485,49.27120342805251
16:24:110302:903,1179.0,Земли населенных пунктов,Учтенный,"Местоположение установлено относительно ориентира, расположенного в границах участка. Почтовый адрес ориентира: Республика Татарстан, Лаишевский муниципальный район, Кирбинское сельское поселение, д Травкино.",Муниципальная,Для индивидуального жилищного строительства,ИЖС,0,нет,16:24:110302,1074356.91,911.2442,,,,,да,да,нет,нет,нет,да,нет,да,55.554066584884914,49.27853683363226
16:24:110201:33,1017.0,Земли населенных пунктов,Ранее учтенный,"Местоположение установлено относительно ориентира, расположенного в границах участка. Почтовый адрес ориентира: Российская Федерация, Республика Татарстан (Татарстан), м.р-н Лаишевский, с.п. Кирбинское, д Травкино, ул Дачная, з/у 14.",,Для ведения личного подсобного хозяйства,ЛПХ,0,нет,16:24:110201,1089777.54,1071.561,,,,,да,нет,нет,нет,да,да,нет,да,55.547809409948194,49.260524782013974
16:24:110302:579,699.0,Земли населенных пунктов,Учтенный,"Местоположение установлено относительно ориентира, расположенного в границах участка. Почтовый адрес ориентира: Российская Федерация, Республика Татарстан (Татарстан), м.р-н Лаишевский, с.п. Кирбинское, д Травкино, ул Радужная, з/у 5.",Частная,индивидуальные жилые дома с приусадебными земельными участками,ЖИЛОЙ,0,нет,16:24:110302,722235.04,1033.2404,,,,,нет,нет,нет,нет,нет,да,нет,да,55.54424034130703,49.25911676393646
16:24:110201:31,1185.0,Земли населенных пунктов,Ранее учтенный,"Местоположение установлено относительно ориентира, расположенного в границах участка. Почтовый адрес ориентира: Российская Федерация, Республика Татарстан (Татарстан), м.р-н Лаишевский, с.п. Кирбинское, д Травкино, ул Дачная, з/у 10.",,Для индивидуального жилищного строительства,ИЖС,0,нет,16:24:110201,1279289.15,1079.5689,,,,,да,да,нет,нет,нет,да,нет,да,55.54814818033498,49.260387091792595
16:24:110302:904,1199.0,Земли населенных пунктов,Учтенный,"Местоположение установлено относительно ориентира, расположенного в границах участка. Почтовый адрес ориентира: Республика Татарстан, Лаишевский муниципальный район, Кирбинское сельское поселение, д Травкино.",Муниципальная,Для индивидуального жилищного строительства,ИЖС,0,нет,16:24:110302,1049634.46,875.4249,,,,,да,да,нет,нет,нет,да,нет,да,55.55143107941578,49.27975252941519
16:24:110302:442,700.0,Земли населенных пунктов,Учтенный,"Местоположение установлено относительно ориентира, расположенного в границах участка. Почтовый адрес ориентира: Российская Федерация, Республика Татарстан (Татарстан), м.р-н Лаишевский, с.п. Кирбинское, д Травкино, ул Солнечная, з/у 21.",Частная,индивидуальные жилые дома с приусадебными земельными участками,ЖИЛОЙ,0,нет,16:24:110302,736671.46,1052.3878,,,,,нет,нет,нет,нет,нет,да,нет,да,55.545635819848066,49.26151996859335
16:24:110302:1413,739.0,Земли населенных пунктов,Учтенный,"Местоположение установлено относительно ориентира, расположенного в границах участка. Почтовый адрес ориентира: Российская Федерация, Республика Татарстан, Лаишевский муниципальный район, Кирбинское сельское поселение, д Травкино.",Частная,Для индивидуального жилищного строительства,ИЖС,0,нет,16:24:110302,713210.67,965.1024,,,,,нет,да,нет,нет,нет,да,нет,да,55.55052968639666,49.27056879625707
16:24:110302:1410,694.0,Земли населенных пунктов,Учтенный,"Местоположение установлено относительно ориентира, расположенного в границах участка. Почтовый адрес ориентира: Российская Федерация, Республика Татарстан, Лаишевский муниципальный район, Кирбинское сельское поселение, д Травкино.",Частная,Для индивидуального жилищного строительства,ИЖС,0,нет,16:24:110302,672260.8,968.6755,,,,,нет,да,нет,нет,нет,да,нет,да,55.550376034999886,49.269706946723026
16:24:110302:1459,600.0,Земли населенных пунктов,Учтенный,"Местоположение установлено относительно ориентира, расположенного в границах участка. Почтовый адрес ориентира: Российская Федерация, Республика Татарстан, Лаишевский муниципальный район, Кирбинское сельское поселение, д Травкино.",Частная,для индивидуального жилищного строительства,ИЖС,0,нет,16:24:110302,611520.48,1019.2008,,,,,нет,да,нет,нет,нет,да,нет,да,55.552117932029546,49.26936721525861
16:24:110302:439,800.0,Земли населенных пунктов,Учтенный,"Местоположение установлено относительно ориентира, расположенного в границах участка. Почтовый адрес ориентира: Российская Федерация, Республика Татарстан (Татарстан), м.р-н Лаишевский, с.п. Кирбинское, д Травкино, ул Зеленая, з/у 4.",Частная,индивидуальные жилые дома с приусадебными земельными участками,ЖИЛОЙ,0,нет,16:24:110302,801377.52,1001.7219,,,,,нет,нет,нет,нет,нет,да,нет,да,55.54240695357286,49.26101001718695
16:24:110302:1469,757.0,Земли населенных пунктов,Учтенный,"Местоположение установлено относительно ориентира, расположенного в границах участка. Почтовый адрес ориентира: Российская Федерация, Республика Татарстан, Лаишевский муниципальный район, Кирбинское сельское поселение, д Травкино.",Частная,Для индивидуального жилищного строительства,ИЖС,0,нет,16:24:110302,732684.25,967.8788,,,,,нет,да,нет,нет,нет,да,нет,да,55.551020019791395,49.27248738394166
16:24:110302:1478,600.0,Земли населенных пунктов,Учтенный,"Местоположение установлено относительно ориентира, расположенного в границах участка. Почтовый адрес ориентира: Российская Федерация, Республика Татарстан, Лаишевский муниципальный район, Кирбинское сельское поселение, д Травкино.",Частная,Для индивидуального жилищного строительства,ИЖС,0,нет,16:24:110302,581982.96,969.9716,,,,,нет,да,нет,нет,нет,да,нет,да,55.55137029870897,49.27259801691972
16:24:110302:1356,1036.0,Земли населенных пунктов,Учтенный,"Местоположение установлено относительно ориентира, расположенного в границах участка. Почтовый адрес ориентира: Российская Федерация, Республика Татарстан, Лаишевский муниципальный район, Кирбинское сельское поселение, д Травкино.",Частная,Для индивидуального жилищного строительства,ИЖС,0,нет,16:24:110302,977047.35,943.0959,,,,,нет,да,нет,нет,нет,да,нет,да,55.55111596426118,49.27565737983817
16:24:110302:412,800.0,Земли населенных пунктов,Учтенный,"Местоположение установлено относительно ориентира, расположенного в границах участка. Почтовый адрес ориентира: Российская Федерация, Республика Татарстан (Татарстан), м.р-н Лаишевский, с.п. Кирбинское, д Травкино, ул Светлая, з/у 5.",Частная,индивидуальные жилые дома с приусадебными земельными участками,ЖИЛОЙ,0,нет,16:24:110302,805161.68,1006.4521,,,,,нет,нет,нет,нет,нет,да,нет,да,55.54295822252666,49.26017374575168
16:24:110302:1411,657.0,Земли населенных пунктов,Учтенный,"Местоположение установлено относительно ориентира, расположенного в границах участка. Почтовый адрес ориентира: Российская Федерация, Республика Татарстан, Лаишевский муниципальный район, Кирбинское сельское поселение, д Травкино.",Частная,Для индивидуального жилищного строительства,ИЖС,0,нет,16:24:110302,634141.2,965.2073,,,,,нет,да,нет,нет,нет,да,нет,да,55.5504246859237,49.26998750343795
16:24:110201:19,,Земли населенных пунктов,Ранее учтенный,"Местоположение установлено относительно ориентира, расположенного в границах участка. Почтовый адрес ориентира: Российская Федерация, Республика Татарстан (Татарстан), м.р-н Лаишевский, с.п. Кирбинское, д Травкино, ул Озерная, з/у 6.",Частная,Для ведения личного подсобного хозяйства,ЛПХ,0,нет,16:24:110201,2146618.0,1103.0925,,,,,нет,нет,нет,нет,да,да,нет,да,55.55104626758248,49.260891164270575
16:24:110201:25,1617.0,Земли населенных пунктов,Ранее учтенный,"Местоположение установлено относительно ориентира, расположенного в границах участка. Почтовый адрес ориентира: Российская Федерация, Республика Татарстан (Татарстан), м.р-н Лаишевский, с.п. Кирбинское, д Травкино, ул Травкинская, з/у 45А.",,Для ведения личного подсобного хозяйства,ЛПХ,0,нет,16:24:110201,1760817.11,1088.9407,,,,,да,нет,нет,нет,да,да,нет,да,55.54918296585608,49.2598885824089
16:24:110201:239,1038.0,Земли населенных пунктов,Учтенный,"Местоположение установлено относительно ориентира, расположенного в границах участка. Почтовый адрес ориентира: Российская Федерация, Республика Татарстан (Татарстан), м.р-н Лаишевский, с.п. Кирбинское, д Травкино, ул Травкинская, з/у 6а.",,Для ведения личного подсобного хозяйства,ЛПХ,0,нет,16:24:110201,1058732.39,1019.9734,,,,,да,нет,нет,нет,да,да,нет,да,55.55195943632797,49.26719861007743
16:24:110302:513,730.0,Земли населенных пунктов,Учтенный,"Российская Федерация, Республика Татарстан (Татарстан), м.р-н Лаишевский, с.п. Кирбинское, д Травкино, ул Солнечная, з/у 30",Частная,индивидуальные жилые дома с приусадебными земельными участками,ЖИЛОЙ,0,нет,16:24:110302,743122.48,1017.976,,,,,нет,нет,нет,нет,нет,да,нет,да,55.545025544995134,49.262501986783306
16:24:110302:1610,1304.0,Земли сельскохозяйственного назначения,Учтенный,"Российская Федерация, Республика Татарстан, Лаишевский муниципальный район, Кирбинское сельское поселение",Муниципальная,для сельскохозяйственного производства,СХ,0,нет,16:24:110302,3399.66,2.61,,,,,да,нет,нет,нет,нет,нет,нет,нет,55.551381005132804,49.30897685753243
16:24:110201:651,1225.0,Земли населенных пунктов,Учтенный,"Российская Федерация, Республика Татарстан (Татарстан), м.р-н Лаишевский, с.п. Кирбинское, д Травкино, ул Пушкина, з/у 3",Частная,Для ведения личного подсобного хозяйства,ЛПХ,0,нет,16:24:110201,1257219.22,1026.3014,,,,,нет,нет,нет,нет,да,да,нет,да,55.55079393624799,49.26512584016248
16:24:110302:1295,900.0,Земли населенных пунктов,Учтенный,"Местоположение установлено относительно ориентира, расположенного в границах участка. Почтовый адрес ориентира: Российская Федерация, Республика Татарстан, Лаишевский муниципальный район, Кирбинское сельское поселение, д Травкино.",Частная,Для индивидуального жилищного строительства,ИЖС,0,нет,16:24:110302,794338.11,882.5979,,,,,нет,да,нет,нет,нет,да,нет,да,55.553137036948115,49.28106383487104
16:24:110302:810,600.0,Земли населенных пунктов,Учтенный,"Российская Федерация, Республика Татарстан, Лаишевский муниципальный район, Кирбинское сельское поселение, д Травкино, ул Сююмбике, з/у 51",Частная,Для индивидуального жилищного строительства,ИЖС,0,нет,16:24:110302,538626.54,897.7109,,,,,нет,да,нет,нет,нет,да,нет,да,55.55392653430694,49.28031612268374
16:24:110302:860,600.0,Земли населенных пунктов,Учтенный,"Российская Федерация, Республика Татарстан (Татарстан), м.р-н Лаишевский, с.п. Кирбинское, д Травкино, ул Победы, з/у 41",Частная,Для индивидуального жилищного строительства,ИЖС,0,нет,16:24:110302,538679.88,897.7998,,,,,нет,да,нет,нет,нет,да,нет,да,55.553291521211236,49.28039653697691
16:24:110201:29,,Земли населенных пунктов,Ранее учтенный,"Местоположение установлено относительно ориентира, расположенного в границах участка. Почтовый адрес ориентира: Российская Федерация, Республика Татарстан (Татарстан), м.р-н Лаишевский, с.п. Кирбинское, д Травкино, ул Дачная, з/у 6.",,Для ведения личного подсобного хозяйства,ЛПХ,0,нет,16:24:110201,1335907.0,1072.16,,,,,да,нет,нет,нет,да,да,нет,да,55.548586675665184,49.26046444456924
16:24:110201:1,1290.0,Земли населенных пунктов,Ранее учтенный,"Местоположение установлено относительно ориентира, расположенного в границах участка. Почтовый адрес ориентира: Российская Федерация, Республика Татарстан (Татарстан), м.р-н Лаишевский, с.п. Кирбинское, д Травкино, ул Садовая, з/у 1.",,Для ведения личного подсобного хозяйства,ЛПХ,0,нет,16:24:110201,1469678.68,1139.2858,,,,,да,нет,нет,нет,да,да,нет,да,55.55137778518501,49.25803468014964
16:24:110302:929,731.0,Земли населенных пунктов,Учтенный,"Российская Федерация, Республика Татарстан (Татарстан), м.р-н Лаишевский, с.п. Кирбинское, д Травкино, ул Дружбы, з/у 60",Частная,Для индивидуального жилищного строительства,ИЖС,0,нет,16:24:110302,676089.91,924.8836,,,,,нет,да,нет,нет,нет,да,нет,да,55.55483709923493,49.27871155169096
16:24:110201:141,2451.0,Земли населенных пунктов,Учтенный,"Местоположение установлено относительно ориентира, расположенного в границах участка. Почтовый адрес ориентира: Российская Федерация, Республика Татарстан (Татарстан), м.р-н Лаишевский, с.п. Кирбинское, д Травкино, ул Травкинская, з/у 10.",,Для ведения личного подсобного хозяйства,ЛПХ,0,нет,16:24:110201,2475742.85,1010.095,,,,,да,нет,нет,нет,да,да,нет,да,55.55166295155839,49.265899825041544
16:24:110302:670,1017.0,Земли населенных пунктов,Учтенный,"Российская Федерация, Республика Татарстан (Татарстан), м.р-н Лаишевский, с.п. Кирбинское, д Травкино, ул Березовая, з/у 30",Частная,Для индивидуального жилищного строительства,ИЖС,0,нет,16:24:110302,971162.18,954.9284,,,,,нет,да,нет,нет,нет,да,нет,да,55.55490863126666,49.2775517379666
16:24:110302:769,600.0,Земли населенных пунктов,Учтенный,"Российская Федерация, Республика Татарстан (Татарстан), м.р-н Лаишевский, с.п. Кирбинское, д Травкино, ул Сююмбике, з/у 13",Частная,Для индивидуального жилищного строительства,ИЖС,0,нет,16:24:110302,575018.52,958.3642,,,,,нет,да,нет,нет,нет,да,нет,да,55.55240755215086,49.274415096259986
16:24:110302:833,600.0,Земли населенных пунктов,Учтенный,"Местоположение установлено относительно ориентира, расположенного в границах участка. Почтовый адрес ориентира: Российская Федерация, Республика Татарстан (Татарстан), м.р-н Лаишевский, с.п. Кирбинское, д Травкино, ул Победы, з/у 15.",Частная,Для индивидуального жилищного строительства,ИЖС,0,нет,16:24:110302,560559.9,934.2665,,,,,нет,да,нет,нет,нет,да,нет,да,55.55245769104191,49.27646160456162
16:24:110302:802,500.0,Земли населенных пунктов,Учтенный,"Местоположение установлено относительно ориентира, расположенного в границах участка. Почтовый адрес ориентира: Российская Федерация, Республика Татарстан (Татарстан), м.р-н Лаишевский, с.п. Кирбинское, д Травкино, ул Победы, з/у 32.",Частная,Для индивидуального жилищного строительства,ИЖС,0,нет,16:24:110302,458897.25,917.7945,,,,,нет,да,нет,нет,нет,да,нет,да,55.553146892046485,49.277903745877055
16:24:110302:1427,626.0,Земли населенных пунктов,Учтенный,"Местоположение установлено относительно ориентира, расположенного в границах участка. Почтовый адрес ориентира: Российская Федерация, Республика Татарстан, Лаишевский муниципальный район, Кирбинское сельское поселение, д Травкино.",Частная,Для индивидуального жилищного строительства,ИЖС,0,нет,16:24:110302,610375.92,975.04,,,,,нет,да,нет,нет,нет,да,нет,да,55.55116198779168,49.26979916190108
16:24:110302:641,991.0,Земли населенных пунктов,Учтенный,"Российская Федерация, Республика Татарстан (Татарстан), м.р-н Лаишевский, с.п. Кирбинское, д Травкино, ул Березовая, з/у 9",Частная,Для индивидуального жилищного строительства,ИЖС,0,нет,16:24:110302,1010454.52,1019.6312,,,,,нет,да,нет,нет,нет,да,нет,да,55.553460361683186,49.270752777963914
16:24:110302:813,600.0,Земли населенных пунктов,Учтенный,"Местоположение установлено относительно ориентира, расположенного в границах участка. Почтовый адрес ориентира: Российская Федерация, Республика Татарстан (Татарстан), м.р-н Лаишевский, с.п. Кирбинское, д Травкино, ул Сююмбике, з/у 57.",Частная,Для индивидуального жилищного строительства,ИЖС,0,нет,16:24:110302,530136.06,883.5601,,,,,нет,да,нет,нет,нет,да,нет,да,55.55411521193448,49.2812066561259
16:24:110201:113,2058.0,Земли населенных пунктов,Ранее учтенный,"Местоположение установлено относительно ориентира, расположенного в границах участка. Почтовый адрес ориентира: Российская Федерация, Республика Татарстан (Татарстан), м.р-н Лаишевский, с.п. Кирбинское, д Травкино, ул Толстого, з/у 2.",,Для ведения личного подсобного хозяйства,ЛПХ,0,нет,16:24:110201,2005747.59,974.6101,,,,,да,нет,нет,нет,да,да,нет,да,55.55028529484758,49.267688618063204
16:24:110302:1294,900.0,Земли населенных пунктов,Учтенный,"Российская Федерация, Республика Татарстан (Татарстан), м.р-н Лаишевский, с.п. Кирбинское, д Травкино, ул Свободы, з/у 40",Частная,Для индивидуального жилищного строительства,ИЖС,0,нет,16:24:110302,797998.77,886.6653,,,,,нет,да,нет,нет,нет,да,нет,да,55.553051673230485,49.28066098898732
16:24:110201:297,400.0,Земли населенных пунктов,Учтенный,"Местоположение установлено относительно ориентира, расположенного в границах участка. Почтовый адрес ориентира: Российская Федерация, Республика Татарстан (Татарстан), м.р-н Лаишевский, с.п. Кирбинское, д Травкино, ул Травкинская, з/у 1б.",Частная,Индивидуальное жилищное строительство,ДРУГОЕ,0,нет,16:24:110201,417221.8,1043.0545,,,,,нет,нет,нет,нет,нет,нет,нет,да,55.552975441439045,49.26729089181601
16:24:110201:137,5552.0,Земли населенных пунктов,Учтенный,"Местоположение установлено относительно ориентира, расположенного в границах участка. Почтовый адрес ориентира: Республика Татарстан, Лаишевский муниципальный район, Кирбинское сельское поселение, д Травкино.",,"Для размещения автомобильной дороги ""Сокуры-Кирби-Травкино""",ТРАНСПОРТ,0,нет,16:24:110201,3810484.17,686.3264,,,,,да,нет,нет,нет,нет,нет,нет,да,55.552396046619386,49.26225559907656
16:24:110201:123,,Земли населенных пунктов,Ранее учтенный,"Местоположение установлено относительно ориентира, расположенного в границах участка. Почтовый адрес ориентира: Республика Татарстан, Лаишевский муниципальный район, Кирбинское сельское поселение, д Травкино.",Муниципальная,Предоставление коммунальных услуг,ДРУГОЕ,0,нет,16:24:110201,72858.38,687.34,,,,,да,нет,нет,нет,нет,нет,нет,да,55.551961082678176,49.26068588344959
16:24:110302:1318,1000.0,Земли населенных пунктов,Учтенный,"Местоположение установлено относительно ориентира, расположенного в границах участка. Почтовый адрес ориентира: Российская Федерация, Республика Татарстан, Лаишевский муниципальный район, Кирбинское сельское поселение, д Травкино.",Частная,Для индивидуального жилищного строительства,ИЖС,0,нет,16:24:110302,1019722.4,1019.7224,,,,,нет,да,нет,нет,нет,да,нет,да,55.55235459311439,49.26894136276042
16:24:110302:675,800.0,Земли населенных пунктов,Учтенный,"Российская Федерация, Республика Татарстан (Татарстан), м.р-н Лаишевский, с.п. Кирбинское, д Травкино, ул Дружбы, з/у 34",Частная,Для индивидуального жилищного строительства,ИЖС,0,нет,16:24:110302,763044.56,953.8057,,,,,нет,да,нет,нет,нет,да,нет,да,55.55395123620976,49.27513820257232
16:24:110302:728,600.0,Земли населенных пунктов,Учтенный,"Местоположение установлено относительно ориентира, расположенного в границах участка. Почтовый адрес ориентира: Российская Федерация, Республика Татарстан (Татарстан), м.р-н Лаишевский, с.п. Кирбинское, д Травкино, ул Дружбы, з/у 23.",Частная,Для индивидуального жилищного строительства,ИЖС,0,нет,16:24:110302,568197.18,946.9953,,,,,нет,да,нет,нет,нет,да,нет,да,55.55372771224175,49.27630064983307
16:24:110302:801,652.0,Земли населенных пунктов,Учтенный,"Местоположение установлено относительно ориентира, расположенного в границах участка. Почтовый адрес ориентира: Российская Федерация, Республика Татарстан (Татарстан), м.р-н Лаишевский, с.п. Кирбинское, д Травкино, ул Победы, з/у 30.",Частная,Для индивидуального жилищного строительства,ИЖС,0,нет,16:24:110302,603249.18,925.2288,,,,,нет,да,нет,нет,нет,да,нет,да,55.55308564156786,49.27753937514593
16:24:110302:834,600.0,Земли населенных пунктов,Учтенный,"Местоположение установлено относительно ориентира, расположенного в границах участка. Почтовый адрес ориентира: Российская Федерация, Республика Татарстан (Татарстан), м.р-н Лаишевский, с.п. Кирбинское, д Травкино, ул Победы, з/у 17.",Частная,Для индивидуального жилищного строительства,ИЖС,0,нет,16:24:110302,555818.46,926.3641,,,,,нет,да,нет,нет,нет,да,нет,да,55.55252060560521,49.276758452090654
16:24:110302:627,664.0,Земли населенных пунктов,Учтенный,"Местоположение установлено относительно ориентира, расположенного в границах участка. Почтовый адрес ориентира: Российская Федерация, Республика Татарстан (Татарстан), м.р-н Лаишевский, с.п. Кирбинское, д Травкино, ул Березовая, з/у 1.",Частная,Для индивидуального жилищного строительства,ИЖС,0,нет,16:24:110302,692588.19,1043.0545,,,,,нет,да,нет,нет,нет,да,нет,да,55.55289923477726,49.267875885275366
16:24:110302:924,1213.0,Земли населенных пунктов,Учтенный,"Российская Федерация, Республика Татарстан (Татарстан), м.р-н Лаишевский, с.п. Кирбинское, д Травкино, ул Свободы, з/у 23",Частная,Для индивидуального жилищного строительства,ИЖС,0,нет,16:24:110302,1088337.44,897.2279,,,,,нет,да,нет,нет,нет,да,нет,да,55.55250755515528,49.279875721455774
16:24:110201:3,870.0,Земли населенных пунктов,Ранее учтенный,"Местоположение установлено относительно ориентира, расположенного в границах участка. Почтовый адрес ориентира: Российская Федерация, Республика Татарстан (Татарстан), м.р-н Лаишевский, с.п. Кирбинское, д Травкино, ул Придорожная, з/у 5.",,Для ведения личного подсобного хозяйства,ЛПХ,0,нет,16:24:110201,988164.88,1135.8217,,,,,да,нет,нет,нет,да,да,нет,да,55.55146848971112,49.2588538843318
16:24:110302:854,600.0,Земли населенных пунктов,Учтенный,"Российская Федерация, Республика Татарстан (Татарстан), м.р-н Лаишевский, с.п. Кирбинское, д Травкино, ул Свободы, з/у 26",Частная,Для индивидуального жилищного строительства,ИЖС,0,нет,16:24:110302,547962.96,913.2716,,,,,нет,да,нет,нет,нет,да,нет,да,55.55262082889279,49.278589012424234
16:24:110302:1405,645.0,Земли населенных пунктов,Учтенный,"Местоположение установлено относительно ориентира, расположенного в границах участка. Почтовый адрес ориентира: Российская Федерация, Республика Татарстан, Лаишевский муниципальный район, Кирбинское сельское поселение, д Травкино.",Частная,Для индивидуального жилищного строительства,ИЖС,0,нет,16:24:110302,627367.38,972.6626,,,,,нет,да,нет,нет,нет,да,нет,да,55.550416043073504,49.26823497003465
16:24:110302:455,690.0,Земли населенных пунктов,Учтенный,"Российская Федерация, Республика Татарстан (Татарстан), м.р-н Лаишевский, с.п. Кирбинское, д Травкино, ул Рябиновая, з/у 2",Частная,индивидуальные жилые дома с приусадебными земельными участками,ЖИЛОЙ,0,нет,16:24:110302,761559.14,1103.7089,,,,,нет,нет,нет,нет,нет,да,нет,да,55.546715885536585,49.25902334945634
16:24:110302:944,801.0,Земли населенных пунктов,Учтенный,"Местоположение установлено относительно ориентира, расположенного в границах участка. Почтовый адрес ориентира: Российская Федерация, Республика Татарстан (Татарстан), м.р-н Лаишевский, с.п. Кирбинское, д Травкино, ул Дружбы, з/у 30.",Частная,Для индивидуального жилищного строительства,ИЖС,0,нет,16:24:110302,776670.19,969.6257,,,,,нет,да,нет,нет,нет,да,нет,да,55.55379750353404,49.27397550628404
16:24:110302:745,788.0,Земли населенных пунктов,Учтенный,"Местоположение установлено относительно ориентира, расположенного в границах участка. Почтовый адрес ориентира: Российская Федерация, Республика Татарстан (Татарстан), м.р-н Лаишевский, с.п. Кирбинское, д Травкино, ул Сююмбике, з/у 40.",Частная,Для индивидуального жилищного строительства,ИЖС,0,нет,16:24:110302,718060.43,911.2442,,,,,нет,да,нет,нет,нет,да,нет,да,55.55388200469448,49.2783329836138
16:24:110302:925,600.0,Земли населенных пунктов,Учтенный,"Российская Федерация, Республика Татарстан (Татарстан), м.р-н Лаишевский, с.п. Кирбинское, д Травкино, ул Свободы, з/у 3",Частная,Для индивидуального жилищного строительства,ИЖС,0,нет,16:24:110302,564852.96,941.4216,,,,,нет,да,нет,нет,нет,да,нет,да,55.55171771027763,49.27627292706368
16:24:110302:950,1683.0,Земли населенных пунктов,Учтенный,"Российская Федерация, Республика Татарстан (Татарстан), м.р-н Лаишевский, с.п. Кирбинское, д Травкино, ул Березовая, з/у 16",Частная,Для индивидуального жилищного строительства,ИЖС,0,нет,16:24:110302,1662099.5,987.5814,,,,,нет,да,нет,нет,нет,да,нет,да,55.55386233032496,49.27309535310939
16:24:110302:690,1023.0,Земли населенных пунктов,Учтенный,"Российская Федерация, Республика Татарстан (Татарстан), м.р-н Лаишевский, с.п. Кирбинское, д Травкино, ул Березовая, з/у 36",Частная,Для индивидуального жилищного строительства,ИЖС,0,нет,16:24:110302,928450.96,907.5767,,,,,нет,да,нет,нет,нет,да,нет,да,55.55539826780639,49.27970193354974
16:24:110302:778,600.0,Земли населенных пунктов,Учтенный,"Российская Федерация, Республика Татарстан (Татарстан), м.р-н Лаишевский, с.п. Кирбинское, д Травкино, ул Победы, з/у 14",Частная,Для индивидуального жилищного строительства,ИЖС,0,нет,16:24:110302,574056.84,956.7614,,,,,нет,да,нет,нет,нет,да,нет,да,55.55229453463223,49.27501294603542
16:24:110302:356,12040.0,Земли населенных пунктов,Учтенный,"Местоположение установлено относительно ориентира, расположенного в границах участка. Почтовый адрес ориентира: Российская Федерация, Республика Татарстан (Татарстан), м.р-н Лаишевский, с.п. Кирбинское, кв-л 302, з/у 356.",Частная,"Дошкольное, начальное и среднее общее образование (код 3.5.1.)",ДРУГОЕ,0,нет,16:24:110302,3985445.88,331.02,,,,,нет,нет,нет,нет,нет,нет,нет,да,55.54648591602572,49.262086801866054
16:24:110201:627,1601.0,Земли населенных пунктов,Учтенный,"Российская Федерация, Республика Татарстан (Татарстан), м.р-н Лаишевский, с.п. Кирбинское, д Травкино, ул Пушкина, з/у 4",Частная,для ведения личного подсобного хозяйства,ЛПХ,0,нет,16:24:110201,1607443.22,1004.0245,,,,,нет,нет,нет,нет,да,да,нет,да,55.549568683177505,49.266773239967286
16:24:110302:628,724.0,Земли населенных пунктов,Учтенный,"Российская Федерация, Республика Татарстан (Татарстан), м.р-н Лаишевский, с.п. Кирбинское, д Травкино, ул Березовая, з/у 2",Частная,Для индивидуального жилищного строительства,ИЖС,0,нет,16:24:110302,755171.46,1043.0545,,,,,нет,да,нет,нет,нет,да,нет,да,55.55295957832019,49.26815654497859
16:24:110302:738,500.0,Земли населенных пунктов,Учтенный,"Местоположение установлено относительно ориентира, расположенного в границах участка. Почтовый адрес ориентира: Российская Федерация, Республика Татарстан (Татарстан), м.р-н Лаишевский, с.п. Кирбинское, д Травкино, ул Сююмбике, з/у 26.",Частная,Для индивидуального жилищного строительства,ИЖС,0,нет,16:24:110302,470526.45,941.0529,,,,,нет,да,нет,нет,нет,да,нет,да,55.5533663333714,49.27586232814343
16:24:110302:460,600.0,Земли населенных пунктов,Учтенный,"Местоположение установлено относительно ориентира, расположенного в границах участка. Почтовый адрес ориентира: Российская Федерация, Республика Татарстан (Татарстан), м.р-н Лаишевский, с.п. Кирбинское, д Травкино, ул Луговая, з/у 13.",Частная,индивидуальные жилые дома с приусадебными земельными участками,ЖИЛОЙ,0,нет,16:24:110302,646109.16,1076.8486,,,,,нет,нет,нет,нет,нет,да,нет,да,55.546918994427884,49.26067411902241
16:24:110302:571,699.0,Земли населенных пунктов,Учтенный,"Местоположение установлено относительно ориентира, расположенного в границах участка. Почтовый адрес ориентира: Российская Федерация, Республика Татарстан (Татарстан), м.р-н Лаишевский, с.п. Кирбинское, д Травкино, ул Радужная, з/у 11.",Частная,индивидуальные жилые дома с приусадебными земельными участками,ЖИЛОЙ,0,нет,16:24:110302,737557.82,1055.1614,,,,,нет,нет,нет,нет,нет,да,нет,да,55.544454006700214,49.25998941777588
16:24:110302:440,853.0,Земли населенных пунктов,Учтенный,"Местоположение установлено относительно ориентира, расположенного в границах участка. Почтовый адрес ориентира: Российская Федерация, Республика Татарстан (Татарстан), м.р-н Лаишевский, с.п. Кирбинское, д Травкино, ул Луговая, з/у 5.",Частная,индивидуальные жилые дома с приусадебными земельными участками,ЖИЛОЙ,0,нет,16:24:110302,931368.78,1091.8743,,,,,нет,нет,нет,нет,нет,да,нет,да,55.546697793331816,49.259436125687785
16:24:110302:473,600.0,Земли населенных пунктов,Учтенный,"Местоположение установлено относительно ориентира, расположенного в границах участка. Почтовый адрес ориентира: Российская Федерация, Республика Татарстан (Татарстан), м.р-н Лаишевский, с.п. Кирбинское, д Травкино, ул Луговая, з/у 16.",Частная,индивидуальные жилые дома с приусадебными земельными участками,ЖИЛОЙ,0,нет,16:24:110302,647852.76,1079.7546,,,,,нет,нет,нет,нет,нет,да,нет,да,55.54646784524016,49.260527858539994
16:24:110302:594,800.0,Земли населенных пунктов,Учтенный,"Российская Федерация, Республика Татарстан (Татарстан), м.р-н Лаишевский, с.п. Кирбинское, д Травкино, ул Вишневая, з/у 7",Частная,индивидуальные жилые дома с приусадебными земельными участками,ЖИЛОЙ,0,нет,16:24:110302,865725.6,1082.157,,,,,нет,нет,нет,нет,нет,да,нет,да,55.54600772129383,49.259503453207024
16:24:110302:469,600.0,Земли населенных пунктов,Учтенный,"Местоположение установлено относительно ориентира, расположенного в границах участка. Почтовый адрес ориентира: Российская Федерация, Республика Татарстан (Татарстан), м.р-н Лаишевский, с.п. Кирбинское, д Травкино, ул Вишневая, з/у 9.",Частная,индивидуальные жилые дома с приусадебными земельными участками,ЖИЛОЙ,0,нет,16:24:110302,649907.52,1083.1792,,,,,нет,нет,нет,нет,нет,да,нет,да,55.546011185844065,49.25983456481127
16:24:110302:1261,528.0,Земли населенных пунктов,Учтенный,"Российская Федерация, Республика Татарстан (Татарстан), м.р-н Лаишевский, с.п. Кирбинское, д Травкино, ул Вишневая, з/у 23",Частная,индивидуальные жилые дома с приусадебными земельными участками,ЖИЛОЙ,0,нет,16:24:110302,544318.95,1030.9071,,,,,нет,нет,нет,нет,нет,да,нет,да,55.54561809492208,49.261936690610135
16:24:110302:507,700.0,Земли населенных пунктов,Учтенный,"Местоположение установлено относительно ориентира, расположенного в границах участка. Почтовый адрес ориентира: Российская Федерация, Республика Татарстан (Татарстан), м.р-н Лаишевский, с.п. Кирбинское, д Травкино, ул Солнечная, з/у 14.",Частная,индивидуальные жилые дома с приусадебными земельными участками,ЖИЛОЙ,0,нет,16:24:110302,738222.17,1054.6031,,,,,нет,нет,нет,нет,нет,да,нет,да,55.54488130641507,49.26032529066565
16:24:110302:326,12324.77,,Ранее учтенный,-,,,ДРУГОЕ,0,нет,16:24:110302,0.0,0.0,,,,,да,нет,нет,нет,нет,нет,нет,нет,55.55543772438996,49.27903583219808
16:24:110302:353,23786.0,Земли населенных пунктов,Учтенный,"Местоположение установлено относительно ориентира, расположенного в границах участка. Почтовый адрес ориентира: Российская Федерация, Республика Татарстан (Татарстан), м.р-н Лаишевский, с.п. Кирбинское, кв-л 302, з/у 353.",Частная,"Дошкольное, начальное и среднее общее образование (код 3.5.1.)",ДРУГОЕ,0,нет,16:24:110302,5704215.8,239.81,,,,,нет,нет,нет,нет,нет,нет,нет,да,55.54412166199914,49.263499795446315
16:24:110302:407,800.0,Земли населенных пунктов,Учтенный,"Местоположение установлено относительно ориентира, расположенного в границах участка. Почтовый адрес ориентира: Российская Федерация, Республика Татарстан (Татарстан), м.р-н Лаишевский, с.п. Кирбинское, д Травкино, ул Цветочная, з/у 4.",Частная,индивидуальные жилые дома с приусадебными земельными участками,ЖИЛОЙ,0,нет,16:24:110302,805161.68,1006.4521,,,,,нет,нет,нет,нет,нет,да,нет,да,55.54313663624455,49.25961266253961
16:24:110302:420,801.0,Земли населенных пунктов,Учтенный,"Местоположение установлено относительно ориентира, расположенного в границах участка. Почтовый адрес ориентира: Российская Федерация, Республика Татарстан (Татарстан), м.р-н Лаишевский, с.п. Кирбинское, д Травкино, ул Цветочная, з/у 16.",Частная,индивидуальные жилые дома с приусадебными земельными участками,ЖИЛОЙ,0,нет,16:24:110302,807389.02,1007.9763,,,,,нет,нет,нет,нет,нет,да,нет,да,55.5438505512998,49.262620525645545
16:24:110201:9,,Земли населенных пунктов,Ранее учтенный,"Местоположение установлено относительно ориентира, расположенного в границах участка. Почтовый адрес ориентира: Российская Федерация, Республика Татарстан (Татарстан), м.р-н Лаишевский, с.п. Кирбинское, д Травкино, ул Садовая, з/у 3.",Частная,Для ведения личного подсобного хозяйства,ЛПХ,0,нет,16:24:110201,1324134.08,1124.05,,,,,нет,нет,нет,нет,да,да,нет,да,55.5507746725245,49.25851706137615
16:24:110302:393,701.0,Земли населенных пунктов,Учтенный,"Местоположение установлено относительно ориентира, расположенного в границах участка. Почтовый адрес ориентира: Российская Федерация, Республика Татарстан (Татарстан), м.р-н Лаишевский, с.п. Кирбинское, д Травкино, ул Радужная, з/у 20.",Частная,индивидуальные жилые дома с приусадебными земельными участками,ЖИЛОЙ,0,нет,16:24:110302,713588.0,1017.9572,,,,,нет,нет,нет,нет,нет,да,нет,да,55.54451440243379,49.262184775614934
16:24:110302:409,800.0,Земли населенных пунктов,Учтенный,"Местоположение установлено относительно ориентира, расположенного в границах участка. Почтовый адрес ориентира: Российская Федерация, Республика Татарстан (Татарстан), м.р-н Лаишевский, с.п. Кирбинское, д Травкино, ул Цветочная, з/у 8.",Частная,индивидуальные жилые дома с приусадебными земельными участками,ЖИЛОЙ,0,нет,16:24:110302,815346.32,1019.1829,,,,,нет,нет,нет,нет,нет,да,нет,да,55.54331007764872,49.260343242969284
16:24:110302:760,500.0,Земли населенных пунктов,Учтенный,"Российская Федерация, Республика Татарстан, муниципальный район Лаишевский, сельское поселение Кирбинское, деревня Травкино, улица Сююмбике, земельный участок 54",Частная,Для индивидуального жилищного строительства,ИЖС,0,нет,16:24:110302,443064.25,886.1285,,,,,нет,да,нет,нет,нет,да,нет,да,55.55445175022523,49.28098477632199
16:24:110302:851,521.0,Земли населенных пунктов,Учтенный,"Российская Федерация, Республика Татарстан (Татарстан), м.р-н Лаишевский, с.п. Кирбинское, д Травкино, ул Свободы, з/у 20",Частная,Для индивидуального жилищного строительства,ИЖС,0,нет,16:24:110302,482635.7,926.3641,,,,,нет,да,нет,нет,нет,да,нет,да,55.55244533754247,49.27776078268606
16:24:110302:896,500.0,Земли населенных пунктов,Учтенный,"Российская Федерация, Республика Татарстан (Татарстан), м.р-н Лаишевский, с.п. Кирбинское, д Травкино, ул Мира, з/у 20",Частная,Для индивидуального жилищного строительства,ИЖС,0,нет,16:24:110302,439675.0,879.35,,,,,нет,да,нет,нет,нет,да,нет,да,55.552483805728585,49.28092912747778
16:24:110302:869,683.0,Земли населенных пунктов,Учтенный,"Российская Федерация, Республика Татарстан (Татарстан), м.р-н Лаишевский, с.п. Кирбинское, д Травкино, ул Свободы, з/у 46",Частная,Для индивидуального жилищного строительства,ИЖС,0,нет,16:24:110302,602608.1,882.2959,,,,,нет,да,нет,нет,нет,да,нет,да,55.55329416183658,49.28176675965924
16:24:110302:783,600.0,Земли населенных пунктов,Учтенный,"Местоположение установлено относительно ориентира, расположенного в границах участка. Почтовый адрес ориентира: Российская Федерация, Республика Татарстан (Татарстан), м.р-н Лаишевский, с.п. Кирбинское, д Травкино, ул Сююмбике, з/у 25.",Частная,Для индивидуального жилищного строительства,ИЖС,0,нет,16:24:110302,563776.2,939.627,,,,,нет,да,нет,нет,нет,да,нет,да,55.55309270182566,49.276381065100075
16:24:110302:976,500.0,Земли населенных пунктов,Учтенный,"Российская Федерация, Республика Татарстан (Татарстан), м.р-н Лаишевский, с.п. Кирбинское, д Травкино, ул Мира, з/у 36",Частная,Для индивидуального жилищного строительства,ИЖС,0,нет,16:24:110302,437233.4,874.4668,,,,,нет,да,нет,нет,нет,да,нет,да,55.551953787848916,49.28127856698214
16:24:110302:972,512.0,Земли населенных пунктов,Учтенный,"Российская Федерация, Республика Татарстан (Татарстан), м.р-н Лаишевский, с.п. Кирбинское, д Травкино, ул Мира, з/у 21",Частная,Для индивидуального жилищного строительства,ИЖС,0,нет,16:24:110302,447727.0,874.4668,,,,,нет,да,нет,нет,нет,да,нет,да,55.55227920198555,49.281768318893945
16:24:110302:793,600.0,Земли населенных пунктов,Учтенный,"Местоположение установлено относительно ориентира, расположенного в границах участка. Почтовый адрес ориентира: Российская Федерация, Республика Татарстан (Татарстан), м.р-н Лаишевский, с.п. Кирбинское, д Травкино, ул Сююмбике, з/у 45.",Частная,Для индивидуального жилищного строительства,ИЖС,0,нет,16:24:110302,543701.88,906.1698,,,,,нет,да,нет,нет,нет,да,нет,да,55.55369693752398,49.2792326616607
16:24:110302:1001,600.0,Земли населенных пунктов,Учтенный,"Российская Федерация, Республика Татарстан (Татарстан), м.р-н Лаишевский, с.п. Кирбинское, д Травкино, ул Мира, з/у 41",Частная,Для индивидуального жилищного строительства,ИЖС,0,нет,16:24:110302,504066.72,840.1112,,,,,нет,да,нет,нет,нет,да,нет,да,55.55087017283878,49.280825894207425
16:24:110302:911,790.0,Земли населенных пунктов,Учтенный,"Местоположение установлено относительно ориентира, расположенного в границах участка. Почтовый адрес ориентира: Республика Татарстан, Лаишевский муниципальный район, Кирбинское сельское поселение, д Травкино.",Частная,индивидуальные жилые дома с приусадебными земельными участками,ЖИЛОЙ,0,нет,16:24:110302,881250.14,1115.5065,,,,,нет,нет,нет,нет,нет,да,нет,да,55.54638033224985,49.25755447251335
16:24:110302:806,500.0,Земли населенных пунктов,Учтенный,"Российская Федерация, Республика Татарстан, муниципальный район Лаишевский, сельское поселение Кирбинское, деревня Травкино, улица Победы, земельный участок 40",Частная,Для индивидуального жилищного строительства,ИЖС,0,нет,16:24:110302,454271.35,908.5427,,,,,нет,да,нет,нет,нет,да,нет,да,55.55339846015674,49.27909113949938
16:24:110201:687,1346.0,Земли населенных пунктов,Учтенный,"Российская Федерация, Республика Татарстан, Лаишевский муниципальный район, Кирбинское сельское поселение, д Травкино, ул. Озерная",Частная,для ведения личного подсобного хозяйства,ЛПХ,0,нет,16:24:110201,1372374.47,1019.59,,,,,нет,нет,нет,нет,да,да,нет,да,55.54911081050445,49.264746730350986
16:24:110201:688,1037.0,Земли населенных пунктов,Учтенный,"Российская Федерация, Республика Татарстан, Лаишевский муниципальный район, Кирбинское сельское поселение, д Травкино, ул. Травкинская, уч. 13",Частная,Для индивидуального жилищного строительства,ИЖС,0,нет,16:24:110201,1082497.96,1043.87,,,,,нет,да,нет,нет,нет,да,нет,да,55.55244876463079,49.26577178465002
16:24:110201:678,2249.0,Земли населенных пунктов,Учтенный,"Российская Федерация, Республика Татарстан, Лаишевский муниципальный район, Кирбинское сельское поселение, д Травкино, ул. Озерная, з/у 22",,Для ведения личного подсобного хозяйства,ЛПХ,0,нет,16:24:110201,2325872.84,1034.18,,,,,да,нет,нет,нет,да,да,нет,да,55.54838915344435,49.26370338318243
16:24:110201:271,1659.0,Земли населенных пунктов,Учтенный,"Республика Татарстан, Лаишевский муниципальный район, Кирбинское сельское поселение, д Травкино, ул. Озерная, д. 22а",,Для ведения личного подсобного хозяйства,ЛПХ,0,нет,16:24:110201,1720776.02,1037.24,,,,,да,нет,нет,нет,да,да,нет,да,55.547850983308024,49.2637793173064
16:24:110302:1988,1011.0,Земли населенных пунктов,Учтенный,"Российская Федерация, Республика Татарстан (Татарстан), м.р-н Лаишевский, с.п. Кирбинское, д Травкино, ул. Залесная, з/у 33",Частная,Для индивидуального жилищного строительства,ИЖС,0,нет,16:24:110302,886666.61,877.02,,,,,нет,да,нет,нет,нет,да,нет,да,55.54337139042168,49.26735156367108
16:24:110302:1955,1000.0,Земли населенных пунктов,Учтенный,"Российская Федерация, Республика Татарстан (Татарстан), м.р-н Лаишевский, с.п. Кирбинское, д Травкино, ул. Калинина, з/у 6",Частная,Для индивидуального жилищного строительства,ИЖС,0,нет,16:24:110302,875377.2,875.38,,,,,нет,да,нет,нет,нет,да,нет,да,55.54486779757794,49.26749481316689
16:24:110302:1975,1004.0,Земли населенных пунктов,Учтенный,"Российская Федерация, Республика Татарстан (Татарстан), м.р-н Лаишевский, с.п. Кирбинское, д Травкино, ул. Семейная, з/у 1",Частная,Для индивидуального жилищного строительства,ИЖС,0,нет,16:24:110302,842103.39,838.75,,,,,нет,да,нет,нет,нет,да,нет,да,55.544902573261496,49.26975394982086
16:24:110302:1983,1011.0,Земли населенных пунктов,Учтенный,"Российская Федерация, Республика Татарстан (Татарстан), м.р-н Лаишевский, с.п. Кирбинское, д Травкино, ул. Залесная, з/у 43",Частная,Для индивидуального жилищного строительства,ИЖС,0,нет,16:24:110302,833018.0,823.95,,,,,нет,да,нет,нет,нет,да,нет,да,55.54399977891067,49.269356713318004
16:24:110302:1978,1002.0,Земли населенных пунктов,Учтенный,"Российская Федерация, Республика Татарстан (Татарстан), м.р-н Лаишевский, с.п. Кирбинское, д Травкино, ул. Семейная, з/у 7",Частная,Для индивидуального жилищного строительства,ИЖС,0,нет,16:24:110302,847673.26,845.98,,,,,нет,да,нет,нет,нет,да,нет,да,55.54552805618898,49.26935152692346
16:24:110302:1954,1000.0,Земли населенных пунктов,Учтенный,"Российская Федерация, Республика Татарстан (Татарстан), м.р-н Лаишевский, с.п. Кирбинское, д Травкино, ул. Калинина, з/у 8",Частная,Для индивидуального жилищного строительства,ИЖС,0,нет,16:24:110302,905198.5,905.2,,,,,нет,да,нет,нет,нет,да,нет,да,55.54507587237903,49.26734602484643
16:24:110302:1980,1000.0,Земли населенных пунктов,Учтенный,"Российская Федерация, Республика Татарстан, Лаишевский муниципальный район, Кирбинское сельское поселение, д Травкино",Частная,Для индивидуального жилищного строительства,ИЖС,0,нет,16:24:110302,1009362.0,1009.36,,,,,нет,да,нет,нет,нет,да,нет,да,55.546052969543645,49.264085229271636
16:24:110302:1976,1004.0,Земли населенных пунктов,Учтенный,"Российская Федерация, Республика Татарстан (Татарстан), м.р-н Лаишевский, с.п. Кирбинское, д Травкино, ул. Семейная, з/у 3",Частная,Для индивидуального жилищного строительства,ИЖС,0,нет,16:24:110302,849365.23,845.98,,,,,нет,да,нет,нет,нет,да,нет,да,55.54511059745109,49.26960488783281
16:24:110302:1961,1070.0,Земли населенных пунктов,Учтенный,"Российская Федерация, Республика Татарстан, Лаишевский муниципальный район, Кирбинское сельское поселение, д Травкино",Частная,Для индивидуального жилищного строительства,ИЖС,0,нет,16:24:110302,904127.42,844.98,,,,,нет,да,нет,нет,нет,да,нет,да,55.544333630691746,49.26853937880235
16:24:110302:1947,1000.0,Земли населенных пунктов,Учтенный,"Российская Федерация, Республика Татарстан (Татарстан), м.р-н Лаишевский, с.п. Кирбинское, д Травкино, ул. Лазурная, з/у 4",Частная,Для индивидуального жилищного строительства,ИЖС,0,нет,16:24:110302,964621.8,964.62,,,,,нет,да,нет,нет,нет,да,нет,да,55.545152271166145,49.26476175814646
16:24:110302:2018,1000.0,Земли населенных пунктов,Учтенный,"Российская Федерация, Республика Татарстан (Татарстан), м.р-н Лаишевский, с.п. Кирбинское, д Травкино, ул. Западная, з/у 16",Частная,Для индивидуального жилищного строительства,ИЖС,0,нет,16:24:110302,963700.1,963.7,,,,,нет,да,нет,нет,нет,да,нет,да,55.54596741885407,49.265109559750876
16:24:110302:2021,1000.0,Земли населенных пунктов,Учтенный,"Российская Федерация, Республика Татарстан (Татарстан), м.р-н Лаишевский, с.п. Кирбинское, д Травкино, ул. Лазурная, з/у 6",Частная,Для индивидуального жилищного строительства,ИЖС,0,нет,16:24:110302,962194.9,962.19,,,,,нет,да,нет,нет,нет,да,нет,да,55.54534316592045,49.26555609204925
16:24:110302:2041,1000.0,Земли населенных пунктов,Учтенный,"Российская Федерация, Республика Татарстан (Татарстан), м.р-н Лаишевский, с.п. Кирбинское, д Травкино, ул. Калинина, з/у 14",Частная,Для индивидуального жилищного строительства,ИЖС,0,нет,16:24:110302,942276.3,942.28,,,,,нет,да,нет,нет,нет,да,нет,да,55.54628305261595,49.26648219990532
16:24:110302:2040,1000.0,Земли населенных пунктов,Учтенный,"Российская Федерация, Республика Татарстан (Татарстан), м.р-н Лаишевский, с.п. Кирбинское, д Травкино, ул. Калинина, з/у 16",Частная,Для индивидуального жилищного строительства,ИЖС,0,нет,16:24:110302,950894.3,950.89,,,,,нет,да,нет,нет,нет,да,нет,да,55.54649112620897,49.266333369224185
16:24:110302:1996,1002.0,Земли населенных пунктов,Учтенный,"Российская Федерация, Республика Татарстан (Татарстан), м.р-н Лаишевский, с.п. Кирбинское, д Травкино, ул. Залесная, з/у 19",Частная,Для индивидуального жилищного строительства,ИЖС,0,нет,16:24:110302,952983.66,951.08,,,,,нет,да,нет,нет,нет,да,нет,да,55.5425814708453,49.26434716633328
16:24:110302:2015,1000.0,Земли населенных пунктов,Учтенный,"Российская Федерация, Республика Татарстан, Лаишевский муниципальный район, Кирбинское сельское поселение, д Травкино",Частная,Для индивидуального жилищного строительства,ИЖС,0,нет,16:24:110302,993686.4,993.69,,,,,нет,да,нет,нет,нет,да,нет,да,55.546591688132864,49.26466298174446
16:24:110302:2005,1008.0,Земли населенных пунктов,Учтенный,"Российская Федерация, Республика Татарстан (Татарстан), м.р-н Лаишевский, с.п. Кирбинское, д Травкино, ул. Залесная, з/у 3",Частная,Для индивидуального жилищного строительства,ИЖС,0,нет,16:24:110302,1027439.88,1019.29,,,,,нет,да,нет,нет,нет,да,нет,да,55.541782400560045,49.261187624519785
16:24:110302:2010,1283.0,Земли населенных пунктов,Учтенный,"Российская Федерация, Республика Татарстан, Лаишевский муниципальный район, Кирбинское сельское поселение, д Травкино",Частная,Для индивидуального жилищного строительства,ИЖС,0,нет,16:24:110302,1329002.35,1035.86,,,,,нет,да,нет,нет,нет,да,нет,да,55.547313184330356,49.2639931296506
16:24:110302:2037,1000.0,Земли населенных пунктов,Учтенный,"Российская Федерация, Республика Татарстан (Татарстан), м.р-н Лаишевский, с.п. Кирбинское, д Травкино, ул. Калинина, з/у 22",Частная,Для индивидуального жилищного строительства,ИЖС,0,нет,16:24:110302,985683.4,985.68,,,,,нет,да,нет,нет,нет,да,нет,да,55.54711541784529,49.265886804815715
16:24:110302:2002,1000.0,Земли населенных пунктов,Учтенный,"Российская Федерация, Республика Татарстан, Лаишевский муниципальный район, Кирбинское сельское поселение, д Травкино",Частная,Для индивидуального жилищного строительства,ИЖС,0,нет,16:24:110302,1034461.4,1034.46,,,,,нет,да,нет,нет,нет,да,нет,да,55.546626571058816,49.263674934732556
16:24:110302:2060,1000.0,Земли населенных пунктов,Учтенный,"Российская Федерация, Республика Татарстан (Татарстан), м.р-н Лаишевский, с.п. Кирбинское, д Травкино, ул. Кленовая, з/у 22",Частная,Для индивидуального жилищного строительства,ИЖС,0,нет,16:24:110302,958841.7,958.84,,,,,нет,да,нет,нет,нет,да,нет,да,55.547431024715955,49.267259554464616
16:24:110302:2064,1000.0,Земли населенных пунктов,Учтенный,"Российская Федерация, Республика Татарстан, Лаишевский муниципальный район, Кирбинское сельское поселение, д Травкино",Частная,Для индивидуального жилищного строительства,ИЖС,0,нет,16:24:110302,922174.1,922.17,,,,,нет,да,нет,нет,нет,да,нет,да,55.54659867090713,49.26785489370381
16:24:110302:2093,1000.0,Земли населенных пунктов,Учтенный,"Российская Федерация, Республика Татарстан (Татарстан), м.р-н Лаишевский, с.п. Кирбинское, д Травкино, ул. Западная, з/у 8",Частная,Для индивидуального жилищного строительства,ИЖС,0,нет,16:24:110302,910449.0,910.45,,,,,нет,да,нет,нет,нет,да,нет,да,55.54455217510754,49.26612218258883
16:24:110302:2084,1250.0,Земли населенных пунктов,Учтенный,"Российская Федерация, Республика Татарстан (Татарстан), м.р-н Лаишевский, с.п. Кирбинское, д Травкино, ул. Залесная, з/у 2",Частная,Для индивидуального жилищного строительства,ИЖС,0,нет,16:24:110302,1149669.5,919.74,,,,,нет,да,нет,нет,нет,да,нет,да,55.54335557962634,49.26559430615299
16:24:110302:2066,1000.0,Земли населенных пунктов,Учтенный,"Российская Федерация, Республика Татарстан, Лаишевский муниципальный район, Кирбинское сельское поселение, д Травкино",Частная,Для индивидуального жилищного строительства,ИЖС,0,нет,16:24:110302,912406.1,912.41,,,,,нет,да,нет,нет,нет,да,нет,да,55.54618248387193,49.26815256969363
16:24:110302:2091,1000.0,Земли населенных пунктов,Учтенный,"Российская Федерация, Республика Татарстан (Татарстан), м.р-н Лаишевский, с.п. Кирбинское, д Травкино, ул. Лазурная, з/у 5",Частная,Для индивидуального жилищного строительства,ИЖС,0,нет,16:24:110302,934544.0,934.54,,,,,нет,да,нет,нет,нет,да,нет,да,55.544968357330745,49.26582449740653
16:24:110302:2045,1004.0,Земли населенных пунктов,Учтенный,"Российская Федерация, Республика Татарстан (Татарстан), м.р-н Лаишевский, с.п. Кирбинское, д Травкино, ул. Универсиады, з/у 14",Частная,Для индивидуального жилищного строительства,ИЖС,0,нет,16:24:110302,1013403.06,1009.37,,,,,нет,да,нет,нет,нет,да,нет,да,55.546234874212665,49.26360544895578
16:24:110302:2094,1000.0,Земли населенных пунктов,Учтенный,"Российская Федерация, Республика Татарстан (Татарстан), м.р-н Лаишевский, с.п. Кирбинское, д Травкино, ул. Западная, з/у 6",Частная,Для индивидуального жилищного строительства,ИЖС,0,нет,16:24:110302,895587.1,895.59,,,,,нет,да,нет,нет,нет,да,нет,да,55.54434408368619,49.26627103866681
16:24:110302:2067,1089.0,Земли населенных пунктов,Учтенный,"Российская Федерация, Республика Татарстан, Лаишевский муниципальный район, Кирбинское сельское поселение, д Травкино",Частная,Для индивидуального жилищного строительства,ИЖС,0,нет,16:24:110302,1091873.65,1002.64,,,,,нет,да,нет,нет,нет,да,нет,да,55.545720258867675,49.263951623389346
16:24:110302:2095,1000.0,Земли населенных пунктов,Учтенный,"Российская Федерация, Республика Татарстан (Татарстан), м.р-н Лаишевский, с.п. Кирбинское, д Травкино, ул. Западная, з/у 4",Частная,Для индивидуального жилищного строительства,ИЖС,0,нет,16:24:110302,895666.7,895.67,,,,,нет,да,нет,нет,нет,да,нет,да,55.54413601004213,49.2664198932814
16:24:110302:1844,1073.0,Земли населенных пунктов,Учтенный,"Российская Федерация, Республика Татарстан (Татарстан), м.р-н Лаишевский, с.п. Кирбинское, д Травкино, ул. Залесная, з/у 161",Частная,Для индивидуального жилищного строительства,ИЖС,0,нет,16:24:110302,612684.39,571.0,,,,,нет,да,нет,нет,нет,да,нет,да,55.547603126673835,49.29159165872049
16:24:110302:1838,1000.0,Земли населенных пунктов,Учтенный,"Республика Татарстан, Лаишевский муниципальный район, Кирбинское сельское поселение, д. Травкино",Частная,Для индивидуального жилищного строительства,ИЖС,0,нет,16:24:110302,581018.4,581.02,,,,,нет,да,нет,нет,нет,да,нет,да,55.54820280240769,49.29215545571069
16:24:110302:1828,1113.0,Земли населенных пунктов,Учтенный,"Российская Федерация, Республика Татарстан (Татарстан), м.р-н Лаишевский, с.п. Кирбинское, д Травкино, ул. Залесная, з/у 175",Частная,Для индивидуального жилищного строительства,ИЖС,0,нет,16:24:110302,656362.14,589.72,,,,,нет,да,нет,нет,нет,да,нет,да,55.54862954612354,49.29287255741713
16:24:110302:1862,1079.0,Земли населенных пунктов,Учтенный,"Российская Федерация, Республика Татарстан (Татарстан), м.р-н Лаишевский, с.п. Кирбинское, д Травкино, ул. Залесная, з/у 143",Частная,Для индивидуального жилищного строительства,ИЖС,0,нет,16:24:110302,607077.77,562.63,,,,,нет,да,нет,нет,нет,да,нет,да,55.54688803114482,49.288214599094744
16:24:110302:1829,1195.0,Земли населенных пунктов,Учтенный,"Российская Федерация, Республика Татарстан (Татарстан), м.р-н Лаишевский, с.п. Кирбинское, д Травкино, ул. Залесная, з/у 173",Частная,Для индивидуального жилищного строительства,ИЖС,0,нет,16:24:110302,702995.44,588.28,,,,,нет,да,нет,нет,нет,да,нет,да,55.54841292053366,49.29310282065281
16:24:110302:1866,1081.0,Земли населенных пунктов,Учтенный,"Российская Федерация, Республика Татарстан (Татарстан), м.р-н Лаишевский, с.п. Кирбинское, д Травкино, ул. Залесная, з/у 141",Частная,Для индивидуального жилищного строительства,ИЖС,0,нет,16:24:110302,608077.74,562.51,,,,,нет,да,нет,нет,нет,да,нет,да,55.54679687031123,49.28783765114354
16:24:110302:1869,1245.0,Земли населенных пунктов,Учтенный,"Республика Татарстан, Лаишевский муниципальный район, Кирбинское сельское поселение, д. Травкино",Частная,Для индивидуального жилищного строительства,ИЖС,0,нет,16:24:110302,732587.13,588.42,,,,,нет,да,нет,нет,нет,да,нет,да,55.54755490626862,49.286689834307374
16:24:110302:1876,1001.0,Земли населенных пунктов,Учтенный,"Республика Татарстан, Лаишевский муниципальный район, Кирбинское сельское поселение, д. Травкино",Частная,Для индивидуального жилищного строительства,ИЖС,0,нет,16:24:110302,592270.18,591.68,,,,,нет,да,нет,нет,нет,да,нет,да,55.546950578304326,49.28589695706713
16:24:110302:1863,1132.0,Земли населенных пунктов,Учтенный,"Республика Татарстан, Лаишевский муниципальный район, Кирбинское сельское поселение, д. Травкино",Частная,Для индивидуального жилищного строительства,ИЖС,0,нет,16:24:110302,665285.23,587.71,,,,,нет,да,нет,нет,нет,да,нет,да,55.54761407550827,49.28733642435944
16:24:110302:1879,1028.0,Земли населенных пунктов,Учтенный,"Российская Федерация, Республика Татарстан (Татарстан), м.р-н Лаишевский, с.п. Кирбинское, д Травкино, ул. Залесная, з/у 131",Частная,Для индивидуального жилищного строительства,ИЖС,0,нет,16:24:110302,580618.2,564.8,,,,,нет,да,нет,нет,нет,да,нет,да,55.546584768349206,49.285891571810744
16:24:110302:1856,1114.0,Земли населенных пунктов,Учтенный,"Российская Федерация, Республика Татарстан (Татарстан), м.р-н Лаишевский, с.п. Кирбинское, д Травкино, ул. Залесная, з/у 195",Частная,Для индивидуального жилищного строительства,ИЖС,0,нет,16:24:110302,676208.81,607.01,,,,,нет,да,нет,нет,нет,да,нет,да,55.549822377049914,49.29577978912614
16:24:110302:1916,1000.0,Земли населенных пунктов,Учтенный,"Российская Федерация, Республика Татарстан, Лаишевский муниципальный район, Кирбинское сельское поселение, деревня Травкино ",Частная,Для индивидуального жилищного строительства,ИЖС,0,нет,16:24:110302,1113700.7,1113.7,,,,,нет,да,нет,нет,нет,да,нет,да,55.548525379954,49.25791367281437
16:24:110302:1942,22669.0,Земли населенных пунктов,Учтенный,"Российская Федерация, Республика Татарстан, Лаишевский муниципальный район, Кирбинское сельское поселение, деревня Травкино ",Муниципальная;Частная,улично-дорожная сеть,ДРУГОЕ,0,нет,16:24:110302,12588580.82,555.32,,,,,да,нет,нет,нет,нет,нет,нет,да,55.54900030677701,49.258192931918025
16:24:110302:1897,1000.0,Земли населенных пунктов,Учтенный,"Российская Федерация, Республика Татарстан, Лаишевский муниципальный район, Кирбинское сельское поселение, деревня Травкино ",Частная,Для индивидуального жилищного строительства,ИЖС,0,нет,16:24:110302,1133906.0,1133.91,,,,,нет,да,нет,нет,нет,да,нет,да,55.54979672179452,49.25741004237667
16:24:110302:1899,1000.0,Земли населенных пунктов,Учтенный,"Российская Федерация, Республика Татарстан, Лаишевский муниципальный район, Кирбинское сельское поселение, деревня Травкино ",Частная,Для индивидуального жилищного строительства,ИЖС,0,нет,16:24:110302,1137618.4,1137.62,,,,,нет,да,нет,нет,нет,да,нет,да,55.54962145551259,49.25663618566599
16:24:110302:1926,1007.0,Земли населенных пунктов,Учтенный,"Российская Федерация, Республика Татарстан, Лаишевский муниципальный район, Кирбинское сельское поселение, деревня Травкино ",Частная,Для индивидуального жилищного строительства,ИЖС,0,нет,16:24:110302,1139536.0,1131.61,,,,,нет,да,нет,нет,нет,да,нет,да,55.54802765606013,49.25739856578011
16:24:110302:1914,1053.0,Земли населенных пунктов,Учтенный,"Российская Федерация, Республика Татарстан, Лаишевский муниципальный район, Кирбинское сельское поселение, деревня Травкино ",Частная,Для индивидуального жилищного строительства,ИЖС,0,нет,16:24:110302,1192588.94,1132.56,,,,,нет,да,нет,нет,нет,да,нет,да,55.54835394839195,49.257156654506005
16:24:110302:1935,1000.0,Земли населенных пунктов,Учтенный,"Российская Федерация, Республика Татарстан, Лаишевский муниципальный район, Кирбинское сельское поселение, деревня Травкино ",Частная,Для индивидуального жилищного строительства,ИЖС,0,нет,16:24:110302,1114392.2,1114.39,,,,,нет,да,нет,нет,нет,да,нет,да,55.54750877643638,49.25878387325639
16:24:110302:1900,1005.0,Земли населенных пунктов,Учтенный,"Российская Федерация, Республика Татарстан, Лаишевский муниципальный район, Кирбинское сельское поселение, деревня Травкино ",Частная,Для индивидуального жилищного строительства,ИЖС,0,нет,16:24:110302,1151381.67,1145.65,,,,,нет,да,нет,нет,нет,да,нет,да,55.54953391858479,49.25624967236565
16:24:110302:2490,1000.0,Земли населенных пунктов,Учтенный,"Российская Федерация, Республика Татарстан (Татарстан), м.р-н Лаишевский, с.п. Кирбинское, д Травкино, ул. Каштановая, з/у 16",Частная,Для индивидуального жилищного строительства,ИЖС,0,нет,16:24:110302,831682.3,831.68,,,,,нет,да,нет,нет,нет,да,нет,да,55.54786147051643,49.27334817281128
16:24:110302:2493,1000.0,Земли населенных пунктов,Учтенный,"Российская Федерация, Республика Татарстан (Татарстан), м.р-н Лаишевский, с.п. Кирбинское, д Травкино, ул. Каштановая, з/у 18",Частная,Для индивидуального жилищного строительства,ИЖС,0,нет,16:24:110302,865732.5,865.73,,,,,нет,да,нет,нет,нет,да,нет,да,55.548069570390865,49.27319934090413
16:24:110302:2701,1003.0,Земли населенных пунктов,Учтенный,"Российская Федерация, Республика Татарстан (Татарстан), м.р-н Лаишевский, с.п. Кирбинское, д Травкино, ул. Восточная, з/у 8",Частная,Для индивидуального жилищного строительства,ИЖС,0,нет,16:24:110302,633921.68,632.03,,,,,нет,да,нет,нет,нет,да,нет,да,55.54768553883789,49.28467493753192
16:24:110302:2705,1037.0,Земли населенных пунктов,Учтенный,"Российская Федерация, Республика Татарстан (Татарстан), м.р-н Лаишевский, с.п. Кирбинское, д Травкино, ул. Парковая, з/у 68",Частная,Для индивидуального жилищного строительства,ИЖС,0,нет,16:24:110302,617987.6,595.94,,,,,нет,да,нет,нет,нет,да,нет,да,55.54689464258295,49.285186971441206
16:24:110302:2696,1000.0,Земли населенных пунктов,Учтенный,"Российская Федерация, Республика Татарстан (Татарстан), м.р-н Лаишевский, с.п. Кирбинское, д Травкино, ул. Восточная, з/у 16",Частная,Для индивидуального жилищного строительства,ИЖС,0,нет,16:24:110302,664019.0,664.02,,,,,нет,да,нет,нет,нет,да,нет,да,55.54869405037857,49.28409843192947
16:24:110302:2746,1002.0,Земли населенных пунктов,Учтенный,"Российская Федерация, Республика Татарстан (Татарстан), м.р-н Лаишевский, с.п. Кирбинское, д Травкино, ул. Залесная, з/у 57",Частная,Для индивидуального жилищного строительства,ИЖС,0,нет,16:24:110302,757636.15,756.12,,,,,нет,да,нет,нет,нет,да,нет,да,55.54467099626252,49.27201879715832
16:24:110302:2765,1000.0,Земли населенных пунктов,Учтенный,"Российская Федерация, Республика Татарстан (Татарстан), м.р-н Лаишевский, с.п. Кирбинское, д Травкино, ул. Звездная, з/у 7",Частная,Для индивидуального жилищного строительства,ИЖС,0,нет,16:24:110302,823629.9,823.63,,,,,нет,да,нет,нет,нет,да,нет,да,55.545842535209694,49.27068055988847
16:24:110302:2703,1036.0,Земли населенных пунктов,Учтенный,"Российская Федерация, Республика Татарстан (Татарстан), м.р-н Лаишевский, с.п. Кирбинское, д Травкино, ул. Восточная, з/у 4",Частная,Для индивидуального жилищного строительства,ИЖС,0,нет,16:24:110302,625554.83,603.82,,,,,нет,да,нет,нет,нет,да,нет,да,55.547394038788624,49.28511749628425
16:24:110302:2758,1000.0,Земли населенных пунктов,Учтенный,"Российская Федерация, Республика Татарстан (Татарстан), м.р-н Лаишевский, с.п. Кирбинское, д Травкино, ул. Звездная, з/у 9",Частная,Для индивидуального жилищного строительства,ИЖС,0,нет,16:24:110302,857100.1,857.1,,,,,нет,да,нет,нет,нет,да,нет,да,55.5466336001849,49.27011482795266
16:24:110302:2763,1000.0,Земли населенных пунктов,Учтенный,"Российская Федерация, Республика Татарстан (Татарстан), м.р-н Лаишевский, с.п. Кирбинское, д Травкино, ул. Лазурная, з/у 17",Частная,Для индивидуального жилищного строительства,ИЖС,0,нет,16:24:110302,860943.4,860.94,,,,,нет,да,нет,нет,нет,да,нет,да,55.54591561569996,49.269944490110596
16:24:110302:2751,1000.0,Земли населенных пунктов,Учтенный,"Российская Федерация, Республика Татарстан (Татарстан), м.р-н Лаишевский, с.п. Кирбинское, д Травкино, ул. Залесная, з/у 49",Частная,Для индивидуального жилищного строительства,ИЖС,0,нет,16:24:110302,789264.5,789.26,,,,,нет,да,нет,нет,нет,да,нет,да,55.54433183738786,49.270599801001865
16:24:110302:2787,1000.0,Земли населенных пунктов,Учтенный,"Российская Федерация, Республика Татарстан (Татарстан), м.р-н Лаишевский, с.п. Кирбинское, д Травкино, ул. Лазурная, з/у 21",Частная,Для индивидуального жилищного строительства,ИЖС,0,нет,16:24:110302,820245.2,820.25,,,,,нет,да,нет,нет,нет,да,нет,да,55.54623119515541,49.27131723040894
16:24:110302:2754,1000.0,Земли населенных пунктов,Учтенный,"Российская Федерация, Республика Татарстан (Татарстан), м.р-н Лаишевский, с.п. Кирбинское, д Травкино, ул. Семейная, з/у 14",Частная,Для индивидуального жилищного строительства,ИЖС,0,нет,16:24:110302,906475.5,906.48,,,,,нет,да,нет,нет,нет,да,нет,да,55.546914790354535,49.269229893902796
16:24:110302:2779,1000.0,Земли населенных пунктов,Учтенный,"Российская Федерация, Республика Татарстан (Татарстан), м.р-н Лаишевский, с.п. Кирбинское, д Травкино, ул. Звездная, з/у 2",Частная,Для индивидуального жилищного строительства,ИЖС,0,нет,16:24:110302,774803.9,774.8,,,,,нет,да,нет,нет,нет,да,нет,да,55.54539882156803,49.27191246580098
16:24:110302:2775,1000.0,Земли населенных пунктов,Учтенный,"Российская Федерация, Республика Татарстан (Татарстан), м.р-н Лаишевский, с.п. Кирбинское, д Травкино, ул. Залесная, з/у 24",Частная,Для индивидуального жилищного строительства,ИЖС,0,нет,16:24:110302,774803.9,774.8,,,,,нет,да,нет,нет,нет,да,нет,да,55.54519070520411,49.27206129435238
16:24:110302:2733,1002.0,Земли населенных пунктов,Учтенный,"Российская Федерация, Республика Татарстан (Татарстан), м.р-н Лаишевский, с.п. Кирбинское, д Травкино, ул. Залесная, з/у 81",Частная,Для индивидуального жилищного строительства,ИЖС,0,нет,16:24:110302,693378.29,691.99,,,,,нет,да,нет,нет,нет,да,нет,да,55.545271338758596,49.27632797036936
16:24:110302:2777,1000.0,Земли населенных пунктов,Учтенный,"Российская Федерация, Республика Татарстан (Татарстан), м.р-н Лаишевский, с.п. Кирбинское, д Травкино, ул. Славы, з/у 1",Частная,Для индивидуального жилищного строительства,ИЖС,0,нет,16:24:110302,774737.7,774.74,,,,,нет,да,нет,нет,нет,да,нет,да,55.545533810406276,49.27249969606792
16:24:110302:2734,1001.0,Земли населенных пунктов,Учтенный,"Российская Федерация, Республика Татарстан (Татарстан), м.р-н Лаишевский, с.п. Кирбинское, д Травкино, ул. Залесная, з/у 79",Частная,Для индивидуального жилищного строительства,ИЖС,0,нет,16:24:110302,689541.75,688.85,,,,,нет,да,нет,нет,нет,да,нет,да,55.545252089029745,49.27590792644424
16:24:110302:2742,1002.0,Земли населенных пунктов,Учтенный,"Российская Федерация, Республика Татарстан (Татарстан), м.р-н Лаишевский, с.п. Кирбинское, д Травкино, ул. Залесная, з/у 65",Частная,Для индивидуального жилищного строительства,ИЖС,0,нет,16:24:110302,732858.79,731.4,,,,,нет,да,нет,нет,нет,да,нет,да,55.54496957774095,49.273464311687995
16:24:110302:2791,1000.0,Земли населенных пунктов,Учтенный,"Российская Федерация, Республика Татарстан (Татарстан), м.р-н Лаишевский, с.п. Кирбинское, д Травкино, ул. Славы, з/у 9",Частная,Для индивидуального жилищного строительства,ИЖС,0,нет,16:24:110302,839260.6,839.26,,,,,нет,да,нет,нет,нет,да,нет,да,55.54694915983002,49.27148753116675
16:24:110302:2790,1000.0,Земли населенных пунктов,Учтенный,"Российская Федерация, Республика Татарстан (Татарстан), м.р-н Лаишевский, с.п. Кирбинское, д Травкино, ул. Лазурная, з/у 24",Частная,Для индивидуального жилищного строительства,ИЖС,0,нет,16:24:110302,840814.6,840.81,,,,,нет,да,нет,нет,нет,да,нет,да,55.5467410619917,49.27163636790649
16:24:110302:2815,1000.0,Земли населенных пунктов,Учтенный,"Российская Федерация, Республика Татарстан (Татарстан), м.р-н Лаишевский, с.п. Кирбинское, д Травкино, ул. Лазурная, з/у 25",Частная,Для индивидуального жилищного строительства,ИЖС,0,нет,16:24:110302,795834.6,795.83,,,,,нет,да,нет,нет,нет,да,нет,да,55.54654675932174,49.27268992929392
16:24:110302:2798,1000.0,Земли населенных пунктов,Учтенный,"Российская Федерация, Республика Татарстан (Татарстан), м.р-н Лаишевский, с.п. Кирбинское, д Травкино, ул. Славы, з/у 15",Частная,Для индивидуального жилищного строительства,ИЖС,0,нет,16:24:110302,883061.2,883.06,,,,,нет,да,нет,нет,нет,да,нет,да,55.54757345204238,49.27104110658494
16:24:110302:2817,1000.0,Земли населенных пунктов,Учтенный,"Российская Федерация, Республика Татарстан (Татарстан), м.р-н Лаишевский, с.п. Кирбинское, д Травкино, ул. Каштановая, з/у 7",Частная,Для индивидуального жилищного строительства,ИЖС,0,нет,16:24:110302,789194.7,789.19,,,,,нет,да,нет,нет,нет,да,нет,да,55.54647364437981,49.273426005610744
16:24:110302:2818,1000.0,Земли населенных пунктов,Учтенный,"Российская Федерация, Республика Татарстан (Татарстан), м.р-н Лаишевский, с.п. Кирбинское, д Травкино, ул. Славы, з/у 8",Частная,Для индивидуального жилищного строительства,ИЖС,0,нет,16:24:110302,797103.1,797.1,,,,,нет,да,нет,нет,нет,да,нет,да,55.5463386600167,49.2728387581637
16:24:110302:2808,1000.0,Земли населенных пунктов,Учтенный,"Российская Федерация, Республика Татарстан (Татарстан), м.р-н Лаишевский, с.п. Кирбинское, д Травкино, ул. Каштановая, з/у 11",Частная,Для индивидуального жилищного строительства,ИЖС,0,нет,16:24:110302,832346.5,832.35,,,,,нет,да,нет,нет,нет,да,нет,да,55.54747280318054,49.272711519151514
16:24:110302:2793,1000.0,Земли населенных пунктов,Учтенный,"Российская Федерация, Республика Татарстан (Татарстан), м.р-н Лаишевский, с.п. Кирбинское, д Травкино, ул. Звездная, з/у 12",Частная,Для индивидуального жилищного строительства,ИЖС,0,нет,16:24:110302,858056.5,858.06,,,,,нет,да,нет,нет,нет,да,нет,да,55.54702226313508,49.27075144233676
16:24:110302:2464,1000.0,Земли населенных пунктов,Учтенный,"Российская Федерация, Республика Татарстан, Лаишевский муницпальный район, Кирбинское сельское поселение, д Травкино",Частная,Для индивидуального жилищного строительства,ИЖС,0,нет,16:24:110302,756471.1,756.47,,,,,нет,да,нет,нет,нет,да,нет,да,55.54571437913296,49.27328514041239
16:24:110302:2463,1000.0,Земли населенных пунктов,Учтенный,"Российская Федерация, Республика Татарстан, Лаишевский муницпальный район, Кирбинское сельское поселение, д Травкино",Частная,Для индивидуального жилищного строительства,ИЖС,0,нет,16:24:110302,756837.0,756.84,,,,,нет,да,нет,нет,нет,да,нет,да,55.54592246097117,49.27313634782622
16:24:110302:2482,1000.0,Земли населенных пунктов,Учтенный,"Российская Федерация, Республика Татарстан (Татарстан), м.р-н Лаишевский, с.п. Кирбинское, д Травкино, ул. Лазурная, з/у 31",Частная,Для индивидуального жилищного строительства,ИЖС,0,нет,16:24:110302,789433.6,789.43,,,,,нет,да,нет,нет,нет,да,нет,да,55.546997268525935,49.27464994114324
16:24:110302:2484,1003.0,Земли населенных пунктов,Учтенный,"Российская Федерация, Республика Татарстан (Татарстан), м.р-н Лаишевский, с.п. Кирбинское, д Травкино, ул. Парковая, з/у 28",Частная,Для индивидуального жилищного строительства,ИЖС,0,нет,16:24:110302,880172.42,877.54,,,,,нет,да,нет,нет,нет,да,нет,да,55.54904825864889,49.274288645325335
16:24:110302:2468,1071.0,Земли населенных пунктов,Учтенный,"Российская Федерация, Республика Татарстан, Лаишевский муницпальный район, Кирбинское сельское поселение, д Травкино",Частная,Для индивидуального жилищного строительства,ИЖС,0,нет,16:24:110302,766938.28,716.1,,,,,нет,да,нет,нет,нет,да,нет,да,55.54560041170665,49.27500338373293
16:24:110302:2475,1000.0,Земли населенных пунктов,Учтенный,"Российская Федерация, Республика Татарстан (Татарстан), м.р-н Лаишевский, с.п. Кирбинское, д Травкино, ул. Жемчужная, з/у 5",Частная,Для индивидуального жилищного строительства,ИЖС,0,нет,16:24:110302,749629.1,749.63,,,,,нет,да,нет,нет,нет,да,нет,да,55.546372981007906,49.27509636547314
16:24:110302:2480,1000.0,Земли населенных пунктов,Учтенный,"Российская Федерация, Республика Татарстан (Татарстан), м.р-н Лаишевский, с.п. Кирбинское, д Травкино, ул. Каштановая, з/у 10",Частная,Для индивидуального жилищного строительства,ИЖС,0,нет,16:24:110302,783693.4,783.69,,,,,нет,да,нет,нет,нет,да,нет,да,55.54665418915672,49.27421147282477
16:24:110302:2462,1001.0,Земли населенных пунктов,Учтенный,"Российская Федерация, Республика Татарстан (Татарстан), м.р-н Лаишевский, с.п. Кирбинское, д Травкино, ул. Парковая, з/у 32",Частная,Для индивидуального жилищного строительства,ИЖС,0,нет,16:24:110302,878698.22,877.82,,,,,нет,да,нет,нет,нет,да,нет,да,55.54919722792918,49.27505030392296
16:24:110302:2503,1000.0,Земли населенных пунктов,Учтенный,"Российская Федерация, Республика Татарстан (Татарстан), м.р-н Лаишевский, с.п. Кирбинское, д Травкино, ул. Уютная, з/у 3",Частная,Для индивидуального жилищного строительства,ИЖС,0,нет,16:24:110302,832725.7,832.73,,,,,нет,да,нет,нет,нет,да,нет,да,55.54810388463682,49.27545704771167
16:24:110302:2585,1000.0,Земли населенных пунктов,Учтенный,"Российская Федерация, Республика Татарстан (Татарстан), м.р-н Лаишевский, с.п. Кирбинское, д Травкино, ул. Изумрудная, з/у 10",Частная,Для индивидуального жилищного строительства,ИЖС,0,нет,16:24:110302,682382.7,682.38,,,,,нет,да,нет,нет,нет,да,нет,да,55.54749998961596,49.2800002387105
16:24:110302:2548,1000.0,Земли населенных пунктов,Учтенный,"Российская Федерация, Республика Татарстан (Татарстан), м.р-н Лаишевский, с.п. Кирбинское, д Травкино, ул. Юбилейная, з/у 12",Частная,Для индивидуального жилищного строительства,ИЖС,0,нет,16:24:110302,728769.2,728.77,,,,,нет,да,нет,нет,нет,да,нет,да,55.54739261374554,49.278478646819195
16:24:110302:2610,1000.0,Земли населенных пунктов,Учтенный,"Российская Федерация, Республика Татарстан (Татарстан), м.р-н Лаишевский, с.п. Кирбинское, д Травкино, ул. Лазурная, з/у 50",Частная,Для индивидуального жилищного строительства,ИЖС,0,нет,16:24:110302,751819.3,751.82,,,,,нет,да,нет,нет,нет,да,нет,да,55.54881464319048,49.28065871031545
16:24:110302:2595,1005.0,Земли населенных пунктов,Учтенный,"Российская Федерация, Республика Татарстан, Лаишевский муницпальный район, Кирбинское сельское поселение, д Травкино",Частная,Для индивидуального жилищного строительства,ИЖС,0,нет,16:24:110302,930269.71,925.64,,,,,нет,да,нет,нет,нет,да,нет,да,55.548185133556764,49.2706402514243
16:24:110302:2683,1002.0,Земли населенных пунктов,Учтенный,"Российская Федерация, Республика Татарстан (Татарстан), м.р-н Лаишевский, с.п. Кирбинское, д Травкино, ул. Парковая, з/у 46",Частная,Для индивидуального жилищного строительства,ИЖС,0,нет,16:24:110302,871994.11,870.25,,,,,нет,да,нет,нет,нет,да,нет,да,55.54978983326744,49.27763271832378
16:24:110302:2684,1000.0,Земли населенных пунктов,Учтенный,"Российская Федерация, Республика Татарстан (Татарстан), м.р-н Лаишевский, с.п. Кирбинское, д Травкино, ул. Семейная, з/у 22",Частная,Для индивидуального жилищного строительства,ИЖС,0,нет,16:24:110302,948060.0,948.06,,,,,нет,да,нет,нет,нет,да,нет,да,55.54778737576666,49.268429856779456
16:24:110302:2589,1000.0,Земли населенных пунктов,Учтенный,"Российская Федерация, Республика Татарстан (Татарстан), м.р-н Лаишевский, с.п. Кирбинское, д Травкино, ул. Изумрудная, з/у 6",Частная,Для индивидуального жилищного строительства,ИЖС,0,нет,16:24:110302,680588.8,680.59,,,,,нет,да,нет,нет,нет,да,нет,да,55.54708375529757,49.28029779296837
16:24:110302:2694,1000.0,Земли населенных пунктов,Учтенный,"Российская Федерация, Республика Татарстан (Татарстан), м.р-н Лаишевский, с.п. Кирбинское, д Травкино, ул. Восточная, з/у 18",Частная,Для индивидуального жилищного строительства,ИЖС,0,нет,16:24:110302,672932.5,672.93,,,,,нет,да,нет,нет,нет,да,нет,да,55.5488844519446,49.28391673450309
16:24:110302:2513,1005.0,Земли населенных пунктов,Учтенный,"Российская Федерация, Республика Татарстан, Лаишевский муницпальный район, Кирбинское сельское поселение, д Травкино",Частная,Для индивидуального жилищного строительства,ИЖС,0,нет,16:24:110302,700321.69,696.84,,,,,нет,да,нет,нет,нет,да,нет,да,55.54585737387631,49.27742873987018
16:24:110302:2573,1003.0,Земли населенных пунктов,Учтенный,"Российская Федерация, Республика Татарстан, Лаишевский муницпальный район, Кирбинское сельское поселение, д Травкино",Частная,Для индивидуального жилищного строительства,ИЖС,0,нет,16:24:110302,907278.7,904.56,,,,,нет,да,нет,нет,нет,да,нет,да,55.54835368755151,49.271374588764594
16:24:110302:2637,1000.0,Земли населенных пунктов,Учтенный,"Российская Федерация, Республика Татарстан (Татарстан), м.р-н Лаишевский, с.п. Кирбинское, д Травкино, ул. Рождественская, з/у 2",Частная,Для индивидуального жилищного строительства,ИЖС,0,нет,16:24:110302,638321.4,638.32,,,,,нет,да,нет,нет,нет,да,нет,да,55.547072997053554,49.283519816737204
16:24:110302:2590,1000.0,Земли населенных пунктов,Учтенный,"Российская Федерация, Республика Татарстан (Татарстан), м.р-н Лаишевский, с.п. Кирбинское, д Травкино, ул. Урожайная, з/у 5",Частная,Для индивидуального жилищного строительства,ИЖС,0,нет,16:24:110302,680380.3,680.38,,,,,нет,да,нет,нет,нет,да,нет,да,55.547218721831484,49.280885077093885
16:24:110302:2646,1000.0,Земли населенных пунктов,Учтенный,"Российская Федерация, Республика Татарстан (Татарстан), м.р-н Лаишевский, с.п. Кирбинское, д Травкино, ул. Рождественская, з/у 10",Частная,Для индивидуального жилищного строительства,ИЖС,0,нет,16:24:110302,676914.4,676.91,,,,,нет,да,нет,нет,нет,да,нет,да,55.54792277816358,49.282894730365555
16:24:110302:2617,1006.0,Земли населенных пунктов,Учтенный,"Российская Федерация, Республика Татарстан, Лаишевский муницпальный район, Кирбинское сельское поселение, д Травкино",Частная,Для индивидуального жилищного строительства,ИЖС,0,нет,16:24:110302,940849.13,935.24,,,,,нет,да,нет,нет,нет,да,нет,да,55.54801659293258,49.26990601552318
16:24:110302:2662,1100.0,Земли населенных пунктов,Учтенный,"Российская Федерация, Республика Татарстан, Лаишевский муницпальный район, Кирбинское сельское поселение, д Травкино",Частная,Для индивидуального жилищного строительства,ИЖС,0,нет,16:24:110302,831178.04,755.62,,,,,нет,да,нет,нет,нет,да,нет,да,55.54968934847236,49.28235663588983
16:24:110302:2656,1000.0,Земли населенных пунктов,Учтенный,"Российская Федерация, Республика Татарстан, Лаишевский муницпальный район, Кирбинское сельское поселение, д Травкино",Частная,Для индивидуального жилищного строительства,ИЖС,0,нет,16:24:110302,744184.7,744.18,,,,,нет,да,нет,нет,нет,да,нет,да,55.549130102369034,49.28203160549041
16:24:110302:2692,1000.0,Земли населенных пунктов,Учтенный,"Российская Федерация, Республика Татарстан (Татарстан), м.р-н Лаишевский, с.п. Кирбинское, д Травкино, ул. Лазурная, з/у 57",Частная,Для индивидуального жилищного строительства,ИЖС,0,нет,16:24:110302,698405.4,698.41,,,,,нет,да,нет,нет,нет,да,нет,да,55.549227496358455,49.28435531212595
16:24:110302:2522,1000.0,Земли населенных пунктов,Учтенный,"Российская Федерация, Республика Татарстан (Татарстан), м.р-н Лаишевский, с.п. Кирбинское, д Травкино, ул. Юбилейная, з/у 3",Частная,Для индивидуального жилищного строительства,ИЖС,0,нет,16:24:110302,824063.6,824.06,,,,,нет,да,нет,нет,нет,да,нет,да,55.54841938421818,49.276829876499434
16:24:110302:2511,1002.0,Земли населенных пунктов,Учтенный,"Российская Федерация, Республика Татарстан, Лаишевский муницпальный район, Кирбинское сельское поселение, д Травкино",Частная,Для индивидуального жилищного строительства,ИЖС,0,нет,16:24:110302,714331.11,712.91,,,,,нет,да,нет,нет,нет,да,нет,да,55.54567655300475,49.27637595065799
16:24:110302:2519,1000.0,Земли населенных пунктов,Учтенный,"Российская Федерация, Республика Татарстан (Татарстан), м.р-н Лаишевский, с.п. Кирбинское, д Травкино, ул. Лазурная, з/у 38",Частная,Для индивидуального жилищного строительства,ИЖС,0,нет,16:24:110302,790632.4,790.63,,,,,нет,да,нет,нет,нет,да,нет,да,55.54786820902615,49.27654018841119
16:24:110302:2506,1000.0,Земли населенных пунктов,Учтенный,"Российская Федерация, Республика Татарстан (Татарстан), м.р-н Лаишевский, с.п. Кирбинское, д Травкино, ул. Парковая, з/у 24",Частная,Для индивидуального жилищного строительства,ИЖС,0,нет,16:24:110302,892593.1,892.59,,,,,нет,да,нет,нет,нет,да,нет,да,55.54885925134156,49.2735775746172
16:24:110302:2605,1000.0,Земли населенных пунктов,Учтенный,"Российская Федерация, Республика Татарстан, Лаишевский муницпальный район, Кирбинское сельское поселение, д Травкино",Частная,Для индивидуального жилищного строительства,ИЖС,0,нет,16:24:110302,752745.9,752.75,,,,,нет,да,нет,нет,нет,да,нет,да,55.549230860311866,49.280361146740255
16:24:110302:2642,1000.0,Земли населенных пунктов,Учтенный,"Российская Федерация, Республика Татарстан (Татарстан), м.р-н Лаишевский, с.п. Кирбинское, д Травкино, ул. Рождественская, з/у 6",Частная,Для индивидуального жилищного строительства,ИЖС,0,нет,16:24:110302,638779.5,638.78,,,,,нет,да,нет,нет,нет,да,нет,да,55.54750655496606,49.283192193941886
16:24:110302:2593,1000.0,Земли населенных пунктов,Учтенный,"Российская Федерация, Республика Татарстан (Татарстан), м.р-н Лаишевский, с.п. Кирбинское, д Травкино, ул. Изумрудная, з/у 2",Частная,Для индивидуального жилищного строительства,ИЖС,0,нет,16:24:110302,650972.4,650.97,,,,,нет,да,нет,нет,нет,да,нет,да,55.54665015210042,49.28062498437137
16:24:110302:2626,1000.0,Земли населенных пунктов,Учтенный,"Российская Федерация, Республика Татарстан (Татарстан), м.р-н Лаишевский, с.п. Кирбинское, д Травкино, ул. Рождественская, з/у 3",Частная,Для индивидуального жилищного строительства,ИЖС,0,нет,16:24:110302,639075.3,639.08,,,,,нет,да,нет,нет,нет,да,нет,да,55.547117956797855,49.282555449173195
16:24:110302:2606,1005.0,Земли населенных пунктов,Учтенный,"Российская Федерация, Республика Татарстан, Лаишевский муницпальный район, Кирбинское сельское поселение, д Травкино",Частная,Для индивидуального жилищного строительства,ИЖС,0,нет,16:24:110302,925171.14,920.57,,,,,нет,да,нет,нет,нет,да,нет,да,55.54810085487503,49.27027310094962
16:24:110302:2681,1000.0,Земли населенных пунктов,Учтенный,"Российская Федерация, Республика Татарстан (Татарстан), м.р-н Лаишевский, с.п. Кирбинское, д Травкино, ул. Восточная, з/у 24",Частная,Для индивидуального жилищного строительства,ИЖС,0,нет,16:24:110302,753278.1,753.28,,,,,нет,да,нет,нет,нет,да,нет,да,55.550091800981896,49.28305368347886
16:24:110302:2686,1000.0,Земли населенных пунктов,Учтенный,"Российская Федерация, Республика Татарстан (Татарстан), м.р-н Лаишевский, с.п. Кирбинское, д Травкино, ул. Восточная, з/у 22",Частная,Для индивидуального жилищного строительства,ИЖС,0,нет,16:24:110302,753278.1,753.28,,,,,нет,да,нет,нет,нет,да,нет,да,55.54988368925342,49.28320247089814
16:24:110302:2498,1000.0,Земли населенных пунктов,Учтенный,"Российская Федерация, Республика Татарстан (Татарстан), м.р-н Лаишевский, с.п. Кирбинское, д Травкино, ул. Парковая, з/у 49",Частная,Для индивидуального жилищного строительства,ИЖС,0,нет,16:24:110302,877539.8,877.54,,,,,нет,да,нет,нет,нет,да,нет,да,55.54872817317935,49.275010672938095
16:24:110302:2510,30012.0,Земли населенных пунктов,Учтенный,"Российская Федерация, Республика Татарстан, Лаишевский муницпальный район, Кирбинское сельское поселение, д Травкино",Муниципальная,Для индивидуального жилищного строительства,ИЖС,0,нет,16:24:110302,22200488.64,739.72,,,,,да,да,нет,нет,нет,да,нет,да,55.54645698763518,49.27698375283055
16:24:110302:2518,1000.0,Земли населенных пунктов,Учтенный,"Российская Федерация, Республика Татарстан (Татарстан), м.р-н Лаишевский, с.п. Кирбинское, д Травкино, ул. Лазурная, з/у 40",Частная,Для индивидуального жилищного строительства,ИЖС,0,нет,16:24:110302,782711.5,782.71,,,,,нет,да,нет,нет,нет,да,нет,да,55.54800317558602,49.277127471306024
16:24:110302:2580,1000.0,Земли населенных пунктов,Учтенный,"Российская Федерация, Республика Татарстан (Татарстан), м.р-н Лаишевский, с.п. Кирбинское, д Травкино, ул. Изумрудная, з/у 14",Частная,Для индивидуального жилищного строительства,ИЖС,0,нет,16:24:110302,718414.4,718.41,,,,,нет,да,нет,нет,нет,да,нет,да,55.54791618732545,49.279702646264546
16:24:110302:2521,1000.0,Земли населенных пунктов,Учтенный,"Российская Федерация, Республика Татарстан (Татарстан), м.р-н Лаишевский, с.п. Кирбинское, д Травкино, ул. Юбилейная, з/у 1",Частная,Для индивидуального жилищного строительства,ИЖС,0,нет,16:24:110302,789771.5,789.77,,,,,нет,да,нет,нет,нет,да,нет,да,55.54821129799062,49.2769786589554
16:24:110302:2509,1000.0,Земли населенных пунктов,Учтенный,"Российская Федерация, Республика Татарстан (Татарстан), м.р-н Лаишевский, с.п. Кирбинское, д Травкино, ул. Лазурная, з/у 36",Частная,Для индивидуального жилищного строительства,ИЖС,0,нет,16:24:110302,791175.3,791.18,,,,,нет,да,нет,нет,нет,да,нет,да,55.54768767924254,49.27575468634537
16:24:110302:2512,1008.0,Земли населенных пунктов,Учтенный,"Российская Федерация, Республика Татарстан, Лаишевский муницпальный район, Кирбинское сельское поселение, д Травкино",Частная,Для индивидуального жилищного строительства,ИЖС,0,нет,16:24:110302,710778.9,705.14,,,,,нет,да,нет,нет,нет,да,нет,да,55.54577495538376,49.27694922312148
16:24:110302:2516,1000.0,Земли населенных пунктов,Учтенный,"Российская Федерация, Республика Татарстан, Лаишевский муницпальный район, Кирбинское сельское поселение, д Травкино",Частная,Для индивидуального жилищного строительства,ИЖС,0,нет,16:24:110302,665666.0,665.67,,,,,нет,да,нет,нет,нет,да,нет,да,55.54605406452432,49.27857209744034
16:24:110302:2576,1000.0,Земли населенных пунктов,Учтенный,"Российская Федерация, Республика Татарстан (Татарстан), м.р-н Лаишевский, с.п. Кирбинское, д Травкино, ул. Лазурная, з/у 46",Частная,Для индивидуального жилищного строительства,ИЖС,0,нет,16:24:110302,758256.1,758.26,,,,,нет,да,нет,нет,нет,да,нет,да,55.548499186496336,49.27928586889077
16:24:110302:2657,1100.0,Земли населенных пунктов,Учтенный,"Российская Федерация, Республика Татарстан, Лаишевский муницпальный район, Кирбинское сельское поселение, д Травкино",Частная,Для индивидуального жилищного строительства,ИЖС,0,нет,16:24:110302,789444.04,717.68,,,,,нет,да,нет,нет,нет,да,нет,да,55.54927314445391,49.282654213615196
16:24:110302:2602,1000.0,Земли населенных пунктов,Учтенный,"Российская Федерация, Республика Татарстан (Татарстан), м.р-н Лаишевский, с.п. Кирбинское, д Травкино, ул. Рождественская, з/у 21",Частная,Для индивидуального жилищного строительства,ИЖС,0,нет,16:24:110302,773542.0,773.54,,,,,нет,да,нет,нет,нет,да,нет,да,55.54958246332718,49.28076658447069
16:24:110302:2614,1000.0,Земли населенных пунктов,Учтенный,"Российская Федерация, Республика Татарстан (Татарстан), м.р-н Лаишевский, с.п. Кирбинское, д Травкино, ул. Урожайная, з/у 16",Частная,Для индивидуального жилищного строительства,ИЖС,0,нет,16:24:110302,714023.5,714.02,,,,,нет,да,нет,нет,нет,да,нет,да,55.54823165729738,49.28107550248037
16:24:110302:2622,1000.0,Земли населенных пунктов,Учтенный,"Российская Федерация, Республика Татарстан (Татарстан), м.р-н Лаишевский, с.п. Кирбинское, д Травкино, ул. Рождественская, з/у 7",Частная,Для индивидуального жилищного строительства,ИЖС,0,нет,16:24:110302,669225.5,669.23,,,,,нет,да,нет,нет,нет,да,нет,да,55.54753416064477,49.2822579183023
16:24:110302:2629,1000.0,Земли населенных пунктов,Учтенный,"Российская Федерация, Республика Татарстан (Татарстан), м.р-н Лаишевский, с.п. Кирбинское, д Травкино, ул. Урожайная, з/у 2",Частная,Для индивидуального жилищного строительства,ИЖС,0,нет,16:24:110302,640405.6,640.41,,,,,нет,да,нет,нет,нет,да,нет,да,55.546774905787075,49.28211691074563
16:24:110201:690,21.0,Земли населенных пунктов,Учтенный,"Республика Татарстан, Лаишевский муниципальный район, Кирбинское сельское поселение, д. Травкино",Муниципальная,земельные участки (территории) общего пользования (12.0),ОГП,0,нет,16:24:110201,14233.13,677.77,,,,,да,нет,нет,нет,нет,нет,да,да,55.550682623074145,49.266889010188706
16:24:110302:1425,626.0,Земли населенных пунктов,Учтенный,"Местоположение установлено относительно ориентира, расположенного в границах участка. Почтовый адрес ориентира: Российская Федерация, Республика Татарстан, Лаишевский муниципальный район, Кирбинское сельское поселение, д Травкино.",Частная,Для индивидуального жилищного строительства,ИЖС,0,нет,16:24:110302,614117.39,981.02,,,,,нет,да,нет,нет,нет,да,нет,да,55.551062217612966,49.269186293544095
16:24:110302:3076,1662.0,Земли населенных пунктов,Учтенный,"Российская Федерация, Республика Татарстан, Лаишевский муниципальный район, Кирбинское сельское поселение, д Травкино",Муниципальная,Для индивидуального жилищного строительства,ИЖС,0,нет,16:24:110302,1623486.14,976.83,,,,,да,да,нет,нет,нет,да,нет,да,55.55341946399566,49.27336938494659
16:24:110201:702,1298.0,Земли населенных пунктов,Учтенный,"Республика Татарстан, Лаишевский муниципальный район, Кирбинское сельское поселение, д Травкино",Частная,Для индивидуального жилищного строительства,ИЖС,0,нет,16:24:110201,1265664.74,975.09,,,,,нет,да,нет,нет,нет,да,нет,да,55.54935106060962,49.268052592979004
16:24:110302:3516,800.0,Земли населенных пунктов,Учтенный,"Российская Федерация, Республика Татарстан (Татарстан), м.р-н Лаишевский, с.п. Кирбинское, д Травкино, ул Мира, з/у 10",Частная,Для индивидуального жилищного строительства,ИЖС,0,нет,16:24:110302,742218.0,927.77,,,,,нет,да,нет,нет,нет,да,нет,да,55.551726470540906,49.27771057178252
16:24:110302:3586,1206.0,Земли населенных пунктов,Учтенный,"Российская Федерация, Республика Татарстан, муниципальный район Лаишевский, сельское поселение Кирбинское, д. Травкино, ул. Ореховая",Частная,Для индивидуального жилищного строительства,ИЖС,0,нет,16:24:110302,800806.91,664.02,,,,,нет,да,нет,нет,нет,да,нет,да,55.548682032612284,49.28457257577758
16:24:110302:3590,1232.0,Земли населенных пунктов,Учтенный,"Российская Федерация, Республика Татарстан, Лаишевский муницпальный район, Кирбинское сельское поселение, д Травкино",Частная,Для индивидуального жилищного строительства,ИЖС,0,нет,16:24:110302,740760.2,601.27,,,,,нет,да,нет,нет,нет,да,нет,да,55.54690507986715,49.28390851570781
16:24:110302:3597,1000.0,Земли населенных пунктов,Учтенный,"Российская Федерация, Республика Татарстан, Лаишевский муницпальный район, Кирбинское сельское поселение, д Травкино",Частная,Для индивидуального жилищного строительства,ИЖС,0,нет,16:24:110302,633882.2,633.88,,,,,нет,да,нет,нет,нет,да,нет,да,55.54751394557477,49.28376128871053
16:24:110302:3594,1000.0,Земли населенных пунктов,Учтенный,"Российская Федерация, Республика Татарстан, Лаишевский муницпальный район, Кирбинское сельское поселение, д Травкино",Частная,Для индивидуального жилищного строительства,ИЖС,0,нет,16:24:110302,676914.4,676.91,,,,,нет,да,нет,нет,нет,да,нет,да,55.548081558712205,49.28335563166608
16:24:110302:3588,1000.0,Земли населенных пунктов,Учтенный,"Российская Федерация, Республика Татарстан, Лаишевский муницпальный район, Кирбинское сельское поселение, д Травкино",Частная,Для индивидуального жилищного строительства,ИЖС,0,нет,16:24:110302,611640.0,611.64,,,,,нет,да,нет,нет,нет,да,нет,да,55.547122803400065,49.284040093996275
16:24:110302:3587,1000.0,Земли населенных пунктов,Учтенный,"Российская Федерация, Республика Татарстан, Лаишевский муницпальный район, Кирбинское сельское поселение, д Травкино",Частная,Для индивидуального жилищного строительства,ИЖС,0,нет,16:24:110302,716600.0,716.6,,,,,нет,да,нет,нет,нет,да,нет,да,55.54883828449184,49.28281462070091
16:24:110302:3598,1000.0,Земли населенных пунктов,Учтенный,"Российская Федерация, Республика Татарстан, Лаишевский муницпальный район, Кирбинское сельское поселение, д Травкино",Частная,Для индивидуального жилищного строительства,ИЖС,0,нет,16:24:110302,634455.6,634.46,,,,,нет,да,нет,нет,нет,да,нет,да,55.54732475880867,49.28389652636996
16:24:110302:3591,1000.0,Земли населенных пунктов,Учтенный,"Российская Федерация, Республика Татарстан, Лаишевский муницпальный район, Кирбинское сельское поселение, д Травкино",Частная,Для индивидуального жилищного строительства,ИЖС,0,нет,16:24:110302,714179.5,714.18,,,,,нет,да,нет,нет,нет,да,нет,да,55.54864911676684,49.282949867551245
16:24:110201:680,1653.0,Земли населенных пунктов,Учтенный,"Российская Федерация, Республика Татарстан, Лаишевский муниципальный район, Кирбинское сельское поселение, д Травкино",Частная,для ведения личного подсобного хозяйства,ЛПХ,0,нет,16:24:110201,1788052.91,1081.7,,,,,нет,нет,нет,нет,да,да,нет,да,55.54890153262153,49.260129299835214
16:24:110302:327,3578.05,,Ранее учтенный,"Российская Федерация, Республика Татарстан (Татарстан), м.р-н Лаишевский, с.п. Кирбинское, кв-л 302, з/у 327",,,ДРУГОЕ,0,нет,16:24:110302,0.0,0.0,,,,,да,нет,нет,нет,нет,нет,нет,нет,55.55037042477844,49.27929202039448
16:24:110302:803,500.0,Земли населенных пунктов,Учтенный,"Местоположение установлено относительно ориентира, расположенного в границах участка. Почтовый адрес ориентира: Российская Федерация, Республика Татарстан (Татарстан), м.р-н Лаишевский, с.п. Кирбинское, д Травкино, ул Победы, з/у 34.",Частная,Для индивидуального жилищного строительства,ИЖС,0,нет,16:24:110302,456626.95,913.2539,,,,,нет,да,нет,нет,нет,да,нет,да,55.553209767175076,49.27820060067436
16:24:110302:408,800.0,Земли населенных пунктов,Учтенный,"Российская Федерация, Республика Татарстан (Татарстан), м.р-н Лаишевский, с.п. Кирбинское, д Травкино, ул Цветочная, з/у 6",Частная,индивидуальные жилые дома с приусадебными земельными участками,ЖИЛОЙ,0,нет,16:24:110302,807545.44,1009.4318,,,,,нет,нет,нет,нет,нет,да,нет,да,55.54322335749241,49.259977951951605
16:24:110302:436,725.0,Земли населенных пунктов,Учтенный,"Местоположение установлено относительно ориентира, расположенного в границах участка. Почтовый адрес ориентира: Российская Федерация, Республика Татарстан (Татарстан), м.р-н Лаишевский, с.п. Кирбинское, д Травкино, ул Зеленая, з/у 1.",Частная,индивидуальные жилые дома с приусадебными земельными участками,ЖИЛОЙ,0,нет,16:24:110302,744947.87,1027.5143,,,,,нет,нет,нет,нет,нет,да,нет,да,55.542151965870644,49.25993555277779
16:24:110201:278,869.0,Земли населенных пунктов,Учтенный,"Местоположение установлено относительно ориентира, расположенного в границах участка. Почтовый адрес ориентира: Российская Федерация, Республика Татарстан (Татарстан), м.р-н Лаишевский, с.п. Кирбинское, д Травкино, ул Травкинская, з/у 25.",Частная,Для ведения личного подсобного хозяйства,ЛПХ,0,нет,16:24:110201,909687.01,1046.8205,,,,,нет,нет,нет,нет,да,да,нет,да,55.55202295528866,49.2642575618581
16:24:110201:128,767.0,Земли населенных пунктов,Ранее учтенный,"Местоположение установлено относительно ориентира, расположенного в границах участка. Почтовый адрес ориентира: Российская Федерация, Республика Татарстан (Татарстан), м.р-н Лаишевский, с.п. Кирбинское, д Травкино, ул Дачная, з/у 20.",Частная,Для ведения личного подсобного хозяйства,ЛПХ,0,нет,16:24:110201,829173.71,1081.0609,,,,,нет,нет,нет,нет,да,да,нет,да,55.54730726776193,49.260652815066805
16:24:110302:871,834.0,Земли населенных пунктов,Учтенный,"Российская Федерация, Республика Татарстан (Татарстан), м.р-н Лаишевский, с.п. Кирбинское, д Травкино, ул Мира, з/у 1",Частная,Для индивидуального жилищного строительства,ИЖС,0,нет,16:24:110302,785831.08,942.2435,,,,,нет,да,нет,нет,нет,да,нет,да,55.55117114454731,49.27594085073959
16:24:110302:404,800.0,Земли населенных пунктов,Учтенный,"Местоположение установлено относительно ориентира, расположенного в границах участка. Почтовый адрес ориентира: Российская Федерация, Республика Татарстан (Татарстан), м.р-н Лаишевский, с.п. Кирбинское, д Травкино, ул Цветочная, з/у 5.",Частная,индивидуальные жилые дома с приусадебными земельными участками,ЖИЛОЙ,0,нет,16:24:110302,824615.84,1030.7698,,,,,нет,нет,нет,нет,нет,да,нет,да,55.54361677247405,49.2597018156984
16:24:110302:1454,724.0,Земли населенных пунктов,Учтенный,"Местоположение установлено относительно ориентира, расположенного в границах участка. Почтовый адрес ориентира: Российская Федерация, Республика Татарстан, Лаишевский муниципальный район, Кирбинское сельское поселение, д Травкино.",Частная,для индивидуального жилищного строительства,ИЖС,0,нет,16:24:110302,724948.44,1001.31,,,,,нет,да,нет,нет,нет,да,нет,да,55.551971051461045,49.27015223591013
16:24:110302:1450,793.0,Земли населенных пунктов,Учтенный,"Местоположение установлено относительно ориентира, расположенного в границах участка. Почтовый адрес ориентира: Российская Федерация, Республика Татарстан, Лаишевский муниципальный район, Кирбинское сельское поселение, д Травкино.",Частная,для индивидуального жилищного строительства,ИЖС,0,нет,16:24:110302,806415.34,1016.9172,,,,,нет,да,нет,нет,нет,да,нет,да,55.551900289092316,49.26840539013137
16:24:110302:1439,600.0,Земли населенных пунктов,Учтенный,"Местоположение установлено относительно ориентира, расположенного в границах участка. Почтовый адрес ориентира: Российская Федерация, Республика Татарстан, Лаишевский муниципальный район, Кирбинское сельское поселение, д Травкино.",Частная,Для индивидуального жилищного строительства,ИЖС,0,нет,16:24:110302,594312.0,990.52,,,,,нет,да,нет,нет,нет,да,нет,да,55.55169141626849,49.271029602569826
16:24:110302:1406,776.0,Земли населенных пунктов,Учтенный,"Местоположение установлено относительно ориентира, расположенного в границах участка. Почтовый адрес ориентира: Российская Федерация, Республика Татарстан, Лаишевский муниципальный район, Кирбинское сельское поселение, д Травкино.",Частная,Для индивидуального жилищного строительства,ИЖС,0,нет,16:24:110302,753922.41,971.5495,,,,,нет,да,нет,нет,нет,да,нет,да,55.55092365143688,49.27101000535282
16:24:110302:1355,1000.0,Земли населенных пунктов,Учтенный,"Местоположение установлено относительно ориентира, расположенного в границах участка. Почтовый адрес ориентира: Российская Федерация, Республика Татарстан, Лаишевский муниципальный район, Кирбинское сельское поселение, д Травкино.",Частная,Для индивидуального жилищного строительства,ИЖС,0,нет,16:24:110302,954947.0,954.947,,,,,нет,да,нет,нет,нет,да,нет,да,55.55115289286649,49.27473508922811
16:24:110201:642,500.0,Земли населенных пунктов,Учтенный,"Российская Федерация, Республика Татарстан (Татарстан), м.р-н Лаишевский, с.п. Кирбинское, д Травкино, ул Озерная, з/у 22А",Частная,Для ведения личного подсобного хозяйства,ЛПХ,0,нет,16:24:110201,519839.9,1039.6798,,,,,нет,нет,нет,нет,да,да,нет,да,55.548157497216664,49.264165213825336
16:24:110201:16,3571.0,Земли населенных пунктов,Ранее учтенный,"Местоположение установлено относительно ориентира, расположенного в границах участка. Почтовый адрес ориентира: Российская Федерация, Республика Татарстан (Татарстан), м.р-н Лаишевский, с.п. Кирбинское, д Травкино, ул Травкинская, з/у 37.",Частная,Ведение личного подсобного хозяйства,ЛПХ,0,нет,16:24:110201,3926340.57,1099.5073,,,,,нет,нет,нет,нет,да,да,нет,да,55.550633695531765,49.2602790722081
16:24:110201:125,,Земли населенных пунктов,Ранее учтенный,"Местоположение установлено относительно ориентира, расположенного в границах участка. Почтовый адрес ориентира: Российская Федерация, Республика Татарстан (Татарстан), м.р-н Лаишевский, с.п. Кирбинское, д Травкино, ул Дачная, з/у 1а.",Частная,Ведение личного подсобного хозяйства,ЛПХ,0,нет,16:24:110201,882316.51,1050.3768,,,,,нет,нет,нет,нет,да,да,нет,да,55.54894190681895,49.26292302965904
16:24:110201:117,1464.0,Земли населенных пунктов,Ранее учтенный,"Местоположение установлено относительно ориентира, расположенного в границах участка. Почтовый адрес ориентира: Российская Федерация, Республика Татарстан (Татарстан), м.р-н Лаишевский, с.п. Кирбинское, д Травкино, ул Толстого, з/у 5.",Частная,Для индивидуального жилищного строительства,ИЖС,0,нет,16:24:110201,1426448.55,974.35,,,,,нет,да,нет,нет,нет,да,нет,да,55.549504273905086,49.267899809399374
16:24:110302:403,800.0,Земли населенных пунктов,Учтенный,"Местоположение установлено относительно ориентира, расположенного в границах участка. Почтовый адрес ориентира: Российская Федерация, Республика Татарстан (Татарстан), м.р-н Лаишевский, с.п. Кирбинское, д Травкино, ул Цветочная, з/у 3.",Частная,индивидуальные жилые дома с приусадебными земельными участками,ЖИЛОЙ,0,нет,16:24:110302,825048.96,1031.3112,,,,,нет,нет,нет,нет,нет,да,нет,да,55.543532977126574,49.25934867980765
16:24:110302:431,800.0,Земли населенных пунктов,Учтенный,"Местоположение установлено относительно ориентира, расположенного в границах участка. Почтовый адрес ориентира: Российская Федерация, Республика Татарстан (Татарстан), м.р-н Лаишевский, с.п. Кирбинское, д Травкино, ул Зеленая, з/у 5.",Частная,индивидуальные жилые дома с приусадебными земельными участками,ЖИЛОЙ,0,нет,16:24:110302,801377.52,1001.7219,,,,,нет,нет,нет,нет,нет,да,нет,да,55.542493670610256,49.26137533457518
16:24:000000:6494,658.0,Земли населенных пунктов,Учтенный,"Российская Федерация, Республика Татарстан (Татарстан), м.р-н Лаишевский, с.п. Кирбинское, д Травкино, ул Травкинская, з/у 1",Частная,Для индивидуального жилищного строительства,ИЖС,0,нет,16:24:000000,686328.68,1043.0527,,,,,нет,да,нет,нет,нет,да,нет,да,55.552560071634566,49.26759782850045
16:24:110302:411,800.0,Земли населенных пунктов,Учтенный,"Местоположение установлено относительно ориентира, расположенного в границах участка. Почтовый адрес ориентира: Российская Федерация, Республика Татарстан (Татарстан), м.р-н Лаишевский, с.п. Кирбинское, д Травкино, ул Светлая, з/у 7.",Частная,индивидуальные жилые дома с приусадебными земельными участками,ЖИЛОЙ,0,нет,16:24:110302,809655.04,1012.0688,,,,,нет,нет,нет,нет,нет,да,нет,да,55.54304492419952,49.260539002953244
16:24:110302:1417,600.0,Земли населенных пунктов,Учтенный,"Местоположение установлено относительно ориентира, расположенного в границах участка. Почтовый адрес ориентира: Российская Федерация, Республика Татарстан, Лаишевский муниципальный район, Кирбинское сельское поселение, д Травкино.",Частная,Для индивидуального жилищного строительства,ИЖС,0,нет,16:24:110302,581815.14,969.6919,,,,,нет,да,нет,нет,нет,да,нет,да,55.55057594508471,49.26885077159085
16:24:110302:1329,1000.0,Земли населенных пунктов,Учтенный,"Местоположение установлено относительно ориентира, расположенного в границах участка. Почтовый адрес ориентира: Российская Федерация, Республика Татарстан, Лаишевский муниципальный район, Кирбинское сельское поселение, д Травкино.",Частная,Для индивидуального жилищного строительства,ИЖС,0,нет,16:24:110302,1018683.2,1018.6832,,,,,нет,да,нет,нет,нет,да,нет,да,55.552505595769496,49.26961989095176
16:24:110201:58,,Земли населенных пунктов,Ранее учтенный,"Местоположение установлено относительно ориентира, расположенного в границах участка. Почтовый адрес ориентира: Российская Федерация, Республика Татарстан (Татарстан), м.р-н Лаишевский, с.п. Кирбинское, д Травкино, ул Озерная, з/у 5.",,Для ведения личного подсобного хозяйства,ЛПХ,0,нет,16:24:110201,4001929.08,1095.5185,,,,,да,нет,нет,нет,да,да,нет,да,55.5515494350906,49.261854565760885
16:24:110302:572,700.0,Земли населенных пунктов,Учтенный,"Местоположение установлено относительно ориентира, расположенного в границах участка. Почтовый адрес ориентира: Российская Федерация, Республика Татарстан (Татарстан), м.р-н Лаишевский, с.п. Кирбинское, д Травкино, ул Радужная, з/у 19.",Частная,индивидуальные жилые дома с приусадебными земельными участками,ЖИЛОЙ,0,нет,16:24:110302,732431.7,1046.331,,,,,нет,нет,нет,нет,нет,да,нет,да,55.544781282030996,49.26143940289989
16:24:110302:278,44782.0,Земли сельскохозяйственного назначения,Учтенный,"Местоположение установлено относительно ориентира, расположенного в границах участка. Почтовый адрес ориентира: Российская Федерация, Республика Татарстан (Татарстан), м.р-н Лаишевский, с.п. Кирбинское, кв-л 302, з/у 278.",Частная,для сельскохозяйственного производства,СХ,0,нет,16:24:110302,115631.6,2.5821,,,,,нет,нет,нет,нет,нет,нет,нет,нет,55.548826068358906,49.28685622215754
16:24:110302:1449,600.0,Земли населенных пунктов,Учтенный,"Местоположение установлено относительно ориентира, расположенного в границах участка. Почтовый адрес ориентира: Российская Федерация, Республика Татарстан, Лаишевский муниципальный район, Кирбинское сельское поселение, д Травкино.",Частная,Для индивидуального жилищного строительства,ИЖС,0,нет,16:24:110302,585864.78,976.4413,,,,,нет,да,нет,нет,нет,да,нет,да,55.551629203052215,49.27210013901277
16:24:110302:1446,600.0,Земли населенных пунктов,Учтенный,"Местоположение установлено относительно ориентира, расположенного в границах участка. Почтовый адрес ориентира: Российская Федерация, Республика Татарстан, Лаишевский муниципальный район, Кирбинское сельское поселение, д Травкино.",Частная,Для индивидуального жилищного строительства,ИЖС,0,нет,16:24:110302,585735.12,976.2252,,,,,нет,да,нет,нет,нет,да,нет,да,55.55146715148859,49.27120004792813
16:24:110302:1372,1494.0,Земли населенных пунктов,Учтенный,"Местоположение установлено относительно ориентира, расположенного в границах участка. Почтовый адрес ориентира: Российская Федерация, Республика Татарстан, Лаишевский муниципальный район, Кирбинское сельское поселение, д Травкино.",Частная,Для индивидуального жилищного строительства,ИЖС,0,нет,16:24:110302,1445950.12,967.8381,,,,,нет,да,нет,нет,нет,да,нет,да,55.550815835226636,49.27278405311357
16:24:110201:288,100.0,Земли населенных пунктов,Учтенный,"Местоположение установлено относительно ориентира, расположенного в границах участка. Почтовый адрес ориентира: Республика Татарстан, Лаишевский муниципальный район, Кирбинское сельское поселение, д Травкино.",,"Земельные участки кабельных, радиорелейных, линий связи и линий радиофикаций",ДРУГОЕ,0,нет,16:24:110201,67923.71,679.2371,,,,,да,нет,нет,нет,нет,нет,нет,да,55.55032606136316,49.262646353574766
16:24:110201:18,2000.0,Земли населенных пунктов,Ранее учтенный,"Местоположение установлено относительно ориентира, расположенного в границах участка. Почтовый адрес ориентира: Российская Федерация, Республика Татарстан (Татарстан), м.р-н Лаишевский, с.п. Кирбинское, д Травкино, ул Озерная, з/у 2.",,Для ведения личного подсобного хозяйства,ЛПХ,0,нет,16:24:110201,2218872.6,1109.44,,,,,да,нет,нет,нет,да,да,нет,да,55.55145153991494,49.26040888279123
16:24:110201:629,1949.0,Земли населенных пунктов,Учтенный,"Местоположение установлено относительно ориентира, расположенного в границах участка. Почтовый адрес ориентира: Российская Федерация, Республика Татарстан (Татарстан), м.р-н Лаишевский, с.п. Кирбинское, д Травкино, ул Пушкина, з/у 6.",Частная,для ведения личного подсобного хозяйства,ЛПХ,0,нет,16:24:110201,1956427.83,1003.8111,,,,,нет,нет,нет,нет,да,да,нет,да,55.55021043921367,49.26658054887332
16:24:110302:1374,1427.0,Земли населенных пунктов,Учтенный,"Местоположение установлено относительно ориентира, расположенного в границах участка. Почтовый адрес ориентира: Российская Федерация, Республика Татарстан, Лаишевский муниципальный район, Кирбинское сельское поселение, д Травкино.",Частная,Для индивидуального жилищного строительства,ИЖС,0,нет,16:24:110302,1373613.65,962.5884,,,,,нет,да,нет,нет,нет,да,нет,да,55.55121355565511,49.27419019101153
16:24:110201:90,1250.0,Земли населенных пунктов,Ранее учтенный,"Местоположение установлено относительно ориентира, расположенного в границах участка. Почтовый адрес ориентира: Российская Федерация, Республика Татарстан (Татарстан), м.р-н Лаишевский, с.п. Кирбинское, д Травкино, ул Пушкина, з/у 9.",Частная,Ведение личного подсобного хозяйства,ЛПХ,0,нет,16:24:110201,1264271.62,1011.4173,,,,,нет,нет,нет,нет,да,да,нет,да,55.551543079720275,49.26748576974795
16:24:110201:320,800.0,Земли населенных пунктов,Учтенный,"Местоположение установлено относительно ориентира, расположенного в границах участка. Почтовый адрес ориентира: Российская Федерация, Республика Татарстан (Татарстан), м.р-н Лаишевский, с.п. Кирбинское, д Травкино, ул Озерная, з/у 11.",Частная,для ведения личного подсобного хозяйства,ЛПХ,0,нет,16:24:110201,847101.68,1058.8771,,,,,нет,нет,нет,нет,да,да,нет,да,55.550590343787796,49.26299372595957
16:24:110302:966,894.0,Земли населенных пунктов,Учтенный,"Российская Федерация, Республика Татарстан (Татарстан), м.р-н Лаишевский, с.п. Кирбинское, д Травкино, ул Мира, з/у 23",Частная,Для индивидуального жилищного строительства,ИЖС,0,нет,16:24:110302,818281.69,915.3039,,,,,нет,да,нет,нет,нет,да,нет,да,55.550707829535504,49.27774653052049
16:24:110302:1444,600.0,Земли населенных пунктов,Учтенный,"Местоположение установлено относительно ориентира, расположенного в границах участка. Почтовый адрес ориентира: Российская Федерация, Республика Татарстан, Лаишевский муниципальный район, Кирбинское сельское поселение, д Травкино.",Частная,Для индивидуального жилищного строительства,ИЖС,0,нет,16:24:110302,586242.3,977.0705,,,,,нет,да,нет,нет,нет,да,нет,да,55.55192600904032,49.27191842771399
16:24:110201:51,995.0,Земли населенных пунктов,Ранее учтенный,"Местоположение установлено относительно ориентира, расположенного в границах участка. Почтовый адрес ориентира: Российская Федерация, Республика Татарстан (Татарстан), м.р-н Лаишевский, с.п. Кирбинское, д Травкино, ул Тукая, з/у 2.",,Для индивидуального жилищного хозяйства,ИЖС,0,нет,16:24:110201,1038029.67,1043.2459,,,,,да,да,нет,нет,нет,да,нет,да,55.547865291265225,49.262993335437926
16:24:110302:406,800.0,Земли населенных пунктов,Учтенный,"Местоположение установлено относительно ориентира, расположенного в границах участка. Почтовый адрес ориентира: Российская Федерация, Республика Татарстан (Татарстан), м.р-н Лаишевский, с.п. Кирбинское, д Травкино, ул Светлая, з/у 9.",Частная,индивидуальные жилые дома с приусадебными земельными участками,ЖИЛОЙ,0,нет,16:24:110302,816931.2,1021.164,,,,,нет,нет,нет,нет,нет,да,нет,да,55.54313164262764,49.260904325227756
16:24:110302:421,799.0,Земли населенных пунктов,Учтенный,"Местоположение установлено относительно ориентира, расположенного в границах участка. Почтовый адрес ориентира: Российская Федерация, Республика Татарстан (Татарстан), м.р-н Лаишевский, с.п. Кирбинское, д Травкино, ул Светлая, з/у 15.",Частная,индивидуальные жилые дома с приусадебными земельными участками,ЖИЛОЙ,0,нет,16:24:110302,805373.06,1007.9763,,,,,нет,нет,нет,нет,нет,да,нет,да,55.543585323104004,49.26281589236156
16:24:110302:1472,669.0,Земли населенных пунктов,Учтенный,"Местоположение установлено относительно ориентира, расположенного в границах участка. Почтовый адрес ориентира: Российская Федерация, Республика Татарстан, Лаишевский муниципальный район, Кирбинское сельское поселение, д Травкино.",Частная,Для индивидуального жилищного строительства,ИЖС,0,нет,16:24:110302,647565.51,967.9604,,,,,нет,да,нет,нет,нет,да,нет,да,55.55131271557749,49.27354461397284
16:24:110302:709,800.0,Земли населенных пунктов,Учтенный,"Российская Федерация, Республика Татарстан (Татарстан), м.р-н Лаишевский, с.п. Кирбинское, д Травкино, ул Дружбы, з/у 5",Частная,Для индивидуального жилищного строительства,ИЖС,0,нет,16:24:110302,795856.72,994.8209,,,,,нет,да,нет,нет,нет,да,нет,да,55.552776500202505,49.2721744274501
16:24:110302:1461,600.0,Земли населенных пунктов,Учтенный,"Местоположение установлено относительно ориентира, расположенного в границах участка. Почтовый адрес ориентира: Российская Федерация, Республика Татарстан, Лаишевский муниципальный район, Кирбинское сельское поселение, д Травкино.",Частная,для индивидуального жилищного строительства,ИЖС,0,нет,16:24:110302,601845.18,1003.0753,,,,,нет,да,нет,нет,нет,да,нет,да,55.55224586739519,49.269970719823434
16:24:110201:319,1253.0,Земли населенных пунктов,Учтенный,"Местоположение установлено относительно ориентира, расположенного в границах участка. Почтовый адрес ориентира: Республика Татарстан, Лаишевский муниципальный район, Кирбинское сельское поселение, д Травкино, ул. Пушкина, д. 10.",Частная,для ведения личного подсобного хозяйства,ЛПХ,0,нет,16:24:110201,1249985.41,997.5941,,,,,нет,нет,нет,нет,да,да,нет,да,55.55109334132865,49.268053692791085
16:24:110201:23,,Земли населенных пунктов,Ранее учтенный,"Местоположение установлено относительно ориентира, расположенного в границах участка. Почтовый адрес ориентира: Российская Федерация, Республика Татарстан (Татарстан), м.р-н Лаишевский, с.п. Кирбинское, д Травкино, ул Садовая, з/у 7.",,Для ведения личного подсобного хозяйства,ЛПХ,0,нет,16:24:110201,1775690.7,1098.82,,,,,да,нет,нет,нет,да,да,нет,да,55.549829496951354,49.259035227269706
16:24:110201:103,2027.0,Земли населенных пунктов,Ранее учтенный,"Местоположение установлено относительно ориентира, расположенного в границах участка. Почтовый адрес ориентира: Российская Федерация, Республика Татарстан (Татарстан), м.р-н Лаишевский, с.п. Кирбинское, д Травкино, ул Озерная, з/у 27.",Частная,Для ведения личного подсобного хозяйства,ЛПХ,0,нет,16:24:110201,2049544.5,1011.12,,,,,нет,нет,нет,нет,да,да,нет,да,55.54876053873927,49.2658735986318
16:24:110302:1412,698.0,Земли населенных пунктов,Учтенный,"Местоположение установлено относительно ориентира, расположенного в границах участка. Почтовый адрес ориентира: Российская Федерация, Республика Татарстан, Лаишевский муниципальный район, Кирбинское сельское поселение, д Травкино.",Частная,Для индивидуального жилищного строительства,ИЖС,0,нет,16:24:110302,672839.19,963.953,,,,,нет,да,нет,нет,нет,да,нет,да,55.550506506438104,49.270260556403215
16:24:110302:582,700.0,Земли населенных пунктов,Учтенный,"Местоположение установлено относительно ориентира, расположенного в границах участка. Почтовый адрес ориентира: Российская Федерация, Республика Татарстан (Татарстан), м.р-н Лаишевский, с.п. Кирбинское, д Травкино, ул Радужная, з/у 3.",Частная,индивидуальные жилые дома с приусадебными земельными участками,ЖИЛОЙ,0,нет,16:24:110302,723151.87,1033.0741,,,,,нет,нет,нет,нет,нет,да,нет,да,55.54417532846168,49.25882128510365
16:24:110302:435,706.0,Земли населенных пунктов,Учтенный,"Местоположение установлено относительно ориентира, расположенного в границах участка. Почтовый адрес ориентира: Российская Федерация, Республика Татарстан (Татарстан), м.р-н Лаишевский, с.п. Кирбинское, д Травкино, ул Светлая, з/у 2.",Частная,индивидуальные жилые дома с приусадебными земельными участками,ЖИЛОЙ,0,нет,16:24:110302,718278.05,1017.391,,,,,нет,нет,нет,нет,нет,да,нет,да,55.54241833018508,49.259745090963065
16:24:110302:1475,776.0,Земли населенных пунктов,Учтенный,"Местоположение установлено относительно ориентира, расположенного в границах участка. Почтовый адрес ориентира: Российская Федерация, Республика Татарстан, Лаишевский муниципальный район, Кирбинское сельское поселение, д Травкино.",Частная,Для индивидуального жилищного строительства,ИЖС,0,нет,16:24:110302,754319.8,972.0616,,,,,нет,да,нет,нет,нет,да,нет,да,55.55117983700605,49.27174842917134
16:24:110201:282,2000.0,Земли населенных пунктов,Учтенный,"Российская Федерация, Республика Татарстан (Татарстан), м.р-н Лаишевский, с.п. Кирбинское, д Травкино, ул Толстого, з/у 15",Частная,Для ведения личного подсобного хозяйства(приусадебные участки),ЛПХ,0,нет,16:24:110201,2005002.6,1002.5013,,,,,нет,нет,нет,нет,да,да,нет,да,55.54845922312769,49.26654448342591
16:24:110201:17,3391.0,Земли населенных пунктов,Ранее учтенный,"Местоположение установлено относительно ориентира, расположенного в границах участка. Почтовый адрес ориентира: Российская Федерация, Республика Татарстан (Татарстан), м.р-н Лаишевский, с.п. Кирбинское, д Травкино, ул Травкинская, з/у 35.",Частная,Для ведения личного подсобного хозяйства,ЛПХ,0,нет,16:24:110201,3722949.06,1097.8912,,,,,нет,нет,нет,нет,да,да,нет,да,55.55062940541382,49.26059423433671
16:24:110302:902,6522.0,Земли населенных пунктов,Учтенный,"Местоположение установлено относительно ориентира, расположенного в границах участка. Почтовый адрес ориентира: Республика Татарстан, Лаишевский муниципальный район, Кирбинское сельское поселение.",Муниципальная,Для индивидуального жилищного строительства,ИЖС,0,нет,16:24:110302,6385716.29,979.1,,,,,да,да,нет,нет,нет,да,нет,да,55.5533899389446,49.273313306885214
16:24:110302:636,701.0,Земли населенных пунктов,Учтенный,"Местоположение установлено относительно ориентира, расположенного в границах участка. Почтовый адрес ориентира: Российская Федерация, Республика Татарстан (Татарстан), м.р-н Лаишевский, с.п. Кирбинское, д Травкино, ул Дружбы, з/у 8.",Частная,Для индивидуального жилищного строительства,ИЖС,0,нет,16:24:110302,719003.43,1025.6825,,,,,нет,да,нет,нет,нет,да,нет,да,55.55281931534574,49.26926444402355
16:24:110302:441,600.0,Земли населенных пунктов,Учтенный,"Местоположение установлено относительно ориентира, расположенного в границах участка. Почтовый адрес ориентира: Российская Федерация, Республика Татарстан (Татарстан), м.р-н Лаишевский, с.п. Кирбинское, д Травкино, ул Вишневая, з/у 17.",Частная,индивидуальные жилые дома с приусадебными земельными участками,ЖИЛОЙ,0,нет,16:24:110302,635983.44,1059.9724,,,,,нет,нет,нет,нет,нет,да,нет,да,55.54629815180815,49.26103099390759
16:24:110302:413,800.0,Земли населенных пунктов,Учтенный,"Местоположение установлено относительно ориентира, расположенного в границах участка. Почтовый адрес ориентира: Российская Федерация, Республика Татарстан (Татарстан), м.р-н Лаишевский, с.п. Кирбинское, д Травкино, ул Светлая, з/у 3.",Частная,индивидуальные жилые дома с приусадебными земельными участками,ЖИЛОЙ,0,нет,16:24:110302,805161.68,1006.4521,,,,,нет,нет,нет,нет,нет,да,нет,да,55.54287151982082,49.25980845847356
16:24:110302:1367,1173.0,Земли населенных пунктов,Учтенный,"Местоположение установлено относительно ориентира, расположенного в границах участка. Почтовый адрес ориентира: Российская Федерация, Республика Татарстан, Лаишевский муниципальный район, Кирбинское сельское поселение, д Травкино.",Частная,Для индивидуального жилищного строительства,ИЖС,0,нет,16:24:110302,1141233.75,972.9188,,,,,нет,да,нет,нет,нет,да,нет,да,55.55115651746155,49.27139807978249
16:24:110201:334,242.0,Земли населенных пунктов,Учтенный,"Местоположение установлено относительно ориентира, расположенного в границах участка. Почтовый адрес ориентира: Республика Татарстан, Лаишевский муниципальный район, Кирбинское сельское поселение, д Травкино.",,Связь,СВЯЗЬ,0,нет,16:24:110201,163985.37,677.6255,,,,,да,нет,нет,нет,нет,нет,нет,да,55.55000194244525,49.26328877942464
16:24:110302:637,749.0,Земли населенных пунктов,Учтенный,"Российская Федерация, Республика Татарстан (Татарстан), м.р-н Лаишевский, с.п. Кирбинское, д Травкино, ул Дружбы, з/у 10",Частная,Для индивидуального жилищного строительства,ИЖС,0,нет,16:24:110302,766284.07,1023.0762,,,,,нет,да,нет,нет,нет,да,нет,да,55.55290262105658,49.26954756677025
16:24:110201:89,1262.0,Земли населенных пунктов,Ранее учтенный,"Местоположение установлено относительно ориентира, расположенного в границах участка. Почтовый адрес ориентира: Российская Федерация, Республика Татарстан (Татарстан), м.р-н Лаишевский, с.п. Кирбинское, д Травкино, ул Пушкина, з/у 7.",,Ведение личного подсобного хозяйства,ЛПХ,0,нет,16:24:110201,1270424.99,1006.6759,,,,,да,нет,нет,нет,да,да,нет,да,55.551381023440186,49.26688348602083
16:24:110201:144,1500.0,Земли населенных пунктов,Учтенный,"Местоположение установлено относительно ориентира, расположенного в границах участка. Почтовый адрес ориентира: Республика Татарстан, Лаишевский муниципальный район, Кирбинское сельское поселение, д Травкино.",,Для индивидуального жилищного строительства,ИЖС,0,нет,16:24:110201,1496977.5,997.985,,,,,да,да,нет,нет,нет,да,нет,да,55.55093434893348,49.26752269047095
16:24:110302:1482,803.0,Земли населенных пунктов,Учтенный,"Местоположение установлено относительно ориентира, расположенного в границах участка. Почтовый адрес ориентира: Российская Федерация, Республика Татарстан, Лаишевский муниципальный район, Кирбинское сельское поселение, д Травкино.",Частная,Для индивидуального жилищного строительства,ИЖС,0,нет,16:24:110302,777000.71,967.6223,,,,,нет,да,нет,нет,нет,да,нет,да,55.5507629965365,49.27164193268447
16:24:110302:580,700.0,Земли населенных пунктов,Учтенный,"Местоположение установлено относительно ориентира, расположенного в границах участка. Почтовый адрес ориентира: Российская Федерация, Республика Татарстан (Татарстан), м.р-н Лаишевский, с.п. Кирбинское, д Травкино, ул Радужная, з/у 7.",Частная,индивидуальные жилые дома с приусадебными земельными участками,ЖИЛОЙ,0,нет,16:24:110302,735462.91,1050.6613,,,,,нет,нет,нет,нет,нет,да,нет,да,55.54432111920089,49.25940056591577
16:24:110302:430,800.0,Земли населенных пунктов,Учтенный,"Местоположение установлено относительно ориентира, расположенного в границах участка. Почтовый адрес ориентира: Российская Федерация, Республика Татарстан (Татарстан), м.р-н Лаишевский, с.п. Кирбинское, д Травкино, ул Зеленая, з/у 7.",Частная,индивидуальные жилые дома с приусадебными земельными участками,ЖИЛОЙ,0,нет,16:24:110302,797733.2,997.1665,,,,,нет,нет,нет,нет,нет,да,нет,да,55.54286020502535,49.26291958356704
16:24:110302:1359,1194.0,Земли населенных пунктов,Учтенный,"Местоположение установлено относительно ориентира, расположенного в границах участка. Почтовый адрес ориентира: Российская Федерация, Республика Татарстан, Лаишевский муниципальный район, Кирбинское сельское поселение, д Травкино.",Частная,Для индивидуального жилищного строительства,ИЖС,0,нет,16:24:110302,1211003.87,1014.2411,,,,,нет,да,нет,нет,нет,да,нет,да,55.552558106515846,49.27044065282279
16:24:110201:632,500.0,Земли населенных пунктов,Учтенный,"Местоположение установлено относительно ориентира, расположенного в границах участка. Почтовый адрес ориентира: Республика Татарстан, Лаишевский муниципальный район, Кирбинское сельское поселение, д Травкино.",Частная,Для ведения личного подсобного хозяйства,ЛПХ,0,нет,16:24:110201,518227.6,1036.4552,,,,,нет,нет,нет,нет,да,да,нет,да,55.54970348847887,49.26459809530629
16:24:110201:59,1762.0,Земли населенных пунктов,Ранее учтенный,"Местоположение установлено относительно ориентира, расположенного в границах участка. Почтовый адрес ориентира: Российская Федерация, Республика Татарстан (Татарстан), м.р-н Лаишевский, с.п. Кирбинское, д Травкино, ул Озерная, з/у 7.",,Для ведения личного подсобного хозяйства,ЛПХ,0,нет,16:24:110201,1907005.02,1082.3,,,,,да,нет,нет,нет,да,да,нет,да,55.55136649061293,49.26234078220635
16:24:110201:60,,Земли населенных пунктов,Ранее учтенный,"Местоположение установлено относительно ориентира, расположенного в границах участка. Почтовый адрес ориентира: Российская Федерация, Республика Татарстан (Татарстан), м.р-н Лаишевский, с.п. Кирбинское, д Травкино, ул Озерная, з/у 9.",Частная,Для ведения личного подсобного хозяйства,ЛПХ,0,нет,16:24:110201,2002633.22,1077.84,,,,,нет,нет,нет,нет,да,да,нет,да,55.551057869480665,49.26232409010703
16:24:000000:6858,4502.0,Земли сельскохозяйственного назначения,Учтенный,"Российская Федерация, Республика Татарстан, Лаишевский муниципальный район, Кирбинское сельское поселение",Муниципальная,для сельскохозяйственного производства,СХ,0,нет,16:24:000000,11459.39,2.55,,,,,да,нет,нет,нет,нет,нет,нет,нет,55.55084805029327,49.31193869126605
16:24:110201:10,,Земли населенных пунктов,Ранее учтенный,"Местоположение установлено относительно ориентира, расположенного в границах участка. Почтовый адрес ориентира: Российская Федерация, Республика Татарстан (Татарстан), м.р-н Лаишевский, с.п. Кирбинское, д Травкино, ул Садовая, з/у 4.",Частная,Для ведения личного подсобного хозяйства,ЛПХ,0,нет,16:24:110201,1318256.11,1124.79,,,,,нет,нет,нет,нет,да,да,нет,да,55.5505153116006,49.258700450453105
16:24:110302:879,600.0,Земли населенных пунктов,Учтенный,"Местоположение установлено относительно ориентира, расположенного в границах участка. Почтовый адрес ориентира: Российская Федерация, Республика Татарстан (Татарстан), м.р-н Лаишевский, с.п. Кирбинское, д Травкино, ул Свободы, з/у 19.",Частная,Для индивидуального жилищного строительства,ИЖС,0,нет,16:24:110302,547856.34,913.0939,,,,,нет,да,нет,нет,нет,да,нет,да,55.55222092074231,49.278647591126756
16:24:110302:1360,1458.0,Земли населенных пунктов,Учтенный,"Местоположение установлено относительно ориентира, расположенного в границах участка. Почтовый адрес ориентира: Российская Федерация, Республика Татарстан, Лаишевский муниципальный район, Кирбинское сельское поселение, д Травкино.",Частная,Для индивидуального жилищного строительства,ИЖС,0,нет,16:24:110302,1468209.5,1007.0,,,,,нет,да,нет,нет,нет,да,нет,да,55.55158503056303,49.26856339296517
16:24:110201:73,1317.0,Земли населенных пунктов,Ранее учтенный,"Российская Федерация, Республика Татарстан (Татарстан), м.р-н Лаишевский, с.п. Кирбинское, д Травкино, ул Травкинская, з/у 9",Частная,Для ведения личного подсобного хозяйства,ЛПХ,0,нет,16:24:110201,1356098.96,1029.69,,,,,нет,нет,нет,нет,да,да,нет,да,55.552484684600785,49.26621832480759
16:24:110302:1453,725.0,Земли населенных пунктов,Учтенный,"Местоположение установлено относительно ориентира, расположенного в границах участка. Почтовый адрес ориентира: Российская Федерация, Республика Татарстан, Лаишевский муниципальный район, Кирбинское сельское поселение, д Травкино.",Частная,для индивидуального жилищного строительства,ИЖС,0,нет,16:24:110302,725974.4,1001.344,,,,,нет,да,нет,нет,нет,да,нет,да,55.551899512100476,49.26981485682438
16:24:110201:251,1113.0,Земли населенных пунктов,Учтенный,"Местоположение установлено относительно ориентира, расположенного в границах участка. Почтовый адрес ориентира: Российская Федерация, Республика Татарстан (Татарстан), м.р-н Лаишевский, с.п. Кирбинское, д Травкино, ул Пушкина, з/у 5Б.",,для ведения личного подсобного хозяйства,ЛПХ,0,нет,16:24:110201,1127183.18,1012.7432,,,,,да,нет,нет,нет,да,да,нет,да,55.551120597477365,49.26586815786267
16:24:110302:1438,626.0,Земли населенных пунктов,Учтенный,"Местоположение установлено относительно ориентира, расположенного в границах участка. Почтовый адрес ориентира: Российская Федерация, Республика Татарстан, Лаишевский муниципальный район, Кирбинское сельское поселение, д Травкино.",Частная,Для индивидуального жилищного строительства,ИЖС,0,нет,16:24:110302,608712.57,972.38,,,,,нет,да,нет,нет,нет,да,нет,да,55.55097461759825,49.2689249962698
16:24:110201:68,1725.0,Земли населенных пунктов,Ранее учтенный,"Местоположение установлено относительно ориентира, расположенного в границах участка. Почтовый адрес ориентира: Российская Федерация, Республика Татарстан (Татарстан), м.р-н Лаишевский, с.п. Кирбинское, д Травкино, ул Травкинская, з/у 19.",Частная,Личное подсобное хозяйство,ДРУГОЕ,0,нет,16:24:110201,1817905.39,1053.8582,,,,,нет,нет,нет,нет,нет,нет,нет,да,55.552418762345035,49.26486332545154
16:24:110302:1028,1000.0,Земли населенных пунктов,Учтенный,"Местоположение установлено относительно ориентира, расположенного в границах участка. Почтовый адрес ориентира: Республика Татарстан, Лаишевский муниципальный район, Кирбинское сельское поселение, д Травкино.",Частная,Для индивидуального жилищного строительства,ИЖС,0,нет,16:24:110302,939627.0,939.627,,,,,нет,да,нет,нет,нет,да,нет,да,55.552691163033465,49.27578562779667
16:24:110302:816,500.0,Земли населенных пунктов,Учтенный,"Местоположение установлено относительно ориентира, расположенного в границах участка. Почтовый адрес ориентира: Российская Федерация, Республика Татарстан (Татарстан), м.р-н Лаишевский, с.п. Кирбинское, д Травкино, ул Победы, з/у 46.",Частная,Для индивидуального жилищного строительства,ИЖС,0,нет,16:24:110302,448926.7,897.8534,,,,,нет,да,нет,нет,нет,да,нет,да,55.55362805814691,49.28017462317575
16:24:110302:1435,626.0,Земли населенных пунктов,Учтенный,"Местоположение установлено относительно ориентира, расположенного в границах участка. Почтовый адрес ориентира: Российская Федерация, Республика Татарстан, Лаишевский муниципальный район, Кирбинское сельское поселение, д Травкино.",Частная,Для индивидуального жилищного строительства,ИЖС,0,нет,16:24:110302,621402.03,992.66,,,,,нет,да,нет,нет,нет,да,нет,да,55.551615745237726,49.27054389977589
16:24:110302:1358,1061.0,Земли населенных пунктов,Учтенный,"Российская Федерация, Республика Татарстан, Лаишевский муниципальный район, Кирбинское сельское поселение, д Травкино",Частная,Для индивидуального жилищного строительства,ИЖС,0,нет,16:24:110302,1081985.41,1019.7789,,,,,нет,да,нет,нет,нет,да,нет,да,55.55219890512173,49.26886917064875
16:24:110302:1021,1167.0,Земли населенных пунктов,Учтенный,"Местоположение установлено относительно ориентира, расположенного в границах участка. Почтовый адрес ориентира: Республика Татарстан, Лаишевский муниципальный район, Кирбинское сельское поселение, д Травкино.",Частная,Для индивидуального жилищного строительства,ИЖС,0,нет,16:24:110302,1019694.61,873.7743,,,,,нет,да,нет,нет,нет,да,нет,да,55.55197454892439,49.28035041928529
16:24:110302:1458,600.0,Земли населенных пунктов,Учтенный,"Местоположение установлено относительно ориентира, расположенного в границах участка. Почтовый адрес ориентира: Российская Федерация, Республика Татарстан, Лаишевский муниципальный район, Кирбинское сельское поселение, д Травкино.",Частная,для индивидуального жилищного строительства,ИЖС,0,нет,16:24:110302,609846.48,1016.4108,,,,,нет,да,нет,нет,нет,да,нет,да,55.55203797868402,49.26908700831374
16:24:110302:1288,500.0,Земли населенных пунктов,Учтенный,"Российская Федерация, Республика Татарстан (Татарстан), м.р-н Лаишевский, с.п. Кирбинское, д Травкино, ул Дружбы, з/у 16",Частная,Магазины,ДРУГОЕ,0,нет,16:24:110302,450659.65,901.32,,,,,нет,нет,нет,нет,нет,нет,нет,да,55.553104919681125,49.27077628509763
16:24:110302:794,600.0,Земли населенных пунктов,Учтенный,"Местоположение установлено относительно ориентира, расположенного в границах участка. Почтовый адрес ориентира: Российская Федерация, Республика Татарстан (Татарстан), м.р-н Лаишевский, с.п. Кирбинское, д Травкино, ул Сююмбике, з/у 47.",Частная,Для индивидуального жилищного строительства,ИЖС,0,нет,16:24:110302,539455.02,899.0917,,,,,нет,да,нет,нет,нет,да,нет,да,55.55375984547717,49.279529459561516
16:24:110302:1481,1179.0,Земли населенных пунктов,Учтенный,"Местоположение установлено относительно ориентира, расположенного в границах участка. Почтовый адрес ориентира: Российская Федерация, Республика Татарстан, Лаишевский муниципальный район, Кирбинское сельское поселение, д Травкино.",Частная,Для индивидуального жилищного строительства,ИЖС,0,нет,16:24:110302,1138612.06,965.7439,,,,,нет,да,нет,нет,нет,да,нет,да,55.55155466512171,49.27369388458793
16:24:110302:809,600.0,Земли населенных пунктов,Учтенный,"Российская Федерация, Республика Татарстан (Татарстан), м.р-н Лаишевский, с.п. Кирбинское, д Травкино, ул Сююмбике, з/у 49",Частная,Для индивидуального жилищного строительства,ИЖС,0,нет,16:24:110302,538832.28,898.0538,,,,,нет,да,нет,нет,нет,да,нет,да,55.55386364635395,49.28001925900609
16:24:110302:828,600.0,Земли населенных пунктов,Учтенный,"Местоположение установлено относительно ориентира, расположенного в границах участка. Почтовый адрес ориентира: Российская Федерация, Республика Татарстан (Татарстан), м.р-н Лаишевский, с.п. Кирбинское, д Травкино, ул Свободы, з/у 4.",Частная,Для индивидуального жилищного строительства,ИЖС,0,нет,16:24:110302,575260.68,958.7678,,,,,нет,да,нет,нет,нет,да,нет,да,55.55159747738425,49.27511743116742
16:24:110302:1428,626.0,Земли населенных пунктов,Учтенный,"Местоположение установлено относительно ориентира, расположенного в границах участка. Почтовый адрес ориентира: Российская Федерация, Республика Татарстан, Лаишевский муниципальный район, Кирбинское сельское поселение, д Травкино.",Частная,Для индивидуального жилищного строительства,ИЖС,0,нет,16:24:110302,608334.59,971.78,,,,,нет,да,нет,нет,нет,да,нет,да,55.55123752787389,49.27011667615144
16:24:110302:666,1014.0,Земли населенных пунктов,Учтенный,"Российская Федерация, Республика Татарстан (Татарстан), м.р-н Лаишевский, с.п. Кирбинское, д Травкино, ул Березовая, з/у 26",Частная,Для индивидуального жилищного строительства,ИЖС,0,нет,16:24:110302,980246.88,966.7129,,,,,нет,да,нет,нет,нет,да,нет,да,55.55465631087928,49.27636477940868
16:24:110302:697,1018.0,Земли населенных пунктов,Учтенный,"Российская Федерация, Республика Татарстан (Татарстан), м.р-н Лаишевский, с.п. Кирбинское, д Травкино, ул Березовая, з/у 43",Частная,Для индивидуального жилищного строительства,ИЖС,0,нет,16:24:110302,872878.3,857.4443,,,,,нет,да,нет,нет,нет,да,нет,да,55.55578382977483,49.281902753018294
16:24:110302:781,600.0,Земли населенных пунктов,Учтенный,"Местоположение установлено относительно ориентира, расположенного в границах участка. Почтовый адрес ориентира: Российская Федерация, Республика Татарстан (Татарстан), м.р-н Лаишевский, с.п. Кирбинское, д Травкино, ул Сююмбике, з/у 21.",Частная,Для индивидуального жилищного строительства,ИЖС,0,нет,16:24:110302,563776.2,939.627,,,,,нет,да,нет,нет,нет,да,нет,да,55.55296688800787,49.27578742704994
16:24:110302:789,600.0,Земли населенных пунктов,Учтенный,"Российская Федерация, Республика Татарстан (Татарстан), м.р-н Лаишевский, с.п. Кирбинское, д Травкино, ул Сююмбике, з/у 37",Частная,Для индивидуального жилищного строительства,ИЖС,0,нет,16:24:110302,552503.94,920.8399,,,,,нет,да,нет,нет,нет,да,нет,да,55.553445352842516,49.278045258022686
16:24:110302:798,500.0,Земли населенных пунктов,Учтенный,"Местоположение установлено относительно ориентира, расположенного в границах участка. Почтовый адрес ориентира: Российская Федерация, Республика Татарстан (Татарстан), м.р-н Лаишевский, с.п. Кирбинское, д Травкино, ул Победы, з/у 24.",Частная,Для индивидуального жилищного строительства,ИЖС,0,нет,16:24:110302,468921.0,937.842,,,,,нет,да,нет,нет,нет,да,нет,да,55.55285711824581,49.276536416327644
16:24:110201:249,899.0,Земли населенных пунктов,Учтенный,"Местоположение установлено относительно ориентира, расположенного в границах участка. Почтовый адрес ориентира: Российская Федерация, Республика Татарстан (Татарстан), м.р-н Лаишевский, с.п. Кирбинское, д Травкино, ул Травкинская, з/у 10а.",,Для ведения личного подсобного хозяйства,ЛПХ,0,нет,16:24:110201,926443.32,1030.5265,,,,,да,нет,нет,нет,да,да,нет,да,55.55193257638598,49.26556219124939
16:24:110302:1451,725.0,Земли населенных пунктов,Учтенный,"Местоположение установлено относительно ориентира, расположенного в границах участка. Почтовый адрес ориентира: Российская Федерация, Республика Татарстан, Лаишевский муниципальный район, Кирбинское сельское поселение, д Травкино.",Частная,для индивидуального жилищного строительства,ИЖС,0,нет,16:24:110302,728776.74,1005.2093,,,,,нет,да,нет,нет,нет,да,нет,да,55.55178248638532,49.2692628506178
16:24:110302:945,1140.0,Земли населенных пунктов,Учтенный,"Местоположение установлено относительно ориентира, расположенного в границах участка. Почтовый адрес ориентира: Российская Федерация, Республика Татарстан (Татарстан), м.р-н Лаишевский, с.п. Кирбинское, д Травкино, ул Дружбы, з/у 13.",Частная,Для индивидуального жилищного строительства,ИЖС,0,нет,16:24:110302,1089555.91,955.7508,,,,,нет,да,нет,нет,нет,да,нет,да,55.55314243106483,49.27433381978282
16:24:110302:729,790.0,Земли населенных пунктов,Учтенный,"Российская Федерация, Республика Татарстан (Татарстан), м.р-н Лаишевский, с.п. Кирбинское, д Травкино, ул Дружбы, з/у 25",Частная,Для индивидуального жилищного строительства,ИЖС,0,нет,16:24:110302,740526.33,937.3751,,,,,нет,да,нет,нет,нет,да,нет,да,55.55379858262897,49.276635046272546
16:24:110302:836,521.0,Земли населенных пунктов,Учтенный,"Российская Федерация, Республика Татарстан (Татарстан), м.р-н Лаишевский, с.п. Кирбинское, д Травкино, ул Победы, з/у 21",Частная,Для индивидуального жилищного строительства,ИЖС,0,нет,16:24:110302,482635.7,926.3641,,,,,нет,да,нет,нет,нет,да,нет,да,55.55264308651514,49.27733647437107
16:24:110302:1357,1068.0,Земли населенных пунктов,Учтенный,"Местоположение установлено относительно ориентира, расположенного в границах участка. Почтовый адрес ориентира: Российская Федерация, Республика Татарстан, Лаишевский муниципальный район, Кирбинское сельское поселение, д Травкино.",Частная,Для индивидуального жилищного строительства,ИЖС,0,нет,16:24:110302,1090243.88,1020.83,,,,,нет,да,нет,нет,нет,да,нет,да,55.55200633540024,49.268109793531224
16:24:110201:283,3627.0,Земли населенных пунктов,Учтенный,"Местоположение установлено относительно ориентира, расположенного в границах участка. Почтовый адрес ориентира: Российская Федерация, Республика Татарстан (Татарстан), м.р-н Лаишевский, с.п. Кирбинское, д Травкино, ул Озерная, з/у 31.",,Для ведения личного подсобного хозяйства(приусадебные участки),ЛПХ,0,нет,16:24:110201,3678699.26,1014.254,,,,,да,нет,нет,нет,да,да,нет,да,55.54823873700527,49.265437301405896
16:24:110302:481,600.0,Земли населенных пунктов,Учтенный,"Местоположение установлено относительно ориентира, расположенного в границах участка. Почтовый адрес ориентира: Российская Федерация, Республика Татарстан (Татарстан), м.р-н Лаишевский, с.п. Кирбинское, д Травкино, ул Луговая, з/у 4.",Частная,индивидуальные жилые дома с приусадебными земельными участками,ЖИЛОЙ,0,нет,16:24:110302,652354.02,1087.2567,,,,,нет,нет,нет,нет,нет,да,нет,да,55.545880894963034,49.25805482099965
16:24:110302:765,600.0,Земли населенных пунктов,Учтенный,"Российская Федерация, Республика Татарстан (Татарстан), м.р-н Лаишевский, с.п. Кирбинское, д Травкино, ул Сююмбике, з/у 5",Частная,Для индивидуального жилищного строительства,ИЖС,0,нет,16:24:110302,585764.22,976.2737,,,,,нет,да,нет,нет,нет,да,нет,да,55.552155866748215,49.27322778295749
16:24:110201:149,1500.0,Земли населенных пунктов,Учтенный,"Местоположение установлено относительно ориентира, расположенного в границах участка. Почтовый адрес ориентира: Российская Федерация, Республика Татарстан (Татарстан), м.р-н Лаишевский, с.п. Кирбинское, д Травкино, ул Травкинская, з/у 29А.",Частная,Для ведения личного подсобного хозяйства,ЛПХ,0,нет,16:24:110201,1620823.8,1080.5492,,,,,нет,нет,нет,нет,да,да,нет,да,55.552216323168274,49.26315094271666
16:24:110201:56,,Земли населенных пунктов,Ранее учтенный,"Местоположение установлено относительно ориентира, расположенного в границах участка. Почтовый адрес ориентира: Российская Федерация, Республика Татарстан (Татарстан), м.р-н Лаишевский, с.п. Кирбинское, д Травкино, ул Озерная, з/у 1.",Частная,Для ведения личного подсобного хозяйства,ЛПХ,0,нет,16:24:110201,1901917.23,1112.23,,,,,нет,нет,нет,нет,да,да,нет,да,55.552096247302764,49.26141641257277
16:24:110302:825,600.0,Земли населенных пунктов,Учтенный,"Местоположение установлено относительно ориентира, расположенного в границах участка. Почтовый адрес ориентира: Российская Федерация, Республика Татарстан (Татарстан), м.р-н Лаишевский, с.п. Кирбинское, д Травкино, ул Победы, з/у 7.",Частная,Для индивидуального жилищного строительства,ИЖС,0,нет,16:24:110302,568600.92,947.6682,,,,,нет,да,нет,нет,нет,да,нет,да,55.55191275991867,49.27524777011855
16:24:110201:258,2000.0,Земли населенных пунктов,Учтенный,"Местоположение установлено относительно ориентира, расположенного в границах участка. Почтовый адрес ориентира: Российская Федерация, Республика Татарстан (Татарстан), м.р-н Лаишевский, с.п. Кирбинское, д Травкино, ул Травкинская, з/у 27А.",Частная,Для ведения личного подсобного хозяйства,ЛПХ,0,нет,16:24:110201,2161752.0,1080.876,,,,,нет,нет,нет,нет,да,да,нет,да,55.552311836076875,49.26353542137598
16:24:230301:324,1124240.0,Земли сельскохозяйственного назначения,Учтенный,"Российская Федерация, Республика Татарстан, Лаишевский муниципальный район, Нармонское сельское поселение",,для сельскохозяйственного производства,СХ,0,нет,16:24:230301,3720672.28,3.31,,,,,да,нет,нет,нет,нет,нет,нет,нет,55.54037747669733,49.26578272535327
16:24:110302:842,600.0,Земли населенных пунктов,Учтенный,"Российская Федерация, Республика Татарстан (Татарстан), м.р-н Лаишевский, с.п. Кирбинское, д Травкино, ул Победы, з/у 33",Частная,Для индивидуального жилищного строительства,ИЖС,0,нет,16:24:110302,547952.16,913.2536,,,,,нет,да,нет,нет,нет,да,нет,да,55.55299901686313,49.279016173913035
16:24:110302:1292,544.0,Земли населенных пунктов,Учтенный,"Российская Федерация, Республика Татарстан, муниципальный район Лаишевский, сельское поселение Кирбинское, деревня Травкино, улица Березовая, земельный участок 35",Частная,Для индивидуального жилищного строительства,ИЖС,0,нет,16:24:110302,493752.03,907.6324,,,,,нет,да,нет,нет,нет,да,нет,да,55.55537569814506,49.279386000627426
16:24:110302:811,600.0,Земли населенных пунктов,Учтенный,"Российская Федерация, Республика Татарстан (Татарстан), м.р-н Лаишевский, с.п. Кирбинское, д Травкино, ул Сююмбике, з/у 53",Частная,Для индивидуального жилищного строительства,ИЖС,0,нет,16:24:110302,531544.02,885.9067,,,,,нет,да,нет,нет,нет,да,нет,да,55.553989403639434,49.28061295550454
16:24:110302:821,790.0,Земли населенных пунктов,Учтенный,"Российская Федерация, Республика Татарстан (Татарстан), м.р-н Лаишевский, с.п. Кирбинское, д Травкино, ул Победы, з/у 56",Частная,Для индивидуального жилищного строительства,ИЖС,0,нет,16:24:110302,698012.48,883.5601,,,,,нет,да,нет,нет,нет,да,нет,да,55.55397500234992,49.28173656454562
16:24:110201:247,2237.0,Земли населенных пунктов,Учтенный,"Местоположение установлено относительно ориентира, расположенного в границах участка. Почтовый адрес ориентира: Российская Федерация, Республика Татарстан (Татарстан), м.р-н Лаишевский, с.п. Кирбинское, д Травкино, ул Травкинская, з/у 33А.",,Для ведения личного подсобного хозяйства,ЛПХ,0,нет,16:24:110201,2446441.14,1093.6259,,,,,да,нет,нет,нет,да,да,нет,да,55.55198840022868,49.26231302174708
16:24:110201:76,1449.0,Земли населенных пунктов,Ранее учтенный,"Местоположение установлено относительно ориентира, расположенного в границах участка. Почтовый адрес ориентира: Российская Федерация, Республика Татарстан (Татарстан), м.р-н Лаишевский, с.п. Кирбинское, д Травкино, ул Травкинская, з/у 3.",Частная,Ведение личного подсобного хозяйства,ЛПХ,0,нет,16:24:110201,1510037.97,1042.1242,,,,,нет,нет,нет,нет,да,да,нет,да,55.55277987043186,49.267117572678906
16:24:110302:509,700.0,Земли населенных пунктов,Учтенный,"Местоположение установлено относительно ориентира, расположенного в границах участка. Почтовый адрес ориентира: Российская Федерация, Республика Татарстан (Татарстан), м.р-н Лаишевский, с.п. Кирбинское, д Травкино, ул Солнечная, з/у 18.",Частная,индивидуальные жилые дома с приусадебными земельными участками,ЖИЛОЙ,0,нет,16:24:110302,733941.67,1048.4881,,,,,нет,нет,нет,нет,нет,да,нет,да,55.54502002040253,49.26090983338177
16:24:110302:644,993.0,Земли населенных пунктов,Учтенный,"Российская Федерация, Республика Татарстан (Татарстан), м.р-н Лаишевский, с.п. Кирбинское, д Травкино, ул Березовая, з/у 12",Частная,Для индивидуального жилищного строительства,ИЖС,0,нет,16:24:110302,996927.81,1003.9555,,,,,нет,да,нет,нет,нет,да,нет,да,55.55364963036542,49.27164297316856
16:24:110302:1260,528.0,Земли населенных пунктов,Учтенный,"Российская Федерация, Республика Татарстан (Татарстан), м.р-н Лаишевский, с.п. Кирбинское, д Травкино, ул Вишневая, з/у 26А",Частная,индивидуальные жилые дома с приусадебными земельными участками,ЖИЛОЙ,0,нет,16:24:110302,547212.18,1036.3867,,,,,нет,нет,нет,нет,нет,да,нет,да,55.545746764085166,49.26185957850715
16:24:110201:634,1500.0,Земли населенных пунктов,Учтенный,"Российская Федерация, Республика Татарстан (Татарстан), м.р-н Лаишевский, с.п. Кирбинское, д Травкино, ул Озерная, з/у 17А",Частная,Для ведения личного подсобного хозяйства,ЛПХ,0,нет,16:24:110201,1525406.55,1016.9377,,,,,нет,нет,нет,нет,да,да,нет,да,55.549774854837224,49.26546243453014
16:24:110302:928,731.0,Земли населенных пунктов,Учтенный,"Российская Федерация, Республика Татарстан (Татарстан), м.р-н Лаишевский, с.п. Кирбинское, д Травкино, ул Дружбы, з/у 58",Частная,Для индивидуального жилищного строительства,ИЖС,0,нет,16:24:110302,676089.91,924.8836,,,,,нет,да,нет,нет,нет,да,нет,да,55.55463414039671,49.278829843029406
16:24:110201:638,492.0,Земли населенных пунктов,Учтенный,"Российская Федерация, Республика Татарстан (Татарстан), м.р-н Лаишевский, с.п. Кирбинское, д Травкино, ул Озерная, з/у 22Е",Частная,Улично-дорожная сеть ,ДРУГОЕ,0,нет,16:24:110201,330971.25,672.71,,,,,нет,нет,нет,нет,нет,нет,нет,да,55.548230566606634,49.26383374044652
16:24:110201:49,972.0,Земли населенных пунктов,Ранее учтенный,"Местоположение установлено относительно ориентира, расположенного в границах участка. Почтовый адрес ориентира: Российская Федерация, Республика Татарстан (Татарстан), м.р-н Лаишевский, с.п. Кирбинское, д Травкино, ул Дачная, з/у 15.",,Ведение личного подсобного хозяйства,ЛПХ,0,нет,16:24:110201,1036200.7,1066.0501,,,,,да,нет,нет,нет,да,да,нет,да,55.54744549163826,49.26165792172008
16:24:110302:511,700.0,Земли населенных пунктов,Учтенный,"Местоположение установлено относительно ориентира, расположенного в границах участка. Почтовый адрес ориентира: Российская Федерация, Республика Татарстан (Татарстан), м.р-н Лаишевский, с.п. Кирбинское, д Травкино, ул Солнечная, з/у 22.",Частная,индивидуальные жилые дома с приусадебными земельными участками,ЖИЛОЙ,0,нет,16:24:110302,733941.67,1048.4881,,,,,нет,нет,нет,нет,нет,да,нет,да,55.54515874950007,49.26149441199501
16:24:110302:468,600.0,Земли населенных пунктов,Учтенный,"Местоположение установлено относительно ориентира, расположенного в границах участка. Почтовый адрес ориентира: Российская Федерация, Республика Татарстан (Татарстан), м.р-н Лаишевский, с.п. Кирбинское, д Травкино, ул Вишневая, з/у 11.",Частная,индивидуальные жилые дома с приусадебными земельными участками,ЖИЛОЙ,0,нет,16:24:110302,649859.88,1083.0998,,,,,нет,нет,нет,нет,нет,да,нет,да,55.54608054433809,49.26012684318263
16:24:110201:45,1128.0,Земли населенных пунктов,Ранее учтенный,"Местоположение установлено относительно ориентира, расположенного в границах участка. Почтовый адрес ориентира: Российская Федерация, Республика Татарстан (Татарстан), м.р-н Лаишевский, с.п. Кирбинское, д Травкино, ул Дачная, з/у 9.",Частная,Для ведения личного подсобного хозяйства,ЛПХ,0,нет,16:24:110201,1199113.52,1063.0439,,,,,нет,нет,нет,нет,да,да,нет,да,55.54806464509784,49.26151801954732
16:24:110302:835,600.0,Земли населенных пунктов,Учтенный,"Российская Федерация, Республика Татарстан (Татарстан), м.р-н Лаишевский, с.п. Кирбинское, д Травкино, ул Победы, з/у 19",Частная,Для индивидуального жилищного строительства,ИЖС,0,нет,16:24:110302,555818.46,926.3641,,,,,нет,да,нет,нет,нет,да,нет,да,55.55258350154713,49.27705526876544
16:24:110302:443,908.0,Земли населенных пунктов,Учтенный,"Местоположение установлено относительно ориентира, расположенного в границах участка. Почтовый адрес ориентира: Российская Федерация, Республика Татарстан (Татарстан), м.р-н Лаишевский, с.п. Кирбинское, д Травкино, ул Луговая, з/у 15.",Частная,индивидуальные жилые дома с приусадебными земельными участками,ЖИЛОЙ,0,нет,16:24:110302,977778.53,1076.8486,,,,,нет,нет,нет,нет,нет,да,нет,да,55.54701919165898,49.26118122703259
16:24:110302:583,1050.0,Земли населенных пунктов,Учтенный,"Местоположение установлено относительно ориентира, расположенного в границах участка. Почтовый адрес ориентира: Российская Федерация, Республика Татарстан (Татарстан), м.р-н Лаишевский, с.п. Кирбинское, д Травкино, ул Солнечная, з/у 15.",Частная,индивидуальные жилые дома с приусадебными земельными участками,ЖИЛОЙ,0,нет,16:24:110302,1110965.31,1058.0622,,,,,нет,нет,нет,нет,нет,да,нет,да,55.54538664723281,49.26052630207668
16:24:110201:36,1532.0,Земли населенных пунктов,Ранее учтенный,"Местоположение установлено относительно ориентира, расположенного в границах участка. Почтовый адрес ориентира: Российская Федерация, Республика Татарстан (Татарстан), м.р-н Лаишевский, с.п. Кирбинское, д Травкино, ул Дачная, з/у 5.",,ведение личного подсобного хозяйства,ЛПХ,0,нет,16:24:110201,1618138.39,1056.2261,,,,,да,нет,нет,нет,да,да,нет,да,55.5486497092792,49.26104929649734
16:24:110201:336,1795.0,Земли населенных пунктов,Учтенный,"Российская Федерация, Республика Татарстан (Татарстан), м.р-н Лаишевский, с.п. Кирбинское, д Травкино, ул Дачная, з/у 13",Частная,Для ведения личного подсобного хозяйства,ЛПХ,0,нет,16:24:110201,1918222.98,1068.6479,,,,,нет,нет,нет,нет,да,да,нет,да,55.5476921337599,49.26173573904356
16:24:110302:768,600.0,Земли населенных пунктов,Учтенный,"Местоположение установлено относительно ориентира, расположенного в границах участка. Почтовый адрес ориентира: Российская Федерация, Республика Татарстан (Татарстан), м.р-н Лаишевский, с.п. Кирбинское, д Травкино, ул Сююмбике, з/у 11.",Частная,Для индивидуального жилищного строительства,ИЖС,0,нет,16:24:110302,575018.52,958.3642,,,,,нет,да,нет,нет,нет,да,нет,да,55.55234463190669,49.27411825331054
16:24:110302:506,700.0,Земли населенных пунктов,Учтенный,"Местоположение установлено относительно ориентира, расположенного в границах участка. Почтовый адрес ориентира: Российская Федерация, Республика Татарстан (Татарстан), м.р-н Лаишевский, с.п. Кирбинское, д Травкино, ул Солнечная, з/у 26.",Частная,индивидуальные жилые дома с приусадебными земельными участками,ЖИЛОЙ,0,нет,16:24:110302,721636.58,1030.9094,,,,,нет,нет,нет,нет,нет,да,нет,да,55.54536258564082,49.26212287516621
16:24:110302:609,2145.0,Земли населенных пунктов,Учтенный,"Местоположение установлено относительно ориентира, расположенного в границах участка. Почтовый адрес ориентира: Российская Федерация, Республика Татарстан (Татарстан), м.р-н Лаишевский, с.п. Кирбинское, кв-л 302, з/у 609.",Муниципальная;Частная,улично-дорожная сеть,ДРУГОЕ,0,нет,16:24:110302,1447222.49,674.7,,,,,да,нет,нет,нет,нет,нет,нет,да,55.54695943823463,49.259902626473405
16:24:110201:41,1978.0,Земли населенных пунктов,Ранее учтенный,"Местоположение установлено относительно ориентира, расположенного в границах участка. Почтовый адрес ориентира: Российская Федерация, Республика Татарстан (Татарстан), м.р-н Лаишевский, с.п. Кирбинское, д Травкино, ул Озерная, з/у 16.",,Личное подсобное хозяйство,ДРУГОЕ,0,нет,16:24:110201,2048417.59,1035.6004,,,,,да,нет,нет,нет,нет,нет,нет,да,55.548787223076616,49.26314176421403
16:24:110201:122,2581.0,Земли населенных пунктов,Ранее учтенный,"Республика Татарстан, р-н. Лаишевский, д. Травкино",,Для ведения личного подсобного хозяйства,ЛПХ,0,нет,16:24:110201,2525039.27,978.3182,,,,,да,нет,нет,нет,да,да,нет,да,55.54873334539405,49.26824083854251
16:24:110302:462,686.0,Земли населенных пунктов,Учтенный,"Российская Федерация, Республика Татарстан (Татарстан), м.р-н Лаишевский, с.п. Кирбинское, д Травкино, ул Вишневая, з/у 19",Частная,индивидуальные жилые дома с приусадебными земельными участками,ЖИЛОЙ,0,нет,16:24:110302,726348.32,1058.8168,,,,,нет,нет,нет,нет,нет,да,нет,да,55.5463277799704,49.261418160192775
16:24:110302:427,800.0,Земли населенных пунктов,Учтенный,"Местоположение установлено относительно ориентира, расположенного в границах участка. Почтовый адрес ориентира: Российская Федерация, Республика Татарстан (Татарстан), м.р-н Лаишевский, с.п. Кирбинское, д Травкино, ул Светлая, з/у 12.",Частная,индивидуальные жилые дома с приусадебными земельными участками,ЖИЛОЙ,0,нет,16:24:110302,797733.2,997.1665,,,,,нет,нет,нет,нет,нет,да,нет,да,55.54302109157885,49.26234289340363
16:24:110302:448,493.0,Земли населенных пунктов,Учтенный,"Местоположение установлено относительно ориентира, расположенного в границах участка. Почтовый адрес ориентира: Российская Федерация, Республика Татарстан (Татарстан), м.р-н Лаишевский, с.п. Кирбинское, д Травкино, ул Солнечная, з/у 2.",Частная,индивидуальные жилые дома с приусадебными земельными участками,ЖИЛОЙ,0,нет,16:24:110302,509305.53,1033.0741,,,,,нет,нет,нет,нет,нет,да,нет,да,55.544414983717175,49.25836076933522
16:24:110302:624,15995.0,Земли населенных пунктов,Учтенный,"Местоположение установлено относительно ориентира, расположенного в границах участка. Почтовый адрес ориентира: Республика Татарстан, Лаишевский муниципальный район, Кирбинское сельское поселение.",Муниципальная;Частная,улично-дорожная сеть,ДРУГОЕ,0,нет,16:24:110302,10582963.79,661.64,,,,,да,нет,нет,нет,нет,нет,нет,да,55.543494190002306,49.26091738531293
16:24:110302:390,700.0,Земли населенных пунктов,Учтенный,"Местоположение установлено относительно ориентира, расположенного в границах участка. Почтовый адрес ориентира: Российская Федерация, Республика Татарстан (Татарстан), м.р-н Лаишевский, с.п. Кирбинское, д Травкино, ул Радужная, з/у 14.",Частная,индивидуальные жилые дома с приусадебными земельными участками,ЖИЛОЙ,0,нет,16:24:110302,726140.1,1037.343,,,,,нет,нет,нет,нет,нет,да,нет,да,55.544290183656265,49.26129676405074
16:24:110302:433,800.0,Земли населенных пунктов,Учтенный,"Местоположение установлено относительно ориентира, расположенного в границах участка. Почтовый адрес ориентира: Российская Федерация, Республика Татарстан (Татарстан), м.р-н Лаишевский, с.п. Кирбинское, д Травкино, ул Светлая, з/у 6.",Частная,индивидуальные жилые дома с приусадебными земельными участками,ЖИЛОЙ,0,нет,16:24:110302,803490.72,1004.3634,,,,,нет,нет,нет,нет,нет,да,нет,да,55.54258538897227,49.26044900908249
16:24:110302:398,700.0,Земли населенных пунктов,Учтенный,"Местоположение установлено относительно ориентира, расположенного в границах участка. Почтовый адрес ориентира: Российская Федерация, Республика Татарстан (Татарстан), м.р-н Лаишевский, с.п. Кирбинское, д Травкино, ул Радужная, з/у 8.",Частная,индивидуальные жилые дома с приусадебными земельными участками,ЖИЛОЙ,0,нет,16:24:110302,721538.86,1030.7698,,,,,нет,нет,нет,нет,нет,да,нет,да,55.54389349056952,49.2597121955022
16:24:110302:425,792.0,Земли населенных пунктов,Учтенный,"Местоположение установлено относительно ориентира, расположенного в границах участка. Почтовый адрес ориентира: Российская Федерация, Республика Татарстан (Татарстан), м.р-н Лаишевский, с.п. Кирбинское, д Травкино, ул Рябиновая, з/у 22.",Частная,индивидуальные жилые дома с приусадебными земельными участками,ЖИЛОЙ,0,нет,16:24:110302,790750.94,998.4229,,,,,нет,нет,нет,нет,нет,да,нет,да,55.54260824005233,49.262121379167276
16:24:110302:397,700.0,Земли населенных пунктов,Учтенный,"Местоположение установлено относительно ориентира, расположенного в границах участка. Почтовый адрес ориентира: Российская Федерация, Республика Татарстан (Татарстан), м.р-н Лаишевский, с.п. Кирбинское, д Травкино, ул Радужная, з/у 12.",Частная,индивидуальные жилые дома с приусадебными земельными участками,ЖИЛОЙ,0,нет,16:24:110302,721821.8,1031.174,,,,,нет,нет,нет,нет,нет,да,нет,да,55.544060088459446,49.26027047395846
16:24:110302:392,700.0,Земли населенных пунктов,Учтенный,"Местоположение установлено относительно ориентира, расположенного в границах участка. Почтовый адрес ориентира: Российская Федерация, Республика Татарстан (Татарстан), м.р-н Лаишевский, с.п. Кирбинское, д Травкино, ул Радужная, з/у 18.",Частная,индивидуальные жилые дома с приусадебными земельными участками,ЖИЛОЙ,0,нет,16:24:110302,718851.63,1026.9309,,,,,нет,нет,нет,нет,нет,да,нет,да,55.544417170914706,49.261918545887
16:24:110302:374,799.0,Земли населенных пунктов,Учтенный,"Местоположение установлено относительно ориентира, расположенного в границах участка. Почтовый адрес ориентира: Российская Федерация, Республика Татарстан (Татарстан), м.р-н Лаишевский, с.п. Кирбинское, д Травкино, ул Рябиновая, з/у 14.",Частная,индивидуальные жилые дома с приусадебными земельными участками,ЖИЛОЙ,0,нет,16:24:110302,815910.04,1021.16,,,,,нет,нет,нет,нет,нет,да,нет,да,55.543433402159415,49.26157735302771
16:24:110302:1006,517.0,Земли населенных пунктов,Учтенный,"Российская Федерация, Республика Татарстан (Татарстан), м.р-н Лаишевский, с.п. Кирбинское, д Травкино, ул Мира, з/у 53",Частная,Для индивидуального жилищного строительства,ИЖС,0,нет,16:24:110302,422704.84,817.6109,,,,,нет,да,нет,нет,нет,да,нет,да,55.55073336272644,49.281497386930006
16:24:110302:717,800.0,Земли населенных пунктов,Учтенный,"Местоположение установлено относительно ориентира, расположенного в границах участка. Почтовый адрес ориентира: Российская Федерация, Республика Татарстан (Татарстан), м.р-н Лаишевский, с.п. Кирбинское, д Травкино, ул Сююмбике, з/у 8.",Частная,Для индивидуального жилищного строительства,ИЖС,0,нет,16:24:110302,782316.64,977.8958,,,,,нет,да,нет,нет,нет,да,нет,да,55.55260589286149,49.27287757299527
16:24:110201:52,997.0,Земли населенных пунктов,Ранее учтенный,"Местоположение установлено относительно ориентира, расположенного в границах участка. Почтовый адрес ориентира: Российская Федерация, Республика Татарстан (Татарстан), м.р-н Лаишевский, с.п. Кирбинское, д Травкино, ул Тукая, з/у 1.",Частная,Ведение личного подсобного хозяйства,ЛПХ,0,нет,16:24:110201,1038375.7,1041.5,,,,,нет,нет,нет,нет,да,да,нет,да,55.54808808798426,49.2631029777978
16:24:110302:984,837.0,Земли населенных пунктов,Учтенный,"Российская Федерация, Республика Татарстан (Татарстан), м.р-н Лаишевский, с.п. Кирбинское, д Травкино, ул Мира, з/у 25",Частная,Для индивидуального жилищного строительства,ИЖС,0,нет,16:24:110302,724663.97,865.7873,,,,,нет,да,нет,нет,нет,да,нет,да,55.55129857000309,49.27994957409756
16:24:110302:508,700.0,Земли населенных пунктов,Учтенный,"Местоположение установлено относительно ориентира, расположенного в границах участка. Почтовый адрес ориентира: Российская Федерация, Республика Татарстан (Татарстан), м.р-н Лаишевский, с.п. Кирбинское, д Травкино, ул Солнечная, з/у 16.",Частная,индивидуальные жилые дома с приусадебными земельными участками,ЖИЛОЙ,0,нет,16:24:110302,733969.04,1048.5272,,,,,нет,нет,нет,нет,нет,да,нет,да,55.544950645794174,49.260617561406264
16:24:110302:993,500.0,Земли населенных пунктов,Учтенный,"Местоположение установлено относительно ориентира, расположенного в границах участка. Почтовый адрес ориентира: Российская Федерация, Республика Татарстан (Татарстан), м.р-н Лаишевский, с.п. Кирбинское, д Травкино, ул Мира, з/у 56.",Частная,Для индивидуального жилищного строительства,ИЖС,0,нет,16:24:110302,429073.8,858.1476,,,,,нет,да,нет,нет,нет,да,нет,да,55.55125703433187,49.280841473196624
16:24:110302:410,800.0,Земли населенных пунктов,Учтенный,"Местоположение установлено относительно ориентира, расположенного в границах участка. Почтовый адрес ориентира: Российская Федерация, Республика Татарстан (Татарстан), м.р-н Лаишевский, с.п. Кирбинское, д Травкино, ул Цветочная, з/у 10.",Частная,индивидуальные жилые дома с приусадебными земельными участками,ЖИЛОЙ,0,нет,16:24:110302,816933.84,1021.1673,,,,,нет,нет,нет,нет,нет,да,нет,да,55.54339679665486,49.260708567274676
16:24:110302:1430,626.0,Земли населенных пунктов,Учтенный,"Местоположение установлено относительно ориентира, расположенного в границах участка. Почтовый адрес ориентира: Российская Федерация, Республика Татарстан, Лаишевский муниципальный район, Кирбинское сельское поселение, д Травкино.",Частная,Для индивидуального жилищного строительства,ИЖС,0,нет,16:24:110302,608334.59,971.78,,,,,нет,да,нет,нет,нет,да,нет,да,55.551363351330544,49.27071023828715
16:24:110302:498,700.0,Земли населенных пунктов,Учтенный,"Местоположение установлено относительно ориентира, расположенного в границах участка. Почтовый адрес ориентира: Российская Федерация, Республика Татарстан (Татарстан), м.р-н Лаишевский, с.п. Кирбинское, д Травкино, ул Вишневая, з/у 22.",Частная,индивидуальные жилые дома с приусадебными земельными участками,ЖИЛОЙ,0,нет,16:24:110302,741980.68,1059.9724,,,,,нет,нет,нет,нет,нет,да,нет,да,55.54590989419384,49.26131761067054
16:24:110201:683,1000.0,Земли населенных пунктов,Учтенный,"Российская Федерация, Республика Татарстан (Татарстан), м.р-н Лаишевский, с.п. Кирбинское, д Травкино, ул Пушкина, з/у 2",Частная,Для ведения личного подсобного хозяйства,ЛПХ,0,нет,16:24:110201,1003704.7,1003.7,,,,,нет,нет,нет,нет,да,да,нет,да,55.55024624227924,49.26609192902203
16:24:110302:1946,1356.0,Земли населенных пунктов,Учтенный,"Российская Федерация, Республика Татарстан, Лаишевский муниципальный район, Кирбинское сельское поселение, д Травкино",Частная,"""Бытовое обслуживание 3.3"",""Магазин 4.4""",ДРУГОЕ,0,нет,16:24:110302,2734537.13,2016.62,,,,,нет,нет,нет,нет,нет,нет,нет,да,55.547174891075656,49.2628655477218
16:24:110302:1951,1000.0,Земли населенных пунктов,Учтенный,"Российская Федерация, Республика Татарстан (Татарстан), м.р-н Лаишевский, с.п. Кирбинское, д Травкино, ул. Калинина, з/у 9",Частная,Для индивидуального жилищного строительства,ИЖС,0,нет,16:24:110302,916252.2,916.25,,,,,нет,да,нет,нет,нет,да,нет,да,55.544895301462475,49.26656062056907
16:24:110302:1959,1070.0,Земли населенных пунктов,Учтенный,"Российская Федерация, Республика Татарстан, Лаишевский муниципальный район, Кирбинское сельское поселение, д Травкино",Частная,Для индивидуального жилищного строительства,ИЖС,0,нет,16:24:110302,911586.29,851.95,,,,,нет,да,нет,нет,нет,да,нет,да,55.54415180546887,49.26785035675431
16:24:110302:1967,1000.0,Земли населенных пунктов,Учтенный,"Российская Федерация, Республика Татарстан, Лаишевский муниципальный район, Кирбинское сельское поселение, д Травкино",Частная,Для индивидуального жилищного строительства,ИЖС,0,нет,16:24:110302,893082.0,893.08,,,,,нет,да,нет,нет,нет,да,нет,да,55.545599575500674,49.268569804681036
16:24:110302:1992,1005.0,Земли населенных пунктов,Учтенный,"Российская Федерация, Республика Татарстан (Татарстан), м.р-н Лаишевский, с.п. Кирбинское, д Травкино, ул. Залесная, з/у 29",Частная,Для индивидуального жилищного строительства,ИЖС,0,нет,16:24:110302,903998.71,899.5,,,,,нет,да,нет,нет,нет,да,нет,да,55.543090563001336,49.26604511733933
16:24:110302:1990,1005.0,Земли населенных пунктов,Учтенный,"Российская Федерация, Республика Татарстан, Лаишевский муниципальный район, Кирбинское сельское поселение, д Травкино",Частная,Для индивидуального жилищного строительства,ИЖС,0,нет,16:24:110302,883238.02,878.84,,,,,нет,да,нет,нет,нет,да,нет,да,55.54314650114723,49.26654771407784
16:24:110302:2000,1027.0,Земли населенных пунктов,Учтенный,"Российская Федерация, Республика Татарстан (Татарстан), м.р-н Лаишевский, с.п. Кирбинское, д Травкино, ул. Залесная, з/у 11",Частная,Для индивидуального жилищного строительства,ИЖС,0,нет,16:24:110302,1008923.67,982.4,,,,,нет,да,нет,нет,нет,да,нет,да,55.54217904875467,49.262704366333914
16:24:110302:2011,1238.0,Земли населенных пунктов,Учтенный,"Российская Федерация, Республика Татарстан, Лаишевский муниципальный район, Кирбинское сельское поселение, д Травкино",Частная,Для индивидуального жилищного строительства,ИЖС,0,нет,16:24:110302,1272990.58,1028.26,,,,,нет,да,нет,нет,нет,да,нет,да,55.54733847295228,49.26441581283489
16:24:110302:2025,1000.0,Земли населенных пунктов,Учтенный,"Российская Федерация, Республика Татарстан, Лаишевский муниципальный район, Кирбинское сельское поселение, д Травкино",Частная,Для индивидуального жилищного строительства,ИЖС,0,нет,16:24:110302,957060.1,957.06,,,,,нет,да,нет,нет,нет,да,нет,да,55.54589436739434,49.26584563954541
16:24:110302:2008,1000.0,Земли населенных пунктов,Учтенный,"Российская Федерация, Республика Татарстан, Лаишевский муниципальный район, Кирбинское сельское поселение, д Травкино",Частная,Для индивидуального жилищного строительства,ИЖС,0,нет,16:24:110302,1035047.7,1035.05,,,,,нет,да,нет,нет,нет,да,нет,да,55.54691149008272,49.263471092229715
16:24:110302:2012,1001.0,Земли населенных пунктов,Учтенный,"Российская Федерация, Республика Татарстан, Лаишевский муниципальный район, Кирбинское сельское поселение, д Травкино",Частная,Для индивидуального жилищного строительства,ИЖС,0,нет,16:24:110302,1045553.31,1044.51,,,,,нет,да,нет,нет,нет,да,нет,да,55.54697932066131,49.26305503528467
16:24:110302:2026,1000.0,Земли населенных пунктов,Учтенный,"Российская Федерация, Республика Татарстан, Лаишевский муниципальный район, Кирбинское сельское поселение, д Травкино",Частная,Для индивидуального жилищного строительства,ИЖС,0,нет,16:24:110302,964550.1,964.55,,,,,нет,да,нет,нет,нет,да,нет,да,55.54610245825326,49.26569677538399
16:24:110302:1998,1000.0,Земли населенных пунктов,Учтенный,"Российская Федерация, Республика Татарстан, Лаишевский муниципальный район, Кирбинское сельское поселение, д Травкино",Частная,Для индивидуального жилищного строительства,ИЖС,0,нет,16:24:110302,951081.5,951.08,,,,,нет,да,нет,нет,нет,да,нет,да,55.542378613769145,49.26351889340564
16:24:110302:2022,1000.0,Земли населенных пунктов,Учтенный,"Российская Федерация, Республика Татарстан (Татарстан), м.р-н Лаишевский, с.п. Кирбинское, д Травкино, ул. Лазурная, з/у 8",Частная,Для индивидуального жилищного строительства,ИЖС,0,нет,16:24:110302,930420.1,930.42,,,,,нет,да,нет,нет,нет,да,нет,да,55.54547818517699,49.26614333147408
16:24:110302:2003,1018.0,Земли населенных пунктов,Учтенный,"Российская Федерация, Республика Татарстан (Татарстан), м.р-н Лаишевский, с.п. Кирбинское, д Травкино, ул. Залесная, з/у 7",Частная,Для индивидуального жилищного строительства,ИЖС,0,нет,16:24:110302,1008439.45,990.61,,,,,нет,да,нет,нет,нет,да,нет,да,55.541948254189286,49.26193390744356
16:24:110302:2009,1017.0,Земли населенных пунктов,Учтенный,"Российская Федерация, Республика Татарстан, Лаишевский муниципальный район, Кирбинское сельское поселение, д Травкино",Частная,Для индивидуального жилищного строительства,ИЖС,0,нет,16:24:110302,1062216.23,1044.46,,,,,нет,да,нет,нет,нет,да,нет,да,55.54725014846381,49.26322882402584
16:24:110302:2007,48077.0,Земли населенных пунктов,Учтенный,"Российская Федерация, Республика Татарстан, Лаишевский муниципальный район, Кирбинское сельское поселение, д Травкино",Муниципальная;Частная,улично-дорожная сеть,ДРУГОЕ,0,нет,16:24:110302,25302593.37,526.29,,,,,да,нет,нет,нет,нет,нет,нет,да,55.544475671868454,49.26580041836542
16:24:110302:2074,1000.0,Земли населенных пунктов,Учтенный,"Российская Федерация, Республика Татарстан (Татарстан), м.р-н Лаишевский, с.п. Кирбинское, д Травкино, ул. Семейная, з/у 17",Частная,Для индивидуального жилищного строительства,ИЖС,0,нет,16:24:110302,950351.3,950.35,,,,,нет,да,нет,нет,нет,да,нет,да,55.547149866798634,49.268144482626276
16:24:110302:2055,1036.0,Земли населенных пунктов,Учтенный,"Российская Федерация, Республика Татарстан (Татарстан), м.р-н Лаишевский, с.п. Кирбинское, д Травкино, ул. Парковая, з/у 15",Частная,Для индивидуального жилищного строительства,ИЖС,0,нет,16:24:110302,1035732.5,999.74,,,,,нет,да,нет,нет,нет,да,нет,да,55.54766917853037,49.266171568347666
16:24:110302:2072,1001.0,Земли населенных пунктов,Учтенный,"Российская Федерация, Республика Татарстан, Лаишевский муниципальный район, Кирбинское сельское поселение, д Травкино",Частная,Для индивидуального жилищного строительства,ИЖС,0,нет,16:24:110302,922850.63,921.93,,,,,нет,да,нет,нет,нет,да,нет,да,55.54673371465975,49.26844235002763
16:24:110302:2051,1000.0,Земли населенных пунктов,Учтенный,"Российская Федерация, Республика Татарстан (Татарстан), м.р-н Лаишевский, с.п. Кирбинское, д Травкино, ул. Кленовая, з/у 17",Частная,Для индивидуального жилищного строительства,ИЖС,0,нет,16:24:110302,969959.2,969.96,,,,,нет,да,нет,нет,нет,да,нет,да,55.54683425179867,49.26677176729795
16:24:110302:2065,1000.0,Земли населенных пунктов,Учтенный,"Российская Федерация, Республика Татарстан, Лаишевский муниципальный район, Кирбинское сельское поселение, д Травкино",Частная,Для индивидуального жилищного строительства,ИЖС,0,нет,16:24:110302,922174.1,922.17,,,,,нет,да,нет,нет,нет,да,нет,да,55.54639057751308,49.26800371664115
16:24:110302:2075,1000.0,Земли населенных пунктов,Учтенный,"Российская Федерация, Республика Татарстан (Татарстан), м.р-н Лаишевский, с.п. Кирбинское, д Травкино, ул. Семейная, з/у 19",Частная,Для индивидуального жилищного строительства,ИЖС,0,нет,16:24:110302,953148.8,953.15,,,,,нет,да,нет,нет,нет,да,нет,да,55.547357960339596,49.26799565757559
16:24:110302:2068,1000.0,Земли населенных пунктов,Учтенный,"Российская Федерация, Республика Татарстан, Лаишевский муниципальный район, Кирбинское сельское поселение, д Травкино",Частная,Для индивидуального жилищного строительства,ИЖС,0,нет,16:24:110302,894858.0,894.86,,,,,нет,да,нет,нет,нет,да,нет,да,55.54597437208027,49.26830142106913
16:24:110302:2070,1001.0,Земли населенных пунктов,Учтенный,"Российская Федерация, Республика Татарстан, Лаишевский муниципальный район, Кирбинское сельское поселение, д Травкино",Частная,Для индивидуального жилищного строительства,ИЖС,0,нет,16:24:110302,889145.46,888.26,,,,,нет,да,нет,нет,нет,да,нет,да,55.54631761548343,49.26874030652224
16:24:110302:2056,1001.0,Земли населенных пунктов,Учтенный,"Российская Федерация, Республика Татарстан (Татарстан), м.р-н Лаишевский, с.п. Кирбинское, д Травкино, ул. Универсиады, з/у 12",Частная,Для индивидуального жилищного строительства,ИЖС,0,нет,16:24:110302,1010371.36,1009.36,,,,,нет,да,нет,нет,нет,да,нет,да,55.545992742871064,49.26374850181561
16:24:110302:2080,1000.0,Земли населенных пунктов,Учтенный,"Российская Федерация, Республика Татарстан, Лаишевский муниципальный район, Кирбинское сельское поселение, д Травкино",Частная,Для индивидуального жилищного строительства,ИЖС,0,нет,16:24:110302,941233.4,941.23,,,,,нет,да,нет,нет,нет,да,нет,да,55.5445956337565,49.264676716947896
16:24:110302:1830,1236.0,Земли населенных пунктов,Учтенный,"Российская Федерация, Республика Татарстан (Татарстан), м.р-н Лаишевский, с.п. Кирбинское, д Травкино, ул. Залесная, з/у 171",Частная,Для индивидуального жилищного строительства,ИЖС,0,нет,16:24:110302,722357.7,584.43,,,,,нет,да,нет,нет,нет,да,нет,да,55.548157686663544,49.29335078815802
16:24:110302:1832,1372.0,Земли населенных пунктов,Учтенный,"Республика Татарстан, Лаишевский муниципальный район, Кирбинское сельское поселение, д. Травкино",Частная,Для индивидуального жилищного строительства,ИЖС,0,нет,16:24:110302,807559.61,588.6,,,,,нет,да,нет,нет,нет,да,нет,да,55.54865732450867,49.29107172026576
16:24:110302:1845,1078.0,Земли населенных пунктов,Учтенный,"Российская Федерация, Республика Татарстан (Татарстан), м.р-н Лаишевский, с.п. Кирбинское, д Травкино, ул. Залесная, з/у 197",Частная,Для индивидуального жилищного строительства,ИЖС,0,нет,16:24:110302,659324.96,611.62,,,,,нет,да,нет,нет,нет,да,нет,да,55.54977389027933,49.29612185306144
16:24:110302:1849,1081.0,Земли населенных пунктов,Учтенный,"Российская Федерация, Республика Татарстан (Татарстан), м.р-н Лаишевский, с.п. Кирбинское, д Травкино, ул. Залесная, з/у 159",Частная,Для индивидуального жилищного строительства,ИЖС,0,нет,16:24:110302,617251.76,571.0,,,,,нет,да,нет,нет,нет,да,нет,да,55.547513117296035,49.291228772130886
16:24:110302:1826,1233.0,Земли населенных пунктов,Учтенный,"Российская Федерация, Республика Татарстан (Татарстан), м.р-н Лаишевский, с.п. Кирбинское, д Травкино, ул. Залесная, з/у 179",Частная,Для индивидуального жилищного строительства,ИЖС,0,нет,16:24:110302,729249.84,591.44,,,,,нет,да,нет,нет,нет,да,нет,да,55.54901902554091,49.29236147179587
16:24:110302:1871,1003.0,Земли населенных пунктов,Учтенный,"Республика Татарстан, Лаишевский муниципальный район, Кирбинское сельское поселение, д. Травкино",Частная,Для индивидуального жилищного строительства,ИЖС,0,нет,16:24:110302,566222.09,564.53,,,,,нет,да,нет,нет,нет,да,нет,да,55.54711685173146,49.28680410371142
16:24:110302:1875,1038.0,Земли населенных пунктов,Учтенный,"Республика Татарстан, Лаишевский муниципальный район, Кирбинское сельское поселение, д. Травкино",Частная,Для индивидуального жилищного строительства,ИЖС,0,нет,16:24:110302,614162.28,591.68,,,,,нет,да,нет,нет,нет,да,нет,да,55.547153912472346,49.285777061467094
16:24:110302:1882,1090.0,Земли населенных пунктов,Учтенный,"Российская Федерация, Республика Татарстан (Татарстан), м.р-н Лаишевский, с.п. Кирбинское, д Травкино, ул. Залесная, з/у 187",Частная,Для индивидуального жилищного строительства,ИЖС,0,нет,16:24:110302,663557.34,608.77,,,,,нет,да,нет,нет,нет,да,нет,да,55.54977331449192,49.294476412416586
16:24:110302:1865,1003.0,Земли населенных пунктов,Учтенный,"Республика Татарстан, Лаишевский муниципальный район, Кирбинское сельское поселение, д. Травкино",Частная,Для индивидуального жилищного строительства,ИЖС,0,нет,16:24:110302,567222.58,565.53,,,,,нет,да,нет,нет,нет,да,нет,да,55.54721165290327,49.28750528387078
16:24:110302:1878,1074.0,Земли населенных пунктов,Учтенный,"Российская Федерация, Республика Татарстан (Татарстан), м.р-н Лаишевский, с.п. Кирбинское, д Травкино, ул. Залесная, з/у 191",Частная,Для индивидуального жилищного строительства,ИЖС,0,нет,16:24:110302,651326.87,606.45,,,,,нет,да,нет,нет,нет,да,нет,да,55.54978319327355,49.295124410110056
16:24:110302:1858,1047.0,Земли населенных пунктов,Учтенный,"Республика Татарстан, Лаишевский муниципальный район, Кирбинское сельское поселение, д. Травкино",Частная,Для индивидуального жилищного строительства,ИЖС,0,нет,16:24:110302,597806.22,570.97,,,,,нет,да,нет,нет,нет,да,нет,да,55.547667589243325,49.28822075724952
16:24:110302:1874,1299.0,Земли населенных пунктов,Учтенный,"Республика Татарстан, Лаишевский муниципальный район, Кирбинское сельское поселение, д. Травкино",Частная,Для индивидуального жилищного строительства,ИЖС,0,нет,16:24:110302,768590.37,591.68,,,,,нет,да,нет,нет,нет,да,нет,да,55.54737081863991,49.28575455889019
16:24:110302:1910,1000.0,Земли населенных пунктов,Учтенный,"Российская Федерация, Республика Татарстан, Лаишевский муниципальный район, Кирбинское сельское поселение, деревня Травкино ",Частная,Для индивидуального жилищного строительства,ИЖС,0,нет,16:24:110302,1114579.0,1114.58,,,,,нет,да,нет,нет,нет,да,нет,да,55.54904483462756,49.2579601688915
16:24:110302:1917,1056.0,Земли населенных пунктов,Учтенный,"Российская Федерация, Республика Татарстан, Лаишевский муниципальный район, Кирбинское сельское поселение, деревня Травкино ",Частная,Магазины,ДРУГОЕ,0,нет,16:24:110302,955520.65,904.85,,,,,нет,нет,нет,нет,нет,нет,нет,да,55.55087627065832,49.25666303260905
16:24:110302:1908,1000.0,Земли населенных пунктов,Учтенный,"Российская Федерация, Республика Татарстан, Лаишевский муниципальный район, Кирбинское сельское поселение, деревня Травкино ",Частная,Для индивидуального жилищного строительства,ИЖС,0,нет,16:24:110302,1106984.0,1106.98,,,,,нет,да,нет,нет,нет,да,нет,да,55.54921706315078,49.25872069415995
16:24:110302:1901,1051.0,Земли населенных пунктов,Учтенный,"Российская Федерация, Республика Татарстан, Лаишевский муниципальный район, Кирбинское сельское поселение, деревня Травкино ",Частная,Для индивидуального жилищного строительства,ИЖС,0,нет,16:24:110302,1187911.88,1130.27,,,,,нет,да,нет,нет,нет,да,нет,да,55.54910693647719,49.25658203430591
16:24:110302:1887,1038.0,Земли населенных пунктов,Учтенный,"Российская Федерация, Республика Татарстан, Лаишевский муниципальный район, Кирбинское сельское поселение, деревня Травкино ",Частная,Для индивидуального жилищного строительства,ИЖС,0,нет,16:24:110302,1204548.24,1160.45,,,,,нет,да,нет,нет,нет,да,нет,да,55.55028480415094,49.25573248821021
16:24:110302:1931,1000.0,Земли населенных пунктов,Учтенный,"Российская Федерация, Республика Татарстан, Лаишевский муниципальный район, Кирбинское сельское поселение, деревня Травкино ",Частная,Для индивидуального жилищного строительства,ИЖС,0,нет,16:24:110302,1106518.6,1106.52,,,,,нет,да,нет,нет,нет,да,нет,да,55.547898795343485,49.25898898957722
16:24:110302:1909,1000.0,Земли населенных пунктов,Учтенный,"Российская Федерация, Республика Татарстан, Лаишевский муниципальный район, Кирбинское сельское поселение, деревня Травкино ",Частная,Для индивидуального жилищного строительства,ИЖС,0,нет,16:24:110302,1114095.8,1114.1,,,,,нет,да,нет,нет,нет,да,нет,да,55.549130958462364,49.258340430746806
16:24:110302:1912,1000.0,Земли населенных пунктов,Учтенный,"Российская Федерация, Республика Татарстан, Лаишевский муниципальный район, Кирбинское сельское поселение, деревня Травкино ",Частная,Для индивидуального жилищного строительства,ИЖС,0,нет,16:24:110302,1130223.2,1130.22,,,,,нет,да,нет,нет,нет,да,нет,да,55.54887258323722,49.25719974522074
16:24:110302:1907,1000.0,Земли населенных пунктов,Учтенный,"Российская Федерация, Республика Татарстан, Лаишевский муниципальный район, Кирбинское сельское поселение, деревня Травкино ",Частная,Для индивидуального жилищного строительства,ИЖС,0,нет,16:24:110302,1114293.5,1114.29,,,,,нет,да,нет,нет,нет,да,нет,да,55.54953977484543,49.25849312054948
16:24:110302:1892,1000.0,Земли населенных пунктов,Учтенный,"Российская Федерация, Республика Татарстан, Лаишевский муниципальный район, Кирбинское сельское поселение, деревня Травкино ",Частная,Для индивидуального жилищного строительства,ИЖС,0,нет,16:24:110302,1130631.9,1130.63,,,,,нет,да,нет,нет,нет,да,нет,да,55.55026493714604,49.25752852256532
16:24:110302:1927,1038.0,Земли населенных пунктов,Учтенный,"Российская Федерация, Республика Татарстан, Лаишевский муниципальный район, Кирбинское сельское поселение, деревня Травкино ",Частная,Для индивидуального жилищного строительства,ИЖС,0,нет,16:24:110302,1159955.04,1117.49,,,,,нет,да,нет,нет,нет,да,нет,да,55.5476161592225,49.257738848992815
16:24:110302:1930,1000.0,Земли населенных пунктов,Учтенный,"Российская Федерация, Республика Татарстан, Лаишевский муниципальный район, Кирбинское сельское поселение, деревня Травкино ",Частная,Для индивидуального жилищного строительства,ИЖС,0,нет,16:24:110302,1116630.8,1116.63,,,,,нет,да,нет,нет,нет,да,нет,да,55.547805154784456,49.25857488613954
16:24:110302:1911,1000.0,Земли населенных пунктов,Учтенный,"Российская Федерация, Республика Татарстан, Лаишевский муниципальный район, Кирбинское сельское поселение, деревня Травкино ",Частная,Для индивидуального жилищного строительства,ИЖС,0,нет,16:24:110302,1124751.8,1124.75,,,,,нет,да,нет,нет,нет,да,нет,да,55.54895869164636,49.25757990859388
16:24:110302:1905,1000.0,Земли населенных пунктов,Учтенный,"Российская Федерация, Республика Татарстан, Лаишевский муниципальный район, Кирбинское сельское поселение, деревня Травкино ",Частная,Для индивидуального жилищного строительства,ИЖС,0,нет,16:24:110302,1114293.5,1114.29,,,,,нет,да,нет,нет,нет,да,нет,да,55.54945366945775,49.2581128545148
16:24:110302:1941,1000.0,Земли населенных пунктов,Учтенный,"Российская Федерация, Республика Татарстан, Лаишевский муниципальный район, Кирбинское сельское поселение, деревня Травкино ",Частная,Для индивидуального жилищного строительства,ИЖС,0,нет,16:24:110302,1101183.3,1101.18,,,,,нет,да,нет,нет,нет,да,нет,да,55.547242693736756,49.25980732140701
16:24:110302:1928,1026.0,Земли населенных пунктов,Учтенный,"Российская Федерация, Республика Татарстан, Лаишевский муниципальный район, Кирбинское сельское поселение, деревня Травкино ",Частная,Магазины,ДРУГОЕ,0,нет,16:24:110302,928375.18,904.85,,,,,нет,нет,нет,нет,нет,нет,нет,да,55.551025817317125,49.25700079401147
16:24:110302:1893,1000.0,Земли населенных пунктов,Учтенный,"Российская Федерация, Республика Татарстан, Лаишевский муниципальный район, Кирбинское сельское поселение, деревня Травкино ",Частная,Для индивидуального жилищного строительства,ИЖС,0,нет,16:24:110302,1126361.8,1126.36,,,,,нет,да,нет,нет,нет,да,нет,да,55.550352577221396,49.25791536335132
16:24:110302:1921,1000.0,Земли населенных пунктов,Учтенный,"Российская Федерация, Республика Татарстан, Лаишевский муниципальный район, Кирбинское сельское поселение, деревня Травкино ",Частная,Для индивидуального жилищного строительства,ИЖС,0,нет,16:24:110302,1091971.0,1091.97,,,,,нет,да,нет,нет,нет,да,нет,да,55.54845055647515,49.25926579242486
16:24:110302:1885,1000.0,Земли населенных пунктов,Учтенный,"Российская Федерация, Республика Татарстан, Лаишевский муниципальный район, Кирбинское сельское поселение, деревня Травкино ",Частная,Для индивидуального жилищного строительства,ИЖС,0,нет,16:24:110302,1145972.4,1145.97,,,,,нет,да,нет,нет,нет,да,нет,да,55.55046143053893,49.25651231891682
16:24:110302:1924,1000.0,Земли населенных пунктов,Учтенный,"Российская Федерация, Республика Татарстан, Лаишевский муниципальный район, Кирбинское сельское поселение, деревня Травкино ",Частная,Для индивидуального жилищного строительства,ИЖС,0,нет,16:24:110302,1115048.6,1115.05,,,,,нет,да,нет,нет,нет,да,нет,да,55.5481968054415,49.258145362841205
16:24:110302:1904,1000.0,Земли населенных пунктов,Учтенный,"Российская Федерация, Республика Татарстан, Лаишевский муниципальный район, Кирбинское сельское поселение, деревня Травкино ",Частная,Для индивидуального жилищного строительства,ИЖС,0,нет,16:24:110302,1114438.7,1114.44,,,,,нет,да,нет,нет,нет,да,нет,да,55.54936754492367,49.257732590037755
16:24:110302:1933,1020.0,Земли населенных пунктов,Учтенный,"Российская Федерация, Республика Татарстан, Лаишевский муниципальный район, Кирбинское сельское поселение, деревня Травкино ",Частная,Для индивидуального жилищного строительства,ИЖС,0,нет,16:24:110302,1119670.63,1097.72,,,,,нет,да,нет,нет,нет,да,нет,да,55.54775608981953,49.25957360563408
16:24:110302:1936,1000.0,Земли населенных пунктов,Учтенный,"Российская Федерация, Республика Татарстан, Лаишевский муниципальный район, Кирбинское сельское поселение, деревня Травкино ",Частная,Для индивидуального жилищного строительства,ИЖС,0,нет,16:24:110302,1116490.9,1116.49,,,,,нет,да,нет,нет,нет,да,нет,да,55.5474151352323,49.25836974272153
16:24:110302:1922,1000.0,Земли населенных пунктов,Учтенный,"Российская Федерация, Республика Татарстан, Лаишевский муниципальный район, Кирбинское сельское поселение, деревня Травкино ",Частная,Для индивидуального жилищного строительства,ИЖС,0,нет,16:24:110302,1102685.6,1102.69,,,,,нет,да,нет,нет,нет,да,нет,да,55.54836596804701,49.25889226145098
16:24:110302:1913,1007.0,Земли населенных пунктов,Учтенный,"Российская Федерация, Республика Татарстан, Лаишевский муниципальный район, Кирбинское сельское поселение, деревня Травкино ",Частная,Для индивидуального жилищного строительства,ИЖС,0,нет,16:24:110302,1138216.03,1130.3,,,,,нет,да,нет,нет,нет,да,нет,да,55.54880401635433,49.25677640900588
16:24:110302:1906,1086.0,Земли населенных пунктов,Учтенный,"Российская Федерация, Республика Татарстан, Лаишевский муниципальный район, Кирбинское сельское поселение, деревня Травкино ",Частная,Магазины,ДРУГОЕ,0,нет,16:24:110302,982666.12,904.85,,,,,нет,нет,нет,нет,нет,нет,нет,да,55.55086427056506,49.256228291678056
16:24:110302:2489,1000.0,Земли населенных пунктов,Учтенный,"Российская Федерация, Республика Татарстан (Татарстан), м.р-н Лаишевский, с.п. Кирбинское, д Травкино, ул. Каштановая, з/у 14",Частная,Для индивидуального жилищного строительства,ИЖС,0,нет,16:24:110302,831634.0,831.63,,,,,нет,да,нет,нет,нет,да,нет,да,55.54765337045548,49.27349700314908
16:24:110302:2764,1000.0,Земли населенных пунктов,Учтенный,"Российская Федерация, Республика Татарстан (Татарстан), м.р-н Лаишевский, с.п. Кирбинское, д Травкино, ул. Семейная, з/у 8",Частная,Для индивидуального жилищного строительства,ИЖС,0,нет,16:24:110302,831134.6,831.13,,,,,нет,да,нет,нет,нет,да,нет,да,55.54570751969628,49.27009333111745
16:24:110302:2737,1032.0,Земли населенных пунктов,Учтенный,"Российская Федерация, Республика Татарстан (Татарстан), м.р-н Лаишевский, с.п. Кирбинское, д Травкино, ул. Залесная, з/у 73",Частная,Для индивидуального жилищного строительства,ИЖС,0,нет,16:24:110302,738950.08,716.04,,,,,нет,да,нет,нет,нет,да,нет,да,55.54521674215142,49.27465962482811
16:24:110302:2700,1071.0,Земли населенных пунктов,Учтенный,"Российская Федерация, Республика Татарстан (Татарстан), м.р-н Лаишевский, с.п. Кирбинское, д Травкино, ул. Восточная, з/у 10",Частная,Для индивидуального жилищного строительства,ИЖС,0,нет,16:24:110302,678978.55,633.97,,,,,нет,да,нет,нет,нет,да,нет,да,55.548060564064585,49.28454906122494
16:24:110302:2717,1000.0,Земли населенных пунктов,Учтенный,"Российская Федерация, Республика Татарстан (Татарстан), м.р-н Лаишевский, с.п. Кирбинское, д Травкино, ул. Парковая, з/у 33",Частная,Для индивидуального жилищного строительства,ИЖС,0,нет,16:24:110302,914704.5,914.7,,,,,нет,да,нет,нет,нет,да,нет,да,55.547478278700744,49.269502773843406
16:24:110302:2732,1002.0,Земли населенных пунктов,Учтенный,"Российская Федерация, Республика Татарстан (Татарстан), м.р-н Лаишевский, с.п. Кирбинское, д Травкино, ул. Залесная, з/у 83",Частная,Для индивидуального жилищного строительства,ИЖС,0,нет,16:24:110302,690227.1,688.85,,,,,нет,да,нет,нет,нет,да,нет,да,55.54535585023983,49.276678807472585
16:24:110302:2729,1004.0,Земли населенных пунктов,Учтенный,"Российская Федерация, Республика Татарстан (Татарстан), м.р-н Лаишевский, с.п. Кирбинское, д Травкино, ул. Залесная, з/у 89",Частная,Для индивидуального жилищного строительства,ИЖС,0,нет,16:24:110302,670901.31,668.23,,,,,нет,да,нет,нет,нет,да,нет,да,55.54547201453176,49.27784178853836
16:24:110302:2738,1101.0,Земли населенных пунктов,Учтенный,"Российская Федерация, Республика Татарстан (Татарстан), м.р-н Лаишевский, с.п. Кирбинское, д Травкино, ул. Залесная, з/у 71",Частная,Для индивидуального жилищного строительства,ИЖС,0,нет,16:24:110302,788356.63,716.04,,,,,нет,да,нет,нет,нет,да,нет,да,55.54513329287082,49.27439460038944
16:24:110302:2796,1000.0,Земли населенных пунктов,Учтенный,"Российская Федерация, Республика Татарстан (Татарстан), м.р-н Лаишевский, с.п. Кирбинское, д Травкино, ул. Звездная, з/у 14",Частная,Для индивидуального жилищного строительства,ИЖС,0,нет,16:24:110302,882746.2,882.75,,,,,нет,да,нет,нет,нет,да,нет,да,55.54723034186914,49.27060263143842
16:24:110302:2810,1000.0,Земли населенных пунктов,Учтенный,"Российская Федерация, Республика Татарстан (Татарстан), м.р-н Лаишевский, с.п. Кирбинское, д Травкино, ул. Славы, з/у 10",Частная,Для индивидуального жилищного строительства,ИЖС,0,нет,16:24:110302,833307.6,833.31,,,,,нет,да,нет,нет,нет,да,нет,да,55.5471297349799,49.27227299912815
16:24:110302:2469,1269.0,Земли населенных пунктов,Учтенный,"Российская Федерация, Республика Татарстан, Лаишевский муницпальный район, Кирбинское сельское поселение, д Травкино",Частная,Для индивидуального жилищного строительства,ИЖС,0,нет,16:24:110302,906017.52,713.96,,,,,нет,да,нет,нет,нет,да,нет,да,55.54568845791707,49.27553378685335
16:24:110302:2515,1005.0,Земли населенных пунктов,Учтенный,"Российская Федерация, Республика Татарстан, Лаишевский муницпальный район, Кирбинское сельское поселение, д Травкино",Частная,Для индивидуального жилищного строительства,ИЖС,0,нет,16:24:110302,688185.71,684.76,,,,,нет,да,нет,нет,нет,да,нет,да,55.54599437969381,49.27822534913447
16:24:110302:2586,1000.0,Земли населенных пунктов,Учтенный,"Российская Федерация, Республика Татарстан (Татарстан), м.р-н Лаишевский, с.п. Кирбинское, д Травкино, ул. Урожайная, з/у 9",Частная,Для индивидуального жилищного строительства,ИЖС,0,нет,16:24:110302,689676.2,689.68,,,,,нет,да,нет,нет,нет,да,нет,да,55.5476349395978,49.28058752791709
16:24:110302:2584,1004.0,Земли населенных пунктов,Учтенный,"Российская Федерация, Республика Татарстан, Лаишевский муницпальный район, Кирбинское сельское поселение, д Травкино",Частная,Для индивидуального жилищного строительства,ИЖС,0,нет,16:24:110302,927930.74,924.23,,,,,нет,да,нет,нет,нет,да,нет,да,55.54826942897739,49.271007466947964
16:24:110302:2618,1000.0,Земли населенных пунктов,Учтенный,"Российская Федерация, Республика Татарстан (Татарстан), м.р-н Лаишевский, с.п. Кирбинское, д Травкино, ул. Рождественская, з/у 11",Частная,Для индивидуального жилищного строительства,ИЖС,0,нет,16:24:110302,674153.5,674.15,,,,,нет,да,нет,нет,нет,да,нет,да,55.547950381646785,49.28196041295405
16:24:110302:2556,1000.0,Земли населенных пунктов,Учтенный,"Российская Федерация, Республика Татарстан (Татарстан), м.р-н Лаишевский, с.п. Кирбинское, д Травкино, ул. Юбилейная, з/у 6",Частная,Для индивидуального жилищного строительства,ИЖС,0,нет,16:24:110302,691031.8,691.03,,,,,нет,да,нет,нет,нет,да,нет,да,55.54676831237524,49.27892501489524
16:24:110302:2536,1000.0,Земли населенных пунктов,Учтенный,"Российская Федерация, Республика Татарстан (Татарстан), м.р-н Лаишевский, с.п. Кирбинское, д Травкино, ул. Изумрудная, з/у 19",Частная,Для индивидуального жилищного строительства,ИЖС,0,нет,16:24:110302,825205.5,825.21,,,,,нет,да,нет,нет,нет,да,нет,да,55.54894299200426,49.27805394950745
16:24:110302:2571,1000.0,Земли населенных пунктов,Учтенный,"Российская Федерация, Республика Татарстан, Лаишевский муницпальный район, Кирбинское сельское поселение, д Травкино",Частная,Для индивидуального жилищного строительства,ИЖС,0,нет,16:24:110302,759017.3,759.02,,,,,нет,да,нет,нет,нет,да,нет,да,55.549050355100384,49.279575600044204
16:24:110302:2668,1000.0,Земли населенных пунктов,Учтенный,"Российская Федерация, Республика Татарстан, Лаишевский муницпальный район, Кирбинское сельское поселение, д Травкино",Частная,Для индивидуального жилищного строительства,ИЖС,0,нет,16:24:110302,808937.5,808.94,,,,,нет,да,нет,нет,нет,да,нет,да,55.550170651994094,49.28128773098434
16:24:110302:2625,1000.0,Земли населенных пунктов,Учтенный,"Российская Федерация, Республика Татарстан (Татарстан), м.р-н Лаишевский, с.п. Кирбинское, д Травкино, ул. Рождественская, з/у 5",Частная,Для индивидуального жилищного строительства,ИЖС,0,нет,16:24:110302,645341.3,645.34,,,,,нет,да,нет,нет,нет,да,нет,да,55.54732604986465,49.28240666862275
16:24:110302:2601,1221.0,Земли населенных пунктов,Учтенный,"Российская Федерация, Республика Татарстан, Лаишевский муницпальный район, Кирбинское сельское поселение, д Травкино",Частная,Для индивидуального жилищного строительства,ИЖС,0,нет,16:24:110302,968482.18,793.19,,,,,нет,да,нет,нет,нет,да,нет,да,55.549717955141816,49.27988885008946
16:24:110302:2562,1032.0,Земли населенных пунктов,Учтенный,"Российская Федерация, Республика Татарстан, Лаишевский муницпальный район, Кирбинское сельское поселение, д Травкино",Частная,Для индивидуального жилищного строительства,ИЖС,0,нет,16:24:110302,678005.01,656.98,,,,,нет,да,нет,нет,нет,да,нет,да,55.5461413289416,49.27937322145529
16:24:110302:2687,1000.0,Земли населенных пунктов,Учтенный,"Российская Федерация, Республика Татарстан (Татарстан), м.р-н Лаишевский, с.п. Кирбинское, д Травкино, ул. Восточная, з/у 20",Частная,Для индивидуального жилищного строительства,ИЖС,0,нет,16:24:110302,749507.7,749.51,,,,,нет,да,нет,нет,нет,да,нет,да,55.54967557746793,49.283351193373385
16:24:110302:2667,1366.0,Земли населенных пунктов,Учтенный,"Российская Федерация, Республика Татарстан, Лаишевский муницпальный район, Кирбинское сельское поселение, д Травкино",Частная,Для индивидуального жилищного строительства,ИЖС,0,нет,16:24:110302,1105010.4,808.94,,,,,нет,да,нет,нет,нет,да,нет,да,55.55038974530583,49.28189492818446
16:24:110302:2672,1000.0,Земли населенных пунктов,Учтенный,"Российская Федерация, Республика Татарстан, Лаишевский муницпальный район, Кирбинское сельское поселение, д Травкино",Частная,Для индивидуального жилищного строительства,ИЖС,0,нет,16:24:110302,940122.8,940.12,,,,,нет,да,нет,нет,нет,да,нет,да,55.54785854772854,49.268877294180854
16:24:110302:2535,1000.0,Земли населенных пунктов,Учтенный,"Российская Федерация, Республика Татарстан (Татарстан), м.р-н Лаишевский, с.п. Кирбинское, д Травкино, ул. Юбилейная, з/у 20",Частная,Для индивидуального жилищного строительства,ИЖС,0,нет,16:24:110302,826097.7,826.1,,,,,нет,да,нет,нет,нет,да,нет,да,55.54880801195698,49.27746664931886
16:24:110302:2514,1001.0,Земли населенных пунктов,Учтенный,"Российская Федерация, Республика Татарстан, Лаишевский муницпальный район, Кирбинское сельское поселение, д Травкино",Частная,Для индивидуального жилищного строительства,ИЖС,0,нет,16:24:110302,702610.81,701.91,,,,,нет,да,нет,нет,нет,да,нет,да,55.54592943793983,49.277847771800865
16:24:110302:2563,1274.0,Земли населенных пунктов,Учтенный,"Российская Федерация, Республика Татарстан, Лаишевский муницпальный район, Кирбинское сельское поселение, д Травкино",Частная,Для индивидуального жилищного строительства,ИЖС,0,нет,16:24:110302,826925.5,649.08,,,,,нет,да,нет,нет,нет,да,нет,да,55.54625609725122,49.27997490533416
16:24:110302:2664,1000.0,Земли населенных пунктов,Учтенный,"Российская Федерация, Республика Татарстан, Лаишевский муницпальный район, Кирбинское сельское поселение, д Травкино",Частная,Для индивидуального жилищного строительства,ИЖС,0,нет,16:24:110302,758117.8,758.12,,,,,нет,да,нет,нет,нет,да,нет,да,55.54975443268986,49.2815852918323
16:24:110302:2665,1000.0,Земли населенных пунктов,Учтенный,"Российская Федерация, Республика Татарстан, Лаишевский муницпальный район, Кирбинское сельское поселение, д Травкино",Частная,Для индивидуального жилищного строительства,ИЖС,0,нет,16:24:110302,790046.0,790.05,,,,,нет,да,нет,нет,нет,да,нет,да,55.54996254240298,49.28143652803686
16:24:110302:2669,1338.0,Земли населенных пунктов,Учтенный,"Российская Федерация, Республика Татарстан, Лаишевский муницпальный район, Кирбинское сельское поселение, д Травкино",Частная,Для индивидуального жилищного строительства,ИЖС,0,нет,16:24:110302,1056697.14,789.76,,,,,нет,да,нет,нет,нет,да,нет,да,55.55054799814643,49.28272755189803
16:24:110302:3075,2000.0,Земли населенных пунктов,Учтенный,"Российская Федерация, Республика Татарстан, Лаишевский муниципальный район, Кирбинское сельское поселение, д Травкино",Частная,Для индивидуального жилищного строительства,ИЖС,0,нет,16:24:110302,1959769.0,979.88,,,,,нет,да,нет,нет,нет,да,нет,да,55.5529442344568,49.27281467612645
16:24:110302:3141,1929.0,Земли населенных пунктов,Учтенный,"Российская Федерация, Республика Татарстан, Лаишевский муниципальный район, Кирбинское сельское поселение, д Травкино",Частная,Магазины,ДРУГОЕ,0,нет,16:24:110302,1745453.91,904.85,,,,,нет,нет,нет,нет,нет,нет,нет,да,55.547086225350775,49.25865738745166
16:24:110302:3515,400.0,Земли населенных пунктов,Учтенный,"Российская Федерация, Республика Татарстан, Лаишевский муниципальный район, Кирбинское сельское поселение, д Травкино, ул. Мира, з/у 12",Частная,Для индивидуального жилищного строительства,ИЖС,0,нет,16:24:110302,370915.16,927.29,,,,,нет,да,нет,нет,нет,да,нет,да,55.551792385065156,49.277982807167255
