Кадастровый номер,"Площадь, м²",Категория земли,Статус,Адрес,Собственность,ВРИ,Тип ВРИ,Записей о правах,Обременения,Кадастровый квартал,"Кадастровая стоимость, руб.","Удельный показатель, руб./м²","Рыночная стоимость, руб.","Медианная цена, руб./м²",Сделок в выборке,Период сделок,Свободен,ИЖС,СНТ,ДНП,ЛПХ,Под застройку,Общего пользования,Земли НП,Широта,Долгота
16:24:050802:480,1702545.0,Земли сельскохозяйственного назначения,Учтенный,"Местоположение установлено относительно ориентира, расположенного в границах участка. Почтовый адрес ориентира: Республика Татарстан, Лаишевский муниципальный район, Никольское сельское поселение.",Частная,для сельскохозяйственного производства,СХ,0,нет,16:24:050802,6388629.86,3.7524,,,,,нет,нет,нет,нет,нет,нет,нет,нет,55.566256071811544,49.19844779720328
16:24:050201:156,,Земли населенных пунктов,Ранее учтенный,"Местоположение установлено относительно ориентира, расположенного в границах участка. Почтовый адрес ориентира: Республика Татарстан, Лаишевский муниципальный район, Никольское сельское поселение,  д Пиголи.",,Ведение личного подсобного хозяйства,ЛПХ,0,нет,16:24:050201,93089.1,571.0988,,,,,да,нет,нет,нет,да,да,нет,да,55.56856423424643,49.181006632636596
16:24:050201:585,348.0,Земли населенных пунктов,Учтенный,"Местоположение установлено относительно ориентира, расположенного в границах участка. Почтовый адрес ориентира: Республика Татарстан, Лаишевский муниципальный район, Никольское сельское поселение, д Пиголи, ул. Кавказская, 13.",Частная,для ведения личного подсобного хозяйства,ЛПХ,0,нет,16:24:050201,195773.07,562.5663,,,,,нет,нет,нет,нет,да,да,нет,да,55.56779971916224,49.18217497737211
16:24:050201:823,2579.0,Земли населенных пунктов,Учтенный,"Местоположение установлено относительно ориентира, расположенного в границах участка. Почтовый адрес ориентира: 	Республика Татарстан, Лаишевский муниципальный район, Никольское сельское поселение, д Пиголи, ул. Кавказская.",Частная,Для ведения личного подсобного хозяйства,ЛПХ,0,нет,16:24:050201,1431110.05,554.9089,,,,,нет,нет,нет,нет,да,да,нет,да,55.56453599047863,49.18128987539474
16:24:050201:128,,Земли населенных пунктов,Ранее учтенный,"Российская Федерация, Республика Татарстан (Татарстан), м.р-н Лаишевский, с.п. Никольское, д Пиголи, ул Полевая, з/у 8",,Для ведения личного подсобного хозяйства,ЛПХ,0,нет,16:24:050201,758380.39,568.0752,,,,,да,нет,нет,нет,да,да,нет,да,55.56811513298615,49.1773762359037
16:24:050201:137,,Земли населенных пунктов,Ранее учтенный,"Местоположение установлено относительно ориентира, расположенного в границах участка. Почтовый адрес ориентира: Республика Татарстан, р-н. Лаишевский, д. Пиголи, ул. Воскресенская.",,Индивидуальное жилищное строительство,ДРУГОЕ,0,нет,16:24:050201,299466.6,598.9332,,,,,да,нет,нет,нет,нет,нет,нет,да,55.56653108335586,49.17790792895011
16:24:050201:353,1000.0,Земли населенных пунктов,Учтенный,"Местоположение установлено относительно ориентира, расположенного в границах участка. Почтовый адрес ориентира: Российская Федерация, Республика Татарстан (Татарстан), м.р-н Лаишевский, с.п. Никольское, д Пиголи, ул Солнечная, з/у 14.",,Для индивидуального жилищного строительства,ИЖС,0,нет,16:24:050201,593874.0,593.874,,,,,да,да,нет,нет,нет,да,нет,да,55.56231858049224,49.17303141755631
16:24:050201:382,1000.0,Земли населенных пунктов,Учтенный,"Местоположение установлено относительно ориентира, расположенного в границах участка. Почтовый адрес ориентира: Российская Федерация, Республика Татарстан (Татарстан), м.р-н Лаишевский, с.п. Никольское, д Пиголи, ул Юности, з/у 15.",,Для индивидуального жилищного строительства,ИЖС,0,нет,16:24:050201,594682.7,594.6827,,,,,да,да,нет,нет,нет,да,нет,да,55.56199538147507,49.17254809040175
16:24:050201:844,2284.0,Земли населенных пунктов,Учтенный,"Местоположение установлено относительно ориентира, расположенного в границах участка. Почтовый адрес ориентира: Республика Татарстан, Лаишевский муниципальный район, Никольское сельское поселение, д Пиголи, ул. Чехловка.",Частная,Для ведения личного подсобного хозяйства,ЛПХ,0,нет,16:24:050201,1401647.86,613.6812,,,,,нет,нет,нет,нет,да,да,нет,да,55.56431578405329,49.174836100282626
16:24:050201:519,1500.0,Земли населенных пунктов,Учтенный,"Местоположение установлено относительно ориентира, расположенного в границах участка. Почтовый адрес ориентира: Республика Татарстан, Лаишевский муниципальный район, Никольское сельское поселение, д Пиголи.",Частная,Для ведения личного подсобного хозяйства,ЛПХ,0,нет,16:24:050201,792508.8,528.3392,,,,,нет,нет,нет,нет,да,да,нет,да,55.56202955864257,49.18101164750754
16:24:050201:539,1714.0,Земли населенных пунктов,Учтенный,"Местоположение установлено относительно ориентира, расположенного в границах участка. Почтовый адрес ориентира: Российская Федерация, Республика Татарстан (Татарстан), м.р-н Лаишевский, с.п. Никольское, д Пиголи, ул Кавказская, з/у 67а.",Частная,Для ведения личного подсобного хозяйства,ЛПХ,0,нет,16:24:050201,892861.34,520.9226,,,,,нет,нет,нет,нет,да,да,нет,да,55.562181252785585,49.18325774865197
16:24:050201:579,1523.0,Земли населенных пунктов,Учтенный,"Местоположение установлено относительно ориентира, расположенного в границах участка. Почтовый адрес ориентира: Республика Татарстан, Лаишевский муниципальный район, Никольское сельское поселение, д Пиголи, ул. Воскресенская.",Частная,Для ведения личного подсобного хозяйства,ЛПХ,0,нет,16:24:050201,918677.26,603.2,,,,,нет,нет,нет,нет,да,да,нет,да,55.566924311078374,49.176772679683694
16:24:050201:837,497.0,Земли населенных пунктов,Учтенный,"Местоположение установлено относительно ориентира, расположенного в границах участка. Почтовый адрес ориентира: Республика Татарстан, Лаишевский муниципальный район, Никольское сельское поселение, д Пиголи.",Частная,Для индивидуального жилищного строительства,ИЖС,0,нет,16:24:050201,308953.14,621.6361,,,,,нет,да,нет,нет,нет,да,нет,да,55.56525428658473,49.171197119316766
16:24:050201:524,1000.0,Земли населенных пунктов,Учтенный,"Местоположение установлено относительно ориентира, расположенного в границах участка. Почтовый адрес ориентира: Республика Татарстан, Лаишевский муниципальный район, Никольское сельское поселение, д Пиголи, ул. Чехловка, д.15.",Частная,для ведения личного подсобного хозяйства,ЛПХ,0,нет,16:24:050201,557545.0,557.545,,,,,нет,нет,нет,нет,да,да,нет,да,55.562398867818196,49.17802637873105
16:24:050201:584,600.0,Земли населенных пунктов,Учтенный,"Местоположение установлено относительно ориентира, расположенного в границах участка. Почтовый адрес ориентира: Республика Татарстан, Лаишевский муниципальный район, Никольское сельское поселение, д Пиголи, ул. Кавказская, 13.",Частная,для ведения личного подсобного хозяйства,ЛПХ,0,нет,16:24:050201,335537.16,559.2286,,,,,нет,нет,нет,нет,да,да,нет,да,55.567738098835264,49.18260177116748
16:24:050201:150,,Земли населенных пунктов,Ранее учтенный,"Местоположение установлено относительно ориентира, расположенного в границах участка. Почтовый адрес ориентира: Республика Татарстан, Лаишевский муниципальный район, Никольское сельское поселение, д Пиголи.",Муниципальная,Для ведения личного подсобного хозяйства,ЛПХ,0,нет,16:24:050201,1565245.45,600.17,,,,,да,нет,нет,нет,да,да,нет,да,55.56305689755616,49.175830193532526
16:24:050201:185,58.0,Земли населенных пунктов,Учтенный,"Местоположение установлено относительно ориентира, расположенного в границах участка. Почтовый адрес ориентира: Республика Татарстан, Лаишевский муниципальный район, Никольское сельское поселение, д Пиголи.",,Для ведения личного подсобного хозяйства,ЛПХ,0,нет,16:24:050201,32025.71,552.1674,,,,,да,нет,нет,нет,да,да,нет,да,55.56513302756783,49.18202489305243
16:24:050201:516,1410.0,Земли населенных пунктов,Учтенный,"Местоположение установлено относительно ориентира, расположенного в границах участка. Почтовый адрес ориентира: Республика Татарстан, Лаишевский муниципальный район, Никольское сельское поселение, д Пиголи.",Частная,для ведения личного подсобного хозяйства,ЛПХ,0,нет,16:24:050201,874613.98,620.2936,,,,,нет,нет,нет,нет,да,да,нет,да,55.56540766718665,49.1742640545642
16:24:050201:494,399.0,Земли населенных пунктов,Учтенный,"Местоположение установлено относительно ориентира, расположенного в границах участка. Почтовый адрес ориентира: Республика Татарстан, Лаишевский муниципальный район, Никольское сельское поселение, д Пиголи, ул. Кавказская, д. 9.",Частная,Для ведения личного подсобного хозяйства,ЛПХ,0,нет,16:24:050201,226564.77,567.8315,,,,,нет,нет,нет,нет,да,да,нет,да,55.56819384695337,49.18203565680389
16:24:050201:194,699.0,Земли населенных пунктов,Учтенный,"Местоположение установлено относительно ориентира, расположенного в границах участка. Почтовый адрес ориентира: Российская Федерация, Республика Татарстан (Татарстан), м.р-н Лаишевский, с.п. Никольское, д Пиголи, ул Чехловка, з/у 26а.",,Для ведения личного подсобного хозяйства,ЛПХ,0,нет,16:24:050201,406063.71,580.9209,,,,,да,нет,нет,нет,да,да,нет,да,55.563085916727815,49.1765603920629
16:24:050201:376,1000.0,Земли населенных пунктов,Учтенный,"Местоположение установлено относительно ориентира, расположенного в границах участка. Почтовый адрес ориентира: Российская Федерация, Республика Татарстан (Татарстан), м.р-н Лаишевский, с.п. Никольское, д Пиголи, ул Закрьевская, з/у 15.",Частная,Для индивидуального жилищного строительства,ИЖС,0,нет,16:24:050201,624802.1,624.8021,,,,,нет,да,нет,нет,нет,да,нет,да,55.56344208022117,49.17402873786565
16:24:050201:420,1417.0,Земли населенных пунктов,Учтенный,"Местоположение установлено относительно ориентира, расположенного в границах участка. Почтовый адрес ориентира: Республика Татарстан, Лаишевский муниципальный район, Никольское сельское поселение, д Пиголи, ул. Воскресенская, д. 15 в.",,для ведения личного подсобного хозяйства,ЛПХ,0,нет,16:24:050201,833731.2,588.3777,,,,,да,нет,нет,нет,да,да,нет,да,55.5670728686717,49.17815142620713
16:24:050201:475,1389.0,Земли населенных пунктов,Учтенный,"Местоположение установлено относительно ориентира, расположенного в границах участка. Почтовый адрес ориентира: Республика Татарстан, Лаишевский муниципальный район, Никольское сельское поселение, д Пиголи, ул. Чехловка, д. 16.",Частная,Для ведения личного подсобного хозяйства,ЛПХ,0,нет,16:24:050201,766881.35,552.1104,,,,,нет,нет,нет,нет,да,да,нет,да,55.563576613096565,49.17944568760658
16:24:050201:67,3914.0,Земли населенных пунктов,Ранее учтенный,"Республика Татарстан, Лаишевский муниципальный район, Никольское сельское поселение, д Пиголи, ул. Чехловка, д. 3",Частная,Для ведения личного подсобного хозяйства,ЛПХ,0,нет,16:24:050201,2207186.4,563.92,,,,,нет,нет,нет,нет,да,да,нет,да,55.563693949479436,49.17812719985958
16:24:050201:160,,Земли населенных пунктов,Ранее учтенный,"Местоположение установлено относительно ориентира, расположенного в границах участка. Почтовый адрес ориентира: Республика Татарстан, Лаишевский муниципальный район, Никольское сельское поселение, д Пиголи.",Муниципальная,ШП,ДРУГОЕ,0,нет,16:24:050201,6345.29,576.84,,,,,да,нет,нет,нет,нет,нет,нет,да,55.56188070739607,49.182532090668936
16:24:050201:587,800.0,Земли населенных пунктов,Учтенный,"Местоположение установлено относительно ориентира, расположенного в границах участка. Почтовый адрес ориентира: Республика Татарстан, Лаишевский муниципальный район, Никольское сельское поселение, д Пиголи, ул. Кавказская, 13.",Частная,для ведения личного подсобного хозяйства,ЛПХ,0,нет,16:24:050201,455470.56,569.3382,,,,,нет,нет,нет,нет,да,да,нет,да,55.567692774596196,49.18215843584937
16:24:050201:829,500.0,Земли населенных пунктов,Учтенный,"Местоположение установлено относительно ориентира, расположенного в границах участка. Почтовый адрес ориентира: Республика Татарстан, Лаишевский муниципальный район, Никольское сельское поселение, д Пиголи.",Частная,Для ведения личного подсобного хозяйства,ЛПХ,0,нет,16:24:050201,318406.75,636.8135,,,,,нет,нет,нет,нет,да,да,нет,да,55.5643467941735,49.17144041067911
16:24:050201:175,125.0,Земли населенных пунктов,Ранее учтенный,"Местоположение установлено относительно ориентира, расположенного в границах участка. Почтовый адрес ориентира: Российская Федерация, Республика Татарстан (Татарстан), м.р-н Лаишевский, с.п. Никольское, д Пиголи, ул Закрьевская, з/у 2А.",,Под размещение фельдшерско-акушерского пункта,ДРУГОЕ,0,нет,16:24:050201,72291.31,578.3305,,,,,да,нет,нет,нет,нет,нет,нет,да,55.564275593943115,49.173446857560805
16:24:050201:518,2000.0,Земли населенных пунктов,Учтенный,"Местоположение установлено относительно ориентира, расположенного в границах участка. Почтовый адрес ориентира: Республика Татарстан, Лаишевский муниципальный район, Никольское сельское поселение, д Пиголи.",Частная,Для ведения личного подсобного хозяйства,ЛПХ,0,нет,16:24:050201,1053667.0,526.8335,,,,,нет,нет,нет,нет,да,да,нет,да,55.56224548139081,49.18198709317456
16:24:050201:535,1039.0,Земли населенных пунктов,Учтенный,"Местоположение установлено относительно ориентира, расположенного в границах участка. Почтовый адрес ориентира: Республика Татарстан, Лаишевский муниципальный район, Никольское сельское поселение, д Пиголи.",Частная,Для ведения личного подсобного хозяйства,ЛПХ,0,нет,16:24:050201,638364.41,614.4,,,,,нет,нет,нет,нет,да,да,нет,да,55.56480060304646,49.174938246535184
16:24:050201:130,,Земли населенных пунктов,Ранее учтенный,"Местоположение установлено относительно ориентира, расположенного в границах участка. Почтовый адрес ориентира: Российская Федерация, Республика Татарстан (Татарстан), м.р-н Лаишевский, с.п. Никольское, д Пиголи, ул Полевая, з/у 6.",,Для ведения личного подсобного хозяйства,ЛПХ,0,нет,16:24:050201,711030.43,572.0277,,,,,да,нет,нет,нет,да,да,нет,да,55.568507715022314,49.17734865097417
16:24:050201:540,1715.0,Земли населенных пунктов,Учтенный,"Местоположение установлено относительно ориентира, расположенного в границах участка. Почтовый адрес ориентира: Российская Федерация, Республика Татарстан (Татарстан), м.р-н Лаишевский, с.п. Никольское, д Пиголи, ул Кавказская, з/у 67б.",Частная,Для ведения личного подсобного хозяйства,ЛПХ,0,нет,16:24:050201,883304.23,515.0462,,,,,нет,нет,нет,нет,да,да,нет,да,55.56238419898536,49.18439666561115
16:24:050201:166,3020.0,Земли населенных пунктов,Ранее учтенный,"Местоположение установлено относительно ориентира, расположенного в границах участка. Почтовый адрес ориентира: Республика Татарстан, р-н. Лаишевский, д. Пиголи.",,Для ведения личного подсобного хозяйства,ЛПХ,0,нет,16:24:050201,1769045.94,585.78,,,,,да,нет,нет,нет,да,да,нет,да,55.567264775028534,49.17773102622966
16:24:050201:112,2542.0,Земли населенных пунктов,Ранее учтенный,"Местоположение установлено относительно ориентира, расположенного в границах участка. Почтовый адрес ориентира: Российская Федерация, Республика Татарстан (Татарстан), м.р-н Лаишевский, с.п. Никольское, д Пиголи, ул Воскресенская, з/у 13а.",,Для ведения личного подсобного хозяйства,ЛПХ,0,нет,16:24:050201,1490177.85,586.2226,,,,,да,нет,нет,нет,да,да,нет,да,55.56749489499416,49.1773641534542
16:24:050201:157,1236.0,Земли населенных пунктов,Ранее учтенный,"Местоположение установлено относительно ориентира, расположенного в границах участка. Почтовый адрес ориентира: Российская Федерация, Республика Татарстан (Татарстан), м.р-н Лаишевский, с.п. Никольское, д Пиголи, ул Полевая, з/у 12а.",Частная,Для строительства жилого дома,ЖИЛОЙ,0,нет,16:24:050201,704362.53,569.8726,,,,,нет,нет,нет,нет,нет,да,нет,да,55.568889948899866,49.1786642023953
16:24:050201:558,1195.0,Земли населенных пунктов,Учтенный,"Местоположение установлено относительно ориентира, расположенного в границах участка. Почтовый адрес ориентира: Республика Татарстан, Лаишевский муниципальный район, Никольское сельское поселение, д Пиголи, ул. Кавказская.",Частная,для ведения личного подсобного хозяйства,ЛПХ,0,нет,16:24:050201,653175.41,546.5903,,,,,нет,нет,нет,нет,да,да,нет,да,55.56378944924188,49.180382572833466
16:24:050201:164,2827.0,Земли населенных пунктов,Ранее учтенный,"Местоположение установлено относительно ориентира, расположенного в границах участка. Почтовый адрес ориентира: Республика Татарстан, р-н. Лаишевский, д. Пиголи.",,Под размещение водонапорной башни и скважины,ДРУГОЕ,0,нет,16:24:050201,1650480.06,583.8274,,,,,да,нет,нет,нет,нет,нет,нет,да,55.569159519808565,49.180292049936
16:24:050201:860,1000.0,Земли населенных пунктов,Учтенный,"Местоположение установлено относительно ориентира, расположенного в границах участка. Почтовый адрес ориентира: Российская Федерация, Республика Татарстан, Лаишевский муниципальный район, Никольское сельское поселение, д Пиголи, ул. Чехловка..",Частная,Для ведения подсобного хозяйства,ДРУГОЕ,0,нет,16:24:050201,585853.7,585.85,,,,,нет,нет,нет,нет,нет,нет,нет,да,55.563392377909494,49.1759405292666
16:24:050201:155,,Земли населенных пунктов,Ранее учтенный,"Местоположение установлено относительно ориентира, расположенного в границах участка. Почтовый адрес ориентира: Республика Татарстан, Лаишевский муниципальный район, Никольское сельское поселение,  д Пиголи.",Муниципальная,Ведение личного подсобного хозяйства,ЛПХ,0,нет,16:24:050201,810571.65,556.7113,,,,,да,нет,нет,нет,да,да,нет,да,55.568692134222694,49.18196613707979
16:24:050201:824,1500.0,Земли населенных пунктов,Учтенный,"Республика Татарстан, Лаишевский муниципальный район, Никольское сельское поселение, д Пиголи, ул. Чехловка, 22",Частная,Для ведения личного подсобного хозяйства,ЛПХ,0,нет,16:24:050201,912150.0,608.1,,,,,нет,нет,нет,нет,да,да,нет,да,55.563575367323985,49.17509597300298
16:24:050201:144,,Земли населенных пунктов,Ранее учтенный,"Местоположение установлено относительно ориентира, расположенного в границах участка. Почтовый адрес ориентира: Республика Татарстан, р-н. Лаишевский, д. Пиголи.",Муниципальная,Для ведения личного подсобного хозяйства,ЛПХ,0,нет,16:24:050201,1084373.2,580.81,,,,,да,нет,нет,нет,да,да,нет,да,55.568094164709386,49.179715349511376
16:24:050201:866,1200.0,Земли населенных пунктов,Учтенный,"Республика Татарстан, Лаишевский муниципальный район, Никольское сельское поселение, д. Пиголи, ул. Кавказская",Частная,Для ведения личного подсобного хозяйства,ЛПХ,0,нет,16:24:050201,669055.44,557.55,,,,,нет,нет,нет,нет,да,да,нет,да,55.56468743384736,49.18029469792842
16:24:050201:867,1237.0,Земли населенных пунктов,Учтенный,"Республика Татарстан, Лаишевский муниципальный район, Никольское сельское поселение, д. Пиголи, ул. Кавказская",Частная,Для ведения личного (подсобного) хозяйства ,ДРУГОЕ,0,нет,16:24:050201,687393.23,555.69,,,,,нет,нет,нет,нет,нет,нет,нет,да,55.564791542687466,49.18135325080117
16:24:050201:391,1500.0,Земли населенных пунктов,Учтенный,"Местоположение установлено относительно ориентира, расположенного в границах участка. Почтовый адрес ориентира: Республика Татарстан, Лаишевский муниципальный район, Никольское сельское поселение, д Пиголи.",Частная,Для ведения личного подсобного хозяйства,ЛПХ,0,нет,16:24:050201,935680.05,623.7867,,,,,нет,нет,нет,нет,да,да,нет,да,55.56497431814117,49.17431872105175
16:24:050201:154,1655.0,Земли населенных пунктов,Ранее учтенный,"Российская Федерация, Республика Татарстан (Татарстан), м.р-н Лаишевский, с.п. Никольское, д Пиголи, ул Закрьевская, з/у 11В",Частная,Для ведения личного подсобного хозяйства,ЛПХ,0,нет,16:24:050201,1000156.39,604.3241,,,,,нет,нет,нет,нет,да,да,нет,да,55.56615150558048,49.170247429554955
16:24:050201:859,1000.0,Земли населенных пунктов,Учтенный,"Местоположение установлено относительно ориентира, расположенного в границах участка. Почтовый адрес ориентира: Российская Федерация, Республика Татарстан, Лаишевский муниципальный район, Никольское сельское поселение, д Пиголи, ул. Чехловка..",Частная,Для ведения подсобного хозяйства,ДРУГОЕ,0,нет,16:24:050201,603198.0,603.2,,,,,нет,нет,нет,нет,нет,нет,нет,да,55.5633403019482,49.175465608316244
16:24:050201:607,1389.0,Земли населенных пунктов,Учтенный,"Местоположение установлено относительно ориентира, расположенного в границах участка. Почтовый адрес ориентира: Российская Федерация, Республика Татарстан (Татарстан), м.р-н Лаишевский, с.п. Никольское, д Пиголи, ул Кавказская, з/у 38А.",Частная,для ведения личного подсобного хозяйства,ЛПХ,0,нет,16:24:050201,743561.98,535.3218,,,,,нет,нет,нет,нет,да,да,нет,да,55.56321126476217,49.18170044179643
16:24:050201:398,21957.0,Земли населенных пунктов,Учтенный,"Местоположение установлено относительно ориентира, расположенного в границах участка. Почтовый адрес ориентира: Республика Татарстан, Лаишевский муниципальный район, Никольское сельское поселение, д Пиголи.",,"Земельные участки улиц, проспектов, площадей, земель резерва (земли общего пользования)",ОГП,0,нет,16:24:050201,12866977.66,586.008,,,,,да,нет,нет,нет,нет,нет,да,да,55.567256961359206,49.17017414361765
16:24:050201:560,761.0,Земли населенных пунктов,Учтенный,"Местоположение установлено относительно ориентира, расположенного в границах участка. Почтовый адрес ориентира: Российская Федерация, Республика Татарстан (Татарстан), м.р-н Лаишевский, с.п. Никольское, д Пиголи, ул Чехловка, з/у 17а.",Частная,Для ведения личного подсобного хозяйства,ЛПХ,0,нет,16:24:050201,416830.82,547.7409,,,,,нет,нет,нет,нет,да,да,нет,да,55.56224303554779,49.178472111031915
16:24:050201:884,40.0,Земли населенных пунктов,Учтенный,"Российская Федерация, Республика Татарстан, Лаишевский муниципальный район, Никольское сельское поселени, д Пиголи",Муниципальная,земельные участки (территории) общего пользования,ОГП,0,нет,16:24:050201,23732.36,593.31,,,,,да,нет,нет,нет,нет,нет,да,да,55.5667808749289,49.17196075717933
16:24:050201:886,1549.0,Земли населенных пунктов,Учтенный,"Местоположение установлено относительно ориентира, расположенного в границах участка. Почтовый адрес ориентира: Российская Федерация, Республика Татарстан (Татарстан), м.р-н Лаишевский, с.п. Никольское, д Пиголи, ул Кавказская, з/у 17.",Частная,Ведение личного подсобного хозяйства,ЛПХ,0,нет,16:24:050201,873810.26,564.11,,,,,нет,нет,нет,нет,да,да,нет,да,55.5672214102373,49.18181194092082
16:24:050201:889,26985.0,Земли населенных пунктов,Учтенный,"Российская Федерация, Республика Татарстан, Лаишевский муниципальный район, Никольское сельское поселение, д Пиголи",,земельные участки (территории) общего пользования,ОГП,0,нет,16:24:050201,15667763.55,580.61,,,,,да,нет,нет,нет,нет,нет,да,да,55.56164074254543,49.177264697761665
16:24:050201:892,1000.0,Земли населенных пунктов,Учтенный,"Российская Федерация, Республика Татарстан, Лаишевский муниципальный район, Никольское сельское поселение, д Пиголи",,Для индивидуального жилищного строительства,ИЖС,0,нет,16:24:050201,600739.7,600.74,,,,,да,да,нет,нет,нет,да,нет,да,55.561647134666856,49.17558377895235
16:24:050201:918,1076.0,Земли населенных пунктов,Учтенный,"Российская Федерация, Республика Татарстан, Лаишевский муниципальный район, Никольское сельское поселение, д Пиголи, ул. Кавказская, д. 12",Частная,Ведение личного подсобного хозяйства,ЛПХ,0,нет,16:24:050201,627496.19,583.17,,,,,нет,нет,нет,нет,да,да,нет,да,55.566247999142185,49.179843041756385
16:24:050201:929,1255.0,Земли населенных пунктов,Учтенный,"Российская Федерация, Республика Татарстан, Лаишевский муниципальный район, Никольское сельское поселение, д Пиголи",Частная,Для ведения личного подсобного хозяйства,ЛПХ,0,нет,16:24:050201,700165.25,557.9,,,,,нет,нет,нет,нет,да,да,нет,да,55.56290036233852,49.17782308912509
16:24:050802:5173,772046.0,Земли сельскохозяйственного назначения,Учтенный,"Республика Татарстан, Лаишевский муниципальный район, Никольское сельское поселение
",Частная,Сельскохозяйственное производство,СХ,0,нет,16:24:050802,2605114.82,3.37,,,,,нет,нет,нет,нет,нет,нет,нет,нет,55.572504838156476,49.187277575614466
16:24:050201:942,17296.0,Земли населенных пунктов,Учтенный,"Российская Федерация, Республика Татарстан, Лаишевский муниципальный район, Никольское сельское поселение, д Пиголи, ",,Земельные участки(территории) общего пользования,ОГП,0,нет,16:24:050201,10256628.32,593.01,,,,,да,нет,нет,нет,нет,нет,да,да,55.564914978740354,49.17139774237771
16:24:050201:951,2296.0,Земли населенных пунктов,Учтенный,"Российская Федерация, Республика Татарстан, Лаишевский муниципальный район, Никольское сельское поселение, д Пиголи, ул. Чехловка",Частная,Для ведения личного подсобного хозяйства,ЛПХ,0,нет,16:24:050201,1405627.5,612.21,,,,,нет,нет,нет,нет,да,да,нет,да,55.56461290722928,49.17480139718094
16:24:050201:953,1100.0,Земли населенных пунктов,Учтенный,"Республика Татарстан, Лаишевский муниципальный район, Никольское сельское поселение, деревня Пиголи, ул Кавказская",Частная,Для ведения личного подсобного хозяйства,ЛПХ,0,нет,16:24:050201,573966.25,521.79,,,,,нет,нет,нет,нет,да,да,нет,да,55.56460516019938,49.18398054543334
16:24:050201:963,1500.0,Земли населенных пунктов,Учтенный,"Российская Федерация, Республика Татарстан, Лаишевский муниципальный район, Никольское сельское поселение, д Пиголи, ул. Кавказская",Частная,Ведение личного подсобного хозяйства,ЛПХ,0,нет,16:24:050201,789045.9,526.03,,,,,нет,нет,нет,нет,да,да,нет,да,55.56608339751854,49.183190660075226
16:24:050201:962,1577.0,Земли населенных пунктов,Учтенный,"Российская Федерация, Республика Татарстан, Лаишевский муниципальный район, Никольское сельское поселение, д Пиголи, ул. Кавказская",Частная,Ведение личного подсобного хозяйства,ЛПХ,0,нет,16:24:050201,880358.99,558.25,,,,,нет,нет,нет,нет,да,да,нет,да,55.56598150226068,49.18223347216516
16:24:050201:965,2000.0,Земли населенных пунктов,Учтенный,"Российская Федерация, Республика Татарстан, Лаишевский муниципальный район, Никольское сельское поселение, д Пиголи, ул. Воскресенская",Частная,для ведения личного подсобного хозяйства,ЛПХ,0,нет,16:24:050201,1215276.6,607.64,,,,,нет,нет,нет,нет,да,да,нет,да,55.567285052060065,49.17470399317549
16:24:050801:332,497934.0,Земли сельскохозяйственного назначения,Учтенный,"Республика Татарстан, Лаишевский муниципальный район, Никольское сельское поселение",Частная,для сельскохозяйственного производства,СХ,0,нет,16:24:050801,1958623.39,3.9335,,,,,нет,нет,нет,нет,нет,нет,нет,нет,55.557834714264665,49.193826544888424
16:24:050201:880,715.0,Земли населенных пунктов,Учтенный,"Российская Федерация, Республика Татарстан, Лаишевский муниципальный район, Никольское сельское поселение, д Пиголи, ул. Чехловка, д. 19",Частная,Для ведения личного подсобного хозяйства,ЛПХ,0,нет,16:24:050201,394195.23,551.32,,,,,нет,нет,нет,нет,да,да,нет,да,55.56197791518706,49.17811537860323
16:24:050201:171,,,Ранее учтенный,-,,,ДРУГОЕ,0,нет,16:24:050201,0.0,0.0,,,,,да,нет,нет,нет,нет,нет,нет,нет,55.56832500670102,49.17366772188633
16:24:050201:172,6.76,,Ранее учтенный,-,,,ДРУГОЕ,0,нет,16:24:050201,0.0,0.0,,,,,да,нет,нет,нет,нет,нет,нет,нет,55.56813736361812,49.17285556622835
16:24:050802:51,,,Ранее учтенный,-,,,ДРУГОЕ,0,нет,16:24:050802,0.0,0.0,,,,,да,нет,нет,нет,нет,нет,нет,нет,55.568695612226556,49.16927054185298
16:24:050801:2025,81742.0,Земли сельскохозяйственного назначения,Учтенный,"Местоположение установлено относительно ориентира, расположенного в границах участка. Почтовый адрес ориентира: Республика Татарстан, Лаишевский муниципальный район, Никольское сельское поселение.",,для сельскохозяйственного производства,СХ,0,нет,16:24:050801,343316.4,4.2,,,,,да,нет,нет,нет,нет,нет,нет,нет,55.560630720673785,49.185296592775536
16:24:050801:2124,140723.0,Земли сельскохозяйственного назначения,Учтенный,"Местоположение установлено относительно ориентира, расположенного в границах участка. Почтовый адрес ориентира: Республика Татарстан, Лаишевский муниципальный район, Никольское сельское поселение.",,для сельскохозяйственного производства,СХ,0,нет,16:24:050801,424279.84,3.015,,,,,да,нет,нет,нет,нет,нет,нет,нет,55.56041547472307,49.17654979411969
16:24:050201:118,,Земли населенных пунктов,Ранее учтенный,"Местоположение установлено относительно ориентира, расположенного в границах участка. Почтовый адрес ориентира: Российская Федерация, Республика Татарстан (Татарстан), м.р-н Лаишевский, с.п. Никольское, д Пиголи, ул Воскресенская, з/у 18.",Муниципальная,Для ведения личного подсобного хозяйства,ЛПХ,0,нет,16:24:050201,596292.69,584.03,,,,,да,нет,нет,нет,да,да,нет,да,55.56757553111384,49.17964671706512
16:24:050201:131,,Земли населенных пунктов,Ранее учтенный,"Местоположение установлено относительно ориентира, расположенного в границах участка. Почтовый адрес ориентира: Российская Федерация, Республика Татарстан (Татарстан), м.р-н Лаишевский, с.п. Никольское, д Пиголи, ул Полевая, з/у 5.",Муниципальная,Для ведения личного подсобного хозяйства,ЛПХ,0,нет,16:24:050201,717417.35,573.48,,,,,да,нет,нет,нет,да,да,нет,да,55.568727337757764,49.17727653621424
16:24:050201:177,700.0,Земли населенных пунктов,Учтенный,"Местоположение установлено относительно ориентира, расположенного в границах участка. Почтовый адрес ориентира: Российская Федерация, Республика Татарстан (Татарстан), м.р-н Лаишевский, с.п. Никольское, д Пиголи, ул Чехловка, з/у 2.",Частная,Ведение личного подсобного хозяйства,ЛПХ,0,нет,16:24:050201,430944.15,615.6345,,,,,нет,нет,нет,нет,да,да,нет,да,55.56600673076847,49.1753327135569
16:24:050201:33,2571.0,Земли населенных пунктов,Ранее учтенный,"Местоположение установлено относительно ориентира, расположенного в границах участка. Почтовый адрес ориентира: Российская Федерация, Республика Татарстан (Татарстан), м.р-н Лаишевский, с.п. Никольское, д Пиголи, ул Кавказская, з/у 65.",,Для ведения личного подсобного хозяйства,ЛПХ,0,нет,16:24:050201,1328686.63,516.7976,,,,,да,нет,нет,нет,да,да,нет,да,55.56258738990415,49.18357867514504
16:24:050201:32,,Земли населенных пунктов,Ранее учтенный,"Местоположение установлено относительно ориентира, расположенного в границах участка. Почтовый адрес ориентира: Российская Федерация, Республика Татарстан (Татарстан), м.р-н Лаишевский, с.п. Никольское, д Пиголи, ул Кавказская, з/у 63.",,Для ведения личного подсобного хозяйства,ЛПХ,0,нет,16:24:050201,1957153.14,515.0403,,,,,да,нет,нет,нет,да,да,нет,да,55.56276247838405,49.18328479402181
16:24:050201:40,3207.0,Земли населенных пунктов,Ранее учтенный,"Местоположение установлено относительно ориентира, расположенного в границах участка. Почтовый адрес ориентира: Российская Федерация, Республика Татарстан (Татарстан), м.р-н Лаишевский, с.п. Никольское, д Пиголи, ул Кавказская, з/у 44.",,Для ведения личного подсобного хозяйства,ЛПХ,0,нет,16:24:050201,1693350.84,528.0171,,,,,да,нет,нет,нет,да,да,нет,да,55.5624040395159,49.181539643000015
16:24:050201:456,2160.0,Земли населенных пунктов,Учтенный,"Местоположение установлено относительно ориентира, расположенного в границах участка. Почтовый адрес ориентира: Российская Федерация, Республика Татарстан (Татарстан), м.р-н Лаишевский, с.п. Никольское, д Пиголи, ул Кавказская, з/у 42.",Частная,для ведения личного подсобного хозяйства,ЛПХ,0,нет,16:24:050201,1144091.74,529.6721,,,,,нет,нет,нет,нет,да,да,нет,да,55.56268166466988,49.181876181413585
16:24:050201:477,1500.0,Земли населенных пунктов,Учтенный,"Российская Федерация, Республика Татарстан (Татарстан), м.р-н Лаишевский, с.п. Никольское, д Пиголи, ул Кавказская, з/у 38В",Частная,Для ведения личного подсобного хозяйства,ЛПХ,0,нет,16:24:050201,823666.5,549.111,,,,,нет,нет,нет,нет,да,да,нет,да,55.56308463437529,49.17978664958591
16:24:050201:522,1144.0,Земли населенных пунктов,Учтенный,"Местоположение установлено относительно ориентира, расположенного в границах участка. Почтовый адрес ориентира: Республика Татарстан, Лаишевский муниципальный район, Никольское сельское поселение, д Пиголи, ул. Кавказская, д. 42.",Частная,ведение личного подсобного хозяйства,ЛПХ,0,нет,16:24:050201,613754.86,536.499,,,,,нет,нет,нет,нет,да,да,нет,да,55.56250883656162,49.18059043232678
16:24:050201:604,500.0,Земли населенных пунктов,Учтенный,"Российская Федерация, Республика Татарстан (Татарстан), м.р-н Лаишевский, с.п. Никольское, д Пиголи, ул Солнечная, з/у 6А",Частная,Для индивидуального жилищного строительства,ИЖС,0,нет,16:24:050201,318583.75,637.1675,,,,,нет,да,нет,нет,нет,да,нет,да,55.56311006129058,49.17258530757526
16:24:050201:95,1350.0,Земли населенных пунктов,Ранее учтенный,"Российская Федерация, Республика Татарстан (Татарстан), м.р-н Лаишевский, с.п. Никольское, д Пиголи, ул Закрьевская, з/у 6",,Для индивидуального жилищного строительства,ИЖС,0,нет,16:24:050201,845746.38,626.48,,,,,да,да,нет,нет,нет,да,нет,да,55.56524901225472,49.172449035476724
16:24:050201:108,,Земли населенных пунктов,Ранее учтенный,"Местоположение установлено относительно ориентира, расположенного в границах участка. Почтовый адрес ориентира: Российская Федерация, Республика Татарстан (Татарстан), м.р-н Лаишевский, с.п. Никольское, д Пиголи, ул Воскресенская, з/у 9.",,Для ведения личного подсобного хозяйства,ЛПХ,0,нет,16:24:050201,1689223.53,597.53,,,,,да,нет,нет,нет,да,да,нет,да,55.567015350224516,49.17597042694244
16:24:050201:18,,Земли населенных пунктов,Ранее учтенный,"Местоположение установлено относительно ориентира, расположенного в границах участка. Почтовый адрес ориентира: Российская Федерация, Республика Татарстан (Татарстан), м.р-н Лаишевский, с.п. Никольское, д Пиголи, ул Кавказская, з/у 35.",Частная,Для ведения личного подсобного хозяйства c правом строительства жилого дома,ЛПХ,0,нет,16:24:050201,1651740.14,534.37,,,,,нет,нет,нет,нет,да,да,нет,да,55.565524302404626,49.18220526692864
16:24:050201:410,1437.0,Земли населенных пунктов,Учтенный,"Местоположение установлено относительно ориентира, расположенного в границах участка. Почтовый адрес ориентира: Российская Федерация, Республика Татарстан (Татарстан), м.р-н Лаишевский, с.п. Никольское, д Пиголи, ул Воскресенская, з/у 25.",Частная,Для ведения личного подсобного хозяйства,ЛПХ,0,нет,16:24:050201,885186.11,615.9959,,,,,нет,нет,нет,нет,да,да,нет,да,55.56612948876572,49.17516169079161
16:24:050201:451,636.0,Земли населенных пунктов,Учтенный,"Местоположение установлено относительно ориентира, расположенного в границах участка. Почтовый адрес ориентира: Российская Федерация, Республика Татарстан (Татарстан), м.р-н Лаишевский, с.п. Никольское, д Пиголи, ул Кавказская, з/у 30.",,Для ведения личного подсобного хозяйства,ЛПХ,0,нет,16:24:050201,345658.75,543.4886,,,,,да,нет,нет,нет,да,да,нет,да,55.56430205907744,49.1817458669585
16:24:050201:51,1400.0,Земли населенных пунктов,Ранее учтенный,"Местоположение установлено относительно ориентира, расположенного в границах участка. Почтовый адрес ориентира: Российская Федерация, Республика Татарстан (Татарстан), м.р-н Лаишевский, с.п. Никольское, д Пиголи, ул Кавказская, з/у 22.",,Под жилую застройку Индивидуальную,ДРУГОЕ,0,нет,16:24:050201,788405.94,563.1471,,,,,да,нет,нет,нет,нет,нет,нет,да,55.5651402251903,49.18123765812515
16:24:050201:543,1301.0,Земли населенных пунктов,Учтенный,"Местоположение установлено относительно ориентира, расположенного в границах участка. Почтовый адрес ориентира: Российская Федерация, Республика Татарстан (Татарстан), м.р-н Лаишевский, с.п. Никольское, д Пиголи, ул Воскресенская, з/у 3а.",Частная,Для ведения личного подсобного хозяйства,ЛПХ,0,нет,16:24:050201,804444.21,618.3276,,,,,нет,нет,нет,нет,да,да,нет,да,55.566698481926714,49.17368210030014
16:24:050201:580,1769.0,Земли населенных пунктов,Учтенный,"Местоположение установлено относительно ориентира, расположенного в границах участка. Почтовый адрес ориентира: Российская Федерация, Республика Татарстан, Лаишевский миниципальный район, Никольское сельское поселение, д Пиголи, ул. Воскресенская, д. 13.",Частная,для ведения личного подсобного хозяйства,ЛПХ,0,нет,16:24:050201,1040325.2,588.0866,,,,,нет,нет,нет,нет,да,да,нет,да,55.567522103624455,49.17694816052354
16:24:050201:594,398.0,Земли населенных пунктов,Учтенный,"Местоположение установлено относительно ориентира, расположенного в границах участка. Почтовый адрес ориентира: Республика Татарстан, Лаишевский муниципальныйрайон, Никольское сельское поселение, д Пиголи.",Частная,для индивидуального жилищного строительства,ИЖС,0,нет,16:24:050201,229970.13,577.8144,,,,,нет,да,нет,нет,нет,да,нет,да,55.56204400386465,49.17622971146039
16:24:050201:77,,Земли населенных пунктов,Ранее учтенный,"Местоположение установлено относительно ориентира, расположенного в границах участка. Почтовый адрес ориентира: Российская Федерация, Республика Татарстан (Татарстан), м.р-н Лаишевский, с.п. Никольское, д Пиголи, ул Чехловка, з/у 28.",Муниципальная,Для ведения личного подсобного хозяйства,ЛПХ,0,нет,16:24:050201,2453793.32,591.28,,,,,да,нет,нет,нет,да,да,нет,да,55.56293680742397,49.176544304830664
16:24:050201:836,497.0,Земли населенных пунктов,Учтенный,"Местоположение установлено относительно ориентира, расположенного в границах участка. Почтовый адрес ориентира: Республика Татарстан, Лаишевский муниципальный район, Никольское сельское поселение, д Пиголи.",Частная,Для индивидуального жилищного строительства,ИЖС,0,нет,16:24:050201,308953.14,621.6361,,,,,нет,да,нет,нет,нет,да,нет,да,55.5651936649597,49.17090250867549
16:24:050201:96,2000.0,Земли населенных пунктов,Ранее учтенный,"Местоположение установлено относительно ориентира, расположенного в границах участка. Почтовый адрес ориентира: Российская Федерация, Республика Татарстан (Татарстан), м.р-н Лаишевский, с.п. Никольское, д Пиголи, ул Закрьевская, з/у 8.",Частная,Для ведения личного подсобного хозяйства,ЛПХ,0,нет,16:24:050201,1250365.4,625.1827,,,,,нет,нет,нет,нет,да,да,нет,да,55.56566304371626,49.17207763397971
16:24:050201:109,2916.0,Земли населенных пунктов,Ранее учтенный,"Местоположение установлено относительно ориентира, расположенного в границах участка. Почтовый адрес ориентира: Российская Федерация, Республика Татарстан (Татарстан), м.р-н Лаишевский, с.п. Никольское, д Пиголи, ул Воскресенская, з/у 10.",,Для ведения личного подсобного хозяйства,ЛПХ,0,нет,16:24:050201,1740610.56,596.92,,,,,да,нет,нет,нет,да,да,нет,да,55.5672289408804,49.17636991205798
16:24:050201:133,1172.0,Земли населенных пунктов,Учтенный,"Местоположение установлено относительно ориентира, расположенного в границах участка. Почтовый адрес ориентира: Российская Федерация, Республика Татарстан (Татарстан), м.р-н Лаишевский, с.п. Никольское, д Пиголи, ул Полевая, з/у 3.",,Индивидуальное жилищное строительство,ДРУГОЕ,0,нет,16:24:050201,678055.56,578.5457,,,,,да,нет,нет,нет,нет,нет,нет,да,55.56846706631412,49.17636140620063
16:24:050201:169,909.0,Земли населенных пунктов,Ранее учтенный,"Местоположение установлено относительно ориентира, расположенного в границах участка. Почтовый адрес ориентира: Российская Федерация, Республика Татарстан (Татарстан), м.р-н Лаишевский, с.п. Никольское, д Пиголи, ул Кавказская, з/у 8.",,Ведение личного подсобного хозяйства,ЛПХ,0,нет,16:24:050201,530102.89,583.1715,,,,,да,нет,нет,нет,да,да,нет,да,55.56668320077099,49.18093576898414
16:24:050201:20,2641.0,Земли населенных пунктов,Ранее учтенный,"Местоположение установлено относительно ориентира, расположенного в границах участка. Почтовый адрес ориентира: Российская Федерация, Республика Татарстан (Татарстан), м.р-н Лаишевский, с.п. Никольское, д Пиголи, ул Кавказская, з/у 39.",,Ведение личного подсобного хозяйства,ЛПХ,0,нет,16:24:050201,1414957.74,535.7659,,,,,да,нет,нет,нет,да,да,нет,да,55.56513355187767,49.182609700188735
16:24:050201:29,,Земли населенных пунктов,Ранее учтенный,"Местоположение установлено относительно ориентира, расположенного в границах участка. Почтовый адрес ориентира: Российская Федерация, Республика Татарстан (Татарстан), м.р-н Лаишевский, с.п. Никольское, д Пиголи, ул Кавказская, з/у 57.",Частная,Для ведения личного подсобного хозяйства,ЛПХ,0,нет,16:24:050201,1684629.05,518.35,,,,,нет,нет,нет,нет,да,да,нет,да,55.56338873233669,49.183053651448006
16:24:050201:421,1200.0,Земли населенных пунктов,Учтенный,"Российская Федерация, Республика Татарстан (Татарстан), м.р-н Лаишевский, с.п. Никольское, д Пиголи, ул Полевая, з/у 9А",Частная,для ведения личного подсобного хозяйства,ЛПХ,0,нет,16:24:050201,683185.32,569.3211,,,,,нет,нет,нет,нет,да,да,нет,да,55.567897279371394,49.17799416255014
16:24:050201:401,1000.0,Земли населенных пунктов,Учтенный,"Российская Федерация, Республика Татарстан (Татарстан), м.р-н Лаишевский, с.п. Никольское, д Пиголи, ул Кавказская, з/у 32б",,Ведение подсобного хозяйства,ДРУГОЕ,0,нет,16:24:050201,544712.7,544.7127,,,,,да,нет,нет,нет,нет,нет,нет,да,55.56392954138055,49.18172696183629
16:24:050201:586,1110.0,Земли населенных пунктов,Учтенный,"Местоположение установлено относительно ориентира, расположенного в границах участка. Почтовый адрес ориентира: Республика Татарстан, Лаишевский муниципальный район, Никольское сельское поселение, д Пиголи, ул. Кавказская, 13.",Частная,для ведения личного подсобного хозяйства,ЛПХ,0,нет,16:24:050201,631965.4,569.3382,,,,,нет,нет,нет,нет,да,да,нет,да,55.56758682559175,49.18143447276546
16:24:050201:76,,Земли населенных пунктов,Ранее учтенный,"Местоположение установлено относительно ориентира, расположенного в границах участка. Почтовый адрес ориентира: Российская Федерация, Республика Татарстан (Татарстан), м.р-н Лаишевский, с.п. Никольское, д Пиголи, ул Чехловка, з/у 30.",Частная,Для ведения личного подсобного хозяйства,ЛПХ,0,нет,16:24:050201,865256.7,576.84,,,,,нет,нет,нет,нет,да,да,нет,да,55.562524380517104,49.176848627468445
16:24:050201:94,1331.0,Земли населенных пунктов,Ранее учтенный,"Местоположение установлено относительно ориентира, расположенного в границах участка. Почтовый адрес ориентира: Российская Федерация, Республика Татарстан (Татарстан), м.р-н Лаишевский, с.п. Никольское, д Пиголи, ул Закрьевская, з/у 5.",,Для индивидуального жилищного строительства,ИЖС,0,нет,16:24:050201,834548.85,627.01,,,,,да,да,нет,нет,нет,да,нет,да,55.56513034195593,49.17280571328985
16:24:050201:30,3043.0,Земли населенных пунктов,Ранее учтенный,"Местоположение установлено относительно ориентира, расположенного в границах участка. Почтовый адрес ориентира: Российская Федерация, Республика Татарстан (Татарстан), м.р-н Лаишевский, с.п. Никольское, д Пиголи, ул Кавказская, з/у 59.",Частная,Для ведения личного подсобного хозяйства,ЛПХ,0,нет,16:24:050201,1569102.87,515.6434,,,,,нет,нет,нет,нет,да,да,нет,да,55.56326044542885,49.18310966708316
16:24:050201:377,1000.0,Земли населенных пунктов,Учтенный,"Местоположение установлено относительно ориентира, расположенного в границах участка. Почтовый адрес ориентира: Российская Федерация, Республика Татарстан (Татарстан), м.р-н Лаишевский, с.п. Никольское, д Пиголи, ул Закрьевская, з/у 14.",,Для индивидуального жилищного строительства,ИЖС,0,нет,16:24:050201,628147.0,628.147,,,,,да,да,нет,нет,нет,да,нет,да,55.56365599017822,49.173908189283274
16:24:050201:432,1448.0,Земли населенных пунктов,Учтенный,"Местоположение установлено относительно ориентира, расположенного в границах участка. Почтовый адрес ориентира: Республика Татарстан, Лаишевский муниципальный район, Никольское сельское поселение, д Пиголи.",,для ведения личного подсобного хозяйства,ЛПХ,0,нет,16:24:050201,835422.3,576.9491,,,,,да,нет,нет,нет,да,да,нет,да,55.568449585118444,49.18021409316589
16:24:050201:464,1249.0,Земли населенных пунктов,Учтенный,"Местоположение установлено относительно ориентира, расположенного в границах участка. Почтовый адрес ориентира: Российская Федерация, Республика Татарстан (Татарстан), м.р-н Лаишевский, с.п. Никольское, д Пиголи, ул Кавказская, з/у 48.",Частная,для ведения личного подсобного хозяйства (приусадебные участки),ЛПХ,0,нет,16:24:050201,657484.34,526.4086,,,,,нет,нет,нет,нет,да,да,нет,да,55.561929252433885,49.182022698190444
16:24:050201:538,1715.0,Земли населенных пунктов,Учтенный,"Местоположение установлено относительно ориентира, расположенного в границах участка. Почтовый адрес ориентира: Российская Федерация, Республика Татарстан (Татарстан), м.р-н Лаишевский, с.п. Никольское, д Пиголи, ул Кавказская, з/у 67.",Частная,Для ведения личного подсобного хозяйства,ЛПХ,0,нет,16:24:050201,892013.0,520.1242,,,,,нет,нет,нет,нет,да,да,нет,да,55.56238571775849,49.183184010728034
16:24:050201:61,999.0,Земли населенных пунктов,Ранее учтенный,"Местоположение установлено относительно ориентира, расположенного в границах участка. Почтовый адрес ориентира: Российская Федерация, Республика Татарстан (Татарстан), м.р-н Лаишевский, с.п. Никольское, д Пиголи, ул Воскресенская, з/у 21.",Частная,Для ведения личного подсобного хозяйства,ЛПХ,0,нет,16:24:050201,598057.14,598.6558,,,,,нет,нет,нет,нет,да,да,нет,да,55.56647587640707,49.17823498167857
16:24:050201:830,500.0,Земли населенных пунктов,Учтенный,"Местоположение установлено относительно ориентира, расположенного в границах участка. Почтовый адрес ориентира: Республика Татарстан, Лаишевский муниципальный район, Никольское сельское поселение, д Пиголи.",Частная,Для ведения личного подсобного хозяйства,ЛПХ,0,нет,16:24:050201,316304.95,632.6099,,,,,нет,нет,нет,нет,да,да,нет,да,55.56440549555415,49.171732187826144
16:24:050201:845,1500.0,Земли населенных пунктов,Учтенный,"Местоположение установлено относительно ориентира, расположенного в границах участка. Почтовый адрес ориентира: Республика Татарстан, Лаишевский муниципальный район, Никольское сельское поселение, д Пиголи, ул. Чехловка.",Частная,Для ведения личного подсобного хозяйства,ЛПХ,0,нет,16:24:050201,896681.25,597.79,,,,,нет,нет,нет,нет,да,да,нет,да,55.564513657563715,49.17600977172272
16:24:050201:103,3821.0,Земли населенных пунктов,Ранее учтенный,"Местоположение установлено относительно ориентира, расположенного в границах участка. Почтовый адрес ориентира: Российская Федерация, Республика Татарстан (Татарстан), м.р-н Лаишевский, с.п. Никольское, д Пиголи, ул Воскресенская, з/у 4.",Частная,Для ведения личного подсобного хозяйства,ЛПХ,0,нет,16:24:050201,2348553.58,614.6437,,,,,нет,нет,нет,нет,да,да,нет,да,55.566829367937046,49.17407541645947
16:24:050201:129,,Земли населенных пунктов,Ранее учтенный,"Местоположение установлено относительно ориентира, расположенного в границах участка. Почтовый адрес ориентира: Российская Федерация, Республика Татарстан (Татарстан), м.р-н Лаишевский, с.п. Никольское, д Пиголи, ул Полевая, з/у 7.",,Для ведения личного подсобного хозяйства,ЛПХ,0,нет,16:24:050201,705796.68,568.2743,,,,,да,нет,нет,нет,да,да,нет,да,55.56828730773027,49.17741572135803
16:24:050201:354,1000.0,Земли населенных пунктов,Учтенный,"Местоположение установлено относительно ориентира, расположенного в границах участка. Почтовый адрес ориентира: Российская Федерация, Республика Татарстан (Татарстан), м.р-н Лаишевский, с.п. Никольское, д Пиголи, ул Солнечная, з/у 12.",,Для индивидуального жилищного строительства,ИЖС,0,нет,16:24:050201,636244.5,636.2445,,,,,да,да,нет,нет,нет,да,нет,да,55.56253248954495,49.17291083528525
16:24:050201:384,1000.0,Земли населенных пунктов,Учтенный,"Местоположение установлено относительно ориентира, расположенного в границах участка. Почтовый адрес ориентира: Российская Федерация, Республика Татарстан (Татарстан), м.р-н Лаишевский, с.п. Никольское, д Пиголи, ул Юности, з/у 11.",,Для индивидуального жилищного строительства,ИЖС,0,нет,16:24:050201,637396.0,637.396,,,,,да,да,нет,нет,нет,да,нет,да,55.562423198456926,49.17230698466724
16:24:050201:445,1000.0,Земли населенных пунктов,Учтенный,"Местоположение установлено относительно ориентира, расположенного в границах участка. Почтовый адрес ориентира: Российская Федерация, Республика Татарстан (Татарстан), м.р-н Лаишевский, с.п. Никольское, д Пиголи, ул Кавказская, з/у 61а.",,Для ведения личного подсобного хозяйства,ЛПХ,0,нет,16:24:050201,507295.1,507.2951,,,,,да,нет,нет,нет,да,да,нет,да,55.563090517331844,49.184219313287905
16:24:050201:474,787.0,Земли населенных пунктов,Учтенный,"Местоположение установлено относительно ориентира, расположенного в границах участка. Почтовый адрес ориентира: Республика Татарстан, Лаишевский муниципальный район, Никольское сельское поселение, д Пиголи, ул. Чехловка.",Частная,для ведения личного подсобного хозяйства,ЛПХ,0,нет,16:24:050201,437818.88,556.3137,,,,,нет,нет,нет,нет,да,да,нет,да,55.56308940830422,49.17837022429303
16:24:050201:62,109.0,Земли населенных пунктов,Ранее учтенный,"Российская Федерация, Республика Татарстан, муниципальный район Лаишевский, сельское поселение Никольское, деревня Пиголи, улица Воскресенская, земельный участок 23А",,Под размещение магазина,ДРУГОЕ,0,нет,16:24:050201,84576.13,775.9278,,,,,да,нет,нет,нет,нет,нет,нет,да,55.566342357897156,49.177066657240765
16:24:050201:125,1051.0,Земли населенных пунктов,Ранее учтенный,"Местоположение установлено относительно ориентира, расположенного в границах участка. Почтовый адрес ориентира: Российская Федерация, Республика Татарстан (Татарстан), м.р-н Лаишевский, с.п. Никольское, д Пиголи, ул Полевая, з/у 11.",,для индивидуального жилищного строительства,ИЖС,0,нет,16:24:050201,597694.66,568.6914,,,,,да,да,нет,нет,нет,да,нет,да,55.568557082840265,49.17814849265369
16:24:050201:134,,Земли населенных пунктов,Ранее учтенный,"Местоположение установлено относительно ориентира, расположенного в границах участка. Почтовый адрес ориентира: Российская Федерация, Республика Татарстан (Татарстан), м.р-н Лаишевский, с.п. Никольское, д Пиголи, ул Полевая, з/у 2.",,Ведение личного подсобного хозяйства,ЛПХ,0,нет,16:24:050201,694899.96,579.0833,,,,,да,нет,нет,нет,да,да,нет,да,55.56825724687799,49.17654839693107
16:24:050201:184,1673.0,Земли населенных пунктов,Учтенный,"Местоположение установлено относительно ориентира, расположенного в границах участка. Почтовый адрес ориентира: Российская Федерация, Республика Татарстан (Татарстан), м.р-н Лаишевский, с.п. Никольское, д Пиголи, ул Чехловка, з/у 18а.",,Для ведения личного подсобного хозяйства,ЛПХ,0,нет,16:24:050201,1023496.23,611.773,,,,,да,нет,нет,нет,да,да,нет,да,55.564039764685184,49.17488513116876
16:24:050201:387,1000.0,Земли населенных пунктов,Учтенный,"Местоположение установлено относительно ориентира, расположенного в границах участка. Почтовый адрес ориентира: Российская Федерация, Республика Татарстан (Татарстан), м.р-н Лаишевский, с.п. Никольское, д Пиголи, ул Солнечная, з/у 20.",Частная,Для индивидуального жилищного строительства,ИЖС,0,нет,16:24:050201,586073.7,586.0737,,,,,нет,да,нет,нет,нет,да,нет,да,55.5616768527261,49.17339302972906
16:24:050201:467,1000.0,Земли населенных пунктов,Учтенный,"Местоположение установлено относительно ориентира, расположенного в границах участка. Почтовый адрес ориентира: Российская Федерация, Республика Татарстан (Татарстан), м.р-н Лаишевский, с.п. Никольское, д Пиголи, ул Закрьевская, з/у 11а.",Частная,Для ведения личного подсобного хозяйства,ЛПХ,0,нет,16:24:050201,614875.2,614.8752,,,,,нет,нет,нет,нет,да,да,нет,да,55.56631609249199,49.17141514506302
16:24:050201:525,1658.0,Земли населенных пунктов,Учтенный,"Местоположение установлено относительно ориентира, расположенного в границах участка. Почтовый адрес ориентира: Республика Татарстан, Лаишевский муниципальный район, Никольское сельское поселение, д Пиголи, ул. Чехловка, д.15.",Частная,для ведения личного подсобного хозяйства,ЛПХ,0,нет,16:24:050201,899700.27,542.6419,,,,,нет,нет,нет,нет,да,да,нет,да,55.56245650467886,49.178992662654956
16:24:050201:581,1131.0,Земли населенных пунктов,Учтенный,"Местоположение установлено относительно ориентира, расположенного в границах участка. Почтовый адрес ориентира: Российская Федерация, Республика Татарстан, Лаишевский муниципальный район, Никольское сельское поселение, д Пиголи, ул. Воскресенская, д. 13.",Частная,для ведения личного подсобного хозяйства,ЛПХ,0,нет,16:24:050201,677463.57,598.9952,,,,,нет,нет,нет,нет,да,да,нет,да,55.56693024982268,49.17715230485879
16:24:050201:81,1500.0,Земли населенных пунктов,Ранее учтенный,"Российская Федерация, Республика Татарстан (Татарстан), м.р-н Лаишевский, с.п. Никольское, д Пиголи, ул Чехловка, з/у 20а",,для индивидуального жилищного строительства,ИЖС,0,нет,16:24:050201,912150.0,608.1,,,,,да,да,нет,нет,нет,да,нет,да,55.56379248282383,49.175187412308844
16:24:050201:848,1049.0,Земли населенных пунктов,Учтенный,"Российская Федерация, Республика Татарстан, Лаишевский муниципальный район, Никольское сельское поселение, д Пиголи, ул. Чехловка",Частная,Для ведения подсобного хозяйства,ДРУГОЕ,0,нет,16:24:050201,609477.29,581.0079,,,,,нет,нет,нет,нет,нет,нет,нет,да,55.56357927151425,49.17663934952042
16:24:050201:126,,Земли населенных пунктов,Ранее учтенный,"Местоположение установлено относительно ориентира, расположенного в границах участка. Почтовый адрес ориентира: Российская Федерация, Республика Татарстан (Татарстан), м.р-н Лаишевский, с.п. Никольское, д Пиголи, ул Полевая, з/у 10.",Частная,Для ведения личного подсобного хозяйства,ЛПХ,0,нет,16:24:050201,739884.81,568.27,,,,,нет,нет,нет,нет,да,да,нет,да,55.5684055426032,49.17828962605298
16:24:050201:147,240.0,Земли населенных пунктов,Ранее учтенный,"Российская Федерация, Республика Татарстан (Татарстан), м.р-н Лаишевский, с.п. Никольское, д Пиголи, ул Воскресенская, з/у 8А",Частная,Для индивидуального жилищного строительства,ИЖС,0,нет,16:24:050201,142756.15,594.8173,,,,,нет,да,нет,нет,нет,да,нет,да,55.567714996947785,49.1753994147682
16:24:050201:186,1200.0,Земли населенных пунктов,Учтенный,"Местоположение установлено относительно ориентира, расположенного в границах участка. Почтовый адрес ориентира: Российская Федерация, Республика Татарстан (Татарстан), м.р-н Лаишевский, с.п. Никольское, д Пиголи, ул Закрьевская, з/у 7.",Частная,Для индивидуального жилищного строительства,ИЖС,0,нет,16:24:050201,751774.56,626.4788,,,,,нет,да,нет,нет,нет,да,нет,да,55.565504821824454,49.172299468776146
16:24:050201:356,1000.0,Земли населенных пунктов,Учтенный,"Местоположение установлено относительно ориентира, расположенного в границах участка. Почтовый адрес ориентира: Российская Федерация, Республика Татарстан (Татарстан), м.р-н Лаишевский, с.п. Никольское, д Пиголи, ул Солнечная, з/у 8.",,Для индивидуального жилищного строительства,ИЖС,0,нет,16:24:050201,637396.0,637.396,,,,,да,да,нет,нет,нет,да,нет,да,55.56296030723824,49.172669698516
16:24:050201:380,1000.0,Земли населенных пунктов,Учтенный,"Местоположение установлено относительно ориентира, расположенного в границах участка. Почтовый адрес ориентира: Российская Федерация, Республика Татарстан (Татарстан), м.р-н Лаишевский, с.п. Никольское, д Пиголи, ул Юности, з/у 19.",,Для индивидуального жилищного строительства,ИЖС,0,нет,16:24:050201,594538.7,594.5387,,,,,да,да,нет,нет,нет,да,нет,да,55.56156754591965,49.17278928593101
16:24:050201:463,800.0,Земли населенных пунктов,Учтенный,"Местоположение установлено относительно ориентира, расположенного в границах участка. Почтовый адрес ориентира: Российская Федерация, Республика Татарстан (Татарстан), м.р-н Лаишевский, с.п. Никольское, д Пиголи, ул Кавказская, з/у 48а.",Частная,для ведения личного подсобного хозяйства (приусадебные участки),ЛПХ,0,нет,16:24:050201,422785.36,528.4817,,,,,нет,нет,нет,нет,да,да,нет,да,55.56182683194986,49.180912055708525
16:24:050201:542,1569.0,Земли населенных пунктов,Учтенный,"Местоположение установлено относительно ориентира, расположенного в границах участка. Почтовый адрес ориентира: Российская Федерация, Республика Татарстан (Татарстан), м.р-н Лаишевский, с.п. Никольское, д Пиголи, ул Воскресенская, з/у 3.",Частная,Для ведения личного подсобного хозяйства,ЛПХ,0,нет,16:24:050201,960594.52,612.2336,,,,,нет,нет,нет,нет,да,да,нет,да,55.56707312441864,49.17345055658114
16:24:050201:578,1200.0,Земли населенных пунктов,Учтенный,"Местоположение установлено относительно ориентира, расположенного в границах участка. Почтовый адрес ориентира: Республика Татарстан, Лаишевский муниципальный район, Никольское сельское поселение, д Пиголи, ул. Воскресенская.",Частная,Для ведения личного подсобного хозяйства,ЛПХ,0,нет,16:24:050201,704511.96,587.0933,,,,,нет,нет,нет,нет,да,да,нет,да,55.56761268788131,49.17655527212853
16:24:050201:853,1225.0,Земли населенных пунктов,Учтенный,"Республика Татарстан, Лаишевский муниципальный район, Никольское сельское поселение, д Пиголи, ул. Кавказская",Частная,Для ведения личного подсобного хозяйства,ЛПХ,0,нет,16:24:050201,677630.43,553.1677,,,,,нет,нет,нет,нет,да,да,нет,да,55.56415120235362,49.18021723646483
16:24:050201:98,1507.0,Земли населенных пунктов,Ранее учтенный,"Местоположение установлено относительно ориентира, расположенного в границах участка. Почтовый адрес ориентира: Российская Федерация, Республика Татарстан (Татарстан), м.р-н Лаишевский, с.п. Никольское, д Пиголи, ул Закрьевская, з/у 10.",,для индивидуального жилищного строительства,ИЖС,0,нет,16:24:050201,930737.97,617.6098,,,,,да,да,нет,нет,нет,да,нет,да,55.56614219770855,49.171773044097506
16:24:050201:100,1435.0,Земли населенных пунктов,Ранее учтенный,"Местоположение установлено относительно ориентира, расположенного в границах участка. Почтовый адрес ориентира: Российская Федерация, Республика Татарстан (Татарстан), м.р-н Лаишевский, с.п. Никольское, д Пиголи, ул Воскресенская, з/у 1.",Частная,Для ведения личного подсобного хозяйства,ЛПХ,0,нет,16:24:050201,885494.16,617.0691,,,,,нет,нет,нет,нет,да,да,нет,да,55.56675609275307,49.17265134962645
16:24:050201:11,3101.0,Земли населенных пунктов,Ранее учтенный,"Местоположение установлено относительно ориентира, расположенного в границах участка. Почтовый адрес ориентира: Российская Федерация, Республика Татарстан (Татарстан), м.р-н Лаишевский, с.п. Никольское, д Пиголи, ул Кавказская, з/у 21.",Частная,Для ведения личного подсобного хозяйства,ЛПХ,0,нет,16:24:050201,1718842.13,554.2864,,,,,нет,нет,нет,нет,да,да,нет,да,55.56684781619234,49.182244488662384
16:24:050201:15,3145.0,Земли населенных пунктов,Ранее учтенный,"Местоположение установлено относительно ориентира, расположенного в границах участка. Почтовый адрес ориентира: Российская Федерация, Республика Татарстан (Татарстан), м.р-н Лаишевский, с.п. Никольское, д Пиголи, ул Кавказская, з/у 29.",Частная,Для ведения личного подсобного хозяйства,ЛПХ,0,нет,16:24:050201,1699934.46,540.5197,,,,,нет,нет,нет,нет,да,да,нет,да,55.566272970627374,49.18233574489659
16:24:050201:358,1000.0,Земли населенных пунктов,Учтенный,"Местоположение установлено относительно ориентира, расположенного в границах участка. Почтовый адрес ориентира: Российская Федерация, Республика Татарстан (Татарстан), м.р-н Лаишевский, с.п. Никольское, д Пиголи, ул Солнечная, з/у 4.",,Для индивидуального жилищного строительства,ИЖС,0,нет,16:24:050201,636147.0,636.147,,,,,да,да,нет,нет,нет,да,нет,да,55.56338814232223,49.17242861997341
16:24:050201:388,1314.0,Земли населенных пунктов,Учтенный,"Местоположение установлено относительно ориентира, расположенного в границах участка. Почтовый адрес ориентира: Российская Федерация, Республика Татарстан (Татарстан), м.р-н Лаишевский, с.п. Никольское, д Пиголи, ул Воскресенская, з/у 2.",Частная,Для ведения личного подсобного хозяйства,ЛПХ,0,нет,16:24:050201,812482.47,618.3276,,,,,нет,нет,нет,нет,да,да,нет,да,55.5666975166138,49.17332491435508
16:24:050201:437,1850.0,Земли населенных пунктов,Учтенный,"Местоположение установлено относительно ориентира, расположенного в границах участка. Почтовый адрес ориентира: Республика Татарстан, Лаишевский муниципальный район, Никольское сельское поселение, д Пиголи.",Частная,Для ведения личного подсобного хозяйства (приусадебные участки),ЛПХ,0,нет,16:24:050201,1138566.03,615.4411,,,,,нет,нет,нет,нет,да,да,нет,да,55.565333950374225,49.17511532297018
16:24:050201:452,983.0,Земли населенных пунктов,Учтенный,"Местоположение установлено относительно ориентира, расположенного в границах участка. Почтовый адрес ориентира: Российская Федерация, Республика Татарстан (Татарстан), м.р-н Лаишевский, с.п. Никольское, д Пиголи, ул Кавказская, з/у 30б.",Частная,Для ведения личного подсобного хозяйства,ЛПХ,0,нет,16:24:050201,543804.25,553.2088,,,,,нет,нет,нет,нет,да,да,нет,да,55.56418806969359,49.18080227088879
16:24:050201:534,1027.0,Земли населенных пунктов,Учтенный,"Местоположение установлено относительно ориентира, расположенного в границах участка. Почтовый адрес ориентира: Республика Татарстан, Лаишевский муниципальный район, Никольское сельское поселение, д Пиголи.",Частная,Для ведения личного подсобного хозяйства,ЛПХ,0,нет,16:24:050201,615104.5,598.93,,,,,нет,нет,нет,нет,да,да,нет,да,55.56501542037709,49.175655367561504
16:24:050201:533,1008.0,Земли населенных пунктов,Учтенный,"Местоположение установлено относительно ориентира, расположенного в границах участка. Почтовый адрес ориентира: Республика Татарстан, Лаишевский муниципальный район, Никольское сельское поселение, д Пиголи.",Частная,Для ведения личного подсобного хозяйства,ЛПХ,0,нет,16:24:050201,622086.9,617.1497,,,,,нет,нет,нет,нет,да,да,нет,да,55.56487340627412,49.17461674125879
16:24:050201:855,4.0,Земли населенных пунктов,Учтенный,"Республика Татарстан, Лаишевский муниципальный район, Никольское сельское поселение, деревня Пиголи",,связь (термошкаф),СВЯЗЬ,0,нет,16:24:050201,2394.88,598.7196,,,,,да,нет,нет,нет,нет,нет,нет,да,55.564395057754915,49.1736959640712
16:24:050201:121,3910.0,Земли населенных пунктов,Ранее учтенный,"Российская Федерация, Республика Татарстан (Татарстан), м.р-н Лаишевский, с.п. Никольское, д Пиголи, ул Кавказская, з/у 6",Частная,Ведение личного подсобного хозяйства,ЛПХ,0,нет,16:24:050201,2259138.57,577.7848,,,,,нет,нет,нет,нет,да,да,нет,да,55.568282196265244,49.18013013785028
16:24:050201:143,1513.0,Земли населенных пунктов,Ранее учтенный,"Местоположение установлено относительно ориентира, расположенного в границах участка. Почтовый адрес ориентира: Российская Федерация, Республика Татарстан (Татарстан), м.р-н Лаишевский, с.п. Никольское, д Пиголи, ул Закрьевская, з/у 10а.",,Для ведения личного подсобного хозяйства,ЛПХ,0,нет,16:24:050201,923760.79,610.5491,,,,,да,нет,нет,нет,да,да,нет,да,55.56599883485171,49.17085377992535
16:24:050201:23,1032.0,Земли населенных пунктов,Ранее учтенный,"Местоположение установлено относительно ориентира, расположенного в границах участка. Почтовый адрес ориентира: Российская Федерация, Республика Татарстан (Татарстан), м.р-н Лаишевский, с.п. Никольское, д Пиголи, ул Кавказская, з/у 45.",Частная,Для ведения личного подсобного хозяйства,ЛПХ,0,нет,16:24:050201,550177.16,533.12,,,,,нет,нет,нет,нет,да,да,нет,да,55.56463374914925,49.182490235760305
16:24:050201:36,2331.0,Земли населенных пунктов,Ранее учтенный,"Местоположение установлено относительно ориентира, расположенного в границах участка. Почтовый адрес ориентира: Российская Федерация, Республика Татарстан (Татарстан), м.р-н Лаишевский, с.п. Никольское, д Пиголи, ул Кавказская, з/у 71.",,Для ведения личного подсобного хозяйства,ЛПХ,0,нет,16:24:050201,1216670.11,521.952,,,,,да,нет,нет,нет,да,да,нет,да,55.561878056343936,49.18366811720143
16:24:050201:438,1027.0,Земли населенных пунктов,Учтенный,"Местоположение установлено относительно ориентира, расположенного в границах участка. Почтовый адрес ориентира: Российская Федерация, Республика Татарстан (Татарстан), м.р-н Лаишевский, с.п. Никольское, д Пиголи, ул Чехловка, з/у 8а.",,Для ведения личного подсобного хозяйства (приусадебные участки),ЛПХ,0,нет,16:24:050201,642545.43,625.6528,,,,,да,нет,нет,нет,да,да,нет,да,55.56517779525664,49.17415840086165
16:24:050201:482,1754.0,Земли населенных пунктов,Учтенный,"Российская Федерация, Республика Татарстан (Татарстан), м.р-н Лаишевский, с.п. Никольское, д Пиголи, ул Воскресенская, з/у 5А",Частная,Для ведения личного подсобного хозяйства с правом строительства теплого дома,ЛПХ,0,нет,16:24:050201,1066628.27,608.11,,,,,нет,нет,нет,нет,да,да,нет,да,55.56742478476341,49.17424047808905
16:24:050201:541,890.0,Земли населенных пунктов,Учтенный,"Местоположение установлено относительно ориентира, расположенного в границах участка. Почтовый адрес ориентира: Российская Федерация, Республика Татарстан (Татарстан), м.р-н Лаишевский, с.п. Никольское, д Пиголи, ул Чехловка, з/у 34.",Частная,для индивидуального жилищного строительства,ИЖС,0,нет,16:24:050201,506749.09,569.381,,,,,нет,да,нет,нет,нет,да,нет,да,55.56199570813943,49.17714838483387
16:24:050201:577,600.0,Земли населенных пунктов,Учтенный,"Местоположение установлено относительно ориентира, расположенного в границах участка. Почтовый адрес ориентира: Республика Татарстан, Лаишевский муниципальный район, Никольское сельское поселение, д Пиголи, ул. Кавказская.",Частная,Для ведения личного подсобного хозяйства,ЛПХ,0,нет,16:24:050201,320526.48,534.2108,,,,,нет,нет,нет,нет,да,да,нет,да,55.563336371280535,49.181942911298314
16:24:050201:605,500.0,Земли населенных пунктов,Учтенный,"Российская Федерация, Республика Татарстан (Татарстан), м.р-н Лаишевский, с.п. Никольское, д Пиголи, ул Солнечная, з/у 6",Частная,Для индивидуального жилищного строительства,ИЖС,0,нет,16:24:050201,318125.7,636.2514,,,,,нет,да,нет,нет,нет,да,нет,да,55.563217051492565,49.17252504600756
16:24:050201:93,1730.0,Земли населенных пунктов,Учтенный,"Местоположение установлено относительно ориентира, расположенного в границах участка. Почтовый адрес ориентира: Российская Федерация, Республика Татарстан (Татарстан), м.р-н Лаишевский, с.п. Никольское, д Пиголи, ул Закрьевская, з/у 4.",,Ведение личного подсобного хозяйства,ЛПХ,0,нет,16:24:050201,1092368.71,631.43,,,,,да,нет,нет,нет,да,да,нет,да,55.56479762440021,49.17263995588676
16:24:050201:12,2452.0,Земли населенных пунктов,Ранее учтенный,"Местоположение установлено относительно ориентира, расположенного в границах участка. Почтовый адрес ориентира: Российская Федерация, Республика Татарстан (Татарстан), м.р-н Лаишевский, с.п. Никольское, д Пиголи, ул Кавказская, з/у 23.",Частная,Для ведения личного подсобного хозяйства,ЛПХ,0,нет,16:24:050201,1344090.04,548.1607,,,,,нет,нет,нет,нет,да,да,нет,да,55.56664861285874,49.18209468744564
16:24:050201:148,,Земли населенных пунктов,Ранее учтенный,"Местоположение установлено относительно ориентира, расположенного в границах участка. Почтовый адрес ориентира: Республика Татарстан, р-н. Лаишевский, д. Пиголи, ул. Кавказская.",Муниципальная,Для ведения личного подсобного хозяйства,ЛПХ,0,нет,16:24:050201,910582.94,541.0475,,,,,да,нет,нет,нет,да,да,нет,да,55.56821512909698,49.18276761660065
16:24:050201:374,1000.0,Земли населенных пунктов,Учтенный,"Местоположение установлено относительно ориентира, расположенного в границах участка. Почтовый адрес ориентира: Российская Федерация, Республика Татарстан (Татарстан), м.р-н Лаишевский, с.п. Никольское, д Пиголи, ул Закрьевская, з/у 17.",Частная,Для индивидуального жилищного строительства,ИЖС,0,нет,16:24:050201,623325.9,623.3259,,,,,нет,да,нет,нет,нет,да,нет,да,55.56301424193083,49.17426986273999
16:24:050201:409,850.0,Земли населенных пунктов,Учтенный,"Местоположение установлено относительно ориентира, расположенного в границах участка. Почтовый адрес ориентира: Российская Федерация, Республика Татарстан (Татарстан), м.р-н Лаишевский, с.п. Никольское, д Пиголи, ул Воскресенская, з/у 28.",Частная,Для ведения личного подсобного хозяйства,ЛПХ,0,нет,16:24:050201,530437.74,624.0444,,,,,нет,нет,нет,нет,да,да,нет,да,55.56591980454939,49.173615816136355
16:24:050201:44,3060.0,Земли населенных пунктов,Ранее учтенный,"Местоположение установлено относительно ориентира, расположенного в границах участка. Почтовый адрес ориентира: Российская Федерация, Республика Татарстан (Татарстан), м.р-н Лаишевский, с.п. Никольское, д Пиголи, ул Кавказская, з/у 36.",,Для ведения личного подсобного хозяйства,ЛПХ,0,нет,16:24:050201,1655736.32,541.0903,,,,,да,нет,нет,нет,да,да,нет,да,55.563421622197865,49.18146061279278
16:24:050201:495,401.0,Земли населенных пунктов,Учтенный,"Местоположение установлено относительно ориентира, расположенного в границах участка. Почтовый адрес ориентира: Республика Татарстан, Лаишевский муниципальный район, Никольское сельское поселение, д Пиголи, ул. Кавказская, д. 9.",Частная,Для ведения личного подсобного хозяйства,ЛПХ,0,нет,16:24:050201,228304.62,569.3382,,,,,нет,нет,нет,нет,да,да,нет,да,55.568065713190784,49.18215133665734
16:24:050201:570,1576.0,Земли населенных пунктов,Учтенный,"Местоположение установлено относительно ориентира, расположенного в границах участка. Почтовый адрес ориентира: Российская Федерация, Республика Татарстан (Татарстан), м.р-н Лаишевский, с.п. Никольское, д Пиголи, ул Чехловка, з/у 13.",Частная,для ведения личного подсобного хозяйства,ЛПХ,0,нет,16:24:050201,879261.12,557.9068,,,,,нет,нет,нет,нет,да,да,нет,да,55.5627733328738,49.17778790446434
16:24:050201:65,1300.0,Земли населенных пунктов,Ранее учтенный,"Местоположение установлено относительно ориентира, расположенного в границах участка. Почтовый адрес ориентира: Российская Федерация, Республика Татарстан (Татарстан), м.р-н Лаишевский, с.п. Никольское, д Пиголи, ул Чехловка, з/у 1а.",,Для ведения личного подсобного хозяйства,ЛПХ,0,нет,16:24:050201,732132.05,563.1785,,,,,да,нет,нет,нет,да,да,нет,да,55.563937185369774,49.17852118574602
16:24:050201:831,500.0,Земли населенных пунктов,Учтенный,"Местоположение установлено относительно ориентира, расположенного в границах участка. Почтовый адрес ориентира: Республика Татарстан, Лаишевский муниципальный район, Никольское сельское поселение, д Пиголи.",Частная,Для ведения личного подсобного хозяйства,ЛПХ,0,нет,16:24:050201,316180.3,632.3606,,,,,нет,нет,нет,нет,да,да,нет,да,55.56446453565822,49.17202564711408
16:24:050201:120,4600.0,Земли населенных пунктов,Ранее учтенный,"Местоположение установлено относительно ориентира, расположенного в границах участка. Почтовый адрес ориентира: Российская Федерация, Республика Татарстан (Татарстан), м.р-н Лаишевский, с.п. Никольское, д Пиголи, ул Воскресенская, з/у 20.",,Для ведения личного подсобного хозяйства,ЛПХ,0,нет,16:24:050201,2702725.4,587.549,,,,,да,нет,нет,нет,да,да,нет,да,55.567385565118016,49.180692668199384
16:24:050201:17,,Земли населенных пунктов,Ранее учтенный,"Местоположение установлено относительно ориентира, расположенного в границах участка. Почтовый адрес ориентира: Российская Федерация, Республика Татарстан (Татарстан), м.р-н Лаишевский, с.п. Никольское, д Пиголи, ул Кавказская, з/у 33.",,Для ведения личного подсобного хозяйства,ЛПХ,0,нет,16:24:050201,1724809.87,540.86,,,,,да,нет,нет,нет,да,да,нет,да,55.565777072863575,49.18228613426195
16:24:050201:375,1000.0,Земли населенных пунктов,Учтенный,"Местоположение установлено относительно ориентира, расположенного в границах участка. Почтовый адрес ориентира: Российская Федерация, Республика Татарстан (Татарстан), м.р-н Лаишевский, с.п. Никольское, д Пиголи, ул Закрьевская, з/у 16.",,Для индивидуального жилищного строительства,ИЖС,0,нет,16:24:050201,624812.8,624.8128,,,,,да,да,нет,нет,нет,да,нет,да,55.56322817010257,49.174149316838566
16:24:050201:411,1000.0,Земли населенных пунктов,Учтенный,"Местоположение установлено относительно ориентира, расположенного в границах участка. Почтовый адрес ориентира: Российская Федерация, Республика Татарстан (Татарстан), м.р-н Лаишевский, с.п. Никольское, д Пиголи, ул Воскресенская, з/у 26.",,Для ведения личного подсобного хозяйства,ЛПХ,0,нет,16:24:050201,618841.4,618.8414,,,,,да,нет,нет,нет,да,да,нет,да,55.56606444277579,49.17448966928723
16:24:050201:414,1500.0,Земли населенных пунктов,Учтенный,"Местоположение установлено относительно ориентира, расположенного в границах участка. Почтовый адрес ориентира: Российская Федерация, Республика Татарстан (Татарстан), м.р-н Лаишевский, с.п. Никольское, д Пиголи, ул Чехловка, з/у 4а.",,Для ведения личного подсобного хозяйства,ЛПХ,0,нет,16:24:050201,931676.4,621.1176,,,,,да,нет,нет,нет,да,да,нет,да,55.56555503391836,49.174140429377864
16:24:050201:483,1754.0,Земли населенных пунктов,Учтенный,"Российская Федерация, Республика Татарстан (Татарстан), м.р-н Лаишевский, с.п. Никольское, д Пиголи, ул Воскресенская, з/у 5",Частная,Для ведения личного подсобного хозяйства с правом строительства теплого дома,ЛПХ,0,нет,16:24:050201,1078447.08,614.85,,,,,нет,нет,нет,нет,да,да,нет,да,55.56670492198936,49.174493204099264
16:24:050201:562,758.0,Земли населенных пунктов,Учтенный,"Местоположение установлено относительно ориентира, расположенного в границах участка. Почтовый адрес ориентира: Российская Федерация, Республика Татарстан (Татарстан), м.р-н Лаишевский, с.п. Никольское, д Пиголи, ул Чехловка, з/у 17б.",Частная,Для ведения личного подсобного хозяйства,ЛПХ,0,нет,16:24:050201,410680.84,541.7953,,,,,нет,нет,нет,нет,да,да,нет,да,55.56223839834919,49.17950675504872
16:24:050201:833,789.0,Земли населенных пунктов,Учтенный,"Местоположение установлено относительно ориентира, расположенного в границах участка. Почтовый адрес ориентира: Республика Татарстан, Лаишевский муниципальный район, Никольское сельское поселение, д Пиголи.",Частная,Для ведения личного подсобного хозяйства,ЛПХ,0,нет,16:24:050201,427461.42,541.7762,,,,,нет,нет,нет,нет,да,да,нет,да,55.562028182573876,49.17942169232183
16:24:050201:842,1306.0,Земли населенных пунктов,Учтенный,"Российская Федерация, Республика Татарстан, Лаишевский муниципальный район, Никольское сельское поселение, д Пиголи, ул. Чехловка, з/у 21",Частная,Для ведения личного подсобного хозяйства,ЛПХ,0,нет,16:24:050201,711381.33,544.7024,,,,,нет,нет,нет,нет,да,да,нет,да,55.561905039997455,49.17884090123288
16:24:050201:106,3090.0,Земли населенных пунктов,Ранее учтенный,"Местоположение установлено относительно ориентира, расположенного в границах участка. Почтовый адрес ориентира: Российская Федерация, Республика Татарстан (Татарстан), м.р-н Лаишевский, с.п. Никольское, д Пиголи, ул Воскресенская, з/у 7.",Частная,Ведение личного подсобного хозяйства,ЛПХ,0,нет,16:24:050201,1881687.94,608.9605,,,,,нет,нет,нет,нет,да,да,нет,да,55.56710345654414,49.175296099937725
16:24:050201:168,1951.0,Земли населенных пунктов,Ранее учтенный,"Местоположение установлено относительно ориентира, расположенного в границах участка. Почтовый адрес ориентира: Российская Федерация, Республика Татарстан (Татарстан), м.р-н Лаишевский, с.п. Никольское, д Пиголи, ул Кавказская, з/у 25.",Частная,Для ведения личного подсобного хозяйства,ЛПХ,0,нет,16:24:050201,1058324.05,542.4521,,,,,нет,нет,нет,нет,да,да,нет,да,55.566448976876316,49.18207162244464
16:24:050201:370,1000.0,Земли населенных пунктов,Учтенный,"Местоположение установлено относительно ориентира, расположенного в границах участка. Почтовый адрес ориентира: Российская Федерация, Республика Татарстан (Татарстан), м.р-н Лаишевский, с.п. Никольское, д Пиголи, ул Закрьевская, з/у 23.",,Для индивидуального жилищного строительства,ИЖС,0,нет,16:24:050201,605932.9,605.9329,,,,,да,да,нет,нет,нет,да,нет,да,55.56218048466904,49.174872816938
16:24:050201:402,1073.0,Земли населенных пунктов,Учтенный,"Местоположение установлено относительно ориентира, расположенного в границах участка. Почтовый адрес ориентира: Российская Федерация, Республика Татарстан (Татарстан), м.р-н Лаишевский, с.п. Никольское, д Пиголи, ул Кавказская, з/у 32а.",Частная,Ведение подсобного хозяйства,ДРУГОЕ,0,нет,16:24:050201,586491.39,546.5903,,,,,нет,нет,нет,нет,нет,нет,нет,да,55.56385643314688,49.18090662865264
16:24:050201:444,2140.0,Земли населенных пунктов,Учтенный,"Местоположение установлено относительно ориентира, расположенного в границах участка. Почтовый адрес ориентира: Российская Федерация, Республика Татарстан (Татарстан), м.р-н Лаишевский, с.п. Никольское, д Пиголи, ул Кавказская, з/у 61.",,Для ведения личного подсобного хозяйства,ЛПХ,0,нет,16:24:050201,1106230.2,516.93,,,,,да,нет,нет,нет,да,да,нет,да,55.56299591351814,49.18311704918546
16:24:050201:471,801.0,Земли населенных пунктов,Учтенный,"Местоположение установлено относительно ориентира, расположенного в границах участка. Почтовый адрес ориентира: Республика Татарстан, Лаишевский муниципальный район, Никольское сельское поселение, д Пиголи, ул. Чехловка.",Частная,для ведения личного подсобного хозяйства,ЛПХ,0,нет,16:24:050201,447011.43,558.07,,,,,нет,нет,нет,нет,да,да,нет,да,55.563026843389686,49.177658049348715
16:24:050201:515,1601.0,Земли населенных пунктов,Учтенный,"Местоположение установлено относительно ориентира, расположенного в границах участка. Почтовый адрес ориентира: Российская Федерация, Республика Татарстан (Татарстан), м.р-н Лаишевский, с.п. Никольское, д Пиголи, ул Чехловка, з/у 6.",Частная,для ведения личного подсобного хозяйства,ЛПХ,0,нет,16:24:050201,985195.52,615.3626,,,,,нет,нет,нет,нет,да,да,нет,да,55.56557042553131,49.17527212037841
16:24:050201:561,802.0,Земли населенных пунктов,Учтенный,"Местоположение установлено относительно ориентира, расположенного в границах участка. Почтовый адрес ориентира: Республика Татарстан, Лаишевский муниципальный район, Никольское сельское поселение, д Пиголи, ул Чехловка, д 17.",Частная,Для ведения личного подсобного хозяйства,ЛПХ,0,нет,16:24:050201,442228.33,551.4069,,,,,нет,нет,нет,нет,да,да,нет,да,55.56226266957044,49.17795746858207
16:24:050201:598,500.0,Земли населенных пунктов,Учтенный,"Местоположение установлено относительно ориентира, расположенного в границах участка. Почтовый адрес ориентира: Российская Федерация, Республика Татарстан (Татарстан), м.р-н Лаишевский, с.п. Никольское, д Пиголи, ул Кавказская, з/у 40а.",Частная,Для ведения личного подсобного хозяйства,ЛПХ,0,нет,16:24:050201,268371.9,536.7438,,,,,нет,нет,нет,нет,да,да,нет,да,55.56265413428728,49.1805041854209
16:24:050201:82,1673.0,Земли населенных пунктов,Ранее учтенный,"Местоположение установлено относительно ориентира, расположенного в границах участка. Почтовый адрес ориентира: Российская Федерация, Республика Татарстан (Татарстан), м.р-н Лаишевский, с.п. Никольское, д Пиголи, ул Чехловка, з/у 18.",,Для ведения подсобного хозяйства,ДРУГОЕ,0,нет,16:24:050201,986829.76,589.8564,,,,,да,нет,нет,нет,нет,нет,нет,да,55.56422162298202,49.17596958761421
16:24:050201:834,700.0,Земли населенных пунктов,Учтенный,"Российская Федерация, Республика Татарстан (Татарстан), м.р-н Лаишевский, с.п. Никольское, д Пиголи, ул Чехловка, з/у 25",Частная,Для ведения личного подсобного хозяйства,ЛПХ,0,нет,16:24:050201,377802.11,539.7173,,,,,нет,нет,нет,нет,да,да,нет,да,55.56181706409172,49.17950654615316
16:24:050201:127,1520.0,Земли населенных пунктов,Ранее учтенный,"Местоположение установлено относительно ориентира, расположенного в границах участка. Почтовый адрес ориентира: Российская Федерация, Республика Татарстан (Татарстан), м.р-н Лаишевский, с.п. Никольское, д Пиголи, ул Полевая, з/у 9.",Частная,Для индивидуального жилищного строительства,ИЖС,0,нет,16:24:050201,865277.63,569.26,,,,,нет,да,нет,нет,нет,да,нет,да,55.56817255237457,49.17839866636746
16:24:050201:182,1500.0,Земли населенных пунктов,Учтенный,"Местоположение установлено относительно ориентира, расположенного в границах участка. Почтовый адрес ориентира: Российская Федерация, Республика Татарстан (Татарстан), м.р-н Лаишевский, с.п. Никольское, д Пиголи, ул Чехловка, з/у 13а.",,Ведение личного подсобного хозяйства,ЛПХ,0,нет,16:24:050201,813862.8,542.5752,,,,,да,нет,нет,нет,да,да,нет,да,55.56270684977235,49.17921664646974
16:24:050201:355,1000.0,Земли населенных пунктов,Учтенный,"Местоположение установлено относительно ориентира, расположенного в границах участка. Почтовый адрес ориентира: Российская Федерация, Республика Татарстан (Татарстан), м.р-н Лаишевский, с.п. Никольское, д Пиголи, ул Солнечная, з/у 10.",,Для индивидуального жилищного строительства,ИЖС,0,нет,16:24:050201,637396.0,637.396,,,,,да,да,нет,нет,нет,да,нет,да,55.56274639843637,49.17279028340402
16:24:050201:373,1000.0,Земли населенных пунктов,Учтенный,"Местоположение установлено относительно ориентира, расположенного в границах участка. Почтовый адрес ориентира: Российская Федерация, Республика Татарстан (Татарстан), м.р-н Лаишевский, с.п. Никольское, д Пиголи, ул Закрьевская, з/у 18.",Частная,Для индивидуального жилищного строительства,ИЖС,0,нет,16:24:050201,612926.4,612.9264,,,,,нет,да,нет,нет,нет,да,нет,да,55.56280031359747,49.17439043903162
16:24:050201:454,950.0,Земли населенных пунктов,Учтенный,"Местоположение установлено относительно ориентира, расположенного в границах участка. Почтовый адрес ориентира: Российская Федерация, Республика Татарстан (Татарстан), м.р-н Лаишевский, с.п. Никольское, д Пиголи, ул Кавказская, з/у 30а.",,Для ведения личного подсобного хозяйства,ЛПХ,0,нет,16:24:050201,520768.43,548.1773,,,,,да,нет,нет,нет,да,да,нет,да,55.564270254650054,49.181263233333866
16:24:050201:57,,Земли населенных пунктов,Ранее учтенный,"Местоположение установлено относительно ориентира, расположенного в границах участка. Почтовый адрес ориентира: Российская Федерация, Республика Татарстан (Татарстан), м.р-н Лаишевский, с.п. Никольское, д Пиголи, ул Кавказская, з/у 14.",Частная,Для ведения личного подсобного хозяйства,ЛПХ,0,нет,16:24:050201,1652041.77,580.8867,,,,,нет,нет,нет,нет,да,да,нет,да,55.56605013344831,49.18071723667648
16:24:050201:599,1000.0,Земли населенных пунктов,Учтенный,"Местоположение установлено относительно ориентира, расположенного в границах участка. Почтовый адрес ориентира: Российская Федерация, Республика Татарстан (Татарстан), м.р-н Лаишевский, с.п. Никольское, д Пиголи, ул Кавказская, з/у 40в.",Частная,Для ведения личного подсобного хозяйства,ЛПХ,0,нет,16:24:050201,536743.8,536.7438,,,,,нет,нет,нет,нет,да,да,нет,да,55.562840398057006,49.18044861590859
16:24:050201:825,1754.0,Земли населенных пунктов,Учтенный,"Республика Татарстан, Лаишевский муниципальный район, Никольское сельское поселение, д Пиголи, ул. Чехловка, 22",Частная,Для ведения личного подсобного хозяйства,ЛПХ,0,нет,16:24:050201,1041561.16,593.8205,,,,,нет,нет,нет,нет,да,да,нет,да,55.563731762978996,49.176195965860465
16:24:050201:838,497.0,Земли населенных пунктов,Учтенный,"Местоположение установлено относительно ориентира, расположенного в границах участка. Почтовый адрес ориентира: Республика Татарстан, Лаишевский муниципальный район, Никольское сельское поселение, д Пиголи.",Частная,Для индивидуального жилищного строительства,ИЖС,0,нет,16:24:050201,309892.07,623.5253,,,,,нет,да,нет,нет,нет,да,нет,да,55.565315282676806,49.17149357079234
16:24:050201:92,1671.0,Земли населенных пунктов,Ранее учтенный,"Местоположение установлено относительно ориентира, расположенного в границах участка. Почтовый адрес ориентира: Российская Федерация, Республика Татарстан (Татарстан), м.р-н Лаишевский, с.п. Никольское, д Пиголи, ул Закрьевская, з/у 3.",,Для ведения личного подсобного хозяйства,ЛПХ,0,нет,16:24:050201,1055749.0,631.8067,,,,,да,нет,нет,нет,да,да,нет,да,55.56462259323524,49.17262613723533
16:24:050201:117,3153.0,Земли населенных пунктов,Ранее учтенный,"Местоположение установлено относительно ориентира, расположенного в границах участка. Почтовый адрес ориентира: Российская Федерация, Республика Татарстан (Татарстан), м.р-н Лаишевский, с.п. Никольское, д Пиголи, ул Воскресенская, з/у 17.",,Для ведения личного подсобного хозяйства,ЛПХ,0,нет,16:24:050201,1847404.81,585.9197,,,,,да,нет,нет,нет,да,да,нет,да,55.5674763035564,49.17949960035945
16:24:050201:14,1502.0,Земли населенных пунктов,Ранее учтенный,"Местоположение установлено относительно ориентира, расположенного в границах участка. Почтовый адрес ориентира: Российская Федерация, Республика Татарстан (Татарстан), м.р-н Лаишевский, с.п. Никольское, д Пиголи, ул Кавказская, з/у 27.",,Для ведения личного подсобного хозяйства,ЛПХ,0,нет,16:24:050201,807569.68,537.6629,,,,,да,нет,нет,нет,да,да,нет,да,55.56639591778166,49.18229091030196
16:24:050201:26,3078.0,Земли населенных пунктов,Ранее учтенный,"Местоположение установлено относительно ориентира, расположенного в границах участка. Почтовый адрес ориентира: Российская Федерация, Республика Татарстан (Татарстан), м.р-н Лаишевский, с.п. Никольское, д Пиголи, ул Кавказская, з/у 51.",,Для ведения личного подсобного хозяйства,ЛПХ,0,нет,16:24:050201,1607526.75,522.26,,,,,да,нет,нет,нет,да,да,нет,да,55.56408500527124,49.18332040928043
16:24:050201:371,1000.0,Земли населенных пунктов,Учтенный,"Местоположение установлено относительно ориентира, расположенного в границах участка. Почтовый адрес ориентира: Российская Федерация, Республика Татарстан (Татарстан), м.р-н Лаишевский, с.п. Никольское, д Пиголи, ул Закрьевская, з/у 21.",Частная,Для индивидуального жилищного строительства,ИЖС,0,нет,16:24:050201,614548.1,614.5481,,,,,нет,да,нет,нет,нет,да,нет,да,55.56237252855605,49.17463146115581
16:24:050201:383,1000.0,Земли населенных пунктов,Учтенный,"Местоположение установлено относительно ориентира, расположенного в границах участка. Почтовый адрес ориентира: Российская Федерация, Республика Татарстан (Татарстан), м.р-н Лаишевский, с.п. Никольское, д Пиголи, ул Юности, з/у 13.",Частная,Для индивидуального жилищного строительства,ИЖС,0,нет,16:24:050201,595666.2,595.6662,,,,,нет,да,нет,нет,нет,да,нет,да,55.562209290028605,49.17242753818856
16:24:050201:422,1954.0,Земли населенных пунктов,Учтенный,"Российская Федерация, Республика Татарстан (Татарстан), м.р-н Лаишевский, с.п. Никольское, д Пиголи, ул Воскресенская, з/у 15/3",,для ведения личного подсобного хозяйства,ЛПХ,0,нет,16:24:050201,1150193.18,588.6352,,,,,да,нет,нет,нет,да,да,нет,да,55.567156300592345,49.17855202863246
16:24:050201:476,1390.0,Земли населенных пунктов,Учтенный,"Местоположение установлено относительно ориентира, расположенного в границах участка. Почтовый адрес ориентира: Республика Татарстан, Лаишевский муниципальный район, Никольское сельское поселение, д Пиголи, ул. Чехловка, д. 16.",Частная,Для ведения личного подсобного хозяйства,ЛПХ,0,нет,16:24:050201,765246.99,550.5374,,,,,нет,нет,нет,нет,да,да,нет,да,55.56353053141672,49.179860032176705
16:24:050201:563,760.0,Земли населенных пунктов,Учтенный,"Местоположение установлено относительно ориентира, расположенного в границах участка. Почтовый адрес ориентира: Российская Федерация, Республика Татарстан (Татарстан), м.р-н Лаишевский, с.п. Никольское, д Пиголи, ул Чехловка, з/у 17в.",Частная,Для ведения личного подсобного хозяйства,ЛПХ,0,нет,16:24:050201,411764.43,541.7953,,,,,нет,нет,нет,нет,да,да,нет,да,55.5622333589622,49.17901577051041
16:24:050201:69,2697.0,Земли населенных пунктов,Ранее учтенный,"Местоположение установлено относительно ориентира, расположенного в границах участка. Почтовый адрес ориентира: Российская Федерация, Республика Татарстан (Татарстан), м.р-н Лаишевский, с.п. Никольское, д Пиголи, ул Чехловка, з/у 7.",,Для ведения личного подсобного хозяйства,ЛПХ,0,нет,16:24:050201,1511508.3,560.44,,,,,да,нет,нет,нет,да,да,нет,да,55.56329827453302,49.17815279228781
16:24:050201:91,2010.0,Земли населенных пунктов,Ранее учтенный,"Местоположение установлено относительно ориентира, расположенного в границах участка. Почтовый адрес ориентира: Российская Федерация, Республика Татарстан (Татарстан), м.р-н Лаишевский, с.п. Никольское, д Пиголи, ул Закрьевская, з/у 2.",Частная,Для ведения личного подсобного хозяйства,ЛПХ,0,нет,16:24:050201,1270028.15,631.85,,,,,нет,нет,нет,нет,да,да,нет,да,55.5643879137863,49.17285416097292
16:24:050201:193,1500.0,Земли населенных пунктов,Учтенный,"Местоположение установлено относительно ориентира, расположенного в границах участка. Почтовый адрес ориентира: Российская Федерация, Республика Татарстан (Татарстан), м.р-н Лаишевский, с.п. Никольское, д Пиголи, ул Чехловка, з/у 26.",,Для ведения личного подсобного хозяйства,ЛПХ,0,нет,16:24:050201,871381.35,580.9209,,,,,да,нет,нет,нет,да,да,нет,да,55.56326159381908,49.176590614956204
16:24:050201:372,1000.0,Земли населенных пунктов,Учтенный,"Российская Федерация, Республика Татарстан (Татарстан), м.р-н Лаишевский, с.п. Никольское, д Пиголи, ул Закрьевская, з/у 19",Частная,Для индивидуального жилищного строительства,ИЖС,0,нет,16:24:050201,611961.5,611.9615,,,,,нет,да,нет,нет,нет,да,нет,да,55.562586421175865,49.1745109190498
16:24:050201:390,1404.0,Земли населенных пунктов,Учтенный,"Российская Федерация, Республика Татарстан (Татарстан), м.р-н Лаишевский, с.п. Никольское, д Пиголи, ул Чехловка, з/у 10",Частная,Для ведения личного подсобного хозяйства,ЛПХ,0,нет,16:24:050201,858935.89,611.7777,,,,,нет,нет,нет,нет,да,да,нет,да,55.56515772267074,49.17543001461431
16:24:050201:423,1063.0,Земли населенных пунктов,Учтенный,"Местоположение установлено относительно ориентира, расположенного в границах участка. Почтовый адрес ориентира: Республика Татарстан, Лаишевский муниципальный район, Никольское сельское поселение, д Пиголи.",Частная,для ведения личного подсобного хозяйства,ЛПХ,0,нет,16:24:050201,625923.42,588.8273,,,,,нет,нет,нет,нет,да,да,нет,да,55.56721317342151,49.178238978506535
16:24:050201:468,1000.0,Земли населенных пунктов,Учтенный,"Местоположение установлено относительно ориентира, расположенного в границах участка. Почтовый адрес ориентира: Российская Федерация, Республика Татарстан (Татарстан), м.р-н Лаишевский, с.п. Никольское, д Пиголи, ул Закрьевская, з/у 11.",Частная,Для ведения личного подсобного хозяйства,ЛПХ,0,нет,16:24:050201,620380.8,620.3808,,,,,нет,нет,нет,нет,да,да,нет,да,55.566417870371836,49.17188323490874
16:24:050201:520,500.0,Земли населенных пунктов,Учтенный,"Местоположение установлено относительно ориентира, расположенного в границах участка. Почтовый адрес ориентира: Российская Федерация, Республика Татарстан (Татарстан), м.р-н Лаишевский, с.п. Никольское, д Пиголи, ул Кавказская, з/у 46Б.",Частная,Для ведения личного подсобного хозяйства,ЛПХ,0,нет,16:24:050201,264240.85,528.4817,,,,,нет,нет,нет,нет,да,да,нет,да,55.56211873406112,49.180689114024396
16:24:050201:557,1416.0,Земли населенных пунктов,Учтенный,"Местоположение установлено относительно ориентира, расположенного в границах участка. Почтовый адрес ориентира: Республика Татарстан, Лаишевский муниципальный район, Никольское сельское поселение, д Пиголи, ул. Воскресенская.",Частная,Для ведения личного подсобного хозяйства,ЛПХ,0,нет,16:24:050201,842700.68,595.1276,,,,,нет,нет,нет,нет,да,да,нет,да,55.566503493278674,49.17840441482079
16:24:050201:68,,Земли населенных пунктов,Ранее учтенный,"Местоположение установлено относительно ориентира, расположенного в границах участка. Почтовый адрес ориентира: Российская Федерация, Республика Татарстан (Татарстан), м.р-н Лаишевский, с.п. Никольское, д Пиголи, ул Чехловка, з/у 5.",,Ведение личного подсобного хозяйства,ЛПХ,0,нет,16:24:050201,1461988.52,561.22,,,,,да,нет,нет,нет,да,да,нет,да,55.5635033440031,49.178247350935585
16:24:050201:835,2323.0,Земли населенных пунктов,Учтенный,"Местоположение установлено относительно ориентира, расположенного в границах участка. Почтовый адрес ориентира: Российская Федерация, Республика Татарстан, Лаишевский муниципальный район, Никольское сельское поселение, д Пиголи.",Частная,для индивидуального жилищного строительства,ИЖС,0,нет,16:24:050201,1332105.07,573.4417,,,,,нет,да,нет,нет,нет,да,нет,да,55.56871534830056,49.17993600209449
16:24:050201:854,109.0,Земли населенных пунктов,Учтенный,"Республика Татарстан, Лаишевский муниципальный район, Никольское сельское поселение, д Пиголи",Частная,магазин,ДРУГОЕ,0,нет,16:24:050201,84576.13,775.9278,,,,,нет,нет,нет,нет,нет,нет,нет,да,55.56639805156377,49.17723097658752
16:24:050201:107,2896.0,Земли населенных пунктов,Ранее учтенный,"Местоположение установлено относительно ориентира, расположенного в границах участка. Почтовый адрес ориентира: Российская Федерация, Республика Татарстан (Татарстан), м.р-н Лаишевский, с.п. Никольское, д Пиголи, ул Воскресенская, з/у 8.",Частная,Для ведения личного подсобного хозяйства,ЛПХ,0,нет,16:24:050201,1756510.88,606.53,,,,,нет,нет,нет,нет,да,да,нет,да,55.56699690584151,49.17566610465149
16:24:050201:136,2093.0,Земли населенных пунктов,Ранее учтенный,"Российская Федерация, Республика Татарстан (Татарстан), м.р-н Лаишевский, с.п. Никольское, д Пиголи, ул Чехловка, з/у 20",Частная,Для ведения личного подсобного хозяйства,ЛПХ,0,нет,16:24:050201,1237333.25,591.18,,,,,нет,нет,нет,нет,да,да,нет,да,55.56395535165405,49.17608493777794
16:24:050201:149,,Земли населенных пунктов,Ранее учтенный,"Российская Федерация, Республика Татарстан (Татарстан), м.р-н Лаишевский, с.п. Никольское, д Пиголи, ул Кавказская, з/у 11А",Муниципальная,Для ведения личного подсобного хозяйства,ЛПХ,0,нет,16:24:050201,185187.35,539.9,,,,,да,нет,нет,нет,да,да,нет,да,55.56800089467522,49.18302970149991
16:24:050201:170,1694.0,Земли населенных пунктов,Ранее учтенный,"Местоположение установлено относительно ориентира, расположенного в границах участка. Почтовый адрес ориентира: Российская Федерация, Республика Татарстан (Татарстан), м.р-н Лаишевский, с.п. Никольское, д Пиголи, ул Кавказская, з/у 8а.",,Ведение личного подсобного хозяйства,ЛПХ,0,нет,16:24:050201,998407.86,589.3789,,,,,да,нет,нет,нет,да,да,нет,да,55.5666066348493,49.179931447583336
16:24:050201:35,2143.0,Земли населенных пунктов,Ранее учтенный,"Местоположение установлено относительно ориентира, расположенного в границах участка. Почтовый адрес ориентира: Российская Федерация, Республика Татарстан (Татарстан), м.р-н Лаишевский, с.п. Никольское, д Пиголи, ул Кавказская, з/у 69.",Частная,Для ведения личного подсобного хозяйства,ЛПХ,0,нет,16:24:050201,1115373.85,520.4731,,,,,нет,нет,нет,нет,да,да,нет,да,55.56204812521955,49.18341793643517
16:24:050201:381,1000.0,Земли населенных пунктов,Учтенный,"Местоположение установлено относительно ориентира, расположенного в границах участка. Почтовый адрес ориентира: Российская Федерация, Республика Татарстан (Татарстан), м.р-н Лаишевский, с.п. Никольское, д Пиголи, ул Юности, з/у 17.",,Для индивидуального жилищного строительства,ИЖС,0,нет,16:24:050201,594682.7,594.6827,,,,,да,да,нет,нет,нет,да,нет,да,55.56173869107065,49.17269277058462
16:24:050201:412,750.0,Земли населенных пунктов,Учтенный,"Местоположение установлено относительно ориентира, расположенного в границах участка. Почтовый адрес ориентира: Российская Федерация, Республика Татарстан (Татарстан), м.р-н Лаишевский, с.п. Никольское, д Пиголи, ул Воскресенская, з/у 27.",,Для ведения личного подсобного хозяйства,ЛПХ,0,нет,16:24:050201,468033.3,624.0444,,,,,да,нет,нет,нет,да,да,нет,да,55.56600714389073,49.17413993188001
16:24:050201:45,2915.0,Земли населенных пунктов,Ранее учтенный,"Местоположение установлено относительно ориентира, расположенного в границах участка. Почтовый адрес ориентира: Российская Федерация, Республика Татарстан (Татарстан), м.р-н Лаишевский, с.п. Никольское, д Пиголи, ул Кавказская, з/у 34.",,Для ведения личного подсобного хозяйства,ЛПХ,0,нет,16:24:050201,1587831.69,544.7107,,,,,да,нет,нет,нет,да,да,нет,да,55.563694124940604,49.181397563902216
16:24:050201:493,1099.0,Земли населенных пунктов,Учтенный,"Местоположение установлено относительно ориентира, расположенного в границах участка. Почтовый адрес ориентира: Российская Федерация, Республика Татарстан (Татарстан), м.р-н Лаишевский, с.п. Никольское, д Пиголи, ул Кавказская, з/у 9.",Частная,Для ведения личного подсобного хозяйства,ЛПХ,0,нет,16:24:050201,627349.97,570.8371,,,,,нет,нет,нет,нет,да,да,нет,да,55.5680521161551,49.1815542761317
16:24:050201:54,906.0,Земли населенных пунктов,Ранее учтенный,"Российская Федерация, Республика Татарстан (Татарстан), м.р-н Лаишевский, с.п. Никольское, д Пиголи, ул Кавказская, з/у 18а",Частная,Для индивидуального жилищного строительства,ИЖС,0,нет,16:24:050201,514646.14,568.0421,,,,,нет,да,нет,нет,нет,да,нет,да,55.56567785592651,49.18030269419447
16:24:050201:571,1500.0,Земли населенных пунктов,Учтенный,"Местоположение установлено относительно ориентира, расположенного в границах участка. Почтовый адрес ориентира: Российская Федерация, Республика Татарстан (Татарстан), м.р-н Лаишевский, с.п. Никольское, д Пиголи, ул Чехловка, з/у 13б.",Частная,для ведения личного подсобного хозяйства,ЛПХ,0,нет,16:24:050201,832587.3,555.0582,,,,,нет,нет,нет,нет,да,да,нет,да,55.56259922492857,49.17827610948316
16:24:050201:6,,Земли населенных пунктов,Ранее учтенный,"Местоположение установлено относительно ориентира, расположенного в границах участка. Почтовый адрес ориентира: Российская Федерация, Республика Татарстан (Татарстан), м.р-н Лаишевский, с.п. Никольское, д Пиголи, ул Кавказская, з/у 11.",Частная,Для ведения личного подсобного хозяйства,ЛПХ,0,нет,16:24:050201,1400699.57,563.66,,,,,нет,нет,нет,нет,да,да,нет,да,55.56793298782739,49.18187885721547
16:24:050201:839,896.0,Земли населенных пунктов,Учтенный,"Местоположение установлено относительно ориентира, расположенного в границах участка. Почтовый адрес ориентира: Российская Федерация, Республика Татарстан, Лаишевский муниципальный район, Никольское сельское поселение, д Пиголи.",Частная,Для ведения личного подсобного хозяйства,ЛПХ,0,нет,16:24:050201,539759.18,602.4098,,,,,нет,нет,нет,нет,да,да,нет,да,55.56621926952949,49.17620557811074
16:24:050201:66,1401.0,Земли населенных пунктов,Ранее учтенный,"Местоположение установлено относительно ориентира, расположенного в границах участка. Почтовый адрес ориентира: Российская Федерация, Республика Татарстан (Татарстан), м.р-н Лаишевский, с.п. Никольское, д Пиголи, ул Чехловка, з/у 1.",,Для индивидуального жилищного строительства,ИЖС,0,нет,16:24:050201,800529.3,571.3985,,,,,да,да,нет,нет,нет,да,нет,да,55.56390549182373,49.17747770419111
16:24:050802:1370,279784.0,Земли сельскохозяйственного назначения,Учтенный,"Местоположение установлено относительно ориентира, расположенного в границах участка. Почтовый адрес ориентира: Республика Татарстан, Лаишевский муниципальный район, Никольское сельское поселение.",Частная,Сельскохозяйственное производство,СХ,0,нет,16:24:050802,681973.5,2.4375,,,,,нет,нет,нет,нет,нет,нет,нет,нет,55.571602330492354,49.17529689712222
16:24:050201:132,,Земли населенных пунктов,Ранее учтенный,"Местоположение установлено относительно ориентира, расположенного в границах участка. Почтовый адрес ориентира: Российская Федерация, Республика Татарстан (Татарстан), м.р-н Лаишевский, с.п. Никольское, д Пиголи, ул Полевая, з/у 4.",,Для ведения личного подсобного хозяйства,ЛПХ,0,нет,16:24:050201,738802.86,578.5457,,,,,да,нет,нет,нет,да,да,нет,да,55.568643221230374,49.17629990770293
16:24:050201:389,3368.0,Земли населенных пунктов,Учтенный,"Местоположение установлено относительно ориентира, расположенного в границах участка. Почтовый адрес ориентира: Российская Федерация, Республика Татарстан (Татарстан), м.р-н Лаишевский, с.п. Никольское, д Пиголи, ул Воскресенская, з/у 2а.",Частная,Для ведения личного подсобного хозяйства,ЛПХ,0,нет,16:24:050201,2071643.66,615.0961,,,,,нет,нет,нет,нет,да,да,нет,да,55.56704724281771,49.17301575069023
16:24:050201:506,1555.0,Земли населенных пунктов,Учтенный,"Местоположение установлено относительно ориентира, расположенного в границах участка. Почтовый адрес ориентира: Республика Татарстан, Лаишевский муниципальный район, Никольское сельское поселение, д Пиголи, ул. Полевая, д.12.",Частная,для ведения личного подсобного хозяйства,ЛПХ,0,нет,16:24:050201,885883.97,569.7003,,,,,нет,нет,нет,нет,да,да,нет,да,55.56883385719237,49.17797277030962
16:24:050201:514,1566.0,Земли населенных пунктов,Учтенный,"Местоположение установлено относительно ориентира, расположенного в границах участка. Почтовый адрес ориентира: Российская Федерация, Республика Татарстан (Татарстан), м.р-н Лаишевский, с.п. Никольское, д Пиголи, ул Полевая, з/у 15.",Частная,для ведения личного подсобного хозяйства,ЛПХ,0,нет,16:24:050201,935076.61,597.1115,,,,,нет,нет,нет,нет,да,да,нет,да,55.568102865027186,49.17493426725036
16:24:050201:3,2803.0,Земли населенных пунктов,Ранее учтенный,"Местоположение установлено относительно ориентира, расположенного в границах участка. Почтовый адрес ориентира: Российская Федерация, Республика Татарстан (Татарстан), м.р-н Лаишевский, с.п. Никольское, д Пиголи, ул Кавказская, з/у 5.",Частная,Для ведения личного подсобного хозяйства,ЛПХ,0,нет,16:24:050201,1567784.89,559.3239,,,,,нет,нет,нет,нет,да,да,нет,да,55.56858678047202,49.18180055742919
16:24:050801:96,,,Ранее учтенный,-,,,ДРУГОЕ,0,нет,16:24:050801,0.0,0.0,,,,,да,нет,нет,нет,нет,нет,нет,нет,55.56906971872834,49.163392187230095
16:24:050201:4,2642.0,Земли населенных пунктов,Ранее учтенный,"Местоположение установлено относительно ориентира, расположенного в границах участка. Почтовый адрес ориентира: Российская Федерация, Республика Татарстан (Татарстан), м.р-н Лаишевский, с.п. Никольское, д Пиголи, ул Кавказская, з/у 7.",,Ведение личного подсобного хозяйства,ЛПХ,0,нет,16:24:050201,1473443.66,557.7001,,,,,да,нет,нет,нет,да,да,нет,да,55.56828008110879,49.1818422287702
16:24:050201:2,2190.0,Земли населенных пунктов,Ранее учтенный,"Местоположение установлено относительно ориентира, расположенного в границах участка. Почтовый адрес ориентира: Российская Федерация, Республика Татарстан (Татарстан), м.р-н Лаишевский, с.п. Никольское, д Пиголи, ул Кавказская, з/у 1а.",,Для ведения подсобного хозяйства,ДРУГОЕ,0,нет,16:24:050201,1225247.62,559.4738,,,,,да,нет,нет,нет,нет,нет,нет,да,55.5692533343137,49.181229455707786
16:24:050201:840,897.0,Земли населенных пунктов,Учтенный,"Местоположение установлено относительно ориентира, расположенного в границах участка. Почтовый адрес ориентира: Российская Федерация, Республика Татарстан, Лаишевский муниципальный район, Никольское сельское поселение, д Пиголи.",Частная,Для ведения личного подсобного хозяйства,ЛПХ,0,нет,16:24:050201,540604.14,602.6802,,,,,нет,нет,нет,нет,да,да,нет,да,55.56625169335964,49.17649315523986
16:24:050201:119,3392.0,Земли населенных пунктов,Ранее учтенный,"Местоположение установлено относительно ориентира, расположенного в границах участка. Почтовый адрес ориентира: Российская Федерация, Республика Татарстан (Татарстан), м.р-н Лаишевский, с.п. Никольское, д Пиголи, ул Воскресенская, з/у 19.",,Для ведения личного подсобного хозяйства,ЛПХ,0,нет,16:24:050201,1992730.8,587.48,,,,,да,нет,нет,нет,да,да,нет,да,55.567369637666886,49.180092606823564
16:24:050201:868,1758.0,Земли населенных пунктов,Учтенный,"Местоположение установлено относительно ориентира, расположенного в границах участка. Почтовый адрес ориентира: Республика Татарстан, Лаишевский муниципальный район, Никольское сельское поселение, д Пиголи, ул. Кавказская.",Частная,для ведения личного подсобного хозяйства,ЛПХ,0,нет,16:24:050201,978537.26,556.62,,,,,нет,нет,нет,нет,да,да,нет,да,55.56504043375694,49.18110685098453
16:24:050201:554,2486.0,Земли населенных пунктов,Учтенный,"Местоположение установлено относительно ориентира, расположенного в границах участка. Почтовый адрес ориентира: Республика Татарстан, Лаишевский муниципальный район, Никольское сельское поселение, д Пиголи, ул. Кавказская, д. 1.",Частная,для ведения личного подсобного хозяйства,ЛПХ,0,нет,16:24:050201,1396727.78,561.8374,,,,,нет,нет,нет,нет,да,да,нет,да,55.56883156531047,49.18133652455794
16:24:050201:869,1500.0,Земли населенных пунктов,Учтенный,"Местоположение установлено относительно ориентира, расположенного в границах участка. Почтовый адрес ориентира: Республика Татарстан, Лаишевский муниципальный район, Никольское сельское поселение, д Пиголи, ул. Кавказская.",Частная,для ведения личного подсобного хозяйства,ЛПХ,0,нет,16:24:050201,838436.85,558.96,,,,,нет,нет,нет,нет,да,да,нет,да,55.564886574975034,49.180266398014524
16:24:050201:531,706.0,Земли населенных пунктов,Учтенный,"Местоположение установлено относительно ориентира, расположенного в границах участка. Почтовый адрес ориентира: Российская Федерация, Республика Татарстан (Татарстан), м.р-н Лаишевский, с.п. Никольское, д Пиголи, ул Кавказская, з/у 20.",Частная,Для ведения личного подсобного хозяйства,ЛПХ,0,нет,16:24:050201,400952.79,567.9218,,,,,нет,нет,нет,нет,да,да,нет,да,55.56540188377904,49.18100176613718
16:24:050201:508,1968.0,Земли населенных пунктов,Учтенный,"Местоположение установлено относительно ориентира, расположенного в границах участка. Почтовый адрес ориентира: Российская Федерация, Республика Татарстан (Татарстан), м.р-н Лаишевский, с.п. Никольское, д Пиголи, ул Закрьевская, з/у 9.",Частная,Для ведения личного подсобного хозяйства,ЛПХ,0,нет,16:24:050201,1210773.62,615.2305,,,,,нет,нет,нет,нет,да,да,нет,да,55.56592243590835,49.171854914884605
16:24:050201:841,897.0,Земли населенных пунктов,Учтенный,"Российская Федерация, Республика Татарстан (Татарстан), м.р-н Лаишевский, с.п. Никольское, д Пиголи, ул Воскресенская, з/у 24",Частная,Для ведения личного подсобного хозяйства,ЛПХ,0,нет,16:24:050201,540858.8,602.9641,,,,,нет,нет,нет,нет,да,да,нет,да,55.56627655226639,49.176765581945155
16:24:050201:362,1000.0,Земли населенных пунктов,Учтенный,"Местоположение установлено относительно ориентира, расположенного в границах участка. Почтовый адрес ориентира: Российская Федерация, Республика Татарстан (Татарстан), м.р-н Лаишевский, с.п. Никольское, д Пиголи, ул Солнечная, з/у 13.",Частная,Для индивидуального жилищного строительства,ИЖС,0,нет,16:24:050201,622867.0,622.867,,,,,нет,да,нет,нет,нет,да,нет,да,55.56247710211824,49.17390699965279
16:24:050201:466,999.0,Земли населенных пунктов,Учтенный,"Местоположение установлено относительно ориентира, расположенного в границах участка. Почтовый адрес ориентира: Российская Федерация, Республика Татарстан (Татарстан), м.р-н Лаишевский, с.п. Никольское, д Пиголи, ул Закрьевская, з/у 11б.",Частная,Для ведения личного подсобного хозяйства,ЛПХ,0,нет,16:24:050201,610649.54,611.2608,,,,,нет,нет,нет,нет,да,да,нет,да,55.56627330988735,49.17084774874794
16:24:050201:364,1000.0,Земли населенных пунктов,Учтенный,"Местоположение установлено относительно ориентира, расположенного в границах участка. Почтовый адрес ориентира: Российская Федерация, Республика Татарстан (Татарстан), м.р-н Лаишевский, с.п. Никольское, д Пиголи, ул Солнечная, з/у 9.",Частная,Для индивидуального жилищного строительства,ИЖС,0,нет,16:24:050201,624812.8,624.8128,,,,,нет,да,нет,нет,нет,да,нет,да,55.56290492169647,49.17366593744588
16:24:050201:385,1000.0,Земли населенных пунктов,Учтенный,"Местоположение установлено относительно ориентира, расположенного в границах участка. Почтовый адрес ориентира: Российская Федерация, Республика Татарстан (Татарстан), м.р-н Лаишевский, с.п. Никольское, д Пиголи, ул Юности, з/у 9.",,Для индивидуального жилищного строительства,ИЖС,0,нет,16:24:050201,637396.0,637.396,,,,,да,да,нет,нет,нет,да,нет,да,55.56263707086771,49.17218639801355
16:24:050201:368,1000.0,Земли населенных пунктов,Учтенный,"Местоположение установлено относительно ориентира, расположенного в границах участка. Почтовый адрес ориентира: Российская Федерация, Республика Татарстан (Татарстан), м.р-н Лаишевский, с.п. Никольское, д Пиголи, ул Солнечная, з/у 3.",,Для индивидуального жилищного строительства,ИЖС,0,нет,16:24:050201,629438.3,629.4383,,,,,да,да,нет,нет,нет,да,нет,да,55.563546650214334,49.173304255079216
16:24:050201:365,1000.0,Земли населенных пунктов,Учтенный,"Местоположение установлено относительно ориентира, расположенного в границах участка. Почтовый адрес ориентира: Российская Федерация, Республика Татарстан (Татарстан), м.р-н Лаишевский, с.п. Никольское, д Пиголи, ул Солнечная, з/у 7.",,Для индивидуального жилищного строительства,ИЖС,0,нет,16:24:050201,624812.8,624.8128,,,,,да,да,нет,нет,нет,да,нет,да,55.56311883131578,49.17354538853156
16:24:050201:366,1000.0,Земли населенных пунктов,Учтенный,"Местоположение установлено относительно ориентира, расположенного в границах участка. Почтовый адрес ориентира: Российская Федерация, Республика Татарстан (Татарстан), м.р-н Лаишевский, с.п. Никольское, д Пиголи, ул Солнечная, з/у 5.",Частная,Для индивидуального жилищного строительства,ИЖС,0,нет,16:24:050201,624820.8,624.8208,,,,,нет,да,нет,нет,нет,да,нет,да,55.56333274084577,49.17342480661017
16:24:050201:507,1164.0,Земли населенных пунктов,Учтенный,"Местоположение установлено относительно ориентира, расположенного в границах участка. Почтовый адрес ориентира: Российская Федерация, Республика Татарстан (Татарстан), м.р-н Лаишевский, с.п. Никольское, д Пиголи, ул Закрьевская, з/у 9а.",Частная,Для ведения личного подсобного хозяйства,ЛПХ,0,нет,16:24:050201,710679.15,610.5491,,,,,нет,нет,нет,нет,да,да,нет,да,55.565746137215925,49.17070345439085
16:24:050201:378,1000.0,Земли населенных пунктов,Учтенный,"Местоположение установлено относительно ориентира, расположенного в границах участка. Почтовый адрес ориентира: Республика Татарстан, Лаишевский муниципальный район, Никольское сельское поселение, д Пиголи.",,Для индивидуального жилищного строительства,ИЖС,0,нет,16:24:050201,630522.5,630.5225,,,,,да,да,нет,нет,нет,да,нет,да,55.563869900046015,49.173787607693406
16:24:050201:352,1000.0,Земли населенных пунктов,Учтенный,"Местоположение установлено относительно ориентира, расположенного в границах участка. Почтовый адрес ориентира: Российская Федерация, Республика Татарстан (Татарстан), м.р-н Лаишевский, с.п. Никольское, д Пиголи, ул Солнечная, з/у 16.",Частная,Для индивидуального жилищного строительства,ИЖС,0,нет,16:24:050201,589800.3,589.8003,,,,,нет,да,нет,нет,нет,да,нет,да,55.5621046714223,49.173151903426216
16:24:050201:363,1000.0,Земли населенных пунктов,Учтенный,"Местоположение установлено относительно ориентира, расположенного в границах участка. Почтовый адрес ориентира: Российская Федерация, Республика Татарстан (Татарстан), м.р-н Лаишевский, с.п. Никольское, д Пиголи, ул Солнечная, з/у 11.",,Для индивидуального жилищного строительства,ИЖС,0,нет,16:24:050201,623474.5,623.4745,,,,,да,да,нет,нет,нет,да,нет,да,55.56269101191568,49.173786516750354
16:24:050201:361,1000.0,Земли населенных пунктов,Учтенный,"Местоположение установлено относительно ориентира, расположенного в границах участка. Почтовый адрес ориентира: Российская Федерация, Республика Татарстан (Татарстан), м.р-н Лаишевский, с.п. Никольское, д Пиголи, ул Солнечная, з/у 15.",,Для индивидуального жилищного строительства,ИЖС,0,нет,16:24:050201,622867.0,622.867,,,,,да,да,нет,нет,нет,да,нет,да,55.562263192122884,49.174027544642804
16:24:050201:349,1000.0,Земли населенных пунктов,Учтенный,"Местоположение установлено относительно ориентира, расположенного в границах участка. Почтовый адрес ориентира: Российская Федерация, Республика Татарстан (Татарстан), м.р-н Лаишевский, с.п. Никольское, д Пиголи, ул Юности, з/у 1.",Частная,Для индивидуального жилищного строительства,ИЖС,0,нет,16:24:050201,617673.5,617.6735,,,,,нет,да,нет,нет,нет,да,нет,да,55.563492684897085,49.17170413385054
16:24:050201:369,1000.0,Земли населенных пунктов,Учтенный,"Местоположение установлено относительно ориентира, расположенного в границах участка. Почтовый адрес ориентира: Российская Федерация, Республика Татарстан (Татарстан), м.р-н Лаишевский, с.п. Никольское, д Пиголи, ул Солнечная, з/у 1.",Частная,Для индивидуального жилищного строительства,ИЖС,0,нет,16:24:050201,633164.9,633.1649,,,,,нет,да,нет,нет,нет,да,нет,да,55.56376055942146,49.17318373393851
16:24:050201:360,1000.0,Земли населенных пунктов,Учтенный,"Местоположение установлено относительно ориентира, расположенного в границах участка. Почтовый адрес ориентира: Российская Федерация, Республика Татарстан (Татарстан), м.р-н Лаишевский, с.п. Никольское, д Пиголи, ул Солнечная, з/у 17.",,Для индивидуального жилищного строительства,ИЖС,0,нет,16:24:050201,622648.7,622.6487,,,,,да,да,нет,нет,нет,да,нет,да,55.562049281966,49.174148120022515
16:24:050201:367,1000.0,Земли населенных пунктов,Учтенный,"Местоположение установлено относительно ориентира, расположенного в границах участка. Почтовый адрес ориентира: Российская Федерация, Республика Татарстан (Татарстан), м.р-н Лаишевский, с.п. Никольское, д Пиголи, ул Юности, з/у 3.",Частная,Для индивидуального жилищного строительства,ИЖС,0,нет,16:24:050201,617903.9,617.9039,,,,,нет,да,нет,нет,нет,да,нет,да,55.563278812987996,49.17182472573836
16:24:050201:351,1000.0,Земли населенных пунктов,Учтенный,"Местоположение установлено относительно ориентира, расположенного в границах участка. Почтовый адрес ориентира: Российская Федерация, Республика Татарстан (Татарстан), м.р-н Лаишевский, с.п. Никольское, д Пиголи, ул Солнечная, з/у 18.",,Для индивидуального жилищного строительства,ИЖС,0,нет,16:24:050201,590597.5,590.5975,,,,,да,да,нет,нет,нет,да,нет,да,55.561890762191034,49.17327241968582
16:24:050201:379,12252.0,Земли населенных пунктов,Учтенный,"Местоположение установлено относительно ориентира, расположенного в границах участка. Почтовый адрес ориентира: Российская Федерация, Республика Татарстан (Татарстан), м.р-н Лаишевский, с.п. Никольское, д Пиголи, ул Солнечная, з/у 19.",,Для индивидуального жилищного строительства,ИЖС,0,нет,16:24:050201,7263168.15,592.8149,,,,,да,да,нет,нет,нет,да,нет,да,55.56248477746219,49.17297487424507
16:24:050201:350,1000.0,Земли населенных пунктов,Учтенный,"Местоположение установлено относительно ориентира, расположенного в границах участка. Почтовый адрес ориентира: Российская Федерация, Республика Татарстан (Татарстан), м.р-н Лаишевский, с.п. Никольское, д Пиголи, ул Юности, з/у 5.",,Для индивидуального жилищного строительства,ИЖС,0,нет,16:24:050201,618428.2,618.4282,,,,,да,да,нет,нет,нет,да,нет,да,55.56306492306104,49.1719452528574
16:24:050201:595,1200.0,Земли населенных пунктов,Учтенный,"Местоположение установлено относительно ориентира, расположенного в границах участка. Почтовый адрес ориентира: Российская Федерация, Республика Татарстан (Татарстан), м.р-н Лаишевский, с.п. Никольское, д Пиголи, ул Чехловка, з/у 32б.",Частная,для индивидуального жилищного строительства,ИЖС,0,нет,16:24:050201,693129.72,577.6081,,,,,нет,да,нет,нет,нет,да,нет,да,55.56211397221582,49.176813930451594
16:24:050201:473,1000.0,Земли населенных пунктов,Учтенный,"Местоположение установлено относительно ориентира, расположенного в границах участка. Почтовый адрес ориентира: Республика Татарстан, Лаишевский муниципальный район, Никольское сельское поселение, д Пиголи, ул. Чехловка.",Частная,для ведения личного подсобного хозяйства,ЛПХ,0,нет,16:24:050201,550826.8,550.8268,,,,,нет,нет,нет,нет,да,да,нет,да,55.56311762571632,49.179056567201236
16:24:050201:472,374.0,Земли населенных пунктов,Учтенный,"Местоположение установлено относительно ориентира, расположенного в границах участка. Почтовый адрес ориентира: Республика Татарстан, Лаишевский муниципальный район, Никольское сельское поселение, д Пиголи, ул. Чехловка.",Частная,для ведения личного подсобного хозяйства,ЛПХ,0,нет,16:24:050201,208867.33,558.4688,,,,,нет,нет,нет,нет,да,да,нет,да,55.56318149366381,49.17785632309266
16:24:050201:139,2228.0,Земли населенных пунктов,Ранее учтенный,"Местоположение установлено относительно ориентира, расположенного в границах участка. Почтовый адрес ориентира: Российская Федерация, Республика Татарстан (Татарстан), м.р-н Лаишевский, с.п. Никольское, д Пиголи, ул Полевая, з/у 16.",Частная,Ведение  личного подсобного хозяйства,ЛПХ,0,нет,16:24:050201,1332784.7,598.1978,,,,,нет,нет,нет,нет,да,да,нет,да,55.56800334931781,49.17446601019595
16:24:050201:592,3228.0,Земли населенных пунктов,Учтенный,"Российская Федерация, Республика Татарстан (Татарстан), м.р-н Лаишевский, с.п. Никольское, д Пиголи, ул Воскресенская, з/у 16",Частная,Для ведения личного подсобного хозяйства,ЛПХ,0,нет,16:24:050201,1889596.63,585.3769,,,,,нет,нет,нет,нет,да,да,нет,да,55.567523062742524,49.17893340146403
16:24:050201:532,906.0,Земли населенных пунктов,Учтенный,"Местоположение установлено относительно ориентира, расположенного в границах участка. Почтовый адрес ориентира: Российская Федерация, Республика Татарстан (Татарстан), м.р-н Лаишевский, с.п. Никольское, д Пиголи, ул Кавказская, з/у 20а.",Частная,Для ведения личного подсобного хозяйства,ЛПХ,0,нет,16:24:050201,514545.3,567.9308,,,,,нет,нет,нет,нет,да,да,нет,да,55.565338852223064,49.18029362491454
16:24:050201:878,2873.0,"Земли промышленности, энергетики, транспорта, связи, радиовещания, телевидения, информатики, земли для обеспечения космической деятельности, земли обороны, безопасности и земли иного специального назначения",Учтенный,"Местоположение установлено относительно ориентира, расположенного в границах участка. Почтовый адрес ориентира: Республика Татарстан, Лаишевский район, Никольское сельское поселение, д Пиголи.",Частная,"Размещение подстанции, распределительного пункта",ДРУГОЕ,0,нет,16:24:050201,1697345.7,590.79,,,,,нет,нет,нет,нет,нет,нет,нет,нет,55.5680130177839,49.17211402709222
16:24:050201:591,2213.0,Земли населенных пунктов,Учтенный,"Российская Федерация, Республика Татарстан (Татарстан), м.р-н Лаишевский, с.п. Никольское, д Пиголи, ул Воскресенская, з/у 16А",Частная,Для ведения личного подсобного хозяйства,ЛПХ,0,нет,16:24:050201,1297750.12,586.42,,,,,нет,нет,нет,нет,да,да,нет,да,55.567423500118956,49.178716651854
16:24:050201:135,1255.0,Земли населенных пунктов,Ранее учтенный,"Местоположение установлено относительно ориентира, расположенного в границах участка. Почтовый адрес ориентира: Российская Федерация, Республика Татарстан (Татарстан), м.р-н Лаишевский, с.п. Никольское, д Пиголи, ул Полевая, з/у 1.",, Для ведения личного подсобного хозяйства,ЛПХ,0,нет,16:24:050201,736802.09,587.09,,,,,да,нет,нет,нет,да,да,нет,да,55.568021348413474,49.17652007246123
16:24:050201:857,24.0,Земли населенных пунктов,Учтенный,"Республика Татарстан, Лаишевский муниципальный район, Никольское сельское поселение, д Пиголи",Муниципальная,коммунальное обслуживание,ДРУГОЕ,0,нет,16:24:050201,14369.27,598.72,,,,,да,нет,нет,нет,нет,нет,нет,да,55.56414583600954,49.17348167791191
16:24:050201:858,1000.0,Земли населенных пунктов,Учтенный,"Местоположение установлено относительно ориентира, расположенного в границах участка. Почтовый адрес ориентира: Российская Федерация, Республика Татарстан, Лаишевский муниципальный район, Никольское сельское поселение, д Пиголи, ул. Чехловка..",Частная,Для ведения подсобного хозяйства,ДРУГОЕ,0,нет,16:24:050201,608052.1,608.05,,,,,нет,нет,нет,нет,нет,нет,нет,да,55.56333284204214,49.17512134745925
16:24:050201:165,1650.0,Земли населенных пунктов,Ранее учтенный,"Местоположение установлено относительно ориентира, расположенного в границах участка. Почтовый адрес ориентира: Республика Татарстан, Лаишевский муниципальный район, Никольское сельское поселение, д Пиголи.",Частная,Для индивидуального жилищного строительства,ИЖС,0,нет,16:24:050201,941708.3,570.7323,,,,,нет,да,нет,нет,нет,да,нет,да,55.56889902712011,49.17959373517195
16:24:050201:8,2798.0,Земли населенных пунктов,Ранее учтенный,"Российская Федерация, Республика Татарстан (Татарстан), м.р-н Лаишевский, с.п. Никольское, д Пиголи, ул Кавказская, з/у 15",Частная,Для ведения личного подсобного хозяйства,ЛПХ,0,нет,16:24:050201,1558440.95,556.9839,,,,,нет,нет,нет,нет,да,да,нет,да,55.56745323014411,49.18208085523211
16:24:050201:27,,Земли населенных пунктов,Ранее учтенный,"Местоположение установлено относительно ориентира, расположенного в границах участка. Почтовый адрес ориентира: Российская Федерация, Республика Татарстан (Татарстан), м.р-н Лаишевский, с.п. Никольское, д Пиголи, ул Кавказская, з/у 53.",,Для ведения личного подсобного хозяйства,ЛПХ,0,нет,16:24:050201,1607386.4,519.8533,,,,,да,нет,нет,нет,да,да,нет,да,55.56385361270852,49.182959272428945
16:24:050201:359,1000.0,Земли населенных пунктов,Учтенный,"Местоположение установлено относительно ориентира, расположенного в границах участка. Почтовый адрес ориентира: Российская Федерация, Республика Татарстан (Татарстан), м.р-н Лаишевский, с.п. Никольское, д Пиголи, ул Солнечная, з/у 2.",,Для индивидуального жилищного строительства,ИЖС,0,нет,16:24:050201,636147.0,636.147,,,,,да,да,нет,нет,нет,да,нет,да,55.563602032783955,49.17230803109695
16:24:050201:386,1000.0,Земли населенных пунктов,Учтенный,"Местоположение установлено относительно ориентира, расположенного в границах участка. Почтовый адрес ориентира: Российская Федерация, Республика Татарстан (Татарстан), м.р-н Лаишевский, с.п. Никольское, д Пиголи, ул Юности, з/у 7.",Частная,Для индивидуального жилищного строительства,ИЖС,0,нет,16:24:050201,628671.1,628.6711,,,,,нет,да,нет,нет,нет,да,нет,да,55.5628509610813,49.17206584181257
16:24:050201:53,995.0,Земли населенных пунктов,Ранее учтенный,"Местоположение установлено относительно ориентира, расположенного в границах участка. Почтовый адрес ориентира: Российская Федерация, Республика Татарстан (Татарстан), м.р-н Лаишевский, с.п. Никольское, д Пиголи, ул Кавказская, з/у 18.",Частная,для ведения личного подсобного хозяйства с правом строительства жилого дома,ЛПХ,0,нет,16:24:050201,562081.37,564.9059,,,,,нет,нет,нет,нет,да,да,нет,да,55.56578327217139,49.181115863575705
16:24:050201:485,1000.0,Земли населенных пунктов,Учтенный,"Российская Федерация, Республика Татарстан (Татарстан), м.р-н Лаишевский, с.п. Никольское, д Пиголи, ул Закрьевская, з/у 2Б",Частная,Для индивидуального жилищного строительства,ИЖС,0,нет,16:24:050201,632568.1,632.5681,,,,,нет,да,нет,нет,нет,да,нет,да,55.564202381398616,49.172093798111526
16:24:050201:588,600.0,Земли населенных пунктов,Учтенный,"Местоположение установлено относительно ориентира, расположенного в границах участка. Почтовый адрес ориентира: Республика Татарстан, Лаишевский муниципальный район, Никольское сельское поселение, д Пиголи, ул. Кавказская, 13.",Частная,для ведения личного подсобного хозяйства,ЛПХ,0,нет,16:24:050201,322605.84,537.6764,,,,,нет,нет,нет,нет,да,да,нет,да,55.56775397325011,49.18298051886074
16:24:050201:59,2382.0,Земли населенных пунктов,Ранее учтенный,"Местоположение установлено относительно ориентира, расположенного в границах участка. Почтовый адрес ориентира: Российская Федерация, Республика Татарстан (Татарстан), м.р-н Лаишевский, с.п. Никольское, д Пиголи, ул Кавказская, з/у 10.",Частная,Для ведения личного подсобного хозяйства,ЛПХ,0,нет,16:24:050201,1391500.32,584.17,,,,,нет,нет,нет,нет,да,да,нет,да,55.56647643361617,49.18016451662262
16:24:050201:22,,Земли населенных пунктов,Ранее учтенный,"Местоположение установлено относительно ориентира, расположенного в границах участка. Почтовый адрес ориентира: Российская Федерация, Республика Татарстан (Татарстан), м.р-н Лаишевский, с.п. Никольское, д Пиголи, ул Кавказская, з/у 43.",Частная,для ведения личного подсобного хозяйства,ЛПХ,0,нет,16:24:050201,2615597.17,530.44,,,,,нет,нет,нет,нет,да,да,нет,да,55.56479578701342,49.18265552287499
16:24:050201:19,2926.0,Земли населенных пунктов,Ранее учтенный,"Местоположение установлено относительно ориентира, расположенного в границах участка. Почтовый адрес ориентира: Российская Федерация, Республика Татарстан (Татарстан), м.р-н Лаишевский, с.п. Никольское, д Пиголи, ул Кавказская, з/у 37.",,Для ведения личного подсобного хозяйства,ЛПХ,0,нет,16:24:050201,1565134.37,534.91,,,,,да,нет,нет,нет,да,да,нет,да,55.565348092526165,49.182483209066625
16:24:050201:10,,Земли населенных пунктов,Ранее учтенный,"Местоположение установлено относительно ориентира, расположенного в границах участка. Почтовый адрес ориентира: Российская Федерация, Республика Татарстан (Татарстан), м.р-н Лаишевский, с.п. Никольское, д Пиголи, ул Кавказская, з/у 19.",Муниципальная,Для ведения личного подсобного хозяйства,ЛПХ,0,нет,16:24:050201,1542607.64,553.7,,,,,да,нет,нет,нет,да,да,нет,да,55.5670593158884,49.18200987104803
16:24:050201:28,,Земли населенных пунктов,Ранее учтенный,"Местоположение установлено относительно ориентира, расположенного в границах участка. Почтовый адрес ориентира: Российская Федерация, Республика Татарстан (Татарстан), м.р-н Лаишевский, с.п. Никольское, д Пиголи, ул Кавказская, з/у 55.",,Для ведения личного подсобного хозяйства,ЛПХ,0,нет,16:24:050201,1500724.69,519.2819,,,,,да,нет,нет,нет,да,да,нет,да,55.56364813417614,49.18331288599175
16:24:050201:25,,Земли населенных пунктов,Ранее учтенный,"Местоположение установлено относительно ориентира, расположенного в границах участка. Почтовый адрес ориентира: Российская Федерация, Республика Татарстан (Татарстан), м.р-н Лаишевский, с.п. Никольское, д Пиголи, ул Кавказская, з/у 49.",, Для ведения личного подсобного хозяйства,ЛПХ,0,нет,16:24:050201,1563539.87,526.44,,,,,да,нет,нет,нет,да,да,нет,да,55.56427104867844,49.182819658207585
16:24:050201:55,991.0,Земли населенных пунктов,Ранее учтенный,"Местоположение установлено относительно ориентира, расположенного в границах участка. Почтовый адрес ориентира: Российская Федерация, Республика Татарстан (Татарстан), м.р-н Лаишевский, с.п. Никольское, д Пиголи, ул Кавказская, з/у 16.",,Для ведения личного подсобного хозяйства,ЛПХ,0,нет,16:24:050201,559541.49,564.6231,,,,,да,нет,нет,нет,да,да,нет,да,55.565972830615294,49.18112586413833
16:24:050201:885,6058.0,Земли населенных пунктов,Учтенный,"Российская Федерация, Республика Татарстан, Лаишевский муниципальный район, Никольское сельское поселение, д Пиголи",,Земельные участки (территории) общего пользования (12.0),ОГП,0,нет,16:24:050201,3534716.39,583.48,,,,,да,нет,нет,нет,нет,нет,да,да,55.564075888170045,49.18024229909571
16:24:050201:887,1550.0,Земли населенных пунктов,Учтенный,"Российская Федерация, Республика Татарстан (Татарстан), м.р-н Лаишевский, с.п. Никольское, д Пиголи, ул Кавказская, з/у 17А",Частная,Ведение личного подсобного хозяйства,ЛПХ,0,нет,16:24:050201,836116.19,539.43,,,,,нет,нет,нет,нет,да,да,нет,да,55.56720844671028,49.1823393340184
16:24:050201:891,1649.0,Земли населенных пунктов,Учтенный,"Российская Федерация, Республика Татарстан, Лаишевский муниципальный район, Никольское сельское поселение,  д Пиголи",Частная,для ведения личного подсобного хозяйства,ЛПХ,0,нет,16:24:050201,939711.34,569.87,,,,,нет,нет,нет,нет,да,да,нет,да,55.568493923991504,49.178930131622174
16:24:050201:900,1000.0,Земли населенных пунктов,Учтенный,"Российская Федерация, Республика Татарстан, Лаишевский муниципальный район, Никольское сельское поселение, д Пиголи",Частная,Для индивидуального жилищного строительства,ИЖС,0,нет,16:24:050201,587196.2,587.2,,,,,нет,да,нет,нет,нет,да,нет,да,55.56168648569359,49.176052644457116
16:24:050201:917,1000.0,Земли населенных пунктов,Учтенный,"Российская Федерация, Республика Татарстан, Лаишевский муниципальный район, Никольское сельское поселение, д Пиголи, ул. Чехловка",Частная,для ведения личного подсобного хозяйства,ЛПХ,0,нет,16:24:050201,577849.6,577.85,,,,,нет,нет,нет,нет,да,да,нет,да,55.56222926675037,49.176189838510425
16:24:050201:916,1411.0,Земли населенных пунктов,Учтенный,"Российская Федерация, Республика Татарстан, Лаишевский муниципальный район, Никольское сельское поселение, д Пиголи, ул. Чехловка",Частная,для ведения личного подсобного хозяйства,ЛПХ,0,нет,16:24:050201,815296.12,577.81,,,,,нет,нет,нет,нет,да,да,нет,да,55.5623462034098,49.17697894511951
16:24:050201:919,1076.0,Земли населенных пунктов,Учтенный,"Российская Федерация, Республика Татарстан, Лаишевский муниципальный район, Никольское сельское поселение, д Пиголи, ул. Кавказская, д. 12",Частная,Ведение личного подсобного хозяйства,ЛПХ,0,нет,16:24:050201,627577.97,583.25,,,,,нет,нет,нет,нет,да,да,нет,да,55.56634835053837,49.1808749397469
16:24:050201:921,1578.0,Земли населенных пунктов,Учтенный,"Российская Федерация, Республика Татарстан (Татарстан), м.р-н Лаишевский, с.п. Никольское, д Пиголи, ул Чехловка, з/у 4",Частная,для ведения личного подсобного хозяйства,ЛПХ,0,нет,16:24:050201,969993.76,614.7,,,,,нет,нет,нет,нет,да,да,нет,да,55.56583157571888,49.175050586717376
16:24:050201:920,1429.0,Земли населенных пунктов,Учтенный,"Российская Федерация, Республика Татарстан, Лаишевский муниципальный район, Никольское сельское поселение, деревня Пиголи, улица Чехловка",Частная,для ведения личного подсобного хозяйства,ЛПХ,0,нет,16:24:050201,890394.04,623.09,,,,,нет,нет,нет,нет,да,да,нет,да,55.56575104689159,49.17403082473351
16:24:050201:927,1299.0,Земли населенных пунктов,Учтенный,"Российская Федерация, Республика Татарстан, Лаишевский муниципальный район, Никольское сельское поселение, д Пиголи, ул. Кавказская",Частная,Ведение подсобного хозяйства,ДРУГОЕ,0,нет,16:24:050201,679601.86,523.17,,,,,нет,нет,нет,нет,нет,нет,нет,да,55.56184307586328,49.1822578925319
16:24:050201:930,1000.0,Земли населенных пунктов,Учтенный,"Российская Федерация, Республика Татарстан, Лаишевский муниципальный район, Никольское сельское поселение, д Пиголи",Частная,Для ведения личного подсобного хозяйства,ЛПХ,0,нет,16:24:050201,551456.2,551.46,,,,,нет,нет,нет,нет,да,да,нет,да,55.562920157647696,49.179100611680205
16:24:050201:932,645.0,Земли населенных пунктов,Учтенный,"Российская Федерация, Республика Татарстан, Лаишевский муниципальный район муниципальный район, д Пиголи, с/с Никольское сельское поселение, ул. Чехловка, д. 19а",Частная,для ведения личного подсобного хозяйства,ЛПХ,0,нет,16:24:050201,355602.69,551.32,,,,,нет,нет,нет,нет,да,да,нет,да,55.56178688495595,49.17824289869225
16:24:050201:934,1214.0,Земли населенных пунктов,Учтенный,"Российская Федерация, Республика Татарстан, Лаишевский муниципальный район, Никольское сельское поселение, д Пиголи, ул. Кавказская, з/у. 38Б",Частная,для ведения личного подсобного хозяйства,ЛПХ,0,нет,16:24:050201,651606.97,536.74,,,,,нет,нет,нет,нет,да,да,нет,да,55.56301490871527,49.18042277867173
16:24:050201:939,1642.0,Земли населенных пунктов,Учтенный,"Российская Федерация, Республика Татарстан, Лаишевский муниципальный район, Никольское сельское поселение, д Пиголи",,Земельные участки (территории) общего пользования (12.0),ОГП,0,нет,16:24:050201,960060.65,584.69,,,,,да,нет,нет,нет,нет,нет,да,да,55.56433063524649,49.17930843066104
16:24:050201:940,47034.0,Земли населенных пунктов,Учтенный,"Российская Федерация, Республика Татарстан, Лаишевский муниципальный район, Никольское сельское поселение,  д Пиголи",,водные объекты,ВОДНЫЙ,0,нет,16:24:050201,397672.47,8.46,,,,,да,нет,нет,нет,нет,нет,нет,да,55.565595779675895,49.17861490184232
16:24:050201:941,25002.0,Земли населенных пунктов,Учтенный,"Российская Федерация, Республика Татарстан, Лаишевский муниципальный район, Никольское сельское поселение, д. Пиголи",,Земельные участки (территории) общего пользования,ОГП,0,нет,16:24:050201,14596907.66,583.83,,,,,да,нет,нет,нет,нет,нет,да,да,55.567941743213524,49.17332343365824
16:24:050201:945,865.0,Земли населенных пунктов,Учтенный,"Российская Федерация, Республика Татарстан, Лаишевский муниципальный район, Никольское сельское поселение, д. Пиголи, ул. Чехловка, з/у 34А",Частная,для индивидуального жилищного строительства,ИЖС,0,нет,16:24:050201,485076.78,560.78,,,,,нет,да,нет,нет,нет,да,нет,да,55.5618445047649,49.17735176631012
16:24:050201:947,1609.0,Земли населенных пунктов,Учтенный,"Республика Татарстан, Лаишевский муниципальный район, Никольское сельское поселение, д. Пиголи",Муниципальная,улично-дорожная сеть,ДРУГОЕ,0,нет,16:24:050201,935708.8,581.55,,,,,да,нет,нет,нет,нет,нет,нет,да,55.56222943378438,49.179140482388114
16:24:050201:954,2388.0,Земли населенных пунктов,Учтенный,"Республика Татарстан, Лаишевский муниципальный район, Никольское сельское поселение, деревня Пиголи, ул Кавказская",Частная,Для ведения личного подсобного хозяйства,ЛПХ,0,нет,16:24:050201,1266780.27,530.48,,,,,нет,нет,нет,нет,да,да,нет,да,55.56448793290917,49.182750522196606
16:24:050201:955,1513.0,Земли населенных пунктов,Учтенный,"Российская Федерация, Республика Татарстан, Лаишевский муниципальный район, Никольское сельское поселение, д Пиголи, ул. Кавказская",Частная,ведение подсобного хозяйства,ДРУГОЕ,0,нет,16:24:050201,797583.85,527.15,,,,,нет,нет,нет,нет,нет,нет,нет,да,55.561697977794324,49.18123862680115
16:24:050201:957,1100.0,Земли населенных пунктов,Учтенный,"Российская Федерация, Республика Татарстан (Татарстан), м.р-н Лаишевский, с.п. Никольское, д Пиголи, ул Чехловка, з/у 14А",Частная,Для ведения личного подсобного хозяйства,ЛПХ,0,нет,16:24:050201,664592.28,604.17,,,,,нет,нет,нет,нет,да,да,нет,да,55.56468212995561,49.17594286652123
16:24:050201:956,1100.0,Земли населенных пунктов,Учтенный,"Российская Федерация, Республика Татарстан (Татарстан), м.р-н Лаишевский, с.п. Никольское, д Пиголи, ул Чехловка, з/у 14",Частная,Для ведения личного подсобного хозяйства,ЛПХ,0,нет,16:24:050201,663574.67,603.25,,,,,нет,нет,нет,нет,да,да,нет,да,55.56477099951127,49.17570574931296
16:24:050201:958,1091.0,Земли населенных пунктов,Учтенный,"Республика Татарстан, Лаишевский муниципальный район, Никольское сельское поселение, д. Пиголи, ул. Кавказская, з/у 16А",Частная,Для индивидуального жилищного строительства,ИЖС,0,нет,16:24:050201,623189.67,571.21,,,,,нет,да,нет,нет,нет,да,нет,да,55.56581507017887,49.18020755797058
16:24:050201:959,1573.0,Земли населенных пунктов,Учтенный,"Российская Федерация, Республика Татарстан, Лаишевский муниципальный район, Никольское сельское поселение, д. Пиголи, ул. Кавказская, з/у 28А",Частная,Для ведения личного подсобного хозяйства,ЛПХ,0,нет,16:24:050201,877490.34,557.85,,,,,нет,нет,нет,нет,да,да,нет,да,55.56440506351076,49.18019246009586
16:24:050201:964,1717.0,Земли населенных пунктов,Учтенный,"Российская Федерация, Республика Татарстан, Лаишевский муниципальный район, Никольское сельское поселение, д Пиголи, ул. Воскресенская",Частная,для ведения личного подсобного хозяйства,ЛПХ,0,нет,16:24:050201,1050106.38,611.59,,,,,нет,нет,нет,нет,да,да,нет,да,55.566771017150245,49.17490159333271
16:24:050201:969,1579.0,Земли населенных пунктов,Учтенный,"Российская Федерация, Республика Татарстан, Лаишевский муниципальный район, Никольское сельское поселение, с Пиголи, ул. Кавказкая",Частная,для ведения личного подсобного хозяйства,ЛПХ,0,нет,16:24:050201,844271.88,534.69,,,,,нет,нет,нет,нет,да,да,нет,да,55.56290282236904,49.18189130784952
16:24:050201:968,1900.0,Земли населенных пунктов,Учтенный,"Российская Федерация, Республика Татарстан, Лаишевский муниципальный район, Никольское сельское поселение, с Пиголи, ул. Кавказкая",Частная,для ведения личного подсобного хозяйства,ЛПХ,0,нет,16:24:050201,1017639.24,535.6,,,,,нет,нет,нет,нет,да,да,нет,да,55.56300019611543,49.1815894773946
